"from_id","from_name","message","created_time","type","link","id","story","likes_count","comments_count","shares_count"
"116058275133542","Rep. Steve Stivers","After last night's Teletown Hall, I made follow up calls to some of the nearly 22,000 constituents who were reached. Some needed help with a federal agency, others were eager to share their perspective on the issues facing Congress, and I was glad to hear from them all. If you have a comment or a question, never hesitate to contact my offices in the District or in Washington DC.  Hilliard: (614) 771-4968 Lancaster: (740) 654-2654 Wilmington: (937) 283-7049 Washington DC: (202) 225-2015","2017-06-23T16:57:51+0000","photo","https://www.facebook.com/RepSteveStivers/photos/a.120550674684302.21248.116058275133542/1554531101286245/?type=3","116058275133542_1554531101286245",NA,57,22,6
"116058275133542","Rep. Steve Stivers","Congratulations to all the SIFMA #CapitolHillChallenge winners. I am sure that your skill and interest in investments will compound over the years and pay dividends in your future.","2017-06-22T15:52:44+0000","photo","https://www.facebook.com/RepSteveStivers/photos/a.616262145113150.1073741833.116058275133542/1553269288079093/?type=3","116058275133542_1553269551412400","Rep. Steve Stivers added 2 new photos.",11,4,0
"116058275133542","Rep. Steve Stivers","Productive meeting with constituents from #OH15 who are a part of the Pancreatic Cancer Action Network - Columbus Affiliate. In 2016, pancreatic cancer surpassed breast cancer as the 3rd-leading cause of cancer-related death. That is why I'm proud to be a part of the Congressional Caucus on Deadliest Cancers, and the co-chair of the Biomedical Research Caucus. Both advocate for funding for the National Institutes of Health so that we can find cures to these terrible diseases.","2017-06-21T19:34:16+0000","photo","https://www.facebook.com/RepSteveStivers/photos/a.120550674684302.21248.116058275133542/1552268208179201/?type=3","116058275133542_1552268208179201",NA,57,18,2
"116058275133542","Rep. Steve Stivers","ICYMI: See footage courtesy of NBC4 of the new National Veterans Memorial & Museum. Wonderful tour of an attraction that will bring many to the Columbus area.","2017-06-20T20:38:19+0000","video","https://www.facebook.com/RepSteveStivers/videos/1551152511624104/","116058275133542_1551152511624104",NA,40,6,11
"116058275133542","Rep. Steve Stivers","Very excited to see the progress at the Veterans Memorial project in downtown Columbus, and happy to work with my colleagues from Central Ohio Rep. Joyce Beatty and Rep. Pat Tiberi to pass H.Res.1900 to designate the facility as the National Veterans Memorial and Museum. This Memorial will give the public the opportunity to both learn about our nation's military and to share the incredible stories of the sacrifices our veterans have made for our freedoms.","2017-06-20T14:16:10+0000","photo","https://www.facebook.com/RepSteveStivers/photos/a.616262145113150.1073741833.116058275133542/1550791031660252/?type=3","116058275133542_1550791078326914","Rep. Steve Stivers added 4 new photos.",35,5,0
"116058275133542","Rep. Steve Stivers","This Week in Congress: Monday, June 19, 2017","2017-06-19T16:58:11+0000","status",NA,"116058275133542_1549742578431764","Rep. Steve Stivers published a note.",9,7,0
"116058275133542","Rep. Steve Stivers","Tune in to Columbus On The Record tonight at 8:30 PM. Discussing the news of the day with Mike Thompson.","2017-06-16T20:27:44+0000","photo","https://www.facebook.com/RepSteveStivers/photos/a.120550674684302.21248.116058275133542/1546332168772805/?type=3","116058275133542_1546332168772805",NA,19,5,0
"116058275133542","Rep. Steve Stivers","Do you know an outstanding veteran who has gone above and beyond to serve their community even after their time in the military? The Ohio Veterans Hall of Fame is accepting applications for its 2017 Class until June 30th. More info here: http://bit.ly/2taqX83","2017-06-16T16:03:00+0000","link","http://bit.ly/2taqX83","116058275133542_1546080428797979",NA,19,2,1
"116058275133542","Rep. Steve Stivers","A belated happy birthday to the U.S. Army. 242 years of protecting our nation and our freedoms, 242 years of #ArmyStrong.","2017-06-15T16:04:46+0000","photo","https://www.facebook.com/RepSteveStivers/photos/a.120550674684302.21248.116058275133542/1544863375586351/?type=3","116058275133542_1544863375586351",NA,31,6,1
"116058275133542","Rep. Steve Stivers","An attack on one of us is an attack on all of us. I condemn today's horrific attack on the Republican Baseball Team this morning. I pray for the victims, and thank the first responders for their efforts to respond and save lives. I hope we can all maintain civility in our politics. We can disagree on issues without personally attacking each other.","2017-06-14T20:44:05+0000","status",NA,"116058275133542_1543938015678887",NA,178,29,4
"116058275133542","Rep. Steve Stivers","If we're not connected, we're underserving families and businesses in #OH15. New data from Connect Ohio, click here: http://bit.ly/2spHnMs","2017-06-13T21:32:58+0000","link","http://bit.ly/2spHnMs","116058275133542_1542705725802116",NA,31,13,10
"116058275133542","Rep. Steve Stivers","This Week in Congress: Monday, June 12, 2017","2017-06-12T16:35:37+0000","status",NA,"116058275133542_1541257852613570","Rep. Steve Stivers published a note.",4,9,0
"116058275133542","Rep. Steve Stivers","A warm welcome for our veterans returning home to #OH15 from their Honor Flight this weekend.","2017-06-12T16:16:42+0000","photo","https://www.facebook.com/RepSteveStivers/photos/a.616262145113150.1073741833.116058275133542/1541243779281644/?type=3","116058275133542_1541243812614974","Rep. Steve Stivers added 2 new photos.",72,6,0
"116058275133542","Rep. Steve Stivers","Thanks to Stan and Gigi at La Chatelaine French Bakery & Bistro for hosting their annual event commemorating the anniversary of D-Day. They help to ensure that the sacrifices of our WWII veterans and the Greatest Generation are not forgotten.","2017-06-07T16:05:08+0000","photo","https://www.facebook.com/RepSteveStivers/photos/a.120550674684302.21248.116058275133542/1535196943219661/?type=3","116058275133542_1535196943219661",NA,41,9,2
"116058275133542","Rep. Steve Stivers","This Week in Congress: Tuesday, June 6, 2017","2017-06-06T19:23:31+0000","status",NA,"116058275133542_1534147573324598","Rep. Steve Stivers published a note.",5,20,0
"116058275133542","Rep. Steve Stivers","Congratulations to Chase and Henry from Bloom-Carroll Local School District. This weekend, they were two of 75 young inventors from Ohio who competed in the National Invention Convention and Entrepreneurship Expo. Before they presented their Balloon Bouquet Stem, they stopped by the Capitol. Here they are with another Ohio-born inventor - Thomas Edison.","2017-06-05T21:16:27+0000","photo","https://www.facebook.com/RepSteveStivers/photos/a.616262145113150.1073741833.116058275133542/1532914396781249/?type=3","116058275133542_1532915236781165","Rep. Steve Stivers added 2 new photos.",82,9,8
"116058275133542","Rep. Steve Stivers","Excited to see the continued development in Grandview Heights. The growth in this neighborhood certainly highlights the benefits of living in Central Ohio and #OH15. http://bit.ly/2qfBssW","2017-06-02T19:08:09+0000","link","http://bit.ly/2qfBssW","116058275133542_1529012150504807",NA,22,10,0
"116058275133542","Rep. Steve Stivers","Thanks to Reeb Avenue Center for showing me around, but more importantly thank you for the amazing work the staff  here is undertaking to benefit the South Side of Columbus. From child care and adult education to community development and health, Reeb Avenue Center and its partners are certainly a hub of hope.","2017-05-31T14:01:33+0000","photo","https://www.facebook.com/RepSteveStivers/photos/a.616262145113150.1073741833.116058275133542/1526451887427500/?type=3","116058275133542_1526452707427418","Rep. Steve Stivers added 3 new photos.",19,10,1
"116058275133542","Rep. Steve Stivers","Throughout Ohio's 15th District, people are pausing to remember the members of their communities who have lost their lives in defense of our country and its values. I was especially honored to be a part of the ceremony at Wesley Cemetery, hosted by American Legion Post 614 and VWF Post 4931.","2017-05-30T16:50:35+0000","photo","https://www.facebook.com/RepSteveStivers/photos/a.1524721140933908.1073741852.116058275133542/1525466764192679/?type=3","116058275133542_1525466764192679","Rep. Steve Stivers added 8 new photos to the album: Memorial Day 2017 Around #OH15.",34,5,0
"116058275133542","Rep. Steve Stivers","Throughout Ohio's 15th District, people are pausing to remember the members of their communities who have lost their lives in defense of our country and its values. I was especially honored to be a part of the ceremony at Wesley Cemetery, hosted by American Legion Post 614 and VWF Post 4931.","2017-05-30T01:12:53+0000","photo","https://www.facebook.com/RepSteveStivers/photos/a.1524721140933908.1073741852.116058275133542/1524721557600533/?type=3","116058275133542_1524721714267184","Rep. Steve Stivers added 18 new photos to the album: Memorial Day 2017 Around #OH15.",34,5,0
"116058275133542","Rep. Steve Stivers","As we begin Memorial Day Weekend, we take time to reflect on those soldiers who have laid down their lives to protect our nation and our values. In the 15th District and across the country, people will remember their neighbors, friends, and loved ones who did not come home.   Yesterday, I had the honor to pay tribute to those brave men and women by placing a wreath with my colleague and fellow Army veteran, Congresswoman Tulsi Gabbard. This Memorial Day, take a moment to thank the veterans in your lives, and a moment to reflect those who have made the ultimate sacrifice.","2017-05-26T21:16:12+0000","photo","https://www.facebook.com/RepSteveStivers/photos/a.616262145113150.1073741833.116058275133542/1521145804624775/?type=3","116058275133542_1521145831291439","Rep. Steve Stivers added 2 new photos.",60,6,3
"116058275133542","Rep. Steve Stivers","Great meeting today with the Columbus Zoo and Aquarium and some of Ohio's furriest residents. I'm proud to support our zoos and aquariums so that everyone can continue to learn about and enjoy these amazing animals.","2017-05-24T21:39:38+0000","photo","https://www.facebook.com/RepSteveStivers/photos/a.616262145113150.1073741833.116058275133542/1518950194844336/?type=3","116058275133542_1518951218177567","Rep. Steve Stivers added 5 new photos.",46,35,2
"116058275133542","Rep. Steve Stivers","Thanks to Ohio University for hosting the Sixth Annual Appalachian Ohio State of the Region Conference.  Building economic resiliency is an important goal for our area and our families. #SOTR #jobs","2017-05-23T21:54:04+0000","photo","https://www.facebook.com/RepSteveStivers/photos/a.616262145113150.1073741833.116058275133542/1517778904961465/?type=3","116058275133542_1517779364961419","Rep. Steve Stivers added 2 new photos.",11,2,0
"116058275133542","Rep. Steve Stivers","In light of the tragic attack in Manchester last night, I want to extend my prayers to the victims and their families, and my thanks to the first responders.  These senseless acts of violence should only strengthen our determination in the fight against terrorism.","2017-05-23T20:00:25+0000","status",NA,"116058275133542_1517702984969057",NA,28,2,0
"116058275133542","Rep. Steve Stivers","As students from The Ohio State University, Ohio Christian University, Ohio University, and Wilmington College graduate this month, I introduced legislation to help alleviate some of the stress that can accompany student loan debt. You can read more about the bill here: http://bit.ly/2q2ia5T","2017-05-20T00:42:35+0000","photo","https://www.facebook.com/RepSteveStivers/photos/a.120550674684302.21248.116058275133542/1513400715399284/?type=3","116058275133542_1513400715399284",NA,37,23,3
"116058275133542","Rep. Steve Stivers","Ohio's 15th district is the site of many important infrastructure projects. Here, and in the rest of Central Ohio, we know it's #TimeToBuild, and we couldn't do it without the engineers, like Jeremiah Upp from Fairfield County. As we recognize National Infrastructure Week, I want to show my appreciation for the men and women who make projects like Smart Columbus and the Carroll 33 Interchange possible. Together, we can tackle tough infrastructure issues, like the digital divide and road maintenance, and keep America moving forward.","2017-05-18T22:22:49+0000","photo","https://www.facebook.com/RepSteveStivers/photos/a.120550674684302.21248.116058275133542/1512160798856609/?type=3","116058275133542_1512160798856609",NA,17,14,2
"116058275133542","Rep. Steve Stivers","Thanks to the senior class of Plainview Christian High School for stopping by this morning. Interested in a Capitol tour? My office can help: http://bit.ly/Pwy45w","2017-05-17T23:06:36+0000","photo","https://www.facebook.com/RepSteveStivers/photos/a.120550674684302.21248.116058275133542/1511067702299252/?type=3","116058275133542_1511067702299252",NA,28,10,4
"116058275133542","Rep. Steve Stivers","As #NationalPoliceWeek2017 continues, it is an honor to recognize all those who protect our communities, and to cosponsor legislation to support them. Read more here: http://bit.ly/2rfWib3","2017-05-17T20:10:26+0000","photo","https://www.facebook.com/RepSteveStivers/photos/a.120550674684302.21248.116058275133542/1510948635644492/?type=3","116058275133542_1510948635644492",NA,20,14,1
"116058275133542","Rep. Steve Stivers","This Week in Congress: Monday, May 15, 2017","2017-05-15T19:53:21+0000","status",NA,"116058275133542_1508648052541217","Rep. Steve Stivers published a note.",5,15,0
"116058275133542","Rep. Steve Stivers","Thanks to Fairfield County Sheriff Phalen for showing me around the new jail. Glad that our law enforcement officers will have the resources they need to protect our community. #NationalPoliceWeek2017","2017-05-15T18:34:43+0000","photo","https://www.facebook.com/RepSteveStivers/photos/a.120550674684302.21248.116058275133542/1508589655880390/?type=3","116058275133542_1508589655880390",NA,59,23,2
"116058275133542","Rep. Steve Stivers","Great having Barek spend the day with me yesterday to learn more about government and Congress.  An 8th grader at Clinton Massie Middle School, he says he wants to attend a military academy and maybe, one day, law school. Keep working hard, Barek!","2017-05-10T23:13:34+0000","photo","https://www.facebook.com/RepSteveStivers/photos/a.616262145113150.1073741833.116058275133542/1503327229739966/?type=3","116058275133542_1503327689739920","Rep. Steve Stivers added 3 new photos.",89,22,4
"116058275133542","Rep. Steve Stivers","Thanks to the Wilmington veterans who participated in today's roundtable. I really appreciate your perspective on the issues facing the veteran community; good discussion on the Veterans Choice program and the VA appeals process.","2017-05-09T20:56:25+0000","photo","https://www.facebook.com/RepSteveStivers/photos/a.120550674684302.21248.116058275133542/1502093823196640/?type=3","116058275133542_1502093823196640",NA,36,27,7
"116058275133542","Rep. Steve Stivers","‪On #NationalTeacherDay, I want to recognize Chillicothe's own and Ohio's 2017 Teacher of the Year, Dustin Weaver. Thank you for your hard work and dedication, Dustin.  #ThankATeacherOH‬","2017-05-09T16:08:08+0000","photo","https://www.facebook.com/RepSteveStivers/photos/a.120550674684302.21248.116058275133542/1501862979886391/?type=3","116058275133542_1501862979886391",NA,46,13,3
"116058275133542","Rep. Steve Stivers","Great to sit down with 10TV - WBNS this morning. Tune in on Sunday to hear about the issues we're working on in Congress, including health care and student loans.","2017-05-08T21:46:58+0000","photo","https://www.facebook.com/RepSteveStivers/photos/a.120550674684302.21248.116058275133542/1501010869971602/?type=3","116058275133542_1501010869971602",NA,54,44,1
"116058275133542","Rep. Steve Stivers","No veteran should ever find themselves without a home, but unfortunately that population is particularly vulnerable to homelessness. Congress has a responsibility to act, which is why I've partnered with Rep. Joyce Beatty to reintroduce the HOMeS Act. You can read more about the legislation here:  http://bit.ly/2q09BfJ","2017-05-03T23:17:28+0000","photo","https://www.facebook.com/RepSteveStivers/photos/a.120550674684302.21248.116058275133542/1492860187453337/?type=3","116058275133542_1492860187453337",NA,60,134,5
"116058275133542","Rep. Steve Stivers","Today, the House Committee on Financial Services is taking steps to ensure accountability for big banks, and to provide opportunities for consumers.  You can learn more about the Financial CHOICE Act at financialchoice.gop.","2017-05-02T19:32:15+0000","video","https://www.facebook.com/RepSteveStivers/videos/1491140697625286/","116058275133542_1491140697625286",NA,15,34,1
"116058275133542","Rep. Steve Stivers","Kicked off Teacher Appreciation Week by sending thank-you notes to some amazing educators in the 15th District. This week, consider reaching out to thank a teacher who has had an impact in your life.","2017-05-01T23:06:45+0000","photo","https://www.facebook.com/RepSteveStivers/photos/a.120550674684302.21248.116058275133542/1489872391085450/?type=3","116058275133542_1489872391085450",NA,49,13,4
"116058275133542","Rep. Steve Stivers","Very excited to be a part of the ribbon cutting for the Carroll 33 Interchange. It's an important infrastructure project that will improve the commutes for those in Ohio's 15th.","2017-05-01T18:49:58+0000","photo","https://www.facebook.com/RepSteveStivers/photos/a.616262145113150.1073741833.116058275133542/1489659951106694/?type=3","116058275133542_1489660384439984","Rep. Steve Stivers added 2 new photos.",33,9,0
"116058275133542","Rep. Steve Stivers","This Week in Congress: Monday, May 01, 2017","2017-05-01T17:36:30+0000","status",NA,"116058275133542_1489579924448030","Rep. Steve Stivers published a note.",5,39,0
"116058275133542","Rep. Steve Stivers","Safe travels to the 56 Clinton County veterans heading to Washington, DC tomorrow with the Wilmington Honor Flight. Thank you for your service.","2017-04-28T21:07:34+0000","photo","https://www.facebook.com/RepSteveStivers/photos/a.120550674684302.21248.116058275133542/1485336234872399/?type=3","116058275133542_1485336234872399",NA,95,10,8
"116058275133542","Rep. Steve Stivers","This Saturday, April 29th, is National Prescription Drug Take Back Day.  According to the National Institute on Drug Abuse, 70 percent of adults who misuse prescription opioids find them in their friends’ and relatives’ medicine cabinets.  You can help fight this epidemic by getting unused prescriptions out of your cabinet and making sure that they are properly disposed of.   As part of the Take Back Initiative, the Drug Enforcement Administration, in conjunction with many local Sheriff’s offices and other community partners, are hosting sites where prescriptions can be dropped off.  Below is a list of the registered sites within the 15th District that are participating this Saturday.  ATHENS COUNTY:   Ohio Health O’Bleness Hospital 55 Hospital Drive Athens, OH 45701  CLINTON COUNTY:  Foster J Boyd MD Regional Cancer Center 31 Farquhar Sabina, OH 45169  Uhal’s Iga Market 440 E Washington St Sabina, OH 45169  FAIRFIELD COUNTY:   Fairfield County Sheriff’s Office Violet Township Maintenance Garage 490 N Center (at the corner of N Center and Stemen Rd) Pickerington, OH 43147  Pickerington Police Department 1311 Refugee Rd Pickerington, OH 43147  Lancaster Police Department at Ohio University 1570 Granville Pike Lancaster, OH 43130  FAYETTE COUNTY:   Fayette County Sheriff’s Annex Building 110 West Market Street Washington Court House, OH 43160  FRANKLIN COUNTY:   Kroger 4656 Cemetery Rd Hilliard, OH 43026  Hilliard Division of Police 5171 Northwest Parkway Hilliard, OH 43026  Franklin Township Police Department/Franklin Township Fire Department 2193 Frank Rd Columbus, OH 43223  Kroger 2090 Crown Plaza Dr Columbus, OH 43235  Kroger 1375 Chambers Rd Columbus, OH 43212  Jackson Township Fire Department Station 202 3650 Hoover Rd Grove City, OH 43123  Diley Ridge Medical Center Parking Lot 7911 Diley Rd Canal Winchester, OH 43110  Kroger 6095 Gender Rd Canal Winchester, OH 43110  Kroger 3637 S High St Columbus, OH 43027  Columbus Health Department 240 Parsons Ave Columbus, OH 43215  Upper Arlington Police Division Municipal Services Center 3600 Tremont Road Upper Arlington, OH 43221  HOCKING COUNTY  Hocking County Sheriff’s Office 25 E Second Street Logan, OH 43138  MADISON COUNTY  Pleasant Valley Fire Department 650 W Main Street Plain City, OH 43064  Madison County Sheriff’s Office 222 Garfield Street London, OH 43140  ROSS  Ross County Law Complex 28 N Paint St Chillicothe, OH 45601  For constituents in MORGAN, PERRY, PICKAWAY, AND VINTON COUNTY, please contact your local Sheriff’s office for information about prescription disposal.   Ohio is facing an opioid epidemic, and it will take collaboration from officials, and community members to help those affected.  This is a small way to make a big impact.","2017-04-28T16:10:58+0000","photo","https://www.facebook.com/RepSteveStivers/photos/a.120550674684302.21248.116058275133542/1484963958242960/?type=3","116058275133542_1484963958242960",NA,17,4,2
"116058275133542","Rep. Steve Stivers","I was surprised and humbled by the speeches made by my colleagues this afternoon.  It is an honor to serve the people of the United States in both the Army and Congress, as well as to serve with such a great delegation.  I also want to extend my congratulations to Rep. Brad Wenstrup who was also recently promoted to the rank of Colonel in the Army Reserve.  Brad is a true patriot.  http://bit.ly/2oxgLrl","2017-04-26T21:47:39+0000","link","http://bit.ly/2oxgLrl","116058275133542_1482614738477882",NA,147,34,13
"116058275133542","Rep. Steve Stivers","This Week in Congress: Monday, April 24, 2017","2017-04-24T20:33:51+0000","status",NA,"116058275133542_1479650395440983","Rep. Steve Stivers published a note.",11,10,0
"116058275133542","Rep. Steve Stivers","Good article today from The Columbus Dispatch regarding broadband access. Over a fourth of Americans do not have access in their homes, we have to keep working to bridge this divide. http://bit.ly/2pMQcvf","2017-04-21T21:17:57+0000","link","http://bit.ly/2pMQcvf","116058275133542_1475370539202302",NA,16,14,1
"116058275133542","Rep. Steve Stivers","Productive conversations today with constituents from #OH15. Thanks for taking the time to meet with me and share your perspectives.","2017-04-20T18:32:44+0000","photo","https://www.facebook.com/RepSteveStivers/photos/a.616262145113150.1073741833.116058275133542/1473375256068497/?type=3","116058275133542_1473375992735090","Rep. Steve Stivers added 4 new photos.",29,20,1
"116058275133542","Rep. Steve Stivers","I'm excited to see the progress made at Buckeye Lake, and grateful to Ohio Department of Natural Resources for all their hard work.","2017-04-19T21:50:27+0000","photo","https://www.facebook.com/RepSteveStivers/photos/a.120550674684302.21248.116058275133542/1472150246190998/?type=3","116058275133542_1472150246190998",NA,30,5,1
"116058275133542","Rep. Steve Stivers","Good news for veterans in the Columbus area - starting on May 1st, the Columbus VA Urgent Care Center will be open 7 days a week.  They have served our nation, now it is our turn to serve them.","2017-04-18T18:22:13+0000","photo","https://www.facebook.com/RepSteveStivers/photos/a.120550674684302.21248.116058275133542/1470531406352882/?type=3","116058275133542_1470531406352882",NA,24,3,6
"116058275133542","Rep. Steve Stivers","Have you finished your taxes? Already received your refund? Consider putting it into a savings account - it's never to early or too late to prepare for an emergency, furthering your education, or retirement. #FLM2017","2017-04-17T16:18:53+0000","photo","https://www.facebook.com/RepSteveStivers/photos/a.120550674684302.21248.116058275133542/1469204736485549/?type=3","116058275133542_1469204736485549",NA,9,10,1
"116058275133542","Rep. Steve Stivers","To all those celebrating this Easter Sunday and those who are in the midst of celebrating Passover, I hope you have a peaceful day spent with family and friends.","2017-04-16T13:53:06+0000","photo","https://www.facebook.com/RepSteveStivers/photos/a.120550674684302.21248.116058275133542/1467854146620608/?type=3","116058275133542_1467854146620608",NA,37,1,2
"116058275133542","Rep. Steve Stivers","Thanks to everyone who stopped by to see our new Lancaster office, I'm excited to have this new space to work for the people of #OH15.","2017-04-13T18:04:33+0000","photo","https://www.facebook.com/RepSteveStivers/photos/a.120550674684302.21248.116058275133542/1463727870366569/?type=3","116058275133542_1463727870366569",NA,33,19,0
"116058275133542","Rep. Steve Stivers","Did you know April is Financial Literacy Month?  Last week, Representative Joyce Beatty and I introduced HRes 243 to recognize the goals of Financial Literacy Month: to encourage the financial health of all Americans and to educate on topics like budgeting, personal finance, retirement, etc.  For the rest of April, I will be sharing information about these important topics because understanding financial decisions is key to building a successful future.","2017-04-12T16:14:03+0000","photo","https://www.facebook.com/RepSteveStivers/photos/a.120550674684302.21248.116058275133542/1462176640521692/?type=3","116058275133542_1462176640521692",NA,14,3,2
"116058275133542","Rep. Steve Stivers","And that's a wrap on the 7th Annual Job Fair. Thanks to all the employers and job seekers who participated.","2017-04-10T20:15:32+0000","video","https://www.facebook.com/RepSteveStivers/videos/1459538817452141/","116058275133542_1459538817452141",NA,36,1,1
"116058275133542","Rep. Steve Stivers","Great to meet some of the applicants here today - lots of connections being made.","2017-04-10T15:57:17+0000","photo","https://www.facebook.com/RepSteveStivers/photos/a.120550674684302.21248.116058275133542/1459298477476175/?type=3","116058275133542_1459298477476175",NA,20,1,0
"116058275133542","Rep. Steve Stivers","The 2017 Job Fair is underway. We'll be at The Ohio State University's 4-H Center until 4 PM - employers are looking to fill thousands of positions. If you, or someone you know is seeking employment, we hope to see you today.","2017-04-10T14:34:37+0000","photo","https://www.facebook.com/RepSteveStivers/photos/a.120550674684302.21248.116058275133542/1459220830817273/?type=3","116058275133542_1459220830817273",NA,14,1,3
"116058275133542","Rep. Steve Stivers","Thanks to the students from Ohio University's Heritage College of Osteopathic Medicine for meeting with me yesterday and discussing important issues like primary care, research, and public health.","2017-04-06T13:26:27+0000","photo","https://www.facebook.com/RepSteveStivers/photos/a.120550674684302.21248.116058275133542/1453057954766894/?type=3","116058275133542_1453058214766868","Rep. Steve Stivers added 2 new photos.",24,8,3
"116058275133542","Rep. Steve Stivers","As a veteran of Operation Iraqi Freedom, I understand the need to educate people on our military, and to share and preserve the stories of the incredible sacrifices our veterans make for our freedoms.  I’m proud to work with Representative Joyce Beatty and Representative Pat Tiberi to support the Veterans Memorial and Museum in Columbus.  Read more here: http://bit.ly/2nb3Qe6","2017-04-05T18:36:35+0000","link","http://bit.ly/2nb3Qe6","116058275133542_1451937151545641",NA,57,11,3
"116058275133542","Rep. Steve Stivers","This Week in Congress: Monday, April 3, 2017","2017-04-03T17:40:36+0000","status",NA,"116058275133542_1449526471786709","Rep. Steve Stivers published a note.",3,0,0
"116058275133542","Rep. Steve Stivers","Are you or someone you know looking for a job? My 2017 Job Fair will be on Monday, April 10 at the campus of The Ohio State University from 10 a.m. to 4 p.m. Admission and parking is FREE and there will be over 70 employers with thousands of open positions to fill. For a list of employers and more, click below: http://bit.ly/2nW2Zd8","2017-03-30T20:14:08+0000","link","http://bit.ly/2nW2Zd8","116058275133542_1444113462328010",NA,142,23,79
"116058275133542","Rep. Steve Stivers","Proud to see my alma mater The Ohio State University recognized for its outstanding graduate programs.  My MBA has definitely given me a great foundation.  Keep up the good work. http://bit.ly/2mlLNl7","2017-03-29T21:22:45+0000","link","http://bit.ly/2mlLNl7","116058275133542_1442964792442877",NA,39,12,5
"116058275133542","Rep. Steve Stivers","Spring break season is in full force and we’re excited so many are choosing to spend it here in D.C. – great to meet some folks visiting from Ohio’s 15th.  Also, a special congratulations to Mark who was sworn in as a member of the Bar of the Supreme Court yesterday.","2017-03-28T15:48:07+0000","photo","https://www.facebook.com/RepSteveStivers/photos/a.120550674684302.21248.116058275133542/1441525685920121/?type=3","116058275133542_1441526342586722","Rep. Steve Stivers added 2 new photos.",36,4,2
"116058275133542","Rep. Steve Stivers","This Week in Congress: Monday, March 27, 2017","2017-03-27T22:03:50+0000","status",NA,"116058275133542_1440678482671508","Rep. Steve Stivers published a note.",4,17,0
"116058275133542","Rep. Steve Stivers","Congratulations to Molly Frey, of Pickerington High School, for being named one of six Military Children of the Year.  Molly is a very impressive young lady, and absolutely deserving of this honor.  http://bit.ly/2mQ0iw6","2017-03-21T17:06:08+0000","link","http://bit.ly/2mQ0iw6","116058275133542_1432368743502482",NA,42,37,2
"116058275133542","Rep. Steve Stivers","For four years, Vinton County has been without access to healthy foods. Today’s ground breaking for Campbell’s Market is a huge step towards ending the county's food desert. http://bit.ly/2nLCXu1","2017-03-20T22:06:07+0000","photo","https://www.facebook.com/RepSteveStivers/photos/a.120550674684302.21248.116058275133542/1431347166937973/?type=3","116058275133542_1431349383604418","Rep. Steve Stivers added 2 new photos.",67,25,0
"116058275133542","Rep. Steve Stivers","This Week in Congress: Monday, March 20, 2017","2017-03-20T20:09:44+0000","status",NA,"116058275133542_1431226983616658","Rep. Steve Stivers published a note.",6,22,1
"116058275133542","Rep. Steve Stivers","Had a productive meeting with some of my younger constituents this morning. Great discussion on donuts and Capitol fun facts.  Thanks for stopping by my Constituent Coffee, and I hope you enjoy the rest of your spring break.","2017-03-16T18:01:23+0000","photo","https://www.facebook.com/RepSteveStivers/photos/a.616262145113150.1073741833.116058275133542/1426633574075999/?type=3","116058275133542_1426634167409273","Rep. Steve Stivers added 2 new photos.",44,13,1
"116058275133542","Rep. Steve Stivers","Thanks to all who participated in tonight's Teletown Hall.  I apologize for the late start, votes on the floor ran longer than anticipated.  It was great to hear from the constituents of Ohio's 15th.","2017-03-16T01:26:58+0000","status",NA,"116058275133542_1425803244159032",NA,21,19,0
"116058275133542","Rep. Steve Stivers","No child should ever be without a home, let alone be forced to navigate bureaucratic red tape just to prove that they are actually homeless.  I am committed to alleviating this issue and helping to serve those children.  It was great to spend time at Huckleberry House, Inc. and see their efforts in combating homelessness.  I am also proud to reintroduce the Homeless Children and Youth Act.  Read more here: http://bit.ly/2mJTLDi","2017-03-14T20:48:44+0000","link","http://bit.ly/2mJTLDi","116058275133542_1424418794297477",NA,42,15,1
"116058275133542","Rep. Steve Stivers","This Week in Congress: Monday, March 13, 2017","2017-03-13T21:10:32+0000","status",NA,"116058275133542_1423344107738279","Rep. Steve Stivers published a note.",7,12,2
"116058275133542","Rep. Steve Stivers","D.C.'s famous cherry blossoms are expected to be in full bloom this month.  Are you coming to Washington to see them?  My office can help coordinate tours for you. http://bit.ly/1uKF4N6","2017-03-09T22:37:05+0000","photo","https://www.facebook.com/RepSteveStivers/photos/a.120550674684302.21248.116058275133542/1418235911582432/?type=3","116058275133542_1418235911582432",NA,54,25,3
"116058275133542","Rep. Steve Stivers","Last month, I held a Digital Divide Roundtable in Southeast Ohio.  Now, I'm looking forward to collaborating with community leaders and representatives from organizations like Connect Ohio, the USDA, and the FCC to work towards universal broadband access.  Here in Washington, I will also be working to ensure that any infrastructure bill we consider will include funding to help bridge the digital divide.  http://bit.ly/2lOnYNL","2017-03-07T17:21:41+0000","link","http://bit.ly/2lOnYNL","116058275133542_1414863205253036",NA,23,16,1
"116058275133542","Rep. Steve Stivers","This Week in Congress: Monday, March 6, 2017","2017-03-06T15:02:37+0000","status",NA,"116058275133542_1413469842059039","Rep. Steve Stivers published a note.",18,22,3
"116058275133542","Rep. Steve Stivers","Inspiring story from London, OH in The Columbus Dispatch.  It’s amazing to see how a community comes together to support one another, and I am excited for all the children who will be able to enjoy Noah’s Playground.  http://bit.ly/2lN7aIp","2017-03-02T22:48:59+0000","link","http://bit.ly/2lN7aIp","116058275133542_1409267242479299",NA,23,7,3
"116058275133542","Rep. Steve Stivers","Talked tuberous sclerosis, Rare Disease Day, and Land and Water Conservation reauthorization at yesterday's constituent coffee.  Thanks for stopping by!","2017-03-02T15:41:30+0000","photo","https://www.facebook.com/RepSteveStivers/photos/a.120550674684302.21248.116058275133542/1408919819180708/?type=3","116058275133542_1408923009180389","Rep. Steve Stivers added 2 new photos.",19,6,1
"116058275133542","Rep. Steve Stivers","Today, we celebrate the 214th Anniversary of Ohio’s Statehood.  I am so proud to call Ohio home, and to have the opportunity to represent my fellow Ohioans in Congress.  Since 1803, the Buckeye State has represented the best our nation has to offer; it has given countless people the opportunity to build their homes and find their piece of the American Dream.  Happy Birthday, Ohio!","2017-03-01T22:53:41+0000","photo","https://www.facebook.com/RepSteveStivers/photos/a.120550674684302.21248.116058275133542/1408218249250865/?type=3","116058275133542_1408218249250865",NA,63,19,6
"116058275133542","Rep. Steve Stivers","Love seeing students from my alma mater, The Ohio State University, getting involved in public policy.  Hope you all enjoyed your tour of the Capitol last week.  Go Bucks!","2017-02-27T21:17:16+0000","photo","https://www.facebook.com/RepSteveStivers/photos/a.120550674684302.21248.116058275133542/1405857722820251/?type=3","116058275133542_1405857722820251","Rep. Steve Stivers with John Glenn College of Public Affairs.",29,6,1
"116058275133542","Rep. Steve Stivers","This Week in Congress: Monday, February 27, 2017","2017-02-27T17:18:22+0000","status",NA,"116058275133542_1405686372837386","Rep. Steve Stivers published a note.",15,18,2
"116058275133542","Rep. Steve Stivers","Spent a great afternoon in Circleville. I know Mayor McIlroy and I were both excited to see the progress at Ohio Christian University's Innovation Center, and I'm looking forward to the opportunities Sofidel's new facility will bring to the community. Big things are happening in Pickaway County!","2017-02-23T23:39:34+0000","photo","https://www.facebook.com/RepSteveStivers/photos/a.120550674684302.21248.116058275133542/1401682243237799/?type=3","116058275133542_1401682449904445","Rep. Steve Stivers added 3 new photos.",42,31,1
"116058275133542","Rep. Steve Stivers","Today, I had lunch with a group of smart, driven businesswomen from Ohio's 15th District. I'm proud to support NAWBO and the work they do to grow our local economy and provide jobs.","2017-02-23T20:36:01+0000","photo","https://www.facebook.com/RepSteveStivers/photos/a.120550674684302.21248.116058275133542/1401518143254209/?type=3","116058275133542_1401518143254209",NA,31,13,1
"116058275133542","Rep. Steve Stivers","I am inspired by the work these men and Save A Warrior are doing to end the suicide epidemic among their fellow veterans. We have a moral obligation to serve those who have served our nation.","2017-02-23T02:20:25+0000","photo","https://www.facebook.com/RepSteveStivers/photos/a.616262145113150.1073741833.116058275133542/1400709923335031/?type=3","116058275133542_1400711556668201","Rep. Steve Stivers added 2 new photos.",101,12,19
"116058275133542","Rep. Steve Stivers","Very excited to see the progress at Nationwide Children's Livingston Ambulatory Center here in Ohio's 15th District and discuss important issues in healthcare reform.","2017-02-23T01:34:46+0000","photo","https://www.facebook.com/RepSteveStivers/photos/a.120550674684302.21248.116058275133542/1400672740005416/?type=3","116058275133542_1400672740005416",NA,46,29,1
"116058275133542","Rep. Steve Stivers","Thank you Columbus Chamber of Commerce for hosting last night's event.  Great chance to get to know the business leaders in our community.","2017-02-22T21:51:27+0000","photo","https://www.facebook.com/RepSteveStivers/photos/a.120550674684302.21248.116058275133542/1400529683353055/?type=3","116058275133542_1400529683353055",NA,26,13,1
"116058275133542","Rep. Steve Stivers","Tax season is quickly approaching, do you need help with the IRS? Having trouble with a passport? My office may be able to help, give us a call. http://bit.ly/2kt2LYV","2017-02-21T18:53:27+0000","link","http://bit.ly/2kt2LYV","116058275133542_1399374200135270",NA,18,18,2
"116058275133542","Rep. Steve Stivers","""If your actions inspire others to dream more, learn more, do more, and become more, you are a leader."" -John Quincy Adams  Today, we celebrate our first President, George Washington, those who have served our nation from the Oval Office, and all those who embrace the spirit of leadership and service.  Happy Presidents' Day.","2017-02-20T16:57:30+0000","status",NA,"116058275133542_1398266876912669",NA,57,25,4
"116058275133542","Rep. Steve Stivers","I had a great time at my Constituent Coffee this morning. Glad to have the opportunity to meet and talk with the folks from Ohio while the legislative calendar keeps me busy in D.C.","2017-02-15T15:47:45+0000","photo","https://www.facebook.com/RepSteveStivers/photos/a.616262145113150.1073741833.116058275133542/1392025387536818/?type=3","116058275133542_1392026220870068","Rep. Steve Stivers added 2 new photos.",23,28,0
"116058275133542","Rep. Steve Stivers","This Week in Congress: Monday, February 13, 2017","2017-02-13T16:14:03+0000","status",NA,"116058275133542_1389963704409653","Rep. Steve Stivers published a note.",13,23,3
"116058275133542","Rep. Steve Stivers","Be sure to tune into WBNS-10TV - Columbus, Ohio Face The State with Scott Light this morning, where I will be a guest panelist talking about the issues facing Ohio and our nation.","2017-02-12T16:00:01+0000","photo","https://www.facebook.com/RepSteveStivers/photos/a.120550674684302.21248.116058275133542/1387787374627286/?type=3","116058275133542_1387787374627286",NA,28,4,0
"116058275133542","Rep. Steve Stivers","This awesome mother-daughter duo from #OH15 had a great time exploring the Capitol today.   Are you visiting D.C. soon? My office can help arrange tours that are fun for the whole family! http://bit.ly/Pwy45w","2017-02-11T00:22:58+0000","photo","https://www.facebook.com/RepSteveStivers/photos/a.120550674684302.21248.116058275133542/1387054538033903/?type=3","116058275133542_1387054538033903","Rep. Steve Stivers at United States Capitol.",34,9,2
"116058275133542","Rep. Steve Stivers","In the 21st century, broadband access is no longer a convenience - it's a necessity. Thanks to all who attended today's forum for their participation and their commitment to closing the digital divide in Southeast Ohio.","2017-02-09T19:51:33+0000","photo","https://www.facebook.com/RepSteveStivers/photos/a.120550674684302.21248.116058275133542/1385825558156801/?type=3","116058275133542_1385825558156801","Rep. Steve Stivers at Hocking College.",43,9,1
"116058275133542","Rep. Steve Stivers","Teletown Halls are my favorite way to keep in touch with the people in the 15th District while I’m here in Washington.  Glad we got to talk healthcare, infrastructure, and jobs last night.  It’s always great to hear from you all!","2017-02-08T15:47:36+0000","photo","https://www.facebook.com/RepSteveStivers/photos/a.120550674684302.21248.116058275133542/1384512744954749/?type=3","116058275133542_1384512744954749",NA,71,52,6
"116058275133542","Rep. Steve Stivers","We owe it to our veterans to ensure they receive the care they need when they return home. I am proud to join Representative Dave Loebsack in reintroducing the Never Again Act because no veteran should ever be turned away when asking for in-patient psychiatric care.  Read the full release here: http://bit.ly/2kIFzKd","2017-02-07T14:57:35+0000","link","http://bit.ly/2kIFzKd","116058275133542_1383329818406375",NA,74,13,11
"116058275133542","Rep. Steve Stivers","This Week in Congress: Monday, February 06, 2017","2017-02-06T16:19:29+0000","status",NA,"116058275133542_1382187331853957","Rep. Steve Stivers published a note.",9,7,2
"116058275133542","Rep. Steve Stivers","I look forward to a time where Iran is a constructive international actor so that we can lift sanctions. However, with their aggressive behavior, record of supporting terrorist organizations, and nuclear proliferation, I believe the new sanctions announced today are not only necessary, but overdue. http://bit.ly/2jHkRLn","2017-02-03T20:37:44+0000","link","http://bit.ly/2jHkRLn","116058275133542_1379130038826353",NA,76,22,2
"116058275133542","Rep. Steve Stivers","Small businesses are the backbone of our society – I’m committed to getting the government off their backs.  In the first few weeks of the 115th Congress, the House of Representatives has already taken action to rein-in onerous federal regulations, cut red tape and provide relief to job creators.  Read more here: http://bit.ly/2kXemE7","2017-02-02T22:46:33+0000","link","http://bit.ly/2kXemE7","116058275133542_1378075655598458",NA,48,31,7
"116058275133542","Rep. Steve Stivers","The 115th Congress has started its second month, and as we are addressing issues important to our nation,  I want your input.  What issue is most important to you?  Let me know: http://bit.ly/2kkrZK4.","2017-02-01T19:22:20+0000","link","http://bit.ly/2kkrZK4","116058275133542_1376622522410438",NA,13,13,5
"116058275133542","Rep. Steve Stivers","Holding degrees from Columbia, Harvard Law School and Oxford, and serving in the 10th Circuit Court of Appeals, there is no doubt that Judge Gorsuch has the education and experience to serve on the United States Supreme Court. I want to congratulate Judge Gorsuch on his nomination, and I hope the Senate will quickly move forward on his confirmation.","2017-02-01T01:23:24+0000","status",NA,"116058275133542_1375629782509712",NA,266,75,13
"116058275133542","Rep. Steve Stivers","This Week in Congress: January 30, 2017","2017-01-30T17:37:02+0000","status",NA,"116058275133542_1374071485998875","Rep. Steve Stivers published a note.",14,16,8
"116058275133542","Rep. Steve Stivers","As a reminder, while I value and encourage an open discussion on my wall, please note that posts will be removed that contain swearing or personal attacks on others posting to the wall.","2017-01-30T16:59:58+0000","status",NA,"116058275133542_1374054759333881",NA,120,23,2
"116058275133542","Rep. Steve Stivers","We are just getting started in the 115th Congress, and we have plenty of work ahead of us.  I want your input.  What issue is most important to you?  Let me know: http://bit.ly/2kkrZK4.","2017-01-27T18:38:36+0000","link","http://bit.ly/2kkrZK4","116058275133542_1370415316364492",NA,23,24,10
"116058275133542","Rep. Steve Stivers","Today, President Donald J. Trump allowed the #KeystoneXL pipeline to finally move forward so America can move toward energy independence and create more #jobs.","2017-01-24T19:54:42+0000","status",NA,"116058275133542_1366649983407692",NA,163,176,28
"116058275133542","Rep. Steve Stivers","Want to skip the line and keep your shoes on for your next flight? Sign-up for the TSA PreCheck enrollment center at the John Glenn Columbus International Airport. Click here for more information: http://bit.ly/2dWVoaP","2017-01-23T21:18:53+0000","link","http://bit.ly/2dWVoaP","116058275133542_1365332343539456",NA,25,7,3
"116058275133542","Rep. Steve Stivers","Today, we were fortunate to come together as a nation and witness a pillar of our democracy: the peaceful transfer of power.   Read my full statement here: http://bit.ly/2jW2yyf","2017-01-20T19:11:04+0000","link","http://bit.ly/2jW2yyf","116058275133542_1361583163914374",NA,49,10,3
"116058275133542","Rep. Steve Stivers","Honored to have the opportunity this morning to witness the swearing in of our 45th President of the United States. #InaugurationDay","2017-01-20T17:56:04+0000","photo","https://www.facebook.com/RepSteveStivers/photos/a.120550674684302.21248.116058275133542/1361528747253149/?type=3","116058275133542_1361528747253149",NA,401,26,6
"116058275133542","Rep. Steve Stivers","Be sure to tune in throughout the morning and afternoon to witness all of the #Inauguration2017 events. #InaugurationDay","2017-01-20T14:59:02+0000","photo","https://www.facebook.com/RepSteveStivers/photos/a.120550674684302.21248.116058275133542/1361396773933013/?type=3","116058275133542_1361396773933013",NA,34,2,0
"116058275133542","Rep. Steve Stivers","Glad to have so many great Ohioans visiting the office for #Inauguration2017 #OH15","2017-01-19T22:12:17+0000","photo","https://www.facebook.com/RepSteveStivers/photos/a.120550674684302.21248.116058275133542/1360736457332378/?type=3","116058275133542_1360736457332378",NA,50,3,0
"116058275133542","Rep. Steve Stivers","Honored to join Representative Joyce Beatty this morning to recognize AEP Ohio and the U.S. Army PaYS program for their commitment to helping #veterans find #jobs and transition back to civilian life.","2017-01-18T17:48:30+0000","photo","https://www.facebook.com/RepSteveStivers/photos/a.120550674684302.21248.116058275133542/1359348084137882/?type=3","116058275133542_1359348084137882",NA,49,4,2
"116058275133542","Rep. Steve Stivers","Do you need help working with the IRS, Department of Veterans Affairs, or Social Security? My office can help! Click here to learn more about how my office can assist you with issues you have before federal agencies -> http://bit.ly/1EfQg9p","2017-01-17T22:21:47+0000","link","http://bit.ly/1EfQg9p","116058275133542_1358488607557163",NA,21,7,2
"116058275133542","Rep. Steve Stivers","Today's vote is the first step in creating the health care system we need: a patient-centered approach that will bring back choice and lower costs across the board. http://bit.ly/2ilTGVq","2017-01-13T21:56:07+0000","link","http://bit.ly/2ilTGVq","116058275133542_1354167681322589",NA,61,47,2
"116058275133542","Rep. Steve Stivers","For 100 years, Girls Scouts of America and their legendary cookies have given girls the encourageMINT to THINk for themselves and be leaders in their communities.  As an Eagle Scout myself, I want to say congratulations, and here's to another 100 delicious years!","2017-01-13T19:43:45+0000","video","https://www.facebook.com/RepSteveStivers/videos/1354066537999370/","116058275133542_1354066537999370",NA,37,5,3
"116058275133542","Rep. Steve Stivers","Check out these #StoriesFromOhio and around the country about how Obamacare has affected patients, families, millennials,  self-employed individuals, small business owners and retirees. Looking forward to working with Representative Pat Tiberi and the entire Committee on Ways and Means on a #BetterWay for Ohio and our nation. http://bit.ly/2j8cgjz","2017-01-11T22:42:09+0000","link","http://bit.ly/2j8cgjz","116058275133542_1351553451584012",NA,38,86,22
"116058275133542","Rep. Steve Stivers","It's not a flying car, but I think Marty McFly would approve. Columbus is a finalist for a new, futuristic transportation system. Read more in The Columbus Dispatch: http://bit.ly/2i7QsEU   cc: Mid-Ohio Regional Planning Commission (MORPC)","2017-01-10T19:57:06+0000","link","http://bit.ly/2i7QsEU","116058275133542_1350303151709042",NA,61,11,15
"116058275133542","Rep. Steve Stivers","I was EXTREMELY proud & privileged to nominate outstanding students to West Point - The U.S. Military Academy United States Naval Academy US Air Force Academy (Official) & United States Merchant Marine Academy for the Class of 2021. These students will represent our region well and will undoubtedly contribute to making our military stronger. I want to thank them for their wiliness to serve and also to thank my Military Academy Review Board for their work in interviewing the students and making recommendations.  For more information on how to apply for service academy nominations, please visit my website: http://stivers.house.gov/cons…/serviceacademynominations.htm","2017-01-09T18:40:55+0000","photo","https://www.facebook.com/RepSteveStivers/photos/a.1349288075143883.1073741850.116058275133542/1349288111810546/?type=3","116058275133542_1349318768474147","Rep. Steve Stivers shared their album: Class of 2021 Military Academy Nominees.",76,4,0
"116058275133542","Rep. Steve Stivers","Congratulations, Congressman Warren Davidson, and welcome! Together with Joyce Beatty and the rest of the House Committee on Financial Services, let’s create economic opportunity for Ohio and the rest of the nation. Read more in The Columbus Dispatch: http://bit.ly/2hYRXjO","2017-01-06T17:24:29+0000","link","http://bit.ly/2hYRXjO","116058275133542_1346356832103674",NA,21,5,0
"116058275133542","Rep. Steve Stivers","The action taken by the United Nations condemning Israel’s presence in the West Bank was unprecedented.  President Obama refused to veto the resolution, but today I proudly voted to oppose the action and join the House of Representatives in calling for a repeal.","2017-01-06T00:06:33+0000","photo","https://www.facebook.com/RepSteveStivers/photos/a.120550674684302.21248.116058275133542/1345643232175034/?type=3","116058275133542_1345643232175034",NA,70,21,4
"116058275133542","Rep. Steve Stivers","I think we all can agree, #Ohioan Grant Kessler made a great first impression! #DressedtoImpress http://usat.ly/2iaTEvD","2017-01-05T19:36:31+0000","link","http://usat.ly/2iaTEvD","116058275133542_1345450962194261",NA,86,4,4
"116058275133542","Rep. Steve Stivers","Great meeting today with the Deputy Whip Team. Looking forward to working with all of you in the 115th Congress!","2017-01-05T18:06:14+0000","photo","https://www.facebook.com/RepSteveStivers/photos/a.120550674684302.21248.116058275133542/1345383528867671/?type=3","116058275133542_1345383528867671",NA,18,7,0
"116058275133542","Rep. Steve Stivers","My #NewYearsResolution for the 115th Congress? Keep fighting to provide Americans with a #BetterWay to address their health care concerns.  You deserve to choose the plan that best fits your healthcare needs, and access to the life-saving treatments our nation has to offer.  Read more here: http://bit.ly/2hNrkDs","2017-01-04T15:29:13+0000","link","http://bit.ly/2hNrkDs","116058275133542_1343811205691570",NA,27,45,4
"116058275133542","Rep. Steve Stivers","It is my honor to serve in the 115th Congress, and I look forward to working with my colleagues on both sides of the aisle to pass policies that will make America stronger and more prosperous. #OpeningDay","2017-01-03T19:40:12+0000","video","https://www.facebook.com/RepSteveStivers/videos/1341940132545344/","116058275133542_1341940132545344",NA,114,19,4
"116058275133542","Rep. Steve Stivers","Drug-free clubs are a great way to incentivize high school students to say “no” to drugs. Thank you to Pickerington Schools - PLSD and Tyler's Light for supporting this important initiative to stop the cycle of drug abuse in our communities. Read more in the Lancaster Eagle-Gazette here: http://ohne.ws/2iX4aXm","2017-01-03T14:45:02+0000","link","http://ohne.ws/2iX4aXm","116058275133542_1341436999262324",NA,21,2,1
"116058275133542","Rep. Steve Stivers","So exciting to see the Grove City High School Marching Band in the Tournament of Roses - Rose Parade today! #grovecity #roseparade South-Western City School District","2017-01-02T18:35:32+0000","photo","https://www.facebook.com/RepSteveStivers/photos/a.120550674684302.21248.116058275133542/1339391592800198/?type=3","116058275133542_1339391592800198",NA,121,5,10
"116058275133542","Rep. Steve Stivers","Hope everyone has a safe and enjoyable start to 2017!","2017-01-01T13:00:01+0000","photo","https://www.facebook.com/RepSteveStivers/photos/a.120550674684302.21248.116058275133542/1313919072014117/?type=3","116058275133542_1313919072014117",NA,35,3,3
