"from_id","from_name","message","created_time","type","link","id","story","likes_count","comments_count","shares_count"
"326420614138023","Congressman Joaquin Castro","I joined the interns in my Washington office for a pizza lunch. They’ve done great work for the people of Texas' 20th District and have bright futures!","2017-06-23T17:51:51+0000","photo","https://www.facebook.com/JoaquinCastroTX/photos/a.341856745927743.77021.326420614138023/1304432756336799/?type=3","326420614138023_1304432756336799",NA,770,27,20
"326420614138023","Congressman Joaquin Castro","I asked former DHS Secretary Jeh Johnson about the security protecting our nation’s voting systems. No minimum standards exist. We must do a better job defending future elections. My full questioning:","2017-06-21T16:41:51+0000","video","https://www.facebook.com/JoaquinCastroTX/videos/1302648859848522/","326420614138023_1302648859848522",NA,343,44,80
"326420614138023","Congressman Joaquin Castro","Starting now: Watch this morning's House Intelligence Committee hearing with former Homeland Security Secretary Jeh Johnson live here:","2017-06-21T14:06:20+0000","video","https://www.youtube.com/watch?v=LbnDBzSL6-0","326420614138023_1302514033195338",NA,67,7,4
"326420614138023","Congressman Joaquin Castro","Research shows that women’s meaningful involvement in confronting national security and human rights challenges leads to better outcomes. The Obama Administration took steps to make sure that women around the world had a seat at the table in conflict prevention and resolution negotiations. I spoke on the House floor in support of legislation that would make those successful policies permanent law.","2017-06-20T22:33:22+0000","video","https://www.facebook.com/JoaquinCastroTX/videos/1301940749919333/","326420614138023_1301940749919333",NA,445,30,52
"326420614138023","Congressman Joaquin Castro","Today I toured the Goodwill San Antonio contract services facility and saw firsthand how the organization serves our community and local veterans. It was wonderful to meet inspiring staff with disabilities who are valued team members employed through the AbilityOne Program.","2017-06-19T22:06:56+0000","photo","https://www.facebook.com/JoaquinCastroTX/photos/a.341856745927743.77021.326420614138023/1300814196698655/?type=3","326420614138023_1300814633365278","Congressman Joaquin Castro added 2 new photos.",227,9,21
"326420614138023","Congressman Joaquin Castro","My prayers are with the loved ones of the seven sailors who died on the USS Fitzgerald this weekend, including Noe Hernandez who was from Weslaco, Texas.","2017-06-19T16:00:19+0000","status",NA,"326420614138023_1300530796726995",NA,322,18,14
"326420614138023","Congressman Joaquin Castro","I’m praying for all who were affected by yesterday’s terrible attacks in Mali and London. Thank you to first responders everywhere who bravely run towards danger to assist others.","2017-06-19T15:55:37+0000","status",NA,"326420614138023_1300527726727302",NA,157,8,6
"326420614138023","Congressman Joaquin Castro","Happy Father's Day!","2017-06-18T21:16:23+0000","photo","https://www.facebook.com/JoaquinCastroTX/photos/a.341856745927743.77021.326420614138023/1299774260135982/?type=3","326420614138023_1299774260135982",NA,2032,93,31
"326420614138023","Congressman Joaquin Castro","Many of the 8.8 million people who are eligible for U.S. citizenship don’t realize that fee waivers are available to reduce costs associated with the process. If you have questions about becoming a citizen, my office can help. Call 210-348-8216 to speak with my staff and learn more.","2017-06-17T18:52:04+0000","status",NA,"326420614138023_1298699246910150",NA,758,32,364
"326420614138023","Congressman Joaquin Castro","My thoughts and prayers are with the USS Fitzgerald sailors and their families. The support our ally Japan has provided in the aftermath of this tragic collision is greatly appreciated.","2017-06-17T16:00:32+0000","status",NA,"326420614138023_1298571343589607",NA,231,4,14
"326420614138023","Congressman Joaquin Castro","The American people and our allies overseas need to be able to trust that our nation’s executive branch is pursuing a clear and consistent foreign policy. The Trump Administration has not always provided a steady vision and message. This week in the Foreign Affairs Committee, I sought reassurance from Secretary of State Rex Tillerson that the State Department and White House are coordinated in their foreign policy discussions and decisions. http://www.cnn.com/2017/06/14/politics/tillerson-trump-no-daylight/index.html","2017-06-16T16:12:21+0000","video","https://www.facebook.com/JoaquinCastroTX/videos/1297492700364138/","326420614138023_1297492700364138",NA,315,40,45
"326420614138023","Congressman Joaquin Castro","Over my more than 14 years of public service, advancements in technology – and social media specifically – have made it easier to engage with constituents and hear their opinions. Thank you to Phone2Action and Greta Van Susteren for a great discussion about advocacy and government in the digital age.","2017-06-15T20:01:34+0000","photo","https://www.facebook.com/JoaquinCastroTX/photos/a.341856745927743.77021.326420614138023/1296665337113541/?type=3","326420614138023_1296665337113541",NA,169,3,20
"326420614138023","Congressman Joaquin Castro","This is a bittersweet day, as we recognize the fifth anniversary of a program that’s under threat despite having made such a positive impact on our nation. DACA has changed the lives of nearly 790,000 young people who call America home. These DREAMers – many who can’t remember living in any other country and were brought to this nation through no fault of their own – enrolled in DACA to remain with their loved ones and contribute to our society. The DACA program is consistent with our nation’s core values and heritage as a country of immigrants. DREAMers bolster our economy, enrich our society, thrive academically, and defend our nation by putting their lives on the line to protect our freedoms. While we in Congress must continue to work towards comprehensively reforming our nation’s broken immigration system, DACA has proven to be a positive step in improving America’s immigration policy and should not be repealed.","2017-06-15T11:49:43+0000","status",NA,"326420614138023_1296242577155817",NA,391,19,62
"326420614138023","Congressman Joaquin Castro","My prayers are with Congressman Scalise, the injured Capitol Police officers, Congressman Williams’ injured staff member, and all of their loved ones after this morning’s terrible attack. All Americans can agree that this sort of violence is condemnable. Every day, I am grateful to the Capitol Police who keep Congress members, staff, and visitors to Capitol Hill safe. Their heroism today saved lives.","2017-06-14T14:57:21+0000","status",NA,"326420614138023_1295389000574508",NA,663,31,39
"326420614138023","Congressman Joaquin Castro","Today, the Congressional Pre-K Caucus and Council for a Strong America’s Mission: Readiness - Military Leaders for Kids initiative held a briefing about the importance of early education for America’s national security. We heard from retired admirals and generals about the ways high-quality early learning helps grow the pool of our country’s potential military recruits. As co-chair of the Caucus, I'm encouraged that experts in so many fields advocate for increased access to pre-kindergarten in our nation.","2017-06-13T17:29:55+0000","photo","https://www.facebook.com/JoaquinCastroTX/photos/a.341856745927743.77021.326420614138023/1294551400658268/?type=3","326420614138023_1294551400658268",NA,121,9,16
"326420614138023","Congressman Joaquin Castro","It is a great relief that U.S. citizen Otto Warmbier’s unjust imprisonment in North Korea has come to an end, and that he will finally reunite with his family after an excruciating period of uncertainty and hardship. I am concerned about Otto’s health and reports that he is in a coma. This episode underscores the North Korean regime’s disregard for human rights and human life. I’m praying for Otto’s swift recovery, and I urge Pyongyang to release the three Americans who remain detained in North Korea.","2017-06-13T17:15:18+0000","status",NA,"326420614138023_1294543907325684",NA,184,19,6
"326420614138023","Congressman Joaquin Castro","Congratulations to Ron Nirenberg, new mayor of San Antonio!","2017-06-11T05:16:03+0000","status",NA,"326420614138023_1292193754227366",NA,1556,23,48
"326420614138023","Congressman Joaquin Castro","San Antonians, please take time to vote today in the mayoral and city council runoff elections. The polls are open until 7pm!","2017-06-10T20:58:52+0000","status",NA,"326420614138023_1291902590923149",NA,240,10,29
"326420614138023","Congressman Joaquin Castro","President Trump’s interactions with James Comey were alarming. I spoke with Wolf Blitzer on CNN about the former FBI Director's testimony and the importance of Congress’ and the special counsel’s investigations.","2017-06-09T16:59:49+0000","video","https://www.facebook.com/JoaquinCastroTX/videos/1290739251039483/","326420614138023_1290739251039483",NA,551,80,96
"326420614138023","Congressman Joaquin Castro","People who put their lives on the line for the United States should not be deported, only to return in death for their military burials. I’m working on legislation to help prevent veteran deportations in the future. These heroes deserve better from the nation they served.","2017-06-09T14:36:29+0000","link","https://www.buzzfeed.com/johnstanton/deportation-us-military-veterans-mexico-trump?bftw&utm_term=.ajYddoB7Dm#.nipYY1rjRV","326420614138023_1290607217719353",NA,786,46,157
"326420614138023","Congressman Joaquin Castro","Director Comey's written testimony increases concern over obstruction of justice by President Trump. Since the early days of his presidency, Donald Trump has inserted himself into the FBI’s work, publicly commenting on an ongoing investigation and privately expressing his desire for the agency’s leadership to clear his name. These actions violate the Department of Justice’s independence, as did the President’s repeated requests for loyalty from the FBI Director. That this highly suspect behavior immediately preceded Mr. Comey’s firing raises very disturbing questions about the President’s motive in removing the Director. While tomorrow’s hearing may further clarify the nature of the President’s actions, Director Comey’s memos should be publicly released, and Mr. Comey should return to the House Intelligence Committee to testify publicly with our members as well.","2017-06-07T21:41:02+0000","status",NA,"326420614138023_1288850421228366",NA,533,55,51
"326420614138023","Congressman Joaquin Castro","It was great to meet with Singapore’s Foreign Minister Vivian Balakrishnan and discus our nations’ bilateral economic and security partnership.","2017-06-07T17:21:54+0000","photo","https://www.facebook.com/JoaquinCastroTX/photos/a.341856745927743.77021.326420614138023/1288666864580055/?type=3","326420614138023_1288666864580055",NA,258,11,9
"326420614138023","Congressman Joaquin Castro","Today we honor those who stormed Normandy’s beaches 73 years ago to defend our freedom. We'll always remember the heroes of D-Day.","2017-06-06T17:55:16+0000","status",NA,"326420614138023_1287597138020361",NA,310,10,36
"326420614138023","Congressman Joaquin Castro","Through collaboration between the military, industry, academia, and government agencies, our nation’s intelligence capabilities will meet the emerging challenges of the 21st Century. San Antonio has deep ties to the Intelligence Community and is a national cyber leader, making our city a natural fit to host the 2017 GEOINT Symposium. I was glad to welcome attendees this morning and thank them for their work.","2017-06-05T20:30:03+0000","photo","https://www.facebook.com/JoaquinCastroTX/photos/a.485175671595849.1073741830.326420614138023/1286648151448593/?type=3","326420614138023_1286648221448586","Congressman Joaquin Castro added 3 new photos.",129,2,6
"326420614138023","Congressman Joaquin Castro","My livestream had some technical trouble this afternoon, but you can still watch video of our congressional delegation visiting deported veterans in Mexico here in two parts:","2017-06-03T21:11:14+0000","status",NA,"326420614138023_1284743181639090","Congressman Joaquin Castro added 2 new videos.",503,46,298
"326420614138023","Congressman Joaquin Castro","I’m in Mexico with congressional colleagues to meet with veterans who were deported from the United States after defending our nation. I’ll be livestreaming our discussion here on my Facebook page at about 2:25pm CT.","2017-06-03T17:47:26+0000","status",NA,"326420614138023_1284600994986642",NA,723,51,104
"326420614138023","Congressman Joaquin Castro","Tomorrow, a group of my colleagues from Congress and I going to Mexico to meet with veterans who were deported from the United States after putting their lives on the line for our nation. I’ll be livestreaming our discussion here on my Facebook page at about 2:25 p.m. CT. I hope you’re able to tune in.","2017-06-02T21:23:25+0000","status",NA,"326420614138023_1283789145067827",NA,1349,83,272
"326420614138023","Congressman Joaquin Castro","Leaving the Paris Agreement is an abandonment of U.S. global leadership. With President Trump's decision today, the United States joins Syria and Nicaragua as one of only three nations in the world not to participate in the deal. Already, we have seen how the effects of climate change harm the health of our most vulnerable populations and threaten our national security. Rather than lead the international community to confront these challenges, President Trump has decided to open the door for other nations to assume the influence and leadership the United States will now forfeit.","2017-06-01T20:43:15+0000","status",NA,"326420614138023_1282869131826495",NA,974,124,199
"326420614138023","Congressman Joaquin Castro","Today we honor and remember the men and women of our military who sacrificed their lives in service to our nation. #MemorialDay","2017-05-29T15:15:49+0000","status",NA,"326420614138023_1279842975462444",NA,204,5,13
"326420614138023","Congressman Joaquin Castro","The two men killed in this tragedy, who had the courage to stand up to hate, are heroes.","2017-05-28T15:36:23+0000","link","http://www.cnn.com/2017/05/28/us/portland-train-stabbing-victims/","326420614138023_1278957045551037",NA,1299,76,279
"326420614138023","Congressman Joaquin Castro","It’s possible that noxious fumes from the burn pits used to discard of waste at military installations in Iraq and Afghanistan are the cause of serious health problems that some service members and veterans suffer. The Department of Veterans Affairs created the Airborne Hazards and Open Burn Pit Registry to analyze and understand the potential long-term health effects from exposure to burn pits. If you think you may be eligible for the registry, you can learn more and provide your information here: https://veteran.mobilehealth.va.gov/AHBurnPitRegistry/#page/home","2017-05-26T00:29:25+0000","video","https://www.facebook.com/JoaquinCastroTX/videos/1276578829122192/","326420614138023_1276578829122192",NA,328,21,273
"326420614138023","Congressman Joaquin Castro","H.R. 1761, the Protecting Against Child Exploitation Act,  is a perfect example of legislative dysfunction. The bill aims to close a loophole that allows some child pornographers to escape prosecution by arguing over intent. OK, sounds like a good idea. But Congresswoman Sheila Jackson Lee points out a big loophole in the new bill that would allow for the prosecution of consenting teenagers who are sexting each other (i.e., they are in a relationship and only sharing the images with each other) to be charged for child pornography and prosecuted to serve a 15 year minimum sentence. Again, this includes a boyfriend/girlfriend sharing images only with each other. So I figured, OK, I'm sure the bill's author will accept Rep. Jackson Lee’s amendment, close the loophole and we can all support the bill. No. Instead he argues basically that no prosecutor would ever charge people in that situation. Yes, somebody will. Or they'll use the possibility of charging as heavy leverage to get something out of a defendant. So now we face a choice: Vote YES for what is now a bad piece of legislation that creates as many (if not more) problems than it solves or vote NO and be accused sometime next October of going easy on child pornographers. That's Congress, folks. I voted NO. I am in my eighth term in public service, all in the minority party.   So why didn't they just take Rep. Jackson Lee’s amendment? Maybe they see no problem sending a teenage couple to jail for fifteen years for sexting. Maybe because they know they already have the votes needed to pass the bill and can just do it their way. But more likely, it's because the majority party knows it can force people in the other party to either go along or take a ""bad"" vote. The quest to create wedges (by the majority) and the politics of self-preservation and ambition (by the minority) lead to bad public policy. All of us have fallen for it – both parties do it in legislatures across the country.   I love representing my hometown and always have. But there are times when people ask me, ""what's the worst part of the job?"" More than the hamster wheel of fundraising, ping-pong travel between D.C. and home or anything else it is this cycle of wedging and C-Y-A politics that corrodes the American Congress. The problem with Congress is not that there is too much legitimate policy disagreement, people are legitimately pro-life or pro-choice; pro vouchers or against them, etc. The more pernicious problem is that, as in the case of H.R. 1761, the Protecting Against Child Exploitation Act, disagreement is preserved, manufactured, or coerced for political purposes, even when agreement is well within reach. So next year, if they say the 51 of us who voted no are sympathetic to child pornographers, remember our conversation.","2017-05-25T19:52:25+0000","status",NA,"326420614138023_1276428862470522",NA,226,38,59
"326420614138023","Congressman Joaquin Castro","President Trump’s healthcare bill would cause 23 million Americans to lose their coverage. On top of that staggering number, people with pre-existing conditions could face huge spikes in the cost of their insurance. The Senate should not pass this irresponsible legislation – lives are at stake.","2017-05-24T21:04:51+0000","link","http://www.npr.org/2017/05/24/529902300/cbo-republicans-ahca-would-leave-23-million-more-uninsured","326420614138023_1275592465887495",NA,196,60,74
"326420614138023","Congressman Joaquin Castro","The desperation, oppression, and violence in Venezuela are reaching a breaking point. I spoke on the House floor about the dire conditions there and the need for the United States to work with our regional partners to help end the crisis.","2017-05-24T00:46:50+0000","video","https://www.facebook.com/JoaquinCastroTX/videos/1274876935959048/","326420614138023_1274876935959048",NA,310,27,133
"326420614138023","Congressman Joaquin Castro","At today’s House Intelligence Committee hearing, I questioned former CIA Director John Brennan about the Intelligence Community’s assessment that Russia interfered in our election, WikiLeaks’ role in Russia’s covert action campaign, and reports of classified leaks from the White House:","2017-05-23T18:14:50+0000","video","https://www.facebook.com/JoaquinCastroTX/videos/1274664152646993/","326420614138023_1274664152646993",NA,359,50,56
"326420614138023","Congressman Joaquin Castro","You can watch today’s House Intelligence Committee hearing with former CIA Director John Brennan, beginning at 9:00 a.m. CT, here:","2017-05-23T14:04:03+0000","video","https://www.youtube.com/watch?v=p59dM366keI","326420614138023_1274512019328873",NA,139,10,19
"326420614138023","Congressman Joaquin Castro","Terrible news coming out of Manchester tonight. I’m monitoring reports and am praying for victims and their families.","2017-05-23T00:12:30+0000","link","https://apnews.com/8835abb47c87478ba0b34ee40d28ebb7/UK-police:-'a-number-of-fatalities'-at-Grande-concert?utm_campaign=SocialFlow&utm_source=Twitter&utm_medium=AP","326420614138023_1274076052705803",NA,100,8,8
"326420614138023","Congressman Joaquin Castro","My sympathies are with the loved ones of San Antonio firefighter Scott Deem who passed away on a call last night. This tragedy reminds us of the risks all first responders take to keep our community safe. I’m deeply grateful for their service.","2017-05-19T15:42:15+0000","link","http://www.mysanantonio.com/news/local/article/ingram-fire-on-Northwest-Side-11157769.php","326420614138023_1271243206322421",NA,360,19,48
"326420614138023","Congressman Joaquin Castro","Today, the U.S. Treasury Department announced the imposition of new sanctions against members of Venezuela’s Supreme Court.   The desperation, oppression, and violence in Venezuela is reaching a breaking point. Since the Supreme Court’s attempts to dissolve the National Assembly in March, the Venezuelan people have sustained massive protests despite a brutal crackdown from government security forces and armed civilian militias, resulting in at least 43 deaths.   Sanctions are most effective when imposed multilaterally. President Maduro’s authoritarian rule requires forceful condemnation and consequences from the international community. The United States should use diplomacy to bring a multilateral, region-wide response to the situation in Venezuela through engagement at the OAS and UN.   The United States should also provide emergency food and medicine aid to alleviate the suffering of the Venezuelan people through independent NGOs.","2017-05-18T23:37:29+0000","status",NA,"326420614138023_1270685659711509",NA,143,14,19
"326420614138023","Congressman Joaquin Castro","The naming of Robert Mueller as special counsel for the investigation into Russia is a positive step. The American people expect him to conduct a thorough and impartial investigation into whether any Americans assisted the Russians who interfered in our election, and, if necessary, to use his ability to prosecute perpetrators.","2017-05-17T22:52:55+0000","status",NA,"326420614138023_1269823043131104",NA,703,43,48
"326420614138023","Congressman Joaquin Castro","It was great to meet with 502nd Air Base Wing Commander Brigadier General Heather L. Pringle and 502nd Air Base Command Chief Brion P. Blais about Joint Base San Antonio's important role in our city.","2017-05-17T18:07:36+0000","photo","https://www.facebook.com/JoaquinCastroTX/photos/a.341856745927743.77021.326420614138023/1269673929812682/?type=3","326420614138023_1269673929812682",NA,357,5,10
"326420614138023","Congressman Joaquin Castro","We’ve had enough talk, it’s time to take action. The FBI should produce former Director Comey’s memos and the White House should produce any tapes that may exist for Congress to review.","2017-05-17T17:24:15+0000","video","https://www.facebook.com/JoaquinCastroTX/videos/1269641176482624/","326420614138023_1269641176482624",NA,583,52,88
"326420614138023","Congressman Joaquin Castro","Members of Congress must put country over party in investigating the President’s potential obstruction of justice. I discussed with Chris Hayes on MSNBC.","2017-05-17T02:35:44+0000","video","https://www.facebook.com/JoaquinCastroTX/videos/1269094399870635/","326420614138023_1269094399870635",NA,841,66,120
"326420614138023","Congressman Joaquin Castro","If President Trump instructed Director Comey to stop the FBI investigation into Michael Flynn’s ties to Russia, he used his office to obstruct justice. Director Comey should come back to the House Intelligence Committee and publicly testify. Relevant congressional committees should be given Director Comey’s memo to review as well as any tapes the President may have made that recorded his conversations with the FBI Director.   The President’s self-interest and disregard for the rule of law continue to sink to new lows.","2017-05-16T22:31:48+0000","status",NA,"326420614138023_1268963866550355",NA,1473,110,182
"326420614138023","Congressman Joaquin Castro","Happy Mother's Day to my mom, my wife, and strong, selfless mothers everywhere. Thank you for all you do.","2017-05-14T15:51:11+0000","status",NA,"326420614138023_1267065620073513",NA,380,9,10
"326420614138023","Congressman Joaquin Castro","The President showed poor judgment by meeting with top Russian officials this week. The White House got played.","2017-05-12T00:21:56+0000","video","https://www.facebook.com/JoaquinCastroTX/videos/1264857723627636/","326420614138023_1264857723627636","Congressman Joaquin Castro with CNN.",640,98,289
"326420614138023","Congressman Joaquin Castro","I joined Greta Van Susteren to discuss the troubling circumstances surrounding FBI Director Comey’s firing and provide an update on the House Intelligence Committee’s investigation into Russia’s interference in the 2016 election.","2017-05-10T23:16:30+0000","video","https://www.facebook.com/JoaquinCastroTX/videos/1263990540381021/","326420614138023_1263990540381021",NA,444,43,73
"326420614138023","Congressman Joaquin Castro","The timing of Director Comey's firing is suspicious. President Trump took this action mere weeks after the Director confirmed in a public House Intelligence Committee hearing that the FBI is investigating members of the Trump campaign for possibly coordinating with Russians who interfered in the 2016 election. I discussed with Jake Tapper:","2017-05-10T03:39:59+0000","video","https://www.facebook.com/JoaquinCastroTX/videos/1263281530451922/","326420614138023_1263281530451922",NA,528,75,87
"326420614138023","Congressman Joaquin Castro","President Trump’s decision to fire FBI Director Comey is extremely suspicious. For the past six months, I have been asked if I believed Director Comey should be fired. Consistently, I have said that, despite his errors, I trust Director Comey more than any person President Trump would nominate.   Above all else, the FBI’s investigation into Russia’s interference in the 2016 election must continue. Because Attorney General Sessions has recused himself from that investigation, I urge Deputy Attorney General Rosenstein to reaffirm the agency’s commitment to seeking the truth in this matter.  Now more than ever, it is essential an independent commission is formed to investigate Russia’s interference in our election.","2017-05-09T23:40:23+0000","status",NA,"326420614138023_1263156340464441",NA,1370,103,191
"326420614138023","Congressman Joaquin Castro","San Antonio’s teachers work tirelessly to set our children on a path for success in life. I’m glad to have met with some of them to hear their concerns and discuss ways we can ensure our kids receive the best possible education.","2017-05-09T14:16:20+0000","photo","https://www.facebook.com/JoaquinCastroTX/photos/a.485175671595849.1073741830.326420614138023/1262802263833182/?type=3","326420614138023_1262802593833149","Congressman Joaquin Castro added 2 new photos.",369,10,23
"326420614138023","Congressman Joaquin Castro","The state legislature’s passage of Senate Bill 4 was a dark moment for Texas and for our nation. Now, Governor Abbott has signed the measure into law, legalizing the profiling of people based on their ethnicity and birthplace. Not only is this law morally wrong, it will strain our law enforcement and make our communities more dangerous. Our state leaders’ fearmongering is embarrassing and harmful to all Texans.","2017-05-08T19:23:59+0000","status",NA,"326420614138023_1262206010559474",NA,728,108,192
"326420614138023","Congressman Joaquin Castro","Technical Sergeant Angel A. Cruz was a radio gunner engineer in the Pacific Theater during World War II who helped keep U.S. B-25 bombers in fighting and flying condition. Today, it was an honor to present him with five medals and thank him for his service to our nation.","2017-05-08T16:12:11+0000","photo","https://www.facebook.com/JoaquinCastroTX/photos/a.485175671595849.1073741830.326420614138023/1262052463908162/?type=3","326420614138023_1262052490574826","Congressman Joaquin Castro added 2 new photos.",479,16,39
"326420614138023","Congressman Joaquin Castro","Yesterday, the House of Representatives passed legislation that would significantly change healthcare in our country – for the worse. If the Senate passes this bill and President Trump signs it into law, state leaders will have the option to allow insurance providers to jack up prices for people with pre-existing conditions and stop covering essential health services altogether. I voted against the legislation, and explain my reasoning at greater length in this video:","2017-05-05T21:50:56+0000","video","https://www.facebook.com/JoaquinCastroTX/videos/1259346177512124/","326420614138023_1259346177512124",NA,961,131,622
"326420614138023","Congressman Joaquin Castro","The United States and the Association of Southeast Asian Nations (ASEAN) share tremendous economic and security interests. I’ve co-founded the Congressional Caucus on ASEAN to help deepen the United States’ strategic partnerships with ASEAN member countries. It was a pleasure to meet with ASEAN foreign ministers visiting Washington, D.C. and discuss our nations’ mutual priorities and opportunities for greater collaboration. Thank you to CSIS | Center for Strategic & International Studies and the US-ASEAN Business Council for hosting the discussion.","2017-05-04T23:50:41+0000","photo","https://www.facebook.com/JoaquinCastroTX/photos/a.341856745927743.77021.326420614138023/1258580127588729/?type=3","326420614138023_1258580127588729",NA,127,6,5
"326420614138023","Congressman Joaquin Castro","Republicans’ healthcare bill lets state leaders in Austin abandon Texans who have preexisting conditions. States will have the option to allow insurance companies to inflict devastatingly high premiums on people suffering from ailments like cancer, heart disease, epilepsy, diabetes, asthma, and Parkinson’s disease. After allowing foster children to sleep in CPS offices and sex trafficking victims to spend the night in prison, I don’t trust our Governor to do the right thing and look out for sick folks in our state. I voted against the AHCA.","2017-05-04T20:04:15+0000","status",NA,"326420614138023_1258466924266716",NA,1818,244,411
"326420614138023","Congressman Joaquin Castro","Republicans’ healthcare bill lets state leaders in Austin abandon sick Texans. The legislation allows states to permit insurance companies to get rid of essential health benefits and charge people who have preexisting conditions, like cancer and diabetes, extremely high premiums for coverage. I’m voting against the legislation.","2017-05-04T14:41:58+0000","video","https://www.facebook.com/JoaquinCastroTX/videos/1258239667622775/","326420614138023_1258239667622775",NA,961,145,307
"326420614138023","Congressman Joaquin Castro","The state government in Texas has failed our children. Kids in the foster care system sleep in Child Protective Services offices, and young victims of sex trafficking are sent to jail because there’s nowhere else for them to go. Since state leaders don’t care enough to invest in these children’s wellbeing, I’m hopeful that legislation in the U.S. House can provide vulnerable Texas kids with support they desperately need.","2017-05-03T18:54:12+0000","video","https://www.youtube.com/watch?v=v-l56BL0Hhk","326420614138023_1257531834360225",NA,500,38,89
"326420614138023","Congressman Joaquin Castro","To counter North Korea’s aggression, we must take additional steps to cut off the Kim regime’s access to resources that support its ballistic missile and nuclear programs. I spoke in favor of legislation that updates and expands the range of sanctions available for the United States to use against people or entities that violate U.S. sanction laws and United Nations Security Council resolutions regarding North Korea.","2017-05-02T20:53:46+0000","video","https://www.facebook.com/JoaquinCastroTX/videos/1256703957776346/","326420614138023_1256703957776346",NA,203,5,33
"326420614138023","Congressman Joaquin Castro","Horrific news out of UT Austin today. My prayers are with the families of the victim and those who were injured in the stabbing there.","2017-05-01T20:43:33+0000","status",NA,"326420614138023_1255646791215396",NA,120,2,6
"326420614138023","Congressman Joaquin Castro","Happy Decision Day to college-bound high school seniors in San Antonio! Congratulations on all your success, and best of luck as you embark on the next chapter of your education.","2017-05-01T16:56:56+0000","status",NA,"326420614138023_1255503734563035",NA,110,1,2
"326420614138023","Congressman Joaquin Castro","Thank you to the first responders who assisted after the devastating tornadoes in Northeast Texas this weekend. I’m praying for all the folks who were in the paths of those storms.","2017-05-01T01:56:36+0000","status",NA,"326420614138023_1254937934619615",NA,216,7,9
"326420614138023","Congressman Joaquin Castro","My prayers are with the El Paso ISD community and everyone affected by today’s tragic bus crash in West Texas.","2017-04-30T23:09:56+0000","status",NA,"326420614138023_1254843617962380",NA,100,6,10
"326420614138023","Congressman Joaquin Castro","Thank you to the Association of Latino Administrators and Superintendents - ALAS for all the work you do educating and inspiring students across our nation.","2017-04-28T01:52:14+0000","photo","https://www.facebook.com/JoaquinCastroTX/photos/a.341856745927743.77021.326420614138023/1252274044886004/?type=3","326420614138023_1252274044886004",NA,154,8,7
"326420614138023","Congressman Joaquin Castro","When a veteran is in crisis, every minute counts. I’ve introduced legislation to make it easier for veterans to connect quickly and directly with the Veterans Crisis Line and access the help they need.","2017-04-27T22:14:16+0000","link","https://castro.house.gov/media-center/press-releases/castro-introduces-legislation-improve-veterans-crisis-line","326420614138023_1252171388229603",NA,396,26,55
"326420614138023","Congressman Joaquin Castro","I met Alice through Tuesday's Children and was glad to spend some time with her on Take Our Children to Work Day.","2017-04-27T20:18:40+0000","photo","https://www.facebook.com/JoaquinCastroTX/photos/a.485175671595849.1073741830.326420614138023/1252104294902979/?type=3","326420614138023_1252104348236307","Congressman Joaquin Castro added 2 new photos.",353,5,20
"326420614138023","Congressman Joaquin Castro","The United States must be an unwavering global leader or risk opening the door for China’s accelerated rise. I enjoyed joining the Asia Society Policy Institute and the Johns Hopkins School of Advanced International Studies | SAIS for a discussion on U.S.-Asia policy during the Trump Administration’s first 100 days.","2017-04-25T23:15:57+0000","photo","https://www.facebook.com/JoaquinCastroTX/photos/a.485175671595849.1073741830.326420614138023/1250522258394516/?type=3","326420614138023_1250522278394514","Congressman Joaquin Castro added 2 new photos.",161,15,9
"326420614138023","Congressman Joaquin Castro","On Holocaust Remembrance Day, we mourn the loss and honor the memory of the 11 million people, including 6 million Jews, who were senselessly killed during the Holocaust.","2017-04-24T20:54:06+0000","status",NA,"326420614138023_1249363461843729",NA,271,16,33
"326420614138023","Congressman Joaquin Castro","Earth Day is a great occasion to celebrate Texas’ renewable energy leadership. Texas is the top wind energy producer in the country, generating more wind energy than the next three states combined. San Antonio is ranked eighth in the country for solar energy production and is the top producing city in our state. Solar and wind energy create good jobs for Texans and help keep our environment clean, benefitting both our economy and planet.","2017-04-22T14:32:29+0000","status",NA,"326420614138023_1247165558730186",NA,509,17,53
"326420614138023","Congressman Joaquin Castro","San Antonio high school students still have time to submit entries to the Congressional Art Competition! If you have questions about the contest, please call my office at 210-348-8216. You can also check out previous winners' work and find helpful information on the competition’s website here: http://www.house.gov/content/educate/art_competition/","2017-04-20T19:46:09+0000","photo","https://www.facebook.com/JoaquinCastroTX/photos/a.341856745927743.77021.326420614138023/1245371438909598/?type=3","326420614138023_1245374392242636","Congressman Joaquin Castro added 3 new photos.",126,7,29
"326420614138023","Congressman Joaquin Castro","This week is National Park Week, a great time to visit the beautiful San Antonio Missions National Historical Park.","2017-04-17T15:41:12+0000","photo","https://www.facebook.com/JoaquinCastroTX/photos/a.341856745927743.77021.326420614138023/1242164875896921/?type=3","326420614138023_1242164875896921",NA,233,6,26
"326420614138023","Congressman Joaquin Castro","My family and I wish you and yours a very happy Easter!","2017-04-16T16:07:50+0000","status",NA,"326420614138023_1241301252649950",NA,827,72,7
"326420614138023","Congressman Joaquin Castro","The Venezuelan government’s crackdown on protesters and political opponents is troubling. The United States and other nations in the Americas must strongly urge President Maduro to respect the rights of his people and permit free and fair elections to take place.","2017-04-12T16:19:59+0000","link","http://www.nbcnews.com/news/world/venezuela-protests-hospital-tear-gassed-chaos-ensues-protests-intensify-n744996","326420614138023_1236717609774981",NA,199,31,52
"326420614138023","Congressman Joaquin Castro","The Social Security Administration office on E. Southcross is closed for renovation and expected to reopen at the end of July. If you need in-person assistance, other San Antonio offices are located at the following addresses:   • 727 E. Cesar E. Chavez Blvd., San Antonio, Texas 78206 • 402 Isom Rd., San Antonio, Texas 78216 • 411 Richland Hills Dr., San Antonio, Texas 78245  If you have other questions regarding your Social Security benefits, please call my office at 210-348-8216 and we’ll help direct you to the resources you need.","2017-04-12T15:08:25+0000","status",NA,"326420614138023_1236615213118554",NA,86,6,9
"326420614138023","Congressman Joaquin Castro","Today, a federal court reaffirmed that the Texas Legislature passed our state’s voter ID law with the intent to discriminate. Texans will continue to be disenfranchised until this law is permanently repealed.","2017-04-11T00:03:28+0000","status",NA,"326420614138023_1234029693377106",NA,665,43,65
"326420614138023","Congressman Joaquin Castro","Wishing all who celebrate a joyous Passover!","2017-04-10T21:09:29+0000","status",NA,"326420614138023_1233835826729826",NA,172,3,6
"326420614138023","Congressman Joaquin Castro","Horrible news coming out of San Bernardino today. My prayers are with everyone in the community there.","2017-04-10T18:37:33+0000","status",NA,"326420614138023_1233676856745723",NA,80,7,4
"326420614138023","Congressman Joaquin Castro","Happy birthday, Dolores Huerta. Thank you for your decades of leadership standing up for justice and civil rights for all Americans.","2017-04-10T16:32:56+0000","status",NA,"326420614138023_1233518210094921",NA,256,2,6
"326420614138023","Congressman Joaquin Castro","Tonight, the United States launched missiles at an airfield in Syria. The Assad regime’s repeated chemical attacks on its own citizens are war crimes and indisputably horrific, but Congress plays an important role in authorizing military force. I continue to believe that Congress must authorize any additional use of force against the Syrian government.","2017-04-07T02:41:11+0000","status",NA,"326420614138023_1227984087315000",NA,1181,104,117
"326420614138023","Congressman Joaquin Castro","Over the years, states like Texas have failed to prioritize pre-k, causing young children to miss out on critical early learning and fall behind their peers in other states and countries. Today, I introduced the Pre-K for USA Act, which allows localities and educational entities to bypass state governments and secure the federal resources they need to support prekindergarten programs. You can read more about the legislation here:","2017-04-06T21:21:22+0000","link","https://castro.house.gov/media-center/press-releases/castro-introduces-legislation-provide-local-pre-k-programs-direct-access","326420614138023_1227646440682098",NA,905,31,112
"326420614138023","Congressman Joaquin Castro","Today, House Intelligence Committee Chairman Devin Nunes announced he will step aside from leading the committee's investigation into Russia. As the chairman has said, his decision is in the best interests of the committee and its investigation. I am hopeful that under the leadership of Mike Conaway we can move forward in a bipartisan way that gets to the truth of Russia’s interference in our election and whether any Americans were involved.","2017-04-06T15:23:41+0000","status",NA,"326420614138023_1227238120722930",NA,489,44,28
"326420614138023","Congressman Joaquin Castro","Congratulations to Clark High School student Lemuel Wilson for developing my district’s Congressional App Challenge winning submission, “Game of Flags.” Lemuel’s engaging app helps young people learn the flags of U.S. states. Thank you to all the talented San Antonio students who submitted their great ideas!","2017-04-05T17:34:17+0000","photo","https://www.facebook.com/JoaquinCastroTX/photos/a.341856745927743.77021.326420614138023/1226092090837533/?type=3","326420614138023_1226092090837533",NA,510,12,14
"326420614138023","Congressman Joaquin Castro","North Korea’s continued missile tests violate UN Security Council resolutions and threaten regional stability. The United States is fully committed to defending our allies in the region, including Japan and South Korea. Nothing good will come from the Kim regime’s reckless hostility. President Trump must make addressing North Korea’s aggression a top priority during President Xi’s visit this week.","2017-04-05T16:03:57+0000","status",NA,"326420614138023_1226003804179695",NA,129,17,7
"326420614138023","Congressman Joaquin Castro","The Trump Administration’s proposed cuts to the U.S. international affairs budget would be an abdication of global leadership. If America retreats from the global stage, other powers like China will step in to fill that void and exert their influence. We cannot afford for that to happen. You can watch my remarks on the House floor here:","2017-04-05T15:36:40+0000","video","https://www.facebook.com/JoaquinCastroTX/videos/1225967960849946/","326420614138023_1225967960849946",NA,373,13,61
"326420614138023","Congressman Joaquin Castro","This evening, I’m leading a discussion on the House floor about the Trump Administration’s irresponsible proposed international affairs budget cuts with Ranking Member Eliot Engel, Rep. Albio Sires, and other House Committee on Foreign Affairs Democrats. You can watch our remarks starting at about 5:00 p.m. CT here:","2017-04-04T19:59:37+0000","link","http://www.house.gov/content/features/story2/","326420614138023_1224959920950750",NA,294,60,19
"326420614138023","Congressman Joaquin Castro","Tonight I spoke with future leaders at the Hispanic Law Students Association banquet in Houston.","2017-04-01T02:34:11+0000","photo","https://www.facebook.com/JoaquinCastroTX/photos/a.341856745927743.77021.326420614138023/1220794684700607/?type=3","326420614138023_1220794684700607",NA,466,17,24
"326420614138023","Congressman Joaquin Castro","It was great to meet with so many Texans this week, like folks with the Texas Farm Bureau, Texas Cattle Feeders Association, and NAHREP The National Association of Hispanic Real Estate Professionals.","2017-03-31T15:57:12+0000","photo","https://www.facebook.com/JoaquinCastroTX/photos/a.485175671595849.1073741830.326420614138023/1220321678081241/?type=3","326420614138023_1220321734747902","Congressman Joaquin Castro added 3 new photos.",298,10,14
"326420614138023","Congressman Joaquin Castro","Today we celebrate Cesar Chavez and remember the power we all have, working together, to advance civil rights and spur positive change.","2017-03-31T14:59:14+0000","status",NA,"326420614138023_1220271091419633",NA,617,21,31
"326420614138023","Congressman Joaquin Castro","Saddened to learn of the terrible crash near Garner State Park. My prayers are with the victims and their loved ones.","2017-03-29T22:57:13+0000","status",NA,"326420614138023_1218681671578575",NA,135,4,3
"326420614138023","Congressman Joaquin Castro","Chairman Nunes’ actions have compromised his ability to lead the House Intelligence Committee’s investigation into Russia’s attack on our 2016 election. He should step aside. I discuss with Chris Hayes:","2017-03-28T03:35:11+0000","video","https://www.facebook.com/JoaquinCastroTX/videos/1217009848412424/","326420614138023_1217009848412424",NA,1364,83,225
"326420614138023","Congressman Joaquin Castro","The Trump Administration’s proposal to cut funding to the U.S. Department of State and US Agency for International Development (USAID) by nearly a third would be irresponsible and short-sighted.","2017-03-26T19:44:20+0000","link","http://thehill.com/blogs/congress-blog/foreign-policy/325543-the-threat-to-us-global-leadership","326420614138023_1215759471870795",NA,250,35,38
"326420614138023","Congressman Joaquin Castro","Today, members of Congress from across the country realized that Republicans' healthcare bill would hurt their constituents. Millions of people would have lost their coverage, including more than 660,000 Texans. The legislation also would have resulted in lost, or jacked up prices for, essential care like emergency room visits, prescription drugs, and pregnancy care. Congress should work in a bipartisan way to fix our current healthcare system.","2017-03-24T20:31:28+0000","status",NA,"326420614138023_1213554812091261",NA,1658,134,152
"326420614138023","Congressman Joaquin Castro","Texans, these are 10 things you’ll either lose or have to pay jacked up prices for if the Republicans' healthcare bill passes today:","2017-03-24T15:08:01+0000","video","https://www.facebook.com/JoaquinCastroTX/videos/1213336692113073/","326420614138023_1213336692113073",NA,882,136,514
"326420614138023","Congressman Joaquin Castro","I enjoyed meeting with an impressive group of young people from Japan visiting Washington with the TOMODACHI Women’s Leadership Program. I believe that the people-to-people connections formed through educational, business, and cultural exchange play an important role in strengthening the United States and Japan’s strategic partnership.","2017-03-23T01:04:07+0000","photo","https://www.facebook.com/JoaquinCastroTX/photos/a.341856745927743.77021.326420614138023/1211643875615688/?type=3","326420614138023_1211643875615688",NA,247,19,9
"326420614138023","Congressman Joaquin Castro","House Intelligence Committee Chairman Nunes’ actions today compromise the effectiveness of the committee. Speaking to both the media and the White House prior to conferring with fellow members undermines the committee’s ability to do its job and provide appropriate oversight.   As recently as this morning, I have spoken positively about the bipartisan nature in which Chairman Nunes and the entire House Intelligence Committee has operated. The Chairman’s actions today represent an abrupt and clear departure from that posture.   Scripture reminds us that a person cannot serve two masters. Chairman Nunes can either lead this committee to pursue the truth or choose to serve as an advocate for President Trump.","2017-03-22T21:16:31+0000","status",NA,"326420614138023_1211425712304171","Congressman Joaquin Castro updated his status.",1090,192,215
"326420614138023","Congressman Joaquin Castro","My prayers are with the British people after today’s deadly attacks in London. The United States stands firmly with our ally, the United Kingdom.","2017-03-22T18:29:29+0000","status",NA,"326420614138023_1211301908983218",NA,463,11,17
"326420614138023","Congressman Joaquin Castro","The House Intelligence Committee will follow the facts wherever they lead to find the truth and prevent future attacks on our elections. My comments to Chris Cuomo on CNN's New Day.","2017-03-21T19:17:32+0000","video","https://www.facebook.com/JoaquinCastroTX/videos/1210269439086465/","326420614138023_1210269439086465",NA,970,71,154
"326420614138023","Congressman Joaquin Castro","Two portions of today’s public House Intelligence Committee hearing stood out as particularly significant. First, the American people learned that the FBI is investigating possible links between the Trump campaign and Russian interference in the 2016 U.S. election. Second, both FBI Director Comey and National Security Agency Director Rogers confirmed that neither of them have seen any evidence to support the President’s claims that President Obama wiretapped Trump Tower.    I look forward to the Intelligence Committee’s bipartisan investigation moving forward, building on what we discussed today. We need to determine not only the extent of Russia’s attempts to undermine our election and democracy, but also whether any Americans participated in those efforts. I am confident that with continued cooperation, our investigation will go wherever the evidence leads.","2017-03-20T23:31:21+0000","status",NA,"326420614138023_1209529385827137",NA,896,90,97
"326420614138023","Congressman Joaquin Castro","You can watch the livestream of today’s House Intelligence Committee hearing on Russia’s interference in the 2016 U.S. election beginning at 9:00 a.m. CDT here:","2017-03-20T14:06:45+0000","link","https://www.youtube.com/embed/9xSoCUGmh6s","326420614138023_1209109679202441",NA,334,42,45
"326420614138023","Congressman Joaquin Castro","Tomorrow, the House Intelligence Committee holds a public hearing as part of our investigation into Russia’s interference in the 2016 election. I joined ABC's This Week to discuss the committee’s work and the potential consequences of the President’s baseless wiretapping claims.","2017-03-19T17:02:12+0000","video","https://www.facebook.com/JoaquinCastroTX/videos/1208357182611024/","326420614138023_1208357182611024",NA,685,46,130
"326420614138023","Congressman Joaquin Castro","I’ll be on ABC’s This Week tomorrow morning to discuss the House Intelligence Committee’s hearing on Russian interference in the 2016 election. In San Antonio, tune in at 9:00 a.m. CDT.","2017-03-18T19:47:01+0000","status",NA,"326420614138023_1207558776024198",NA,399,37,49
"326420614138023","Congressman Joaquin Castro","I joined NPR's Weekend Edition this morning to discuss the President’s unsubstantiated wiretapping claims and the House Intelligence Committee’s upcoming hearing on Russia’s interference in the 2016 election.","2017-03-18T16:49:11+0000","link","http://www.npr.org/2017/03/18/520631275/democrat-rep-joaquin-castro-on-russian-election-meddling","326420614138023_1207434532703289",NA,396,19,34
"326420614138023","Congressman Joaquin Castro","There are so many real and pressing issues that Texans want to see addressed – struggling public schools, our state’s sliding economic ranking, and the rape kit backlog, to name a few. Instead of taking on those matters today, the Texas Senate wasted its time and passed the discriminatory bathroom bill, SB 6. I hope that Speaker Straus and the Texas House stand up for students and put aside the legislation.","2017-03-16T00:09:51+0000","status",NA,"326420614138023_1204928972953845",NA,922,73,133
"326420614138023","Congressman Joaquin Castro","The revised travel ban still violates the Constitution and our American values.","2017-03-16T00:06:14+0000","link","http://www.expressnews.com/news/politics/article/Trump-travel-ban-faces-key-test-in-multiple-11002659.php","326420614138023_1204926996287376",NA,615,24,29
"326420614138023","Congressman Joaquin Castro","I am very saddened to learn of Kika de la Garza’s passing. His life was one of committed service – first in the Navy and Army, then in the Texas Legislature, and later in the U.S. Congress. He worked tirelessly to make life better for Texans, pushing for greater educational opportunity and federal support for farmers and ranchers. De la Garza consistently stood up for marginalized people in our nation and supported historic civil rights legislation that propelled important progress in our society. A son of the Valley, he deeply understood U.S.-Mexico relations and helped foster closer, more constructive ties between our nations.  Kika de la Garza was one of the exceptional Texans whose work inspired me to pursue a career in public service. Our state and nation benefitted tremendously from his lifetime of service and sacrifice. My prayers are with his family and loved ones in this difficult time.","2017-03-13T23:28:38+0000","status",NA,"326420614138023_1203008789812530",NA,330,15,23
"326420614138023","Congressman Joaquin Castro","President Trump and congressional Republicans have proposed a healthcare plan that will result in 24 million fewer Americans with insurance in 2026. Congress should fine tune the Affordable Care Act, not put millions of lives at risk with a seriously flawed piece of rushed legislation.","2017-03-13T21:09:34+0000","status",NA,"326420614138023_1202912189822190",NA,536,48,72
"326420614138023","Congressman Joaquin Castro","UTSA - The University of Texas at San Antonio's cybersecurity leadership inspired legislation of mine that passed the House of Representatives during the previous Congress. The bill allows non-profit entities, including universities, to work more closely with the Department of Homeland Security to address cybersecurity risks and incidents at the state and local level. I reintroduced the bipartisan legislation in the House this week, and Senator John Cornyn reintroduced it in the Senate. I'm hopeful the measure becomes law.","2017-03-10T16:45:14+0000","link","https://castro.house.gov/media-center/press-releases/castro-cornyn-introduce-legislation-strengthen-local-cybersecurity","326420614138023_1199355200177889",NA,202,11,23
"326420614138023","Congressman Joaquin Castro","With each new revelation of contacts between Trump staff and Russian officials, the Intelligence Committees' investigations grow more urgent.","2017-03-09T02:09:47+0000","video","https://www.facebook.com/JoaquinCastroTX/videos/1197250087055067/","326420614138023_1197250087055067",NA,538,41,158
"326420614138023","Congressman Joaquin Castro","On International Women’s Day and every day, we should push for greater female empowerment, stand up for women’s rights, and celebrate the inspiring women in our communities. More work must be done to ensure all people, regardless of gender, have equal opportunity in life.","2017-03-08T17:59:57+0000","status",NA,"326420614138023_1196863273760415",NA,740,12,73
"326420614138023","Congressman Joaquin Castro","Increasing access to high quality pre-kindergarten should be a federal, state, and local priority. Investing in our youngest children's learning is an investment in the next generation of American workers and in America's economy. This morning I discussed the future of early education and childcare in our nation with Ron Brownstein at AtlanticLIVE's Next America forum.","2017-03-08T14:12:00+0000","photo","https://www.facebook.com/JoaquinCastroTX/photos/a.341856745927743.77021.326420614138023/1196662517113824/?type=3","326420614138023_1196662517113824",NA,176,10,15
"326420614138023","Congressman Joaquin Castro","Thank you to everyone who came to my town hall tonight, your voices matter.","2017-03-07T03:52:08+0000","photo","https://www.facebook.com/JoaquinCastroTX/photos/a.485175671595849.1073741830.326420614138023/1195053997274676/?type=3","326420614138023_1195054027274673","Congressman Joaquin Castro added 2 new photos.",1341,46,50
"326420614138023","Congressman Joaquin Castro","If you can't join my town hall in person this evening, watch here beginning at 6:30pm CST:","2017-03-07T00:43:09+0000","video","https://m.youtube.com/watch?v=H0MkMuRD-5c&feature=youtu.be","326420614138023_1194916483955094",NA,442,24,58
"326420614138023","Congressman Joaquin Castro","All are welcome to attend my town hall tomorrow evening at 6:30 p.m. in Memorial High School’s cafeteria. If you’re unable to join us in person, you can watch the discussion online here:","2017-03-05T15:35:37+0000","link","http://nowcastsa.com/blogs/webcast-congressman-joaquin-castro-town-hall-meeting","326420614138023_1193713420742067",NA,1025,39,221
"326420614138023","Congressman Joaquin Castro","Separating mothers and children who are fleeing violence is unconscionable.","2017-03-03T23:40:18+0000","link","http://www.reuters.com/article/us-usa-immigration-children-idUSKBN16A2ES","326420614138023_1192276540885755",NA,656,208,745
"326420614138023","Congressman Joaquin Castro","If you’re a high school student interested in attending one of our nation’s service academies, I encourage you to come to an information session this Sunday, March 5, from 2:00 to 4:00 p.m. at UTSA’s main campus. Representatives from the academies and members of my staff will be there to provide information about the nomination process.","2017-03-03T19:59:20+0000","photo","https://www.facebook.com/JoaquinCastroTX/photos/a.341856745927743.77021.326420614138023/1192128077567268/?type=3","326420614138023_1192128077567268",NA,95,7,43
"326420614138023","Congressman Joaquin Castro","I'm calling back constituents who have reached out to my office recently. Cleaning my desk next.","2017-02-28T02:10:38+0000","photo","https://www.facebook.com/JoaquinCastroTX/photos/a.341856745927743.77021.326420614138023/1188935781219831/?type=3","326420614138023_1188935781219831",NA,1420,64,41
"326420614138023","Congressman Joaquin Castro","The details for my upcoming town hall have been set. Join me at 6:30 p.m. next Monday, March 6, at Memorial High School in San Antonio. I look forward to hearing your feedback and answering your questions. You can RSVP to attend here: RSVP.Castro@mail.house.gov. Everyone welcome.","2017-02-28T01:46:53+0000","status",NA,"326420614138023_1188924767887599",NA,971,52,248
"326420614138023","Congressman Joaquin Castro","The Trump Administration’s aggressive immigration orders endanger our civil liberties.","2017-02-25T00:29:25+0000","video","https://www.facebook.com/JoaquinCastroTX/videos/1186189658161110/","326420614138023_1186189658161110",NA,354,35,71
"326420614138023","Congressman Joaquin Castro","White House staff pressuring FBI officials to cover up a story in the press is yet another allegation against the Trump Administration requiring investigation.","2017-02-25T00:17:18+0000","video","https://www.facebook.com/JoaquinCastroTX/videos/1186180441495365/","326420614138023_1186180441495365",NA,818,86,208
"326420614138023","Congressman Joaquin Castro","Please join me for a Town Hall meeting in San Antonio on the evening of Monday, March 6. All are welcome. More details to come.","2017-02-24T00:56:08+0000","status",NA,"326420614138023_1185258601587549",NA,1961,96,361
"326420614138023","Congressman Joaquin Castro","I’ve just returned from a trip to Japan and South Korea, two of the United States’ critical security and economic allies. While there, I met with several government officials, including Japanese Prime Minister Shinzō Abe and Speaker of Korea's National Assembly Chung Sye-kyun, to discuss ways we can strengthen our nations’ bonds. San Antonio has particularly strong ties with Japan and Japanese businesses, and I reiterated our city’s commitment to our Asian partners. As a founding co-chair of the U.S.-Japan Caucus in Congress, I will continue to create opportunities for U.S. legislators to meet with our Japanese and Korean counterparts. The greater our understanding of each other’s priorities, policymaking processes, and customs, the more effectively we can work together to make the world a more secure, prosperous place.","2017-02-24T00:47:09+0000","photo","https://www.facebook.com/JoaquinCastroTX/photos/a.485175671595849.1073741830.326420614138023/1185254301587979/?type=3","326420614138023_1185254414921301","Congressman Joaquin Castro added 5 new photos.",911,31,46
"326420614138023","Congressman Joaquin Castro","We must fully and fairly investigate the extent of communication President Trump’s White House and campaign staff have had with Russian officials.","2017-02-22T00:54:15+0000","video","https://www.facebook.com/JoaquinCastroTX/videos/1183553745091368/","326420614138023_1183553745091368",NA,1156,100,195
"326420614138023","Congressman Joaquin Castro","After meeting with ICE Acting Director Thomas Homan last week, I shared my concerns about the Trump Administration’s expanded deportation efforts with Chris Hayes.","2017-02-22T00:21:38+0000","video","https://www.facebook.com/JoaquinCastroTX/videos/1183535735093169/","326420614138023_1183535735093169",NA,267,25,74
"326420614138023","Congressman Joaquin Castro","The memos that Department of Homeland Security Secretary John Kelly issued today confirm that the President’s aggressive immigration executive orders are being set into motion. While the Obama Administration prioritized the removal of violent criminals, the Trump Administration has deemed almost all undocumented immigrants – with the exception of some DACA recipients – priorities for deportation. The door is open for families to be ripped apart, separating hardworking parents from their children. Additionally, increasing the number of immigrant detention facilities, reinstating the controversial Secure Communities program, expanding the number of individuals subject to expedited removal, and referring parents who brought their children to the United States for criminal prosecution undermine our national security and our economic might. These costly measures and the administration’s insistence on building an ineffective, multi-billion dollar border wall are not efficient uses of our resources.    I agree that we must remove violent individuals who entered the United States illegally. But in targeting an exponentially larger segment of the immigrant population, the President’s extreme orders make our country less safe. Instead, we should pursue sensible, comprehensive reforms that Americans across the political spectrum support.","2017-02-22T00:14:17+0000","status",NA,"326420614138023_1183528948427181",NA,863,115,288
"326420614138023","Congressman Joaquin Castro","I'm praying for Houston and the safety of everyone at Ben Taub Hospital. Thank you to the first responders who are on the scene.","2017-02-21T21:02:35+0000","status",NA,"326420614138023_1183392118440864",NA,278,7,11
"326420614138023","Congressman Joaquin Castro","Today marks 75 years since the signing of Executive Order 9066, which authorized the internment of Japanese Americans during World War II. This was a dark moment in our nation’s history – one we must never repeat. On this anniversary, we recognize the important work of civil rights advocate Fred Korematsu, and remember that it is never acceptable to discriminate against individuals based on their race, religion, or national origin. The United States is a nation of immigrants that is stronger for its diversity.  I am pleased that today, our nation enjoys a strong, forward-looking partnership with our friend Japan. Working together, we can make the world a more peaceful, secure, and just place.","2017-02-19T15:52:45+0000","status",NA,"326420614138023_1181338008646275",NA,956,45,214
"326420614138023","Congressman Joaquin Castro","Why the Congress must determine whether any Americans conspired with the Russians who interfered in our elections:","2017-02-16T00:00:07+0000","video","https://www.facebook.com/JoaquinCastroTX/videos/1177377952375614/","326420614138023_1177377952375614",NA,3910,444,2266
"326420614138023","Congressman Joaquin Castro","Studies show that kids who complete high-quality pre-kindergarten programs find greater academic and career success than those who don’t. I founded the bipartisan Congressional Pre-K Caucus with Congresswoman Katherine Clark and Congressman Tom Cole to help expand access to early education across the country. Today we joined friends from Sesame Workshop and PBS KIDS to kick off the Caucus for the 115th Congress and discuss the importance of early learning.","2017-02-15T23:47:33+0000","photo","https://www.facebook.com/JoaquinCastroTX/photos/a.485175671595849.1073741830.326420614138023/1177367752376634/?type=3","326420614138023_1177370965709646","Congressman Joaquin Castro added 6 new photos.",663,28,41
"326420614138023","Congressman Joaquin Castro","Any Americans who conspired with the Russian hackers should be prosecuted to the full extent of the law, no matter how high up the trail goes.","2017-02-15T02:39:08+0000","status",NA,"326420614138023_1176587872454622",NA,5797,281,622
"326420614138023","Congressman Joaquin Castro","Teachers of all grade levels in this nation go above and beyond to give our kids the best possible education, sometimes even paying for school supplies out of their own pockets. While current law allows K-12 teachers to receive a tax deduction for that work-related expense, early educators are excluded from the benefit. I’ve introduced legislation called the Pre-K Teacher Parity Act, which would allow all teachers to receive the same compensation for buying their students’ supplies. You can read more about the bill here:","2017-02-14T23:22:48+0000","link","https://castro.house.gov/media-center/press-releases/castro-introduces-legislation-make-pre-k-teachers-eligible-educator","326420614138023_1176494809130595",NA,1720,56,287
"326420614138023","Congressman Joaquin Castro","National Security Advisor Michael Flynn’s resignation is a step in the right direction, but many questions remain. Who associated with the Trump Administration knew the details of Flynn’s conversations with Russian officials, and when did they know them? After the Department of Justice warned the Trump transition team that Flynn was vulnerable to Russian blackmail, why did the President take the risk of appointing him to such a sensitive, influential position in the White House? If media reports had not exposed the nature of General Flynn’s call with Russia, would he still be the President’s National Security Advisor today?   Investigations must take place to determine how severely this administration has compromised our nation’s security. Congress and the American people deserve to know the full extent of Russia’s ties with the White House and involvement in the 2016 election.","2017-02-14T15:05:47+0000","status",NA,"326420614138023_1176187275828015",NA,1889,209,282
"326420614138023","Congressman Joaquin Castro","I strongly condemn North Korea’s missile test this morning. The regime’s repeated violation of UN Security Council resolutions threatens stability in the Pacific region and further isolates Pyongyang from the nations of the world. The United States remains firmly committed to our allies, including Japan South Korea, whose security we will defend. The Trump Administration needs to clearly signal the United States’ disapproval of this act, and I urge the UN Security Council to convene a meeting and develop a response.","2017-02-12T16:35:09+0000","status",NA,"326420614138023_1174554599324616",NA,936,61,72
"326420614138023","Congressman Joaquin Castro","I am concerned about the ICE raids in Texas. I have been informed by ICE that the agency’s San Antonio field office has launched a targeted operation in South and Central Texas as part of Operation Cross Check. I'm asking ICE to clarify whether these individuals are in fact dangerous, violent threats to our communities, and not people who are here peacefully raising families and contributing to our state. I will continue to monitor this situation.","2017-02-10T23:11:32+0000","status",NA,"326420614138023_1173150889464987",NA,4864,652,1995
"326420614138023","Congressman Joaquin Castro","No President is above the law. I discussed the 9th Circuit Court's ruling on President Trump’s travel ban with Erin Burnett OutFront:","2017-02-10T00:56:07+0000","video","https://www.facebook.com/JoaquinCastroTX/videos/1172309796215763/","326420614138023_1172309796215763",NA,1768,167,375
"326420614138023","Congressman Joaquin Castro","I’m joining Erin Burnett OutFront in the 6:00 pm CST hour to discuss the decision on President Trump’s travel ban.","2017-02-09T23:48:03+0000","status",NA,"326420614138023_1172274769552599",NA,266,35,6
"326420614138023","Congressman Joaquin Castro","I’m glad the 9th Circuit Court of Appeals has ruled that the President’s travel ban executive order will remain on hold. The administration will likely challenge today’s decision, and I will continue to follow the case closely as it progresses through the courts.","2017-02-09T23:28:36+0000","status",NA,"326420614138023_1172264956220247",NA,1585,75,66
"326420614138023","Congressman Joaquin Castro","I worry about Attorney General Sessions’ commitment to protecting all Americans’ civil liberties. We must remain vigilant and defend our rights.","2017-02-09T01:42:42+0000","status",NA,"326420614138023_1171446682968741",NA,1613,103,99
"326420614138023","Congressman Joaquin Castro","I urge my colleagues to join me in asking The United States Department of Justice to investigate if President Trump violated court orders related to his Muslim travel ban.","2017-02-07T20:27:54+0000","photo","https://www.facebook.com/JoaquinCastroTX/photos/a.341856745927743.77021.326420614138023/1170362233077186/?type=3","326420614138023_1170363879743688","Congressman Joaquin Castro added 3 new photos.",1866,125,256
"326420614138023","Congressman Joaquin Castro","I'm asking The United States Department of Justice to investigate whether President Trump and his Administration violated court orders related to the Muslim travel ban executive order. If the President did in fact act unconstitutionally, the Congress should censure him. If he violates the Constitution again, the Congress should work to remove him from office and prevent a constitutional crisis. My remarks on the House floor:","2017-02-07T19:45:12+0000","video","https://www.facebook.com/JoaquinCastroTX/videos/1170299313083478/","326420614138023_1170299313083478",NA,4409,398,1124
"326420614138023","Congressman Joaquin Castro","Because of a federal court order, the Department of Homeland Security is halting its enforcement of the Muslim Ban and the State Department is reversing its provisional revocation of visas. Despite his disagreement with the judge who made this decision, President Trump is constitutionally obligated to abide by the court order. All members of Congress, regardless of political party, should insist he does so. Preserving our nation’s separation of powers and system of checks and balances supersedes partisan politics.","2017-02-04T16:59:45+0000","link","http://www.cnn.com/2017/02/03/politics/federal-judge-temporarily-halts-trump-travel-ban-nationwide-ag-says/index.html","326420614138023_1167444073369002",NA,1937,220,364
"326420614138023","Congressman Joaquin Castro","The United States and Israel are close, committed allies, but Prime Minister Netanyahu’s recent comments regarding President Trump’s proposed border wall were distressing and outside the scope of our nations’ relationship. While the Prime Minister and President Rivlin have since clarified the comments’ intended meaning, members of the Congressional Hispanic Caucus still felt it important to voice our concern in a letter to Israeli Ambassador Ron Dermer.","2017-02-03T20:20:41+0000","link","http://congressionalhispaniccaucus-lujangrisham.house.gov/media-center/press-releases/chc-chairwoman-statement-on-letter-to-israeli-ambassador-concerning-us","326420614138023_1166599210120155",NA,281,37,42
"326420614138023","Congressman Joaquin Castro","Why the Congress must censure the President if he purposely disobeyed court orders regarding the Muslim ban.","2017-02-02T23:31:13+0000","video","https://www.facebook.com/JoaquinCastroTX/videos/1165727466873996/","326420614138023_1165727466873996",NA,13845,2088,30140
"326420614138023","Congressman Joaquin Castro","The Trump Administration is going to extreme lengths to put Russian interests above the United States’. Today, U.S. tech companies can do business with Russia’s security service and they couldn’t yesterday. That “technical correction” to our sanctions rewards Russia. This is bad national security policy.  It is unfathomable that our government would ease sanctions, not tighten them, after our intelligence community concluded that Russia interfered in our most recent election. Furthermore, both the House and Senate Intelligence Committees are currently reviewing the totality of Russia’s role in our electoral process. Changing policy mid-inquiry is reckless and irresponsible. Allowing U.S. companies to do business with the Russian intelligence service (FSB) rewards Russia for its nefarious behavior and emboldens Putin to act out in the future. Just this week, Russian-backed rebels have renewed their fighting in Ukraine.    I will work with any member of Congress to swiftly reinstate and strengthen these sanctions.","2017-02-02T19:39:39+0000","status",NA,"326420614138023_1165566796890063",NA,1198,153,546
"326420614138023","Congressman Joaquin Castro","The President used the same unhinged, hostile approach with Australia as he has with our friend Mexico. This is no way to treat an ally that has been a longstanding economic and security partner, both globally and in the Asia-Pacific.","2017-02-02T16:59:51+0000","link","https://www.nytimes.com/2017/02/02/us/politics/us-australia-trump-turnbull.html","326420614138023_1165465953566814",NA,462,87,143
"326420614138023","Congressman Joaquin Castro","Over the past couple days, I’ve raised concerns that the executive branch may have intentionally violated the judiciary. I’m glad that the Department of Homeland Security’s Office of Inspector General will be reviewing DHS’ adherence to court orders in its implementation of the recent Muslim ban executive order. I look forward to their report to Congress.","2017-02-02T15:28:32+0000","link","http://www.cbsnews.com/news/homeland-security-ig-announces-review-of-immigration-ban-rollout/","326420614138023_1165394073574002",NA,476,28,45
"326420614138023","Congressman Joaquin Castro","Congress must take action if President Trump intentionally disobeyed a court's order on the Muslim ban. I discussed with Chris Hayes:","2017-02-02T02:35:53+0000","video","https://www.facebook.com/JoaquinCastroTX/videos/1164853543628055/","326420614138023_1164853543628055",NA,1743,183,839
"326420614138023","Congressman Joaquin Castro","Black History Month is a reminder of the work we must pursue every month to make our nation a fairer, more equitable, and more just place.","2017-02-01T15:57:51+0000","status",NA,"326420614138023_1164240927022650",NA,402,21,19
"326420614138023","Congressman Joaquin Castro","Contrary to what the Governor proclaimed in his State of the State address today, our state government is on the wrong track. The Texas economy has slipped from third to 21st in the nation. Greg Abbott and Republican leaders have stayed silent while Donald Trump has bullied and threatened Texas companies. They haven’t taken a stand against the President’s proposed tax on imports, which would cripple Texas’ economy, or the border wall idea, which the majority of Texans have rejected. And they have allowed corruption to run rampant, reserving sweetheart contracts for friends, effectively discouraging other businesses from competing for work from the government.   Young, vulnerable Texans continue to suffer. Republican leaders have yet to take meaningful action on improving our neglected child protective services.    Finally, despite tougher economic times for our state, Republican leadership has insisted on pushing bathroom legislation rather than focusing on jobs, schools, or healthcare access. The state’s leadership does not share the priorities of Texas families or Texas businesses.","2017-01-31T21:46:39+0000","status",NA,"326420614138023_1163476293765780",NA,2519,278,811
"326420614138023","Congressman Joaquin Castro","I joined the Texas Association of School Boards to discuss ways we can work together to strengthen public education in our state and create greater opportunity for our kids.","2017-01-31T01:23:37+0000","photo","https://www.facebook.com/JoaquinCastroTX/photos/a.341856745927743.77021.326420614138023/1162459963867413/?type=3","326420614138023_1162459963867413",NA,664,42,26
"326420614138023","Congressman Joaquin Castro","Today we honor Fred Korematsu, who fought the unjust internment of Japanese-Americans during World War II.","2017-01-30T20:02:49+0000","link","http://www.cnn.com/2017/01/30/us/fred-korimatso-google-doodle-trnd/index.html","326420614138023_1162261180553958",NA,796,8,73
"326420614138023","Congressman Joaquin Castro","Any San Antonians who need help for family members affected by President Trump's executive order on refugees, please call my office at 210-348-8216 or 202-225-3236.","2017-01-29T19:38:07+0000","status",NA,"326420614138023_1161150923998317",NA,4849,215,3186
"326420614138023","Congressman Joaquin Castro","President Trump's ban on Muslim refugees betrays American values while undermining national security and economic prosperity. It is wrong.","2017-01-29T19:31:06+0000","status",NA,"326420614138023_1161145500665526",NA,1577,104,118
"326420614138023","Congressman Joaquin Castro","The Affordable Care Act saves lives. Today, San Antonians shared the ways the law has helped their families access the care they need, and Rep. Lloyd Doggett and I reiterated that we are fighting to protect Texans’ coverage in Congress. I’m grateful for the work EnrollSA and Daughters of Charity Services of San Antonio have done to help folks get covered in our city. If you need health insurance, there’s still time to enroll. Go to Healthcare.gov by Tuesday, January 31 to find a plan that works for you.","2017-01-28T22:09:40+0000","photo","https://www.facebook.com/JoaquinCastroTX/photos/a.485175671595849.1073741830.326420614138023/1160233040756772/?type=3","326420614138023_1160233090756767","Congressman Joaquin Castro added 3 new photos.",468,27,39
"326420614138023","Congressman Joaquin Castro","Today is Holocaust Remembrance Day, a sorrowful reminder of the need to vigilantly combat anti-Semitism and all intolerance.","2017-01-27T20:59:38+0000","status",NA,"326420614138023_1159000614213348",NA,683,33,48
"326420614138023","Congressman Joaquin Castro","Join Rep. Lloyd Doggett and me this Saturday afternoon to talk about how the Affordable Care Act has helped folks in San Antonio and across Texas gain health coverage.","2017-01-26T19:45:05+0000","photo","https://www.facebook.com/JoaquinCastroTX/photos/a.341856745927743.77021.326420614138023/1157618517684891/?type=3","326420614138023_1157618517684891",NA,263,14,94
"326420614138023","Congressman Joaquin Castro","Japan is a critical security and economic partner to the United States. The new administration should build on the progress President Obama made in strengthening our nations’ relationship and demonstrate the United States’ commitment to our friend. Thank you to the Japan-America Society of Washington DC (JASWDC) and the Carnegie Endowment for International Peace for hosting a thoughtful and timely discussion on the future of the U.S.-Japan alliance.","2017-01-26T17:19:57+0000","photo","https://www.facebook.com/JoaquinCastroTX/photos/a.485175671595849.1073741830.326420614138023/1157474237699319/?type=3","326420614138023_1157475271032549","Congressman Joaquin Castro added 2 new photos.",252,13,9
"326420614138023","Congressman Joaquin Castro","The border wall is a lazy and ineffective security strategy. In fact, recent polls show that 59 percent of the American people disagree with building a wall along our nation’s southern border. The wall could cost up to $25 billion to construct – that’s American taxpayer money that could be used more effectively elsewhere, like in our schools or on crumbling roads.    President Trump’s actions represent a hostility toward Mexico, one of our oldest allies and trading partners. He is driving Mexico into China’s arms. I expect that whatever President Trump takes away from Mexico, China will step in to offer. I am concerned about the harmful effects these measures will have on San Antonio, Dallas, the Rio Grande Valley, and other places in Texas that sell so many goods to Mexico. American jobs depend on that commerce.    The immigration-related executive orders signed today are bad for our economy, for our communities, and for our nation’s overall security strategy.","2017-01-25T22:20:20+0000","status",NA,"326420614138023_1156691271110949",NA,3876,355,1238
"326420614138023","Congressman Joaquin Castro","If you’re in Washington, D.C., join me this evening at the Newseum  for a discussion with BuzzFeed Politics about the big issues facing our nation.","2017-01-25T18:59:26+0000","link","https://buzzfeedjanbrews.splashthat.com/","326420614138023_1156501604463249",NA,156,11,11
"326420614138023","Congressman Joaquin Castro","While some in Washington only highlight and often exaggerate the negative aspects the U.S.-Mexico border, the region actually generates incredible economic energy for our nation. San Antonio alone has annual exports to Mexico exceeding $3.5 billion. I joined several of my colleagues for a hearing on business at the southern border, and am grateful that Robert McKinley from the UTSA Institute for Economic Development attended to share his expertise.","2017-01-23T23:34:25+0000","photo","https://www.facebook.com/JoaquinCastroTX/photos/a.485175671595849.1073741830.326420614138023/1154222808024462/?type=3","326420614138023_1154224988024244","Congressman Joaquin Castro added 2 new photos.",481,17,61
"326420614138023","Congressman Joaquin Castro",NA,"2017-01-20T15:04:23+0000","video","https://youtu.be/ngtdOTj9SEY","326420614138023_1150529195060490","Congressman Joaquin Castro shared Julian Castro's post.",584,48,0
"326420614138023","Congressman Joaquin Castro","Welcome back to Texas.","2017-01-20T02:07:29+0000","video","https://www.facebook.com/SecretaryCastro/videos/1850297211850154/","326420614138023_1150132801766796","Congressman Joaquin Castro shared Secretary Julián Castro's video.",1930,209,0
"326420614138023","Congressman Joaquin Castro","I joined Port San Antonio to celebrate Kelly Field’s centennial and highlight the former base’s 100 years of economic contributions to our city.","2017-01-19T01:04:57+0000","photo","https://www.facebook.com/JoaquinCastroTX/photos/a.341856745927743.77021.326420614138023/1149040291876047/?type=3","326420614138023_1149040291876047",NA,252,27,7
"326420614138023","Congressman Joaquin Castro","Every American should respect the office of the presidency and the fact that Donald Trump will be the 45th President of the United States. But winning an election does not mean a man can show contempt for millions of Americans and then expect those very people to celebrate him.     I come from a family and a place, Texas, where respect is a fundamental value – respect for people regardless of what they look like, where they were born, or whether they share your view of the world. Donald Trump has shown an utter lack of respect for so many Americans. His attack on civil rights hero John Lewis is the latest example.    I will not attend this year’s inauguration ceremony. However, I will be in Washington to greet constituents who are traveling to our nation's capital for the proceedings. I respect their choice to attend.","2017-01-18T17:22:11+0000","status",NA,"326420614138023_1148557011924375",NA,3173,452,377
"326420614138023","Congressman Joaquin Castro","Today I joined SAReads to discuss the power of reading and importance of getting books in our kids’ hands. Together, we can increase literacy in San Antonio.","2017-01-17T19:50:42+0000","photo","https://www.facebook.com/JoaquinCastroTX/photos/a.485175671595849.1073741830.326420614138023/1147796862000390/?type=3","326420614138023_1147797448666998","Congressman Joaquin Castro added 2 new photos.",264,28,16
"326420614138023","Congressman Joaquin Castro","Today, our city lays to rest a beacon of compassion. Archbishop Patrick Flores served the San Antonio community for more than two decades. He devoted his life to helping the poor, standing up for workers, and increasing educational opportunities for young people. My prayers are with his family during this difficult time.","2017-01-17T14:44:39+0000","link","http://www.expressnews.com/news/local/article/A-solemn-set-of-services-for-archbishop-begins-10861195.php","326420614138023_1147584752021601",NA,373,38,29
"326420614138023","Congressman Joaquin Castro","May the words and peaceful actions of Dr. Martin Luther King, Jr. inspire us today and every day to work for greater justice in our nation.","2017-01-16T14:11:13+0000","status",NA,"326420614138023_1146732465440163",NA,613,51,38
"326420614138023","Congressman Joaquin Castro","For Texas to reach its economic potential, all our students must have the opportunity to achieve educational and professional success. At the Texas Tribune's symposium on race this morning, I discussed ways to expand access to pre-k, improve college graduation rates, and close the achievement gap in Texas’ schools.","2017-01-15T00:18:01+0000","photo","https://www.facebook.com/JoaquinCastroTX/photos/a.341856745927743.77021.326420614138023/1145343932245683/?type=3","326420614138023_1145343932245683",NA,215,12,11
"326420614138023","Congressman Joaquin Castro","We must determine who exactly was involved in the Russia hack and respond strongly to prevent future attacks. Today I discussed this issue on MSNBC, as well as the newly-announced investigation into the FBI’s actions during the election.","2017-01-13T21:43:24+0000","video","https://www.facebook.com/JoaquinCastroTX/videos/1144273605686049/","326420614138023_1144273605686049",NA,597,36,62
"326420614138023","Congressman Joaquin Castro","The Republicans’ campaign to repeal the Affordable Care Act without offering a replacement plan would hurt millions of American families who rely on the law for access to lifesaving care. Eliminating the ACA would take away Medicare benefits for seniors, raise middle class Americans’ taxes, and devastate individuals with preexisting conditions who wouldn’t be able to find insurance without the law. We should work to refine and improve the ACA, not irresponsibly gut it.   The overwhelming majority of my constituents who have called and written me about the ACA want the law to remain in place. I will fight to protect the Affordable Care Act unless a viable improvement is presented.","2017-01-13T20:58:06+0000","status",NA,"326420614138023_1144245385688871",NA,764,107,135
"326420614138023","Congressman Joaquin Castro","It’s an honor to be the new CHCI Chair. I look forward to working with my fellow Congressional Hispanic Caucus members to develop the next generation of leaders in our nation.","2017-01-11T01:55:56+0000","photo","https://www.facebook.com/JoaquinCastroTX/photos/a.485175671595849.1073741830.326420614138023/1141281702651906/?type=3","326420614138023_1141282212651855","Congressman Joaquin Castro added 2 new photos.",435,20,14
"326420614138023","Congressman Joaquin Castro","As the 2017 Texas legislative session begins today, lawmakers should address our state’s most pressing issues: creating jobs, improving schools, fixing our broken foster care system, and protecting Texas women’s access to healthcare. Over the past few years, Texas has slid in job creation compared to other states. Pursuing the discriminatory ‘bathroom bill’ could result in Texas losing up to $8.5 billion and more than 100,000 jobs, according to the Texas Association of Business. The Legislature should seek to expand opportunity, not stifle Texans’ ability to pursue their goals and contribute to our state.","2017-01-10T21:50:18+0000","status",NA,"326420614138023_1141147829331960",NA,343,21,36
"326420614138023","Congressman Joaquin Castro","President-elect Trump’s Attorney General nominee Sen. Jeff Sessions’ confirmation hearing with the Senate Judiciary Committee is this morning. Here are four facts about him:","2017-01-10T14:43:14+0000","photo","https://www.facebook.com/JoaquinCastroTX/photos/a.341856745927743.77021.326420614138023/1140851459361597/?type=3","326420614138023_1140851459361597",NA,118,26,49
"326420614138023","Congressman Joaquin Castro","The Texas Bathroom Bill demonizes innocent people and would badly hurt our Texas economy. The Texas legislature should focus on creating jobs, improving schools. I'm proud of the Texas business community that's taken a strong stand against it.","2017-01-07T16:37:38+0000","status",NA,"326420614138023_1138480542932022",NA,1024,58,102
"326420614138023","Congressman Joaquin Castro","The intelligence community has determined that President Putin ordered the Russian government to manipulate our nation’s presidential election through an extensive cyber operation and influence campaign. This assessment reinforces previous findings presented to the American people.     U.S. intelligence officials are highly-skilled individuals whose mission is to protect the American people and our nation’s interests around the world, often at great personal sacrifice. Congressional leadership from both parties have voiced their strong confidence in these brave public servants’ work. Our President-elect’s repeated denigration of their efforts is troubling and dangerous.    Congress now has a responsibility to act on this report. I support the Obama Administration’s recent sanctions against Russia and encourage the creation of an independent, bipartisan commission to focus on this matter. Attempts to undermine our democracy and Americans’ confidence in the electoral process will not be tolerated.  You can read the full, declassified intelligence report that was released today here: https://www.dni.gov/files/documents/ICA_2017_01.pdf","2017-01-06T22:55:16+0000","status",NA,"326420614138023_1137942132985863",NA,840,131,200
"326420614138023","Congressman Joaquin Castro","I’m looking forward to a productive Congress with the Congressional Hispanic Caucus. It’s an honor to serve as our organization’s First Vice Chair.","2017-01-05T20:24:18+0000","photo","https://www.facebook.com/JoaquinCastroTX/photos/a.341856745927743.77021.326420614138023/1137039019742841/?type=3","326420614138023_1137039019742841",NA,805,42,36
"326420614138023","Congressman Joaquin Castro","It was great to have my family with me for the swearing in of the 115th Congress. It’s an honor to represent San Antonians and our city in the House of Representatives.","2017-01-03T20:33:47+0000","photo","https://www.facebook.com/JoaquinCastroTX/photos/a.341856745927743.77021.326420614138023/1135332656580144/?type=3","326420614138023_1135332656580144",NA,3771,183,153
