"from_id","from_name","message","created_time","type","link","id","story","likes_count","comments_count","shares_count"
"395759603917487","Rep. Brenda Lawrence","#TitleIX :a comprehensive federal law that prohibits sex discrimination in education. Know your rights: http://bit.ly/1j6clKq #TitleIXat45","2017-06-23T14:01:15+0000","link","http://bit.ly/1j6clKq","395759603917487_770379883122122",NA,6,0,4
"395759603917487","Rep. Brenda Lawrence","https://www.facebook.com/dtown.ceo/posts/10208992976809349","2017-06-23T09:59:42+0000","video","https://www.facebook.com/RepFrenchHill/videos/1339868206108473/","395759603917487_770289509797826","Rep. Brenda Lawrence shared Congressman French Hill's video.",50,4,0
"395759603917487","Rep. Brenda Lawrence","It was great cheering on the ladies of #Congress at the @CWSoftballGame! Honored to meet #CapitolPolice officer Crystal Griner. #ThankYou","2017-06-22T11:03:50+0000","photo","https://www.facebook.com/Rep.BLawrence/photos/a.398277836998997.1073741829.395759603917487/769749206518523/?type=3","395759603917487_769749279851849","Rep. Brenda Lawrence added 3 new photos.",38,0,2
"395759603917487","Rep. Brenda Lawrence","Last week, I joined 195 other Members of Congress in taking a stand for our Constitution. We have a duty to oversee any financial transactions the president might have with foreign counties. Simply put, by not allowing us to fulfill our duty, President Trump is in violation of the Constitution.   https://www.google.com/amp/abcnews.go.com/amp/Politics/200-congressional-democrats-announce-lawsuit-trump-foreign-payments/story%3Fid%3D48024824","2017-06-20T16:36:47+0000","link","https://www.google.com/amp/abcnews.go.com/amp/Politics/200-congressional-democrats-announce-lawsuit-trump-foreign-payments/story%3Fid%3D48024824","395759603917487_768906959936081",NA,88,10,11
"395759603917487","Rep. Brenda Lawrence","Royal Oak Township Town Hall","2017-06-19T22:17:18+0000","video","https://www.facebook.com/Rep.BLawrence/videos/768526223307488/","395759603917487_768526223307488","Rep. Brenda Lawrence was live.",57,21,10
"395759603917487","Rep. Brenda Lawrence","It's time for everyone to take a hard look in the mirror. #HateFreeAmerica #Unity #Truth #Justice. http://m.huffpost.com/us/entry/us_5947fd75e4b07499199d87a3","2017-06-19T17:51:44+0000","link","http://m.huffpost.com/us/entry/us_5947fd75e4b07499199d87a3","395759603917487_768450033315107",NA,8,0,2
"395759603917487","Rep. Brenda Lawrence","Tackling mental health in the community with a mental health roundtable including leaders in the health industry.   What are your concerns about mental health?","2017-06-19T14:28:52+0000","photo","https://www.facebook.com/Rep.BLawrence/photos/a.395907980569316.1073741828.395759603917487/768384259988351/?type=3","395759603917487_768384259988351","Rep. Brenda Lawrence at Henry Ford West Bloomfield Hospital.",38,8,3
"395759603917487","Rep. Brenda Lawrence","‪To all the fathers and father figures, #ThankYou for your wisdom, guidance, love and support! #HappyFathersDay! ‬","2017-06-18T17:04:50+0000","photo","https://www.facebook.com/Rep.BLawrence/photos/a.395907980569316.1073741828.395759603917487/767956143364496/?type=3","395759603917487_767956143364496",NA,7,0,1
"395759603917487","Rep. Brenda Lawrence","At the #CongressionalBaseballGame with one of the #CapitolPolice heroes who helped prevent a massacre yesterday. ThankYou David Bailey!","2017-06-16T00:37:51+0000","photo","https://www.facebook.com/Rep.BLawrence/photos/a.395907980569316.1073741828.395759603917487/766551196838324/?type=3","395759603917487_766551196838324",NA,185,6,13
"395759603917487","Rep. Brenda Lawrence","‪TODAY! #Michigan's 14th district! Come out Monday, June 19th for a town hall meeting. Hope to see you there! ‬","2017-06-15T21:20:22+0000","photo","https://www.facebook.com/Rep.BLawrence/photos/a.395907980569316.1073741828.395759603917487/766496866843757/?type=3","395759603917487_766496866843757",NA,10,0,10
"395759603917487","Rep. Brenda Lawrence","This was a horrific act of violence and my prayers are with the victims and their families. Thankfully, Capitol Police acted quickly and heroically to prevent further tragedy. #ThankYou   https://www.google.com/amp/s/amp.cnn.com/cnn/2017/06/14/politics/alexandria-virginia-shooting/index.html","2017-06-14T13:52:44+0000","link","https://www.google.com/amp/s/amp.cnn.com/cnn/2017/06/14/politics/alexandria-virginia-shooting/index.html","395759603917487_765769920249785",NA,27,7,7
"395759603917487","Rep. Brenda Lawrence","TODAY! Come join a special Coffee Hour with Congresswoman Lawrence focused on our #Veterans! Hope to see you there!","2017-06-09T19:00:55+0000","photo","https://www.facebook.com/Rep.BLawrence/photos/a.395907980569316.1073741828.395759603917487/763477590479018/?type=3","395759603917487_763477590479018",NA,10,2,5
"395759603917487","Rep. Brenda Lawrence","Tune in NOW as we speak against hate and division. https://www.facebook.com/RepJayapal/videos/1585675404776376/","2017-06-08T17:08:23+0000","video","https://www.facebook.com/RepJayapal/videos/1585675404776376/","395759603917487_763003313859779","Rep. Brenda Lawrence shared Congresswoman Pramila Jayapal's live video.",22,1,0
"395759603917487","Rep. Brenda Lawrence","Tune in NOW! @RepLawrence, member of @OversightDems weighs in on @cspanwj","2017-06-08T13:08:43+0000","photo","https://www.facebook.com/Rep.BLawrence/photos/a.395907980569316.1073741828.395759603917487/762906117202832/?type=3","395759603917487_762906117202832",NA,15,1,1
"395759603917487","Rep. Brenda Lawrence","Starting Soon! C-Span 9AM EST. Rep. Brenda Lawrence weighs in on current events today on @cspanwj c-span.org/WJ","2017-06-08T13:01:06+0000","link","http://c-span.org/WJ","395759603917487_762903593869751",NA,6,0,1
"395759603917487","Rep. Brenda Lawrence","Now on the Soo Locks tour with #Michigan delegation to support the vital importance of our infrastructure. #Economy #Jobs #Family","2017-06-02T17:01:34+0000","photo","https://www.facebook.com/Rep.BLawrence/photos/a.398277836998997.1073741829.395759603917487/760206830806094/?type=3","395759603917487_760207220806055","Rep. Brenda Lawrence added 4 photos and a video.",34,1,2
"395759603917487","Rep. Brenda Lawrence","‪Today, let us honor our #Veterans and remember those who paid the ultimate price. We #ThankYou, we honor you. #NeverForget #MemorialDay ‬","2017-05-29T18:15:40+0000","photo","https://www.facebook.com/Rep.BLawrence/photos/a.395907980569316.1073741828.395759603917487/758375317655912/?type=3","395759603917487_758375317655912",NA,14,1,2
"395759603917487","Rep. Brenda Lawrence","President Trump has shown America his values: steal from working families in order to empower the wealthy. This is not what Americans voted for. We must resist this attempt to enact devastating #TrumpCuts.","2017-05-25T20:45:38+0000","photo","https://www.facebook.com/Rep.BLawrence/photos/a.395907980569316.1073741828.395759603917487/756622561164521/?type=3","395759603917487_756622561164521",NA,11,5,2
"395759603917487","Rep. Brenda Lawrence","‪I was so glad to host Andre Foster from #Detroit today for our annual Congressional Foster Youth Shadow Day! #FosterYouthVoices ‬","2017-05-24T18:34:46+0000","photo","https://www.facebook.com/Rep.BLawrence/photos/a.398277836998997.1073741829.395759603917487/756106877882756/?type=3","395759603917487_756106897882754","Rep. Brenda Lawrence added 3 new photos.",24,0,0
"395759603917487","Rep. Brenda Lawrence","It was an honor to recognize the #Women in #Military today. #ThankYou to those in service,our #Veterans and those we've lost. #NeverForget","2017-05-24T15:45:20+0000","photo","https://www.facebook.com/Rep.BLawrence/photos/a.398277836998997.1073741829.395759603917487/756053991221378/?type=3","395759603917487_756054034554707","Rep. Brenda Lawrence added 4 new photos.",51,5,0
"395759603917487","Rep. Brenda Lawrence","Live NOW! Women in the Military Wreath Laying Ceremony. #ThankYou","2017-05-24T13:10:19+0000","video","https://www.facebook.com/Rep.BLawrence/videos/755980227895421/","395759603917487_755980227895421","Rep. Brenda Lawrence was live.",39,12,6
"395759603917487","Rep. Brenda Lawrence","TODAY! Watch on my #FacebookLIVE stream at 9am EST as we honor our #Women in the #Military. m.facebook.com/Rep-Brenda-Law…","2017-05-24T11:28:47+0000","photo","https://www.facebook.com/Rep.BLawrence/photos/a.395907980569316.1073741828.395759603917487/755958217897622/?type=3","395759603917487_755958217897622",NA,11,0,3
"395759603917487","Rep. Brenda Lawrence","Only 6% of youth who age out of foster care receive a 2 or 4-year college degree. We must raise #FosterYouthVoices","2017-05-22T19:04:57+0000","photo","https://www.facebook.com/Rep.BLawrence/photos/a.395907980569316.1073741828.395759603917487/755290814631029/?type=3","395759603917487_755290814631029",NA,17,0,2
"395759603917487","Rep. Brenda Lawrence","A big thanks to EVERYONE who joined our tele-town hall tonight! I was so glad to hear from you. Stay engaged and let your voice be heard! www.Lawrence.House.gov","2017-05-18T23:45:31+0000","photo","https://www.facebook.com/Rep.BLawrence/photos/a.395907980569316.1073741828.395759603917487/753501831476594/?type=3","395759603917487_753501831476594",NA,16,2,3
"395759603917487","Rep. Brenda Lawrence","Starting SOON!! Michigan's 14th district! Join us Thursday 5/18 for our tele-town hall 6:30pm-7:30pm EST! Join us via link below or call in during the hour. #YourVoiceMatters  video.teleforumonline.com/video/streamin…","2017-05-17T22:04:57+0000","photo","https://www.facebook.com/Rep.BLawrence/photos/a.395907980569316.1073741828.395759603917487/753029728190471/?type=3","395759603917487_753029728190471",NA,17,1,6
"395759603917487","Rep. Brenda Lawrence","If President Trump has nothing to hide, he should welcome the effort to #FollowTheFacts on Russia.","2017-05-16T17:35:14+0000","photo","https://www.facebook.com/Rep.BLawrence/photos/a.395907980569316.1073741828.395759603917487/752518134908297/?type=3","395759603917487_752518134908297",NA,24,2,1
"395759603917487","Rep. Brenda Lawrence","Loving, giving, caring. Your best coach and #1 cheerleader. To all the moms, grandmas and moms-in-spirit #ThankYou! #HappyMothersDay  !","2017-05-14T12:36:06+0000","photo","https://www.facebook.com/Rep.BLawrence/photos/a.395907980569316.1073741828.395759603917487/751547201672057/?type=3","395759603917487_751547201672057",NA,14,1,0
"395759603917487","Rep. Brenda Lawrence","So proud to be in #Detroit today to celebrate the opening of the #QLINE! This is great progress and we won't stop! @qlinedetroit","2017-05-12T14:12:34+0000","photo","https://www.facebook.com/Rep.BLawrence/photos/a.395907980569316.1073741828.395759603917487/750672505092860/?type=3","395759603917487_750672505092860",NA,48,4,4
"395759603917487","Rep. Brenda Lawrence","FACT:   The Committee on House Administration conducted a survey state election officials which found that the rate of attempted voter fraud is         .00000010247.    We need to fight #VoterSuppression, not waste time and resources on false claims.   http://www.politico.com/story/2017/05/11/trump-voter-fraud-commission-238263","2017-05-11T20:07:18+0000","link","http://www.politico.com/story/2017/05/11/trump-voter-fraud-commission-238263","395759603917487_750326328460811",NA,46,10,6
"395759603917487","Rep. Brenda Lawrence","This is no coincidence. We need a bipartisan independent commission to investigate Trump #RussiaTies. Abuse of power and undermining of our democracy cannot and must not be tolerated.   https://www.google.com/amp/s/amp.cnn.com/cnn/2017/05/10/politics/comey-yates-bharara-fired-after-investigations/index.html","2017-05-10T15:03:25+0000","link","https://www.google.com/amp/s/amp.cnn.com/cnn/2017/05/10/politics/comey-yates-bharara-fired-after-investigations/index.html","395759603917487_749811451845632",NA,109,7,75
"395759603917487","Rep. Brenda Lawrence","There are far more questions than answers. We need an independent counsel to investigate #RussiaTies. #StayWoke! https://www.google.com/amp/www.cbsnews.com/amp/news/why-was-fbi-director-james-comey-fired-now/","2017-05-10T01:35:55+0000","link","https://www.google.com/amp/www.cbsnews.com/amp/news/why-was-fbi-director-james-comey-fired-now/","395759603917487_749538538539590",NA,91,10,2
"395759603917487","Rep. Brenda Lawrence","My vote on #TrumpCare and my response to those who want to #MakeAmericaSickAgain....NO!","2017-05-04T19:30:44+0000","photo","https://www.facebook.com/Rep.BLawrence/photos/a.395907980569316.1073741828.395759603917487/747113675448743/?type=3","395759603917487_747113675448743",NA,428,68,51
"395759603917487","Rep. Brenda Lawrence","Why I'm voting NO on #Trumpcare. Watch video. https://www.facebook.com/RepJayapal/videos/1548462501831000/","2017-05-04T16:21:00+0000","video","https://www.facebook.com/RepJayapal/videos/1548462501831000/","395759603917487_747056318787812","Rep. Brenda Lawrence shared Congresswoman Pramila Jayapal's live video.",169,34,0
"395759603917487","Rep. Brenda Lawrence","Tune in NOW to hear from our Skilled Workforce Caucus Panel!","2017-05-03T18:38:48+0000","video","https://www.facebook.com/Rep.BLawrence/videos/746620622164715/","395759603917487_746620622164715","Rep. Brenda Lawrence was live.",16,3,5
"395759603917487","Rep. Brenda Lawrence","Speaking today at the Congressional Progressive Caucus press conference on the plan and purpose of the CPC plan for #ThePeoolesBudget. #LibertyAndJusticeForAll #Equality","2017-05-02T17:55:52+0000","video","https://www.facebook.com/Rep.BLawrence/videos/746143242212453/","395759603917487_746143242212453",NA,38,1,2
"395759603917487","Rep. Brenda Lawrence","https://www.facebook.com/USProgressives/posts/1294758980559823","2017-05-02T17:48:27+0000","video","https://www.facebook.com/repmarkpocan/videos/1380611008685302/","395759603917487_746142132212564","Rep. Brenda Lawrence shared Mark Pocan's live video.",5,1,0
"395759603917487","Rep. Brenda Lawrence","Resistance against Trump’s agenda is needed more than ever. April 29, let’s march for the world we want to build — for our jobs, justice, and the climate. Together we can send a powerful message that we want a clean energy economy that works for everyone, and push every other politician to sprint as far ahead as possible.","2017-04-29T14:01:31+0000","photo","https://www.facebook.com/Rep.BLawrence/photos/a.395907980569316.1073741828.395759603917487/744642465695864/?type=3","395759603917487_744642465695864",NA,16,1,0
"395759603917487","Rep. Brenda Lawrence","‪Honored to speak at the Chaldean American Chamber of Commerce Annual Dinner tonight. #WestBloomfield ‬","2017-04-29T01:33:37+0000","photo","https://www.facebook.com/Rep.BLawrence/photos/a.398277836998997.1073741829.395759603917487/744406759052768/?type=3","395759603917487_744406819052762","Rep. Brenda Lawrence added 3 new photos.",28,1,0
"395759603917487","Rep. Brenda Lawrence","Soon, @MSNBC interview w/ @RepLawrence! TUNE IN at 3:30pm! EST MSNBC Live on MSNBC Trump admin, healthcare, national security and accountability.","2017-04-28T19:25:21+0000","status",NA,"395759603917487_744301855729925",NA,2,0,0
"395759603917487","Rep. Brenda Lawrence","Please ""Like"" and ""Follow"" the DWWG page for updates on women's issues in Congress!","2017-04-27T20:34:05+0000","link","https://www.facebook.com/HouseDemocraticWomen/","395759603917487_743769979116446","Rep. Brenda Lawrence shared a Page.",13,0,0
"395759603917487","Rep. Brenda Lawrence","Starting soon. Women/families affected under Trump. https://www.facebook.com/HouseDemocraticWomen/posts/279761985815858","2017-04-27T20:31:48+0000","link","https://www.facebook.com/HouseDemocraticWomen/posts/279761985815858","395759603917487_743769529116491","Rep. Brenda Lawrence shared Democratic Women's Working Group's post.",3,0,0
"395759603917487","Rep. Brenda Lawrence","‪So excited about welcoming @west_hillsms to the Capitol today! #FutureLeaders #WestBloomfield ‬","2017-04-27T18:37:25+0000","photo","https://www.facebook.com/Rep.BLawrence/photos/a.398277836998997.1073741829.395759603917487/743726979120746/?type=3","395759603917487_743727025787408","Rep. Brenda Lawrence added 3 new photos.",16,1,1
"395759603917487","Rep. Brenda Lawrence","‪It was great hosting Elizabeth from @girls_inc for ""Congressional Take our Daughter to Congress Day!"" #WayneCounty ‬","2017-04-27T17:57:17+0000","photo","https://www.facebook.com/Rep.BLawrence/photos/a.398277836998997.1073741829.395759603917487/743711879122256/?type=3","395759603917487_743711902455587","Rep. Brenda Lawrence added 2 new photos.",39,0,0
"395759603917487","Rep. Brenda Lawrence","""Ignorance, allied with power, is the most ferocious enemy justice can have."" -James Baldwin  I was so glad to join Teen Vogue to speak on this pressing topic.   http://www.teenvogue.com/story/4-members-of-congress-explain-their-vision-for-the-black-community-under-a-trump-presidency","2017-04-26T16:11:57+0000","link","http://www.teenvogue.com/story/4-members-of-congress-explain-their-vision-for-the-black-community-under-a-trump-presidency","395759603917487_743198692506908",NA,26,0,5
"395759603917487","Rep. Brenda Lawrence","Our communities and the climate are under attack. April 29, join people across the United States as we march for a clean energy economy that works for all of us. A historic resistance against Trump’s administration is rising to action — which means now is the time to push for a new vision.","2017-04-26T16:02:22+0000","photo","https://www.facebook.com/Rep.BLawrence/photos/a.395907980569316.1073741828.395759603917487/743195149173929/?type=3","395759603917487_743195149173929",NA,5,0,0
"395759603917487","Rep. Brenda Lawrence","https://michronicleonline.com/2017/04/26/congresswoman-lawrence-on-the-anniversary-of-the-flint-water-crisis/","2017-04-26T15:55:49+0000","link","https://michronicleonline.com/2017/04/26/congresswoman-lawrence-on-the-anniversary-of-the-flint-water-crisis/","395759603917487_743192749174169",NA,9,0,1
"395759603917487","Rep. Brenda Lawrence","“On this three-year anniversary of the Flint Water Crisis, we are sending a letter to President Trump calling for stronger efforts to address the ongoing crisis.""  https://lawrence.house.gov/media-center/press-releases/lawrence-statement-anniversary-flint-water-crisis-letter-trump","2017-04-25T21:37:30+0000","link","https://lawrence.house.gov/media-center/press-releases/lawrence-statement-anniversary-flint-water-crisis-letter-trump","395759603917487_742849569208487",NA,26,1,8
"395759603917487","Rep. Brenda Lawrence","How many promises will @realDonaldTrump break before the end of the #Trump100Days?","2017-04-25T17:23:11+0000","photo","https://www.facebook.com/Rep.BLawrence/photos/a.395907980569316.1073741828.395759603917487/742763472550430/?type=3","395759603917487_742763472550430",NA,7,0,1
"395759603917487","Rep. Brenda Lawrence","‪At the @NAACP Detroit Branch NAACP dinner in #Detroit last night, calling for #Justice and #Equality. #KeepFighting #Change ‬","2017-04-24T15:26:00+0000","photo","https://www.facebook.com/Rep.BLawrence/photos/a.398277836998997.1073741829.395759603917487/742198805940230/?type=3","395759603917487_742198842606893","Rep. Brenda Lawrence added 3 new photos.",30,1,1
"395759603917487","Rep. Brenda Lawrence","‪I was proud to join @SenWarren at the @NAACP dinner. At NAACP event, Sen. Warren warns of 'moment of crisis' http://detne.ws/2paC3u4‬","2017-04-24T14:37:54+0000","link","http://detne.ws/2paC3u4","395759603917487_742179805942130",NA,69,1,6
"395759603917487","Rep. Brenda Lawrence","#KnowTheTruth #EarthDay #ProtectTheEarth","2017-04-22T19:00:46+0000","photo","https://www.facebook.com/Rep.BLawrence/photos/a.395907980569316.1073741828.395759603917487/741260372700740/?type=3","395759603917487_741260372700740",NA,13,1,2
"395759603917487","Rep. Brenda Lawrence","#HappyEarthDay #ProtectTheEarth","2017-04-22T15:00:57+0000","photo","https://www.facebook.com/Rep.BLawrence/photos/a.395907980569316.1073741828.395759603917487/741139582712819/?type=3","395759603917487_741139582712819",NA,24,2,0
"395759603917487","Rep. Brenda Lawrence","‪Speaking today with the AMAZING students at @TimbuktuAcademy. #FutureLeaders ‬#Detroit","2017-04-21T17:22:01+0000","photo","https://www.facebook.com/Rep.BLawrence/photos/a.398277836998997.1073741829.395759603917487/740653142761463/?type=3","395759603917487_740653186094792","Rep. Brenda Lawrence added 3 new photos.",14,1,0
"395759603917487","Rep. Brenda Lawrence","‪Happening NOW! So glad to connect w/ constituents while hosting a ""Coffee Hour"" at Lafayette Market in Pontiac!‬","2017-04-19T19:50:39+0000","photo","https://www.facebook.com/Rep.BLawrence/photos/a.398277836998997.1073741829.395759603917487/739733806186730/?type=3","395759603917487_739733842853393","Rep. Brenda Lawrence added 2 new photos.",19,1,0
"395759603917487","Rep. Brenda Lawrence","‪Congresswoman Brenda Lawrence Calls For A Hearing On The United Airlines Passenger Removal Incident.‬ ‪#accountability @OversightDems ‬","2017-04-18T20:07:53+0000","photo","https://www.facebook.com/Rep.BLawrence/photos/a.398277836998997.1073741829.395759603917487/739223452904432/?type=3","395759603917487_739223502904427","Rep. Brenda Lawrence added 4 new photos.",13,1,0
"395759603917487","Rep. Brenda Lawrence","‪Michigan's 14th district! Come join Rep. Lawrence for a ""Congressional Coffee Hour"" this Wednesday, April 19th in downtown Pontiac! ‬","2017-04-17T19:34:10+0000","photo","https://www.facebook.com/Rep.BLawrence/photos/a.395907980569316.1073741828.395759603917487/738707719622672/?type=3","395759603917487_738707719622672",NA,8,4,3
"395759603917487","Rep. Brenda Lawrence",NA,"2017-04-13T17:45:06+0000","photo","https://www.facebook.com/Rep.BLawrence/photos/a.736510149842429.1073741839.395759603917487/736510346509076/?type=3","395759603917487_736510749842369","Rep. Brenda Lawrence added 13 new photos to the album: CMS Energy Visit.",14,1,0
"395759603917487","Rep. Brenda Lawrence","Environmental Town Hall #TakeBackOurEnvironment","2017-04-12T23:33:46+0000","video","https://www.facebook.com/Rep.BLawrence/videos/736086473218130/","395759603917487_736086473218130","Rep. Brenda Lawrence was live.",21,5,1
"395759603917487","Rep. Brenda Lawrence",NA,"2017-04-12T22:17:01+0000","video","https://www.facebook.com/Rep.BLawrence/videos/736060996554011/","395759603917487_736060996554011","Rep. Brenda Lawrence was live.",24,10,10
"395759603917487","Rep. Brenda Lawrence","Good evening! We will be coming to you via Facebook Live from our #TakeBackTheEnvironment town hall meeting in Detroit with Angela Rye of CNN! Happening in a few minutes when the formal program begins.","2017-04-12T22:02:08+0000","status",NA,"395759603917487_736056736554437",NA,7,0,0
"395759603917487","Rep. Brenda Lawrence","Tomorrow! Hope to see you there","2017-04-11T23:43:09+0000","photo","https://www.facebook.com/Rep.BLawrence/photos/a.398277836998997.1073741829.395759603917487/735484873278290/?type=3","395759603917487_735484976611613","Rep. Brenda Lawrence added 2 new photos.",6,1,5
"395759603917487","Rep. Brenda Lawrence","‪Wishing a happy #Passover to those who celebrate this sacred occasion! #ChagSameach ‬","2017-04-11T19:26:27+0000","photo","https://www.facebook.com/Rep.BLawrence/photos/a.395907980569316.1073741828.395759603917487/735400036620107/?type=3","395759603917487_735400036620107",NA,8,1,0
"395759603917487","Rep. Brenda Lawrence","Detroit is top five on the list for Green jobs! Learn more at our #TakeBackOurEnvironment town hall this Wednesday evening.","2017-04-11T17:01:46+0000","photo","https://www.facebook.com/Rep.BLawrence/photos/a.395907980569316.1073741828.395759603917487/735341543292623/?type=3","395759603917487_735341543292623",NA,8,2,2
"395759603917487","Rep. Brenda Lawrence","Hello everyone! I am happy to announce that I will be hosting the #TakeBackOurEnvironment town hall on Apr. 12th, 2017 at the LA SED Senior & Youth Center Gymnasium at 7150 W. Vernor, Detroit, MI 48209. Come join me as we begin to build a dialogue around issues such as climate change, fracking, air pollution,  water quality, green jobs, and how they impact our community. Meet me there @ 6pm as we tackle environmental justice and how it affects YOU.","2017-04-10T16:30:44+0000","photo","https://www.facebook.com/Rep.BLawrence/photos/a.395907980569316.1073741828.395759603917487/734801503346627/?type=3","395759603917487_734801503346627",NA,20,0,5
"395759603917487","Rep. Brenda Lawrence","http://www.mlive.com/news/grand-rapids/index.ssf/2017/04/33b_still_needed_to_fix_michig.html","2017-04-10T14:30:53+0000","video","http://www.mlive.com/news/grand-rapids/index.ssf/2017/04/33b_still_needed_to_fix_michig.html","395759603917487_734720020021442",NA,2,0,0
"395759603917487","Rep. Brenda Lawrence","Guess who will be joining us to moderate the #TakeBackOurEnvironment town hall on Apr. 12th, 2017? None other than CNN Political Commentator and Principal of IMPACT Strategies Angela Rye","2017-04-09T17:00:47+0000","photo","https://www.facebook.com/Rep.BLawrence/photos/a.395907980569316.1073741828.395759603917487/734270886733022/?type=3","395759603917487_734270886733022",NA,20,0,3
"395759603917487","Rep. Brenda Lawrence","Join me/ Rep. Brenda Lawrence  on Apr. 12th, 2017 La Sed Gymnasium as we discuss the pressing issue of #ClimateChange, how it affects our community, and why we must  #TakeBackOurEnvironment.","2017-04-09T16:00:51+0000","photo","https://www.facebook.com/Rep.BLawrence/photos/a.395907980569316.1073741828.395759603917487/734240933402684/?type=3","395759603917487_734240933402684",NA,4,0,2
"395759603917487","Rep. Brenda Lawrence","With the amazing @Wynonna Judd last night at #GrammysOnTheHill!","2017-04-06T11:27:16+0000","photo","https://www.facebook.com/Rep.BLawrence/photos/a.398277836998997.1073741829.395759603917487/732411966918914/?type=3","395759603917487_732412056918905","Rep. Brenda Lawrence added 2 new photos.",10,0,0
"395759603917487","Rep. Brenda Lawrence","‪On this #GoldStarWivesDay, we remember and honor the strength and sacrifices of military spouses. ‬","2017-04-05T21:02:56+0000","photo","https://www.facebook.com/Rep.BLawrence/photos/a.395907980569316.1073741828.395759603917487/732095946950516/?type=3","395759603917487_732095946950516",NA,2,0,1
"395759603917487","Rep. Brenda Lawrence","It's that time of year! We look forward to seeing your submissions. Check our website (Lawrence.House.Gov) for more information on the Congressional Art Competition!","2017-04-05T16:14:36+0000","photo","https://www.facebook.com/Rep.BLawrence/photos/a.395907980569316.1073741828.395759603917487/731945506965560/?type=3","395759603917487_731945506965560",NA,3,1,9
"395759603917487","Rep. Brenda Lawrence","Watch Live NOW! Congressional hearing on posting of nonconsensual pornography in U.S. Military","2017-04-05T14:11:21+0000","video","https://www.facebook.com/RepLoisFrankel/videos/758819220943104/","395759603917487_731832196976891","Rep. Brenda Lawrence shared Rep. Lois Frankel's live video.",15,1,0
"395759603917487","Rep. Brenda Lawrence","Starting Now: Congressional Women's Caucus hearing on Marines United Nonconsensual Pornography in U.S. Military","2017-04-05T14:06:54+0000","photo","https://www.facebook.com/RepLoisFrankel/photos/a.143396882485344.32797.138220153003017/757781281046898/?type=3","395759603917487_731827056977405","Rep. Brenda Lawrence shared Rep. Lois Frankel's photo.",2,0,0
"395759603917487","Rep. Brenda Lawrence","Standing with my colleagues to support #equality and #fairness in support of the Paycheck Fairness Act introduced by Rep. Rosa Delauro on this #EqualPayDay.","2017-04-04T17:27:35+0000","video","https://www.facebook.com/Rep.BLawrence/videos/731326603694117/","395759603917487_731326603694117",NA,50,0,3
"395759603917487","Rep. Brenda Lawrence","Watch NOW!! Press Conf. for equality and women's rights on #EqualPayDay","2017-04-04T16:23:05+0000","video","https://www.facebook.com/CongresswomanRosaDeLauro/videos/1328143297223554/","395759603917487_731298820363562","Rep. Brenda Lawrence shared Rosa DeLauro's live video.",14,0,0
"395759603917487","Rep. Brenda Lawrence","‪We must demand #fairness and #EqualityforAll! #EqualPayDay‬","2017-04-04T14:28:24+0000","photo","https://www.facebook.com/Rep.BLawrence/photos/a.395907980569316.1073741828.395759603917487/731243323702445/?type=3","395759603917487_731243323702445",NA,24,2,28
"395759603917487","Rep. Brenda Lawrence","Billie Holiday, “First Lady of the Blues” was widely considered to be the greatest & most expressive jazz singer of all time #HERStory #WHM","2017-03-30T19:23:45+0000","photo","https://www.facebook.com/Rep.BLawrence/photos/a.395907980569316.1073741828.395759603917487/728563123970465/?type=3","395759603917487_728563123970465",NA,7,1,0
"395759603917487","Rep. Brenda Lawrence","@VP just voted to undermine women's #healthcare: Pence breaks tie in Senate vote on Planned Parenthood funding.  http://www.politico.com/story/2017/03/mike-pence-johnny-isakson-planned-parenthood-vote-senate-236702","2017-03-30T17:16:19+0000","link","http://www.politico.com/story/2017/03/mike-pence-johnny-isakson-planned-parenthood-vote-senate-236702","395759603917487_728520107308100",NA,9,16,45
"395759603917487","Rep. Brenda Lawrence","Now at a Congressional hearing with @NFL players to speak about the importance of better police & community relations. @DetroitLionsPro","2017-03-30T16:04:05+0000","photo","https://www.facebook.com/Rep.BLawrence/photos/a.398277836998997.1073741829.395759603917487/728496813977096/?type=3","395759603917487_728496867310424","Rep. Brenda Lawrence added 3 new photos.",26,1,2
"395759603917487","Rep. Brenda Lawrence","‪@ArethaFranklin: Singer, songwriter, Michigan legend and American icon. A true history-maker. #HERstory #WomensHistoryMonth ‬","2017-03-29T19:05:04+0000","photo","https://www.facebook.com/Rep.BLawrence/photos/a.395907980569316.1073741828.395759603917487/728123780681066/?type=3","395759603917487_728123780681066",NA,10,0,0
"395759603917487","Rep. Brenda Lawrence","‪Proud to join Planned Parenthood to #PinkOut the internet. We #StandWithPP and the 2.5 million who rely on them.  ‬","2017-03-29T14:38:51+0000","photo","https://www.facebook.com/Rep.BLawrence/photos/a.395907980569316.1073741828.395759603917487/728032370690207/?type=3","395759603917487_728032370690207",NA,5,0,1
"395759603917487","Rep. Brenda Lawrence","- Flynn - Sessions - Kushner How many more Trump Admin officials have met w/ Russians. #FollowTheFacts https://goo.gl/BmPIzB","2017-03-27T17:12:54+0000","link","https://goo.gl/BmPIzB","395759603917487_727155054111272",NA,23,5,2
"395759603917487","Rep. Brenda Lawrence","Did you know 60% of youths who are sex trafficked in the United States are in foster care, are homeless, or surrounded by drug abuse? Find out more in my interview with Comcast Newsmakers (pt. 2): http://comcastnewsmakers.com/2017/03/20/human-trafficking-u-s-pt-2/","2017-03-27T14:01:16+0000","link","http://comcastnewsmakers.com/2017/03/20/human-trafficking-u-s-pt-2/","395759603917487_727087407451370",NA,8,0,0
"395759603917487","Rep. Brenda Lawrence","Did you know 60% of youths who are sex trafficked in the United States are in foster care, are homeless, or  surrounded by drug abuse? Find out more in my interview with Comcast Newsmakers: http://comcastnewsmakers.com/2017/03/20/human-trafficking-u-s-pt-1/","2017-03-27T13:59:58+0000","link","http://comcastnewsmakers.com/2017/03/20/human-trafficking-u-s-pt-1/","395759603917487_727087044118073",NA,6,0,0
"395759603917487","Rep. Brenda Lawrence","Republican #TrumpCare bill pulled. #ThePeopleSpoke","2017-03-24T20:24:20+0000","video","https://www.facebook.com/Rep.BLawrence/videos/725776460915798/","395759603917487_725776460915798",NA,88,10,3
"395759603917487","Rep. Brenda Lawrence","Under #TrumpCare, my constituents will suffer. America will suffer. I reject these disastrous #TrumpCuts. #ProtectOurCare @amprog","2017-03-24T14:12:46+0000","photo","https://www.facebook.com/Rep.BLawrence/photos/a.395907980569316.1073741828.395759603917487/725656004261177/?type=3","395759603917487_725656004261177",NA,30,9,9
"395759603917487","Rep. Brenda Lawrence","http://www.detroitnews.com/story/news/politics/2017/03/22/black-caucus-trump-follow-lead/99519466/","2017-03-23T20:13:33+0000","link","http://www.detroitnews.com/story/news/politics/2017/03/22/black-caucus-trump-follow-lead/99519466/","395759603917487_725271870966257",NA,37,7,5
"395759603917487","Rep. Brenda Lawrence","Angela Davis:activist, scholar and writer who advocates for the oppressed. #HERStory #WomensHistoryMonth","2017-03-23T15:56:14+0000","photo","https://www.facebook.com/Rep.BLawrence/photos/a.395907980569316.1073741828.395759603917487/725177067642404/?type=3","395759603917487_725177067642404",NA,16,0,0
"395759603917487","Rep. Brenda Lawrence","Tune in NOW and ask your questions about women's healthcare concerns on our FB Live link! #ShePaysMore #ProtectOurCare","2017-03-23T15:27:30+0000","photo","https://www.facebook.com/Rep.BLawrence/photos/a.395907980569316.1073741828.395759603917487/725163207643790/?type=3","395759603917487_725163207643790",NA,6,0,1
"395759603917487","Rep. Brenda Lawrence","Starting Soon! WOMEN'S HEALTH FB LIVE TOWN HALL TODAY at 11:00am, I will join Members of the Democratic Women's Working Group in hosting a facebook LIVE town hall on how the Republicans’ repeal bill would hurt women’s health – featuring special guest, President of Planned Parenthood Action Fund Cecile Richards! If you have questions about how the repeal bill would affect YOUR ability to access health services, please ask your question in the comments section below. We’ll be answering these questions during tomorrow’s Facebook LIVE townhall at 11 – tune in on my page or https://www.facebook.com/HouseDemocrats/to watch!","2017-03-23T14:59:40+0000","link","https://www.facebook.com/HouseDemocrats/?sk=to&app_data","395759603917487_725148414311936","Rep. Brenda Lawrence shared a Page.",6,0,0
"395759603917487","Rep. Brenda Lawrence",NA,"2017-03-23T01:58:47+0000","link","http://wapo.st/2nHMAND?tid=ss_fb","395759603917487_724873204339457","Rep. Brenda Lawrence shared Congressional Black Caucus's post.",22,3,0
"395759603917487","Rep. Brenda Lawrence","Black Caucus Answers Trump's 'What Do You Have to Lose' Question #ALotToLose","2017-03-23T01:57:46+0000","video","https://www.facebook.com/CongressionalBlackCaucus/videos/10154886119546066/","395759603917487_724873047672806","Rep. Brenda Lawrence shared Congressional Black Caucus's live video.",9,2,0
"395759603917487","Rep. Brenda Lawrence","Ella Fitzgerald Considered one of the greatest jazz singers of all time, the winner of 12 Grammy Awards and was awarded the Presidential Medal of Freedom. #HERStory #WomensHistoryMonth","2017-03-22T14:24:07+0000","photo","https://www.facebook.com/Rep.BLawrence/photos/a.395907980569316.1073741828.395759603917487/724637284363049/?type=3","395759603917487_724637284363049",NA,8,0,0
"395759603917487","Rep. Brenda Lawrence","Althea Gibson became the first great African-American player in women’s tennis. #HERStory #WomensHistoryMonth","2017-03-21T22:00:22+0000","photo","https://www.facebook.com/Rep.BLawrence/photos/a.395907980569316.1073741828.395759603917487/724243107735800/?type=3","395759603917487_724243107735800",NA,11,0,0
"395759603917487","Rep. Brenda Lawrence","I just don’t understand how Republicans are able to look at people back home in their districts and honestly say they are looking out for their best interests. Whether it’s their disastrous effort to make families pay more for less on health care or the President’s newly released budget, their agenda is proving to be one that will leave hardworking Americans hurting.   https://www.americanprogress.org/issues/poverty/news/2017/03/16/428315/10-ways-president-trumps-agenda-will-harm-supporters-rural-small-town-america/","2017-03-17T18:01:25+0000","link","https://www.americanprogress.org/issues/poverty/news/2017/03/16/428315/10-ways-president-trumps-agenda-will-harm-supporters-rural-small-town-america/","395759603917487_722225171270927",NA,18,9,16
"395759603917487","Rep. Brenda Lawrence","The Trump admin thinks it knows what singles moms need. Tag #DetroitSingleMom and tell us what's important to YOU not THEM!  https://www.google.com/amp/m.huffpost.com/us/entry/us_58ca8cade4b0be71dcf1d3eb/amp","2017-03-17T13:30:42+0000","link","https://www.google.com/amp/m.huffpost.com/us/entry/us_58ca8cade4b0be71dcf1d3eb/amp","395759603917487_722122101281234",NA,21,2,6
"395759603917487","Rep. Brenda Lawrence","‪It was great speaking with the @GLCommission and NE-Midwest Institute today on the Hill! We will continue to fight for our MI constituents. ‬","2017-03-16T18:20:45+0000","photo","https://www.facebook.com/Rep.BLawrence/photos/a.398277836998997.1073741829.395759603917487/721783061315138/?type=3","395759603917487_721783091315135","Rep. Brenda Lawrence added 2 new photos.",21,1,1
"395759603917487","Rep. Brenda Lawrence","We need real ideas that work for the American people – not a slash & burn budget that will starve our nation of progress. #TrumpCuts","2017-03-16T17:53:34+0000","photo","https://www.facebook.com/Rep.BLawrence/photos/a.395907980569316.1073741828.395759603917487/721775737982537/?type=3","395759603917487_721775737982537",NA,34,3,5
"395759603917487","Rep. Brenda Lawrence","Shirley A. Jackson former head of the United States Nuclear Regulatory Commission. She is the first female African American to receive a doctorate from the Massachusetts Institute of Technology. #WomensHistoryMonth #HERStory #WHM","2017-03-16T16:38:52+0000","photo","https://www.facebook.com/Rep.BLawrence/photos/a.395907980569316.1073741828.395759603917487/721746631318781/?type=3","395759603917487_721746631318781",NA,14,1,2
"395759603917487","Rep. Brenda Lawrence","No surprise. #NoBan   http://edition.cnn.com/2017/03/15/politics/travel-ban-blocked/index.html","2017-03-15T23:01:53+0000","link","http://edition.cnn.com/2017/03/15/politics/travel-ban-blocked/index.html","395759603917487_721376254689152",NA,85,9,17
"395759603917487","Rep. Brenda Lawrence","All throughout his campaign, President Trump claimed he alone would be a true defender of programs like Medicare and Medicaid. But it looks like he spoke too soon. The Prescription for Disaster he and Speaker Ryan are pushing wouldn’t just make families #PayMoreForLess health coverage – it would kick 14 million Americans off Medicaid, and shorten Medicare’s solvency by three years!  http://www.vox.com/2017/3/13/14914812/trump-ahca-medicaid-cuts","2017-03-15T15:58:29+0000","link","http://www.vox.com/2017/3/13/14914812/trump-ahca-medicaid-cuts","395759603917487_721240838036027",NA,16,7,26
"395759603917487","Rep. Brenda Lawrence","Dorothy J. Dandridge best known for being the first African-American actress to be nominated for an Academy Award for Best Actress #HERStory","2017-03-15T13:22:37+0000","photo","https://www.facebook.com/Rep.BLawrence/photos/a.395907980569316.1073741828.395759603917487/721156644711113/?type=3","395759603917487_721156644711113",NA,18,2,0
"395759603917487","Rep. Brenda Lawrence","14th District Town Hall Meeting","2017-03-13T23:12:51+0000","video","https://www.facebook.com/Rep.BLawrence/videos/720462161447228/","395759603917487_720462161447228","Rep. Brenda Lawrence was live.",55,18,12
"395759603917487","Rep. Brenda Lawrence","Tonight! You're Invited!","2017-03-13T22:34:30+0000","photo","https://www.facebook.com/Rep.BLawrence/photos/a.395907980569316.1073741828.395759603917487/720455081447936/?type=3","395759603917487_720455081447936",NA,11,0,0
"395759603917487","Rep. Brenda Lawrence","Speaking at press conference opposing Trump administration plan to use the foster care system as a tool to punish immigrants coming to this country.","2017-03-10T18:41:31+0000","video","https://www.facebook.com/Rep.BLawrence/videos/718734841619960/","395759603917487_718734841619960",NA,15,0,3
"395759603917487","Rep. Brenda Lawrence","House Democrats Opposing Trump Admin Plan to Use Foster Care as Immigration Deterrent |  https://bass.house.gov/media-center/press-releases/rep-bass-leads-house-democrats-letter-opposing-trump-administration-plan","2017-03-10T18:38:58+0000","link","https://bass.house.gov/media-center/press-releases/rep-bass-leads-house-democrats-letter-opposing-trump-administration-plan","395759603917487_718734714953306",NA,11,0,1
"395759603917487","Rep. Brenda Lawrence","Michigan's 14th District! You're Invited! Come out this Monday, March 13th for our town hall meeting. See you there!","2017-03-09T15:24:52+0000","photo","https://www.facebook.com/Rep.BLawrence/photos/a.395907980569316.1073741828.395759603917487/718200275006750/?type=3","395759603917487_718200275006750",NA,29,0,26
"395759603917487","Rep. Brenda Lawrence","Rep. Lawrence on Introduction of House Resolution to Protect Freedom of the Press | Congresswoman Brenda Lawrence lawrence.house.gov/media-center/p…","2017-03-08T21:46:52+0000","link","http://lawrence.house.gov/media-center/p","395759603917487_717832181710226",NA,15,0,1
"395759603917487","Rep. Brenda Lawrence","‪A big THANKS to all the women and men who came out today to support #daywithoutawoman #womensrightsarehumanrights ‬","2017-03-08T18:38:18+0000","video","https://www.facebook.com/Rep.BLawrence/videos/717773561716088/","395759603917487_717773561716088",NA,48,0,2
"395759603917487","Rep. Brenda Lawrence","On the House steps For Women's Rights!  #DayWithoutAWoman","2017-03-08T17:35:16+0000","video","https://www.facebook.com/Rep.BLawrence/videos/717750051718439/","395759603917487_717750051718439","Rep. Brenda Lawrence was live.",59,4,7
"395759603917487","Rep. Brenda Lawrence","On #InternationalWomensDay  & every day, I’m fighting for gender equality & women’s empowerment in the US & globally. #DayWithoutAWoman","2017-03-08T16:20:04+0000","photo","https://www.facebook.com/Rep.BLawrence/photos/a.395907980569316.1073741828.395759603917487/717721108388000/?type=3","395759603917487_717721108388000",NA,13,0,0
"395759603917487","Rep. Brenda Lawrence","‪Tune in at 12:30 ET to watch a #DayWithoutAWoman press conference on the steps of the US Capitol: https://www.facebook.com/HouseDemocrats/‬ ‪ ‬","2017-03-08T16:19:30+0000","link","https://www.facebook.com/HouseDemocrats/","395759603917487_717720881721356","Rep. Brenda Lawrence shared a Page.",4,0,0
"395759603917487","Rep. Brenda Lawrence","""The threat against the Jewish population across the country is horrifying and unacceptable."" -Rep. Lawrence   https://lawrence.house.gov/media-center/press-releases/congresswoman-lawrence-statement-recent-anti-semitic-threats","2017-03-08T15:31:51+0000","link","https://lawrence.house.gov/media-center/press-releases/congresswoman-lawrence-statement-recent-anti-semitic-threats","395759603917487_717705005056277",NA,21,2,3
"395759603917487","Rep. Brenda Lawrence","Rep. Lawrence on Republican Plan to Replace ACA: https://lawrence.house.gov/media-center/press-releases/congresswoman-lawrence-republican-s-plan-replace-aca","2017-03-07T21:02:41+0000","link","https://lawrence.house.gov/media-center/press-releases/congresswoman-lawrence-republican-s-plan-replace-aca","395759603917487_717283415098436",NA,17,8,6
"395759603917487","Rep. Brenda Lawrence","ACA repeal “would substantially cut back funding to states that cover poor adults” through Medicaid. #RxForDisaster https://goo.gl/8gzeE3","2017-03-07T19:32:39+0000","link","https://goo.gl/8gzeE3","395759603917487_717257791767665",NA,4,2,1
"395759603917487","Rep. Brenda Lawrence","Rep. LAWRENCE JOINT STATEMENT ON TRUMP’S NEW MUSLIM/REFUGEE BAN  https://lawrence.house.gov/media-center/press-releases/conyers-kildee-dingell-lawrence-statement-trump-s-new-muslimrefugee-ban","2017-03-06T21:43:52+0000","link","https://lawrence.house.gov/media-center/press-releases/conyers-kildee-dingell-lawrence-statement-trump-s-new-muslimrefugee-ban","395759603917487_716854605141317",NA,36,1,17
"395759603917487","Rep. Brenda Lawrence","Congratulations again to the winner of the Black History Month Contest Danielle Williams it was a pleasure to sit down and speak with you. Continue to do great things!","2017-03-06T16:39:08+0000","photo","https://www.facebook.com/Rep.BLawrence/photos/a.395907980569316.1073741828.395759603917487/716750581818386/?type=3","395759603917487_716750581818386",NA,29,0,0
"395759603917487","Rep. Brenda Lawrence","Interested in stories surrounding Att. General Jeff Sessions? Tune into MSNBC to hear my thoughts on the issue ---> http://ow.ly/eLYJ309yG0O","2017-03-03T16:24:19+0000","video","http://ow.ly/eLYJ309yG0O","395759603917487_715412328618878",NA,3,1,0
"395759603917487","Rep. Brenda Lawrence","First Flynn, now Sessions. #WhosNext? Speaking in front of the #DOJ  calling for AG Jeff Sessions to immediately RESIGN! #TiesAndLies","2017-03-02T17:52:45+0000","video","https://www.facebook.com/Rep.BLawrence/videos/715015631991881/","395759603917487_715015631991881",NA,45,8,7
"395759603917487","Rep. Brenda Lawrence","Live Now, call for Sessions to Resign","2017-03-02T17:05:03+0000","video","https://www.facebook.com/moveon/videos/10154191822920493/","395759603917487_715002455326532","Rep. Brenda Lawrence shared MoveOn.org's live video.",37,3,0
"395759603917487","Rep. Brenda Lawrence","‪Let us honor the great women of the past, celebrate present progress, and fight for greater #Equality in the future. #WomensHistoryMonth ‬","2017-03-01T20:12:47+0000","photo","https://www.facebook.com/Rep.BLawrence/photos/a.395907980569316.1073741828.395759603917487/714632955363482/?type=3","395759603917487_714632955363482",NA,9,2,2
"395759603917487","Rep. Brenda Lawrence","There’s no way around it – the #MuslimBan is an unconstitutional policy that threatens our national security.","2017-03-01T19:12:20+0000","photo","https://www.facebook.com/Rep.BLawrence/photos/a.395907980569316.1073741828.395759603917487/714614832031961/?type=3","395759603917487_714614832031961",NA,9,0,0
"395759603917487","Rep. Brenda Lawrence","See Congresswoman Lawrence's interview at 46:20.  Reaction to Trump's Presidential Address 2/28","2017-03-01T19:05:24+0000","video","https://www.facebook.com/HuffPostPolitics/videos/10154845385287911/","395759603917487_714612828698828","Rep. Brenda Lawrence shared HuffPost Politics's live video.",0,0,0
"395759603917487","Rep. Brenda Lawrence","Congresswoman Brenda Lawrence reaction to Trump's Address-C-Span","2017-03-01T17:05:42+0000","link","https://www.c-span.org/video/?424644-1%2Fmembers-congress-react-president-trumps-address","395759603917487_714574395369338",NA,5,0,0
"395759603917487","Rep. Brenda Lawrence","Congratulations to the winner of my Black History Month contest! Danielle Williams, a Renaissance High School senior, is the winner of the contest. Danielle chose Hattie McDaniel as her inspiration behind her video submission. She spoke about why she is so inspirational to her, and what being an African-American woman in the film industry means. Danielle is currently passionate about film/photography and even has a short film she has completed, which is spotlighted in her submission.   Click here to view her post: https://youtu.be/XuaThszWdM0","2017-03-01T17:02:39+0000","photo","https://www.facebook.com/Rep.BLawrence/photos/a.395907980569316.1073741828.395759603917487/714571462036298/?type=3","395759603917487_714571462036298",NA,89,27,17
"395759603917487","Rep. Brenda Lawrence","House Democrats Celebrate Diversity Press Conference at 1pm. Watch live here: https://youtu.be/rWHiSNsbb-Y","2017-02-28T17:50:04+0000","video","https://youtu.be/rWHiSNsbb-Y","395759603917487_714190858741025",NA,5,2,0
"395759603917487","Rep. Brenda Lawrence","Congresswoman Lawrence on the President's address and Guest who will accompany her:  https://lawrence.house.gov/media-center/press-releases/congresswoman-lawrence-presidential-address-nation","2017-02-28T13:05:29+0000","link","https://lawrence.house.gov/media-center/press-releases/congresswoman-lawrence-presidential-address-nation","395759603917487_714098548750256",NA,41,3,8
"395759603917487","Rep. Brenda Lawrence","Tune in at 10:15 to hear info on the Oversight Committee and the Trump Administration...including Russian ties http://ow.ly/nsdk309oLrV","2017-02-27T15:09:43+0000","photo","https://www.facebook.com/Rep.BLawrence/photos/a.395907980569316.1073741828.395759603917487/713671288792982/?type=3","395759603917487_713671288792982",NA,35,3,4
"395759603917487","Rep. Brenda Lawrence","Congratulations to the Detroit Job Corps class of 2017! #FutureLeaders","2017-02-24T18:37:32+0000","photo","https://www.facebook.com/Rep.BLawrence/photos/a.398277836998997.1073741829.395759603917487/712308198929291/?type=3","395759603917487_712308345595943","Rep. Brenda Lawrence added 5 new photos.",24,1,0
"395759603917487","Rep. Brenda Lawrence","Immigration Town Hall ""Know Your Rights""","2017-02-23T23:11:18+0000","video","https://www.facebook.com/Rep.BLawrence/videos/711945648965546/","395759603917487_711945648965546","Rep. Brenda Lawrence was live.",62,16,16
"395759603917487","Rep. Brenda Lawrence","Congresswoman Brenda Lawrence (MI-14) on MSNBC with Ali Velshi on POTUS meeting with the Congressional Black Caucus","2017-02-23T21:10:46+0000","video","https://www.youtube.com/attribution_link?a=cxC7udFztI4&u=%2Fwatch%3Fv%3DHJdoBIPdaKE%26feature%3Dshare","395759603917487_711916618968449",NA,8,1,1
"395759603917487","Rep. Brenda Lawrence","‪I support clean air and water and #ClimateAction! Check out my 100% on the 2016 #LCVScorecard: scorecard.lcv.org  ‬","2017-02-23T18:53:14+0000","link","http://scorecard.lcv.org/","395759603917487_711874858972625",NA,34,1,1
"395759603917487","Rep. Brenda Lawrence","Doris “Dorie” Miller was a Messman Third Class that the United States Navy noted for his bravery during the attack on Pearl Harbor on December 7, 1941. He was the first African American to be awarded the Navy Cross, the third highest honor awarded by the U.S. Navy at the time, after the Medal of Honor and the Navy Distinguished Service Medal. #BlackHistoryUntold","2017-02-23T14:30:28+0000","photo","https://www.facebook.com/Rep.BLawrence/photos/a.395907980569316.1073741828.395759603917487/711787068981404/?type=3","395759603917487_711787068981404",NA,15,2,0
"395759603917487","Rep. Brenda Lawrence","Listen Live to hear more on the intentions behind the Immigration Town Hall tomorrow! http://www.wjr.com/frankbeckmann/","2017-02-22T16:52:39+0000","link","http://www.wjr.com/frankbeckmann/","395759603917487_711406859019425",NA,2,0,0
"395759603917487","Rep. Brenda Lawrence","Mae C. Jemison: In 1992, she became the first African-American astronaut and African-American woman in space. #BlackHistoryUntold","2017-02-22T15:10:56+0000","photo","https://www.facebook.com/Rep.BLawrence/photos/a.395907980569316.1073741828.395759603917487/711376689022442/?type=3","395759603917487_711376689022442",NA,20,2,4
"395759603917487","Rep. Brenda Lawrence","‪The history of rhythm & blues is deserving of preserving. Proud to stand today in #Detroit in support of a hall of fame honoring R&B icons.‬","2017-02-21T19:54:15+0000","photo","https://www.facebook.com/Rep.BLawrence/photos/a.395907980569316.1073741828.395759603917487/711043772389067/?type=3","395759603917487_711043772389067",NA,26,0,1
"395759603917487","Rep. Brenda Lawrence","Tune in this morning at 11:40am for more talk with MSNBC: http://ow.ly/oxZD309dlEt","2017-02-21T16:20:02+0000","photo","https://www.facebook.com/Rep.BLawrence/photos/a.395907980569316.1073741828.395759603917487/710974985729279/?type=3","395759603917487_710974985729279",NA,36,4,1
"395759603917487","Rep. Brenda Lawrence","Bass Reeves is a legend of the west, one of the first Black lawmen in the region and one of the first Black heroes of the era. #BlackHistoryUntold","2017-02-21T14:28:52+0000","photo","https://www.facebook.com/Rep.BLawrence/photos/a.395907980569316.1073741828.395759603917487/710937375733040/?type=3","395759603917487_710937375733040",NA,5,0,1
"395759603917487","Rep. Brenda Lawrence","Acclaimed ballerina Misty Copeland is the first African-American performer to be appointed as a principal dancer for American Ballet Theatre. #BlackHistoryUntold","2017-02-20T17:05:26+0000","photo","https://www.facebook.com/Rep.BLawrence/photos/a.395907980569316.1073741828.395759603917487/710528115773966/?type=3","395759603917487_710528115773966",NA,36,2,5
"395759603917487","Rep. Brenda Lawrence","The #ACA has made real change in the lives of real people. Listen to the change it has made in the life of constituent Denise. #ProtectOurCare #NationalDayOfAction","2017-02-18T18:55:57+0000","video","https://www.facebook.com/Rep.BLawrence/videos/709527892540655/","395759603917487_709527892540655",NA,14,0,4
"395759603917487","Rep. Brenda Lawrence","‪@HouseDems across the country for the Nat'l ACA Day of Action. Hosting a round table with healthcare professionals. #Detroit #ProtectOurCare‬","2017-02-18T18:03:47+0000","photo","https://www.facebook.com/Rep.BLawrence/photos/a.398277836998997.1073741829.395759603917487/709500032543441/?type=3","395759603917487_709500069210104","Rep. Brenda Lawrence added 3 new photos.",12,0,0
"395759603917487","Rep. Brenda Lawrence","I am proud to stand with community members from across the 14th to #ProtectOurCare!","2017-02-18T14:10:08+0000","photo","https://www.facebook.com/Rep.BLawrence/photos/a.395907980569316.1073741828.395759603917487/709401105886667/?type=3","395759603917487_709401105886667",NA,16,0,0
"395759603917487","Rep. Brenda Lawrence","Congress should be fighting for a healthier country, not to #MakeAmericaSickAgain. #ProtectOurCare","2017-02-18T14:00:23+0000","photo","https://www.facebook.com/Rep.BLawrence/photos/a.395907980569316.1073741828.395759603917487/709396152553829/?type=3","395759603917487_709396152553829",NA,6,0,0
"395759603917487","Rep. Brenda Lawrence","We are back! Tune in to MSNBC at 8:15am...more on President Trump’s Administration...including Russia Investigation http://ow.ly/QGJp3097Xyu","2017-02-18T13:12:41+0000","photo","https://www.facebook.com/Rep.BLawrence/photos/a.395907980569316.1073741828.395759603917487/709374449222666/?type=3","395759603917487_709374449222666",NA,45,1,2
"395759603917487","Rep. Brenda Lawrence","Evelyn Ashford: a 4x Olympic gold medalist and former world-record holder in the 100-meter dash. #BlackHistoryUntold","2017-02-17T21:43:38+0000","photo","https://www.facebook.com/Rep.BLawrence/photos/a.395907980569316.1073741828.395759603917487/709049782588466/?type=3","395759603917487_709049782588466",NA,5,0,1
"395759603917487","Rep. Brenda Lawrence","Tune in now! Interview with Bankhole Thompson on the CBC and Trump Administration http://www.910amsuperstation.com/watch-live/","2017-02-17T17:39:54+0000","link","http://www.910amsuperstation.com/watch-live/","395759603917487_708952615931516",NA,2,0,0
"395759603917487","Rep. Brenda Lawrence","Tune in at 10:30am to MSNBC to hear my thoughts on Trump and the CBC...http://ow.ly/EOHb3096qyh","2017-02-17T15:25:07+0000","photo","https://www.facebook.com/Rep.BLawrence/photos/a.395907980569316.1073741828.395759603917487/708890839271027/?type=3","395759603917487_708890839271027",NA,39,1,1
"395759603917487","Rep. Brenda Lawrence","Let's see if .@realDonaldTrump honors his word and finally meet with the @OfficialCBC. We're ready. We're waiting.  https://www.google.com/amp/www.cbsnews.com/amp/news/trump-asks-reporter-to-set-up-the-meeting-with-congressional-black-caucus/?client=safari","2017-02-16T21:43:17+0000","link","https://www.google.com/amp/www.cbsnews.com/amp/news/trump-asks-reporter-to-set-up-the-meeting-with-congressional-black-caucus/?client=safari","395759603917487_708490885977689",NA,48,8,9
"395759603917487","Rep. Brenda Lawrence","https://lawrence.house.gov/media-center/press-releases/congresswoman-lawrence-timely-mental-health-foster-youth-act","2017-02-16T21:42:38+0000","link","https://lawrence.house.gov/media-center/press-releases/congresswoman-lawrence-timely-mental-health-foster-youth-act","395759603917487_708490559311055",NA,6,1,0
"395759603917487","Rep. Brenda Lawrence","Sam Lacy: a pioneer in the field of sports reporting, giving a voice to the hopes, thoughts and dreams of Black athletes and fans across the United States. #BlackHistoryUntold","2017-02-16T14:08:06+0000","photo","https://www.facebook.com/Rep.BLawrence/photos/a.395907980569316.1073741828.395759603917487/708322102661234/?type=3","395759603917487_708322102661234",NA,10,1,2
"395759603917487","Rep. Brenda Lawrence","Don’t forget to enter your submissions for our Black History Month Contest! More info can be found online! (http://ow.ly/d7MS3092cCq)","2017-02-15T17:14:49+0000","photo","https://www.facebook.com/Rep.BLawrence/photos/a.395907980569316.1073741828.395759603917487/707812726045505/?type=3","395759603917487_707812726045505",NA,0,0,1
"395759603917487","Rep. Brenda Lawrence","Norma Sklarek: the first licensed African-American female architect & first black female fellow of the American Institute of Architects #BlackHistoryUntold","2017-02-15T14:12:54+0000","photo","https://www.facebook.com/Rep.BLawrence/photos/a.395907980569316.1073741828.395759603917487/707734416053336/?type=3","395759603917487_707734416053336",NA,18,1,4
"395759603917487","Rep. Brenda Lawrence","With @HouseDemocrats women Members of Congress. #WhatWomenWant on this #Valentine 'sDay! #Equality","2017-02-14T21:29:49+0000","photo","https://www.facebook.com/Rep.BLawrence/photos/a.395907980569316.1073741828.395759603917487/707395789420532/?type=3","395759603917487_707395789420532",NA,11,2,1
"395759603917487","Rep. Brenda Lawrence","‪TODAY! Michigan's 14th District! You are invited to a #KnowYourRights town hall Thursday Feb.23! #Immigration ‬","2017-02-14T19:46:57+0000","photo","https://www.facebook.com/Rep.BLawrence/photos/a.395907980569316.1073741828.395759603917487/707355852757859/?type=3","395759603917487_707355852757859",NA,25,4,22
"395759603917487","Rep. Brenda Lawrence","‪ #Equality is #WhatWomenWant on this Valentine's Day! #EqualPayForEqualWork #ProtectOurCare ‬","2017-02-14T19:36:16+0000","photo","https://www.facebook.com/Rep.BLawrence/photos/a.395907980569316.1073741828.395759603917487/707353009424810/?type=3","395759603917487_707353009424810",NA,44,1,4
"395759603917487","Rep. Brenda Lawrence",NA,"2017-02-14T18:42:14+0000","video","https://www.facebook.com/Rep.BLawrence/videos/707332986093479/","395759603917487_707332986093479",NA,18,2,1
"395759603917487","Rep. Brenda Lawrence","Congresswoman Brenda Lawrence speaks on the state of Education and Healthcare under the new administration","2017-02-14T17:10:09+0000","link","https://www.c-span.org/video/?c4656640%2Fcbl-house-session-3","395759603917487_707308846095893",NA,20,0,2
"395759603917487","Rep. Brenda Lawrence","What does Black History mean to you? Are you or someone you know in grades K-12? Tell us in a short video! #ShareThisPost #BlackHistory","2017-02-14T17:00:36+0000","photo","https://www.facebook.com/Rep.BLawrence/photos/a.395907980569316.1073741828.395759603917487/707306359429475/?type=3","395759603917487_707306359429475",NA,4,1,0
"395759603917487","Rep. Brenda Lawrence","Percy Julian: known for the contributions he made to the field of science. His research and development of synthetic compounds made him one of the most significant contributors to science and health care in the 20th century #BlackHistoryUntold","2017-02-14T14:04:18+0000","photo","https://www.facebook.com/Rep.BLawrence/photos/a.395907980569316.1073741828.395759603917487/707248052768639/?type=3","395759603917487_707248052768639",NA,9,1,1
"395759603917487","Rep. Brenda Lawrence","Across the country, Americans are proving that while Republicans can try to hide from reality, they can’t run from the facts. The Affordable Care Act is improving American lives – and the people aren’t going to give in to radical plans to turn back the clock. https://www.nytimes.com/2017/02/10/opinion/help-my-constituents-are-after-me.html","2017-02-13T16:19:03+0000","link","https://www.nytimes.com/2017/02/10/opinion/help-my-constituents-are-after-me.html","395759603917487_706807386146039",NA,22,3,3
"395759603917487","Rep. Brenda Lawrence","Marie M. Daly: the first African-American woman to receive a Ph.D. in chemistry in the United States. #BlackHistoryUntold","2017-02-13T14:18:07+0000","photo","https://www.facebook.com/Rep.BLawrence/photos/a.395907980569316.1073741828.395759603917487/706765319483579/?type=3","395759603917487_706765319483579",NA,33,0,2
"395759603917487","Rep. Brenda Lawrence","Wendell Scott: pioneer in the sport of auto racing as the first Black full-time driver on the NASCAR circuit. Acting as a driver and his own mechanic he gained the admiration of fans and fellow drivers through his grit and determination to be successful in a sport deeply-entrenched in the Jim Crow south. #BlackHistoryUntold","2017-02-12T15:29:42+0000","photo","https://www.facebook.com/Rep.BLawrence/photos/a.395907980569316.1073741828.395759603917487/706326699527441/?type=3","395759603917487_706326699527441",NA,7,0,2
"395759603917487","Rep. Brenda Lawrence","Son of an immigrant. Son of #Detroit. Innovator. Change maker. His legacy lives on. We will all miss #mikeilitch  https://www.google.com/amp/s/mobile.nytimes.com/2017/02/10/sports/hockey/mike-ilitch-dead-detroit-tigers-red-wings.amp.html?client=safari","2017-02-12T02:55:47+0000","link","https://www.google.com/amp/s/mobile.nytimes.com/2017/02/10/sports/hockey/mike-ilitch-dead-detroit-tigers-red-wings.amp.html?client=safari","395759603917487_706098766216901",NA,9,0,0
"395759603917487","Rep. Brenda Lawrence","In 1981, Alexa Canady became the first female African-American neurosurgeon in the United States.","2017-02-12T00:58:32+0000","photo","https://www.facebook.com/Rep.BLawrence/photos/a.395907980569316.1073741828.395759603917487/706060252887419/?type=3","395759603917487_706060252887419",NA,49,1,3
"395759603917487","Rep. Brenda Lawrence","https://lawrence.house.gov/media-center/press-releases/congresswoman-lawrence-9th-circuit-s-ruling-trump-s-immigrant-and","2017-02-10T21:11:53+0000","link","https://lawrence.house.gov/media-center/press-releases/congresswoman-lawrence-9th-circuit-s-ruling-trump-s-immigrant-and","395759603917487_705513482942096",NA,22,2,1
"395759603917487","Rep. Brenda Lawrence","Matt Baker is often considered the first known successful African-American artist in the comic-book industry. #BlackHistoryUntold","2017-02-10T15:54:15+0000","photo","https://www.facebook.com/Rep.BLawrence/photos/a.395907980569316.1073741828.395759603917487/705408832952561/?type=3","395759603917487_705408832952561",NA,11,1,2
"395759603917487","Rep. Brenda Lawrence","#Democracy #Justice #FightingForAll https://www.google.com/amp/amp.usatoday.com/story/97644206/?client=safari","2017-02-10T01:43:52+0000","link","https://www.google.com/amp/amp.usatoday.com/story/97644206/?client=safari","395759603917487_705121319647979",NA,11,0,0
"395759603917487","Rep. Brenda Lawrence","In face of adversity, in the face of injustice and for the sake of liberty and justice for all--we must persist. #ShePersisted   https://www.facebook.com/RepBonnie/videos/1649040595398305/","2017-02-09T19:28:26+0000","video","https://www.facebook.com/RepBonnie/videos/1649040595398305/","395759603917487_705006269659484","Rep. Brenda Lawrence shared Bonnie Watson Coleman's video.",12,1,0
"395759603917487","Rep. Brenda Lawrence","Amelia Boynton Robinson: a civil rights pioneer who championed voting rights for African Americans. She was brutally beaten for helping to lead a 1965 civil rights march, which became known as Bloody Sunday and drew national attention to the Civil Rights Movement. She was also the first black woman to run for Congress in Alabama. #BlackHistoryUntold","2017-02-09T15:16:22+0000","photo","https://www.facebook.com/Rep.BLawrence/photos/a.395907980569316.1073741828.395759603917487/704920029668108/?type=3","395759603917487_704920029668108",NA,23,1,4
"395759603917487","Rep. Brenda Lawrence","‪We do not have the luxury of silence in the face of injustice. We must speak up stand up and #persist #ShePersisted @SenWarren #stopsessions‬","2017-02-08T21:51:07+0000","photo","https://www.facebook.com/Rep.BLawrence/photos/a.395907980569316.1073741828.395759603917487/704624493030995/?type=3","395759603917487_704624493030995",NA,44,2,2
"395759603917487","Rep. Brenda Lawrence","""They can shut me up, but they can't change the truth,""@SenWarren #stopsessions #letlizspeak #Truth  https://www.google.com/amp/s/amp.cnn.com/cnn/2017/02/07/politics/elizabeth-warren-silenced/index.html?client=safari","2017-02-08T20:02:54+0000","link","https://www.google.com/amp/s/amp.cnn.com/cnn/2017/02/07/politics/elizabeth-warren-silenced/index.html?client=safari","395759603917487_704587703034674",NA,109,5,20
"395759603917487","Rep. Brenda Lawrence","Mathew Henson, the co-discoverer of the North Pole along with Rear Admiral Robert Perry. #BlackHistoryUntold","2017-02-08T15:00:34+0000","photo","https://www.facebook.com/Rep.BLawrence/photos/a.395907980569316.1073741828.395759603917487/704479969712114/?type=3","395759603917487_704479969712114",NA,22,2,6
"395759603917487","Rep. Brenda Lawrence","‪At the @CanEmbUSA celebrating #NewWomenMembers of the 115th Congress. ""We deserve a seat at the table."" @RepLawrence ‬","2017-02-08T00:20:40+0000","photo","https://www.facebook.com/Rep.BLawrence/photos/a.398277836998997.1073741829.395759603917487/704221173071327/?type=3","395759603917487_704221273071317","Rep. Brenda Lawrence added 4 new photos.",18,0,0
"395759603917487","Rep. Brenda Lawrence","Patricia Roberts was the first African-American woman to hold a Cabinet position, served as an ambassador and head of a law school. Harris fought for fair housing and employment practices under the Carter Administration as the secretary of Housing and Urban Development. #BlackHistoryUntold","2017-02-07T14:32:51+0000","photo","https://www.facebook.com/Rep.BLawrence/photos/a.395907980569316.1073741828.395759603917487/704052429754868/?type=3","395759603917487_704052429754868",NA,12,0,3
"395759603917487","Rep. Brenda Lawrence","""Too much progress has been made, too much is at stake and we have too much to lose."" #NoMuslimBan  https://lawrence.house.gov/media-center/press-releases/congresswoman-lawrence-meets-community-leaders-address-president-s","2017-02-06T23:30:01+0000","link","https://lawrence.house.gov/media-center/press-releases/congresswoman-lawrence-meets-community-leaders-address-president-s","395759603917487_703768873116557",NA,34,2,2
"395759603917487","Rep. Brenda Lawrence","Today’s interfaith meeting w/community leaders on the Immigration Ban and plans to move forward....it’s so important to come together now more than ever  #StandForChange","2017-02-06T18:33:02+0000","photo","https://www.facebook.com/Rep.BLawrence/photos/a.395907980569316.1073741828.395759603917487/703676616459116/?type=3","395759603917487_703676616459116",NA,30,0,2
"395759603917487","Rep. Brenda Lawrence","Bayard Rustin spent years in the background of the shadows of the great civil rights leader of the 1960′s, despite being the man who taught, organized and led them. #BlackHistoryUntold","2017-02-06T14:01:44+0000","photo","https://www.facebook.com/Rep.BLawrence/photos/a.395907980569316.1073741828.395759603917487/703581786468599/?type=3","395759603917487_703581786468599",NA,22,0,5
"395759603917487","Rep. Brenda Lawrence","Carol Moseley Braun became the first African-American woman to be elected to the U.S. Senate in 1992. #BlackHistoryUntold","2017-02-05T15:01:20+0000","photo","https://www.facebook.com/Rep.BLawrence/photos/a.395907980569316.1073741828.395759603917487/703167826509995/?type=3","395759603917487_703167826509995",NA,66,1,6
"395759603917487","Rep. Brenda Lawrence","‪It was so great speaking at the #WomenInGovernment Program @GOVERNING about the importance of women in leadership! #payitforward ‬","2017-02-04T23:41:00+0000","photo","https://www.facebook.com/Rep.BLawrence/photos/a.398277836998997.1073741829.395759603917487/702857333207711/?type=3","395759603917487_702857386541039","Rep. Brenda Lawrence added 4 new photos.",36,2,0
"395759603917487","Rep. Brenda Lawrence","Jan Matzeliger, the man who made it possible for ordinary people to purchase shoes. As a result of his work, shoe production capabilities increased as did efficiency. This permitted for lower prices for consumers and more jobs for laborers. Matzeliger left behind a legacy of taking on what was thought to be an impossible task – making shoes affordable for the masses. #BlackHistoryUntold","2017-02-04T15:00:52+0000","photo","https://www.facebook.com/Rep.BLawrence/photos/a.395907980569316.1073741828.395759603917487/702681346558643/?type=3","395759603917487_702681346558643",NA,33,0,8
"395759603917487","Rep. Brenda Lawrence","William Hastie: an earlier Black political pioneer. As a politician, an educator and a jurist, Hastie made inroads and left a legacy that is hard to match in history. #BlackHistoryUntold #KnowYoureHistory","2017-02-03T16:55:13+0000","photo","https://www.facebook.com/Rep.BLawrence/photos/a.395907980569316.1073741828.395759603917487/702256193267825/?type=3","395759603917487_702256193267825",NA,10,0,0
"395759603917487","Rep. Brenda Lawrence","Did you know: Heart Disease is the leading cause of death for men and women in the U.S.? #BeInTheKnow #AmericanHeartMonth #HealthyLiving","2017-02-03T14:01:37+0000","photo","https://www.facebook.com/Rep.BLawrence/photos/a.395907980569316.1073741828.395759603917487/702191579940953/?type=3","395759603917487_702191579940953",NA,3,0,0
"395759603917487","Rep. Brenda Lawrence","‪Proud to #GoRedForWomen @RedCross to fight against #heartdisease in women. @RepBeatty @RepMarciaFudge @RepYvetteClarke @RepValDemings ‬","2017-02-03T00:43:12+0000","photo","https://www.facebook.com/Rep.BLawrence/photos/a.398277836998997.1073741829.395759603917487/701899369970174/?type=3","395759603917487_701899416636836","Rep. Brenda Lawrence added 3 new photos.",17,0,0
"395759603917487","Rep. Brenda Lawrence","Bessie Coleman: a pioneer and innovator in the field of aviation, both as an African-American and as a woman. Overcoming the obstacles placed in her path by the society of her day, she set and example for all of those following in her path.  #BlackHistory #BlackHistoryFacts #KnowYoureHistory   More info: http://www.greatblackheroes.com/entertainment/bessie-coleman/","2017-02-02T14:40:54+0000","photo","https://www.facebook.com/Rep.BLawrence/photos/a.395907980569316.1073741828.395759603917487/701611029999008/?type=3","395759603917487_701611029999008",NA,24,0,2
"395759603917487","Rep. Brenda Lawrence","‪Speaking last night with the #MuslimJewish Advisory Council. We need each other now more than ever.  We must fight for #LibertyAndJusticeForAll! ‬","2017-02-02T14:30:12+0000","photo","https://www.facebook.com/Rep.BLawrence/photos/a.395907980569316.1073741828.395759603917487/701604836666294/?type=3","395759603917487_701604836666294",NA,57,2,1
"395759603917487","Rep. Brenda Lawrence","We are missing the point of Black History Month if all we do is look into the history books and remember the fight waged by those who came before us. We must use their struggle as inspiration – and recommit ourselves to the work of building a better future for ourselves and our communities. #BlackHistoryMonth","2017-02-01T17:06:59+0000","photo","https://www.facebook.com/Rep.BLawrence/photos/a.395907980569316.1073741828.395759603917487/701207443372700/?type=3","395759603917487_701207443372700",NA,9,0,0
"395759603917487","Rep. Brenda Lawrence","We must remember how far we've come and how far we still have to go. #BlackHistory is part of the American story. #NeverForget @OfficialCBC","2017-02-01T14:36:41+0000","photo","https://www.facebook.com/Rep.BLawrence/photos/a.395907980569316.1073741828.395759603917487/701144046712373/?type=3","395759603917487_701144046712373",NA,26,1,2
"395759603917487","Rep. Brenda Lawrence","Adam Clayton Powell, Jr.: a giant in the Black community of Harlem, not only as the pastor of the Abyssinian Baptist Church, but also as a community activist and as the first African-American to represent New York in the United States House of Representatives. #BlackHistory #BlackHistoryFacts #KnowYoureHistory   More Info: http://www.greatblackheroes.com/government/adam-clayton-powell-jr/","2017-02-01T14:01:20+0000","photo","https://www.facebook.com/Rep.BLawrence/photos/a.395907980569316.1073741828.395759603917487/701130150047096/?type=3","395759603917487_701130150047096",NA,7,0,1
"395759603917487","Rep. Brenda Lawrence","‪It was great meeting with school board members from #Oakland County, #WayneCounty and #Pontiac addressing critical issues in #Education. ‬Thank you for your work, time and dedication.","2017-01-31T20:18:16+0000","photo","https://www.facebook.com/Rep.BLawrence/photos/a.398277836998997.1073741829.395759603917487/700781360081975/?type=3","395759603917487_700781396748638","Rep. Brenda Lawrence added 2 new photos.",25,0,0
"395759603917487","Rep. Brenda Lawrence","I support the amendment to address potential #conflictsofinterest of @realDonaldTrump as @POTUS in his business dealings. #accountability","2017-01-31T17:07:46+0000","video","https://www.facebook.com/Rep.BLawrence/videos/700722360087875/","395759603917487_700722360087875",NA,59,2,5
"395759603917487","Rep. Brenda Lawrence","‪I'm honored to be at the table with the @Transport committee to help strengthen our economy and improve our competitiveness. ‬","2017-01-31T15:36:58+0000","photo","https://www.facebook.com/Rep.BLawrence/photos/a.395907980569316.1073741828.395759603917487/700690213424423/?type=3","395759603917487_700690213424423",NA,8,0,0
"395759603917487","Rep. Brenda Lawrence","Democrats on the front line against hate, division and injustice.  #NoMuslimBan  https://www.google.com/amp/s/www.washingtonpost.com/amphtml/news/powerpost/wp/2017/01/30/democrats-rally-outside-supreme-court-with-protesters-who-want-them-to-do-more/","2017-01-31T14:42:13+0000","link","https://www.google.com/amp/s/www.washingtonpost.com/amphtml/news/powerpost/wp/2017/01/30/democrats-rally-outside-supreme-court-with-protesters-who-want-them-to-do-more/","395759603917487_700656276761150",NA,51,4,4
"395759603917487","Rep. Brenda Lawrence","‪Marching to the @USSupremeCourt with #Democratic Members of Congress. #noban ‬","2017-01-30T23:15:11+0000","photo","https://www.facebook.com/Rep.BLawrence/photos/a.398277836998997.1073741829.395759603917487/700395076787270/?type=3","395759603917487_700395100120601","Rep. Brenda Lawrence added 2 new photos.",84,2,5
"395759603917487","Rep. Brenda Lawrence","Ford Motor Company leading the way in automakers taking a stand.  http://www.freep.com/story/money/cars/ford/2017/01/30/ford-trump-travel-ban-we-do-not-support-policy/97242440/","2017-01-30T17:23:25+0000","link","http://www.freep.com/story/money/cars/ford/2017/01/30/ford-trump-travel-ban-we-do-not-support-policy/97242440/","395759603917487_700299080130203",NA,124,0,10
"395759603917487","Rep. Brenda Lawrence","Facts matter. This ban is senseless, dangerous and cruel.   http://m.huffpost.com/us/entry/us_588b5a1fe4b0230ce61b4b93","2017-01-30T16:56:41+0000","link","http://m.huffpost.com/us/entry/us_588b5a1fe4b0230ce61b4b93","395759603917487_700289493464495",NA,48,6,6
"395759603917487","Rep. Brenda Lawrence","""...we cannot allow fear or falsehoods to get in the way of facts. Terrorists are extremists, and not a religion."" -Rep. Lawrence   https://lawrence.house.gov/media-center/press-releases/congresswoman-lawrence-trump-s-immigration-order-against-refugees","2017-01-30T16:18:32+0000","link","https://lawrence.house.gov/media-center/press-releases/congresswoman-lawrence-trump-s-immigration-order-against-refugees","395759603917487_700276926799085",NA,68,4,9
"395759603917487","Rep. Brenda Lawrence","Standing strong together at the Detroit airport protest. This is what democracy looks like.","2017-01-29T23:41:06+0000","photo","https://www.facebook.com/Rep.BLawrence/photos/a.398277836998997.1073741829.395759603917487/699954606831317/?type=3","395759603917487_699954643497980","Rep. Brenda Lawrence added 3 new photos.",480,31,58
"395759603917487","Rep. Brenda Lawrence","At the #Detroit Airport protest. #NoMuslimBan #LibertyandJusticeForAll","2017-01-29T23:37:15+0000","video","https://www.facebook.com/Rep.BLawrence/videos/699952696831508/","395759603917487_699952696831508",NA,110,9,24
"395759603917487","Rep. Brenda Lawrence","Discrimination based on race, religion or national origin is unconstitutional, un-American and simply wrong.   ""We must prioritize the safety and security of our nation, and I support a strong vetting system....However, I do not, and we cannot support stereotyping and discrimination based on religion. ...Terrorists are extremists, and not a religion."" -Congresswoman Brenda Lawrence (MI-14)   http://www.freep.com/story/news/politics/2017/01/27/trump-refugees-michigan-executive-order/97155814/","2017-01-29T13:43:27+0000","link","http://www.freep.com/story/news/politics/2017/01/27/trump-refugees-michigan-executive-order/97155814/","395759603917487_699754993517945",NA,61,7,9
"395759603917487","Rep. Brenda Lawrence","https://www.facebook.com/permalink.php?story_fbid=10107789174568543&id=2218984","2017-01-29T03:47:12+0000","link","http://thehill.com/blogs/blog-briefing-room/news/316714-federal-judge-blocks-trump-immigration-ban-nationwide","395759603917487_699583770201734",NA,48,4,6
"395759603917487","Rep. Brenda Lawrence","‪On this #HolocaustMemorialDay, we remember the 6 million Jews who lost their lives. Honor them. Stand against #hate and #division. ‬","2017-01-27T21:30:03+0000","photo","https://www.facebook.com/Rep.BLawrence/photos/a.395907980569316.1073741828.395759603917487/699008940259217/?type=3","395759603917487_699008940259217",NA,42,1,5
"395759603917487","Rep. Brenda Lawrence","ATTENTION: You can still go to HealthCare.gov & shop for a plan. Deadline is Jan 31! #CoverageMatters RT to spread the word!","2017-01-27T20:22:58+0000","photo","https://www.facebook.com/Rep.BLawrence/photos/a.395907980569316.1073741828.395759603917487/698992423594202/?type=3","395759603917487_698992423594202",NA,13,2,10
"395759603917487","Rep. Brenda Lawrence","I'm so grateful to be appointed to the Subcommittees of #Aviation and #Highways and #Transit! @TransportDems  https://lawrence.house.gov/media-center/press-releases/congresswoman-lawrence-appointments-aviation-subcommittee-subcommittee","2017-01-25T15:49:48+0000","link","https://lawrence.house.gov/media-center/press-releases/congresswoman-lawrence-appointments-aviation-subcommittee-subcommittee","395759603917487_697914473701997",NA,50,3,2
"395759603917487","Rep. Brenda Lawrence","Our request was rejected and questions are still left unanswered. We can't forget #Flint.  Watch video links below:   https://democrats-oversight.house.gov/news/press-releases/chaffetz-defeats-amendment-to-subpoena-michigan-governor-for-documents-withheld","2017-01-24T21:50:56+0000","link","https://democrats-oversight.house.gov/news/press-releases/chaffetz-defeats-amendment-to-subpoena-michigan-governor-for-documents-withheld","395759603917487_697477203745724",NA,11,2,11
"395759603917487","Rep. Brenda Lawrence","‪I am honored to be appointed to the Subcommittee on Government Operations under the @GOPoversight. #accountability #transparency ‬","2017-01-24T20:26:55+0000","photo","https://www.facebook.com/Rep.BLawrence/photos/a.395907980569316.1073741828.395759603917487/697443873749057/?type=3","395759603917487_697443873749057",NA,40,4,1
"395759603917487","Rep. Brenda Lawrence","At an Oversight and Government Reform meeting calling on a re-opening of the #FlintWaterCrisis. #DontForgetFlint   https://lawrence.house.gov/media-center/press-releases/congresswoman-lawrence-calls-re-opening-flint-water-crisis-investigation","2017-01-24T19:02:52+0000","photo","https://www.facebook.com/Rep.BLawrence/photos/a.395907980569316.1073741828.395759603917487/697420343751410/?type=3","395759603917487_697420343751410",NA,27,0,4
"395759603917487","Rep. Brenda Lawrence","‪#TrumpGlobalGag will shut down health clinics around the world, risking lives & limiting access to care.‬","2017-01-23T19:23:24+0000","link","http://cnn.it/2k9fxNr","395759603917487_696907090469402",NA,4,2,13
"395759603917487","Rep. Brenda Lawrence","So proud to stand strong with so many to support women's rights and equality. #StrongerTogether","2017-01-21T22:46:21+0000","photo","https://www.facebook.com/Rep.BLawrence/photos/a.398277836998997.1073741829.395759603917487/695834530576658/?type=3","395759603917487_695835140576597","Rep. Brenda Lawrence added 5 new photos.",70,7,3
"395759603917487","Rep. Brenda Lawrence","#BlackWomenofCongress representing at the @womensmarch in #DC. @RepBarbaraLee @RepYvetteClarke @JacksonLeeTX18","2017-01-21T21:20:08+0000","photo","https://www.facebook.com/Rep.BLawrence/photos/a.395907980569316.1073741828.395759603917487/695803837246394/?type=3","395759603917487_695803837246394",NA,55,0,2
"395759603917487","Rep. Brenda Lawrence","This is what democracy looks like. Womensmarch DC","2017-01-21T21:14:20+0000","video","https://www.facebook.com/Rep.BLawrence/videos/695799950580116/","395759603917487_695799950580116",NA,127,6,7
"395759603917487","Rep. Brenda Lawrence","‪#ThankYouObama for reminding us that in a world of ""no"" and ""you can't"" we can smile and say #yeswecan! @POTUS44 @FLOTUS44 #History #Hope ‬","2017-01-20T19:26:34+0000","photo","https://www.facebook.com/Rep.BLawrence/photos/a.398277836998997.1073741829.395759603917487/695204480639663/?type=3","395759603917487_695204523972992","Rep. Brenda Lawrence added 2 new photos.",100,4,4
"395759603917487","Rep. Brenda Lawrence","Bidding a final farewell to the 44th President and his family. #ThankYouObama POTUS 44 FLOTUS","2017-01-20T19:17:01+0000","video","https://www.facebook.com/Rep.BLawrence/videos/695200273973417/","395759603917487_695200273973417",NA,37,1,1
"395759603917487","Rep. Brenda Lawrence","#Inauguration Day. Witnessing the #Transition2017 of power. #accountability #Equality #USA #WeThePeople","2017-01-20T17:40:42+0000","photo","https://www.facebook.com/Rep.BLawrence/photos/a.395907980569316.1073741828.395759603917487/695175027309275/?type=3","395759603917487_695175027309275",NA,16,4,0
"395759603917487","Rep. Brenda Lawrence","As a Member of Congress, I intend to stand up to our challenges and fight for justice and equality. Read my statement on attending the Trump inauguration and the Women's March.  https://lawrence.house.gov/media-center/press-releases/congresswoman-lawrence-inauguration-president-elect-trump-andattending","2017-01-19T21:02:29+0000","link","https://lawrence.house.gov/media-center/press-releases/congresswoman-lawrence-inauguration-president-elect-trump-andattending","395759603917487_694782570681854",NA,102,20,14
"395759603917487","Rep. Brenda Lawrence","Celebrating all Vietnam era veterans today at our pinning ceremony! #ThankYouForYourService #ProtectAndServe","2017-01-18T17:14:24+0000","photo","https://www.facebook.com/Rep.BLawrence/photos/a.395907980569316.1073741828.395759603917487/694231090737002/?type=3","395759603917487_694231090737002",NA,52,3,3
"395759603917487","Rep. Brenda Lawrence","‪.@HHSGov should serve all Americans. @RepTomPrice record speaks for itself. #BadforLGBT #BadforHHS #priceiswrong ‬","2017-01-18T17:12:35+0000","photo","https://www.facebook.com/Rep.BLawrence/photos/a.398277836998997.1073741829.395759603917487/694230514070393/?type=3","395759603917487_694230554070389","Rep. Brenda Lawrence added 2 new photos.",5,1,1
"395759603917487","Rep. Brenda Lawrence","A pinning ceremony to honor all Vietnam era veterans","2017-01-19T21:32:31+0000","photo","https://www.facebook.com/Rep.BLawrence/photos/a.694791060681005.1073741837.395759603917487/694791137347664/?type=3","395759603917487_694792697347508","Rep. Brenda Lawrence added 38 new photos to the album: Vietnam Veteran Pinning 2017.",7,0,0
"395759603917487","Rep. Brenda Lawrence","We are calling for the Flint Water Crisis investigation to be re-opened. The people of Flint deserve answers. They deserve justice. Click the link below to see press release and full letter. #DontForgetFlint   https://lawrence.house.gov/media-center/press-releases/congresswoman-lawrence-calls-re-opening-flint-water-crisis-investigation","2017-01-18T15:13:09+0000","link","https://lawrence.house.gov/media-center/press-releases/congresswoman-lawrence-calls-re-opening-flint-water-crisis-investigation","395759603917487_694190387407739",NA,78,2,24
"395759603917487","Rep. Brenda Lawrence","‪TODAY! A special invite to the #VietnamVeterans of Michigan's 14th district January 18th! #ThankYou‬","2017-01-18T14:51:06+0000","photo","https://www.facebook.com/Rep.BLawrence/photos/a.395907980569316.1073741828.395759603917487/694181757408602/?type=3","395759603917487_694181757408602",NA,5,0,0
"395759603917487","Rep. Brenda Lawrence","You’re invited! Tonight starting at 5:30p.m. I hope to see you there #BeTheChange","2017-01-17T22:12:05+0000","photo","https://www.facebook.com/Rep.BLawrence/photos/a.395907980569316.1073741828.395759603917487/693851457441632/?type=3","395759603917487_693851457441632",NA,7,0,1
"395759603917487","Rep. Brenda Lawrence","‪73,000: the number of young adults in #Michigan up to age 26 who can lose healthcare coverage under parents plan if the #ACA is repealed. ‬","2017-01-17T21:54:46+0000","photo","https://www.facebook.com/Rep.BLawrence/photos/a.395907980569316.1073741828.395759603917487/693846754108769/?type=3","395759603917487_693846754108769",NA,9,1,3
"395759603917487","Rep. Brenda Lawrence",NA,"2017-01-19T21:35:58+0000","photo","https://www.facebook.com/Rep.BLawrence/photos/a.694792760680835.1073741838.395759603917487/694793194014125/?type=3","395759603917487_694798127346965","Rep. Brenda Lawrence added 141 new photos to the album: District Swearing-In Ceremony.",6,0,0
"395759603917487","Rep. Brenda Lawrence","We cannot remain silent in the face of injustice. #keepthedreamalive #MLKDAY","2017-01-16T22:45:49+0000","photo","https://www.facebook.com/Rep.BLawrence/photos/a.395907980569316.1073741828.395759603917487/693393230820788/?type=3","395759603917487_693393230820788",NA,28,1,1
"395759603917487","Rep. Brenda Lawrence","‪Proud to be in the city of #Southfield with the Martin Luther King Jr Task Force event this morning! #MLKday2017 #keepthedreamalive ‬","2017-01-16T21:20:18+0000","photo","https://www.facebook.com/Rep.BLawrence/photos/a.398277836998997.1073741829.395759603917487/693364344157010/?type=3","395759603917487_693364477490330","Rep. Brenda Lawrence added 3 new photos.",45,1,1
"395759603917487","Rep. Brenda Lawrence","‪It was great attending and speaking at West Bloomfield's 23rd Annual ""United We Walk."" Theme: ""He Raises Us Up."" #MLKDAY #RiseUp‬","2017-01-16T21:15:20+0000","photo","https://www.facebook.com/Rep.BLawrence/photos/a.398277836998997.1073741829.395759603917487/693363260823785/?type=3","395759603917487_693363464157098","Rep. Brenda Lawrence added 4 new photos.",25,2,1
"395759603917487","Rep. Brenda Lawrence","It is important now more than ever that Dr. King’s dream rises up and we as a people are able to see it through. Use today to celebrate his legacy and help spread his dream of peace and equality for all. #MLKDay #ThisIsAnEmergency #BreakTheGlass","2017-01-16T14:01:36+0000","photo","https://www.facebook.com/Rep.BLawrence/photos/a.395907980569316.1073741828.395759603917487/693202024173242/?type=3","395759603917487_693202024173242",NA,39,2,1
"395759603917487","Rep. Brenda Lawrence","‪Happy Founders Day to #DeltaSigmaTheta! @dstinc1913 #104 yrs #ProudDelta ‬","2017-01-13T15:56:22+0000","photo","https://www.facebook.com/Rep.BLawrence/photos/a.395907980569316.1073741828.395759603917487/691837980976313/?type=3","395759603917487_691837980976313",NA,16,0,1
"395759603917487","Rep. Brenda Lawrence","‪Happy Founders Day to #DeltaSigmaTheta! @dstinc1913 #104 yrs #ProudDelta ‬","2017-01-16T16:23:57+0000","photo","https://www.facebook.com/Rep.BLawrence/photos/a.395907980569316.1073741828.395759603917487/693257887500989/?type=3","395759603917487_693257914167653",NA,10,0,0
"395759603917487","Rep. Brenda Lawrence","Great news for infrastructure and water improvements!  https://www.epa.gov/newsreleases/epa-launches-new-program-1-billion-loans-available-water-infrastructure-projects","2017-01-13T15:09:39+0000","link","https://www.epa.gov/newsreleases/epa-launches-new-program-1-billion-loans-available-water-infrastructure-projects","395759603917487_691825287644249",NA,14,0,4
"395759603917487","Rep. Brenda Lawrence","Important notice for constituents concerning White House tours....","2017-01-12T21:34:21+0000","photo","https://www.facebook.com/Rep.BLawrence/photos/a.395907980569316.1073741828.395759603917487/691489387677839/?type=3","395759603917487_691489387677839",NA,10,6,10
"395759603917487","Rep. Brenda Lawrence","A special invite to the #VietnamVeterans of Michigan's 14th district on January 18th! #ThankYou","2017-01-12T17:06:11+0000","photo","https://www.facebook.com/Rep.BLawrence/photos/a.395907980569316.1073741828.395759603917487/691403531019758/?type=3","395759603917487_691403531019758",NA,8,0,3
"395759603917487","Rep. Brenda Lawrence",NA,"2017-01-12T14:44:46+0000","video","https://www.facebook.com/CongressionalBlackCaucus/videos/10154667426416066/","395759603917487_691344771025634","Rep. Brenda Lawrence shared Congressional Black Caucus's video.",17,0,0
"395759603917487","Rep. Brenda Lawrence","‪Testimonies from @OfficialCBC Members @CoryBooker, @repjohnlewis and @RepRichmond. #stopsessions   https://www.c-span.org/video/?420933-1/senator-cory-booker-representative-john-lewis-testify-ag-nominee-jeff-sessions-confirmation-hearing‬","2017-01-11T21:46:25+0000","link","https://www.c-span.org/video/?420933-1%2Fsenator-cory-booker-representative-john-lewis-testify-ag-nominee-jeff-sessions-confirmation-hearing","395759603917487_691003927726385",NA,18,1,2
"395759603917487","Rep. Brenda Lawrence","#Michigan's 14th district! Save the date and come out to join us Tuesday, January 17th!","2017-01-11T19:29:44+0000","photo","https://www.facebook.com/Rep.BLawrence/photos/a.395907980569316.1073741828.395759603917487/690952881064823/?type=3","395759603917487_690952881064823",NA,12,0,3
"395759603917487","Rep. Brenda Lawrence","""This is serious, #JeffSessions is the wrong person for the job."" #stopsessions @rolandsmartin @newsone","2017-01-11T18:50:52+0000","photo","https://www.facebook.com/Rep.BLawrence/photos/a.395907980569316.1073741828.395759603917487/690938244399620/?type=3","395759603917487_690938244399620",NA,20,2,1
"395759603917487","Rep. Brenda Lawrence","‪Now at Senate hearing of #AttorneyGeneral nominee @jeffsessions. #JeffSessions is #Unfit for AG. @OfficialCBC ‬","2017-01-10T16:42:42+0000","photo","https://www.facebook.com/Rep.BLawrence/photos/a.395907980569316.1073741828.395759603917487/690420237784754/?type=3","395759603917487_690420237784754",NA,46,4,5
"395759603917487","Rep. Brenda Lawrence",NA,"2017-01-10T15:46:57+0000","photo","https://www.facebook.com/Rep.BLawrence/photos/a.690398914453553.1073741836.395759603917487/690398927786885/?type=3","395759603917487_690398927786885","Rep. Brenda Lawrence added 24 new photos to the album: Detroit Auto Show '17 — at North American International Auto Show.",23,0,0
"395759603917487","Rep. Brenda Lawrence","Rep. Lawrence remarks at 41:55. ""When someone shows you who they are, believe them."" With AFT opposing the nomination of Betsy DeVos of Secretary of Education.","2017-01-10T15:41:57+0000","video","https://www.facebook.com/AFTunion/videos/10154508790444160/","395759603917487_690400084453436","Rep. Brenda Lawrence shared AFT - American Federation of Teachers's live video.",27,0,0
"395759603917487","Rep. Brenda Lawrence","So proud to serve as Vice Chair for the bipartisan Congressional Women's Caucus! #WhenWomenSucceedAmericaSucceeds","2017-01-05T23:40:02+0000","photo","https://www.facebook.com/Rep.BLawrence/photos/a.398277836998997.1073741829.395759603917487/688068031353308/?type=3","395759603917487_688068208019957","Rep. Brenda Lawrence added 3 new photos.",50,5,3
"395759603917487","Rep. Brenda Lawrence","Standing strong with @OfficialCBC denouncing the repeal of the #affordablecareact and nomination of Jeff Sessions.","2017-01-05T19:44:32+0000","photo","https://www.facebook.com/Rep.BLawrence/photos/a.395907980569316.1073741828.395759603917487/687994398027338/?type=3","395759603917487_687994398027338",NA,18,1,0
"395759603917487","Rep. Brenda Lawrence","‪Taking a unified stand in support of women's healthcare. #ProtectOurCare @ProChoiceCaucus ‬","2017-01-05T18:25:37+0000","photo","https://www.facebook.com/Rep.BLawrence/photos/a.398277836998997.1073741829.395759603917487/687967404696704/?type=3","395759603917487_687967441363367","Rep. Brenda Lawrence added 2 new photos.",31,3,4
"395759603917487","Rep. Brenda Lawrence","Starting soon: Joining @NancyPelosi and Pro-Choice Leaders to Discuss Threats to Women’s Health Care via @HouseDemocrats #ProtectOurCare","2017-01-05T18:11:44+0000","status",NA,"395759603917487_687957474697697",NA,12,1,0
"395759603917487","Rep. Brenda Lawrence","I was honored to join @NancyPelosi and the historic number of #Congresswomen elected this 115th Congress. 65 Strong! Let's fill those stairs!","2017-01-04T21:16:02+0000","photo","https://www.facebook.com/Rep.BLawrence/photos/a.395907980569316.1073741828.395759603917487/687529994740445/?type=3","395759603917487_687529994740445",NA,104,6,3
"395759603917487","Rep. Brenda Lawrence","Celebrating the historic number of elected women of the House of Reps. 65 strong!","2017-01-04T19:16:18+0000","photo","https://www.facebook.com/Rep.BLawrence/photos/a.398277836998997.1073741829.395759603917487/687492101410901/?type=3","395759603917487_687492481410863","Rep. Brenda Lawrence added 5 new photos.",101,7,2
"395759603917487","Rep. Brenda Lawrence","https://www.facebook.com/HuffPostPolitics/videos/10154673076162911/","2017-01-04T18:36:23+0000","video","https://www.facebook.com/HuffPostPolitics/videos/10154673076162911/","395759603917487_687480181412093","Rep. Brenda Lawrence shared HuffPost Politics's live video.",27,1,0
"395759603917487","Rep. Brenda Lawrence","Rep. Lawrence on House Republicans Proposed Rules to Punish Members for recording and photos on House Floor.  lawrence.house.gov/media-center/p…","2017-01-03T21:02:31+0000","link","http://lawrence.house.gov/media-center/p","395759603917487_687046588122119",NA,17,6,5
"395759603917487","Rep. Brenda Lawrence","“It is sad that on our first day back in session, our ethical standards are being attacked. Control without accountability is a dangerous proposal, and the House Republican’s late night attempt to weaken the independence of the office of Congressional Ethics is especially disturbing.”  Read the complete statement from our website link below:   https://lawrence.house.gov/media-center/press-releases/congresswoman-lawrence-republican-attempt-destabilize-office","2017-01-03T19:01:57+0000","link","https://lawrence.house.gov/media-center/press-releases/congresswoman-lawrence-republican-attempt-destabilize-office","395759603917487_687012621458849",NA,27,5,3
"395759603917487","Rep. Brenda Lawrence","‪Right now: The swearing in of the ""Conscience of Congress""-The Congressional Black Caucus for the 115th Congress. @OfficialCBC ‬","2017-01-03T15:18:31+0000","photo","https://www.facebook.com/Rep.BLawrence/photos/a.398277836998997.1073741829.395759603917487/686929971467114/?type=3","395759603917487_686930148133763","Rep. Brenda Lawrence added 4 new photos.",44,1,1
"395759603917487","Rep. Brenda Lawrence","Welcome to 2017! Have a safe and prosperous year!#HappyNewYearEveryone","2017-01-01T13:07:32+0000","photo","https://www.facebook.com/Rep.BLawrence/photos/a.395907980569316.1073741828.395759603917487/685859958240782/?type=3","395759603917487_685859958240782",NA,24,3,2
