"from_id","from_name","message","created_time","type","link","id","story","likes_count","comments_count","shares_count"
"96007744606","Mike Simpson","Kathy and I are praying for Rep. Scalise, staff, and the Capitol Police officers. We are grateful and humbled by the amazing law enforcement who put their lives in harm’s way to protect our citizens.","2017-06-14T14:56:42+0000","status",NA,"96007744606_10154693263264607",NA,77,16,1
"96007744606","Mike Simpson","“Today, Idaho Congressman Mike Simpson and Oregon Congressman Kurt Schrader reintroduced the Wildfire Disaster Funding Act to fix the broken budgeting system currently used to fight wildfires, freeing up needed resources for forest health and maintenance projects. #WDFA #FireFix.","2017-06-08T21:41:06+0000","link","https://simpson.house.gov/news/documentsingle.aspx?DocumentID=398591","96007744606_10154676667679607",NA,27,3,0
"96007744606","Mike Simpson","Congratulations to Boise resident and World War II veteran Lawrence Ridenour for receiving an honorary diploma from Boise High School 72 years after leaving school to join the war effort. Idaho thanks you for your service!","2017-06-01T19:55:51+0000","video","https://www.facebook.com/IdahoEdNews/videos/775073532652941/","96007744606_10154655200399607","Mike Simpson shared Idaho Education News's video.",43,4,0
"96007744606","Mike Simpson","“Not surprised that United Vision for Idaho is misleading the public about Congressman Simpson’s travel plans – he never had a flight to Washington, D.C. flying out of Boise today.”   Nikki Wallace - District and Communications Director for Rep. Mike Simpson","2017-05-15T23:19:49+0000","link","http://m.clearwatertribune.com/news/online_only_news/rep-simpson-changes-his-travel-plans-to-avoid-airport-opposition/article_8e0bebcc-39b3-11e7-8cd3-c784ac628599.html?mode=jqm","96007744606_10154602372634607",NA,25,33,10
"96007744606","Mike Simpson","Thank you to the YouthBuild staff and participants in Twin Falls for sharing your stories and successes with me. I enjoyed learning more about YouthBuild USA and I look forward to following your progress!","2017-05-10T21:12:41+0000","photo","https://www.facebook.com/96007744606/photos/a.10151054063499607.431984.96007744606/10154587382654607/?type=3","96007744606_10154587384634607","Mike Simpson added 2 new photos.",12,8,9
"96007744606","Mike Simpson","I'd like to thank Energy Secretary Rick Perry and Navy Admiral James Caldwell for touring the Idaho National Laboratory and meeting with the lab's dedicated employees to discuss our nation's energy future.","2017-05-09T21:30:13+0000","photo","https://www.facebook.com/96007744606/photos/a.10151054063499607.431984.96007744606/10154584921549607/?type=3","96007744606_10154584922239607","Mike Simpson added 2 new photos.",77,25,9
"96007744606","Mike Simpson","ICYMI: Idaho Veterans can now schedule appointments at the Boise VAMC from their smart phone, tablet or computer.  More information in the attached flyer.","2017-04-28T18:42:24+0000","photo","https://www.facebook.com/96007744606/photos/a.10151054063499607.431984.96007744606/10154554540349607/?type=3","96007744606_10154554540349607",NA,11,32,3
"96007744606","Mike Simpson","Many Idahoans were impacted by the wet winter weather that damaged infrastructure and other important parts of our state. I am pleased President Trump is acting decisively to help Idahoans recover from the harsh winter.   http://www.kmvt.com/content/news/11-southern-Idaho-counties-to-receive-federal-disaster-aid--420114294.html","2017-04-23T13:13:30+0000","link","http://www.kmvt.com/content/news/11-southern-Idaho-counties-to-receive-federal-disaster-aid--420114294.html","96007744606_10154540484009607",NA,38,24,5
"96007744606","Mike Simpson","Proud to see a business with strong Idaho ties getting the national attention it deserves. Their investment in Twin Falls has benefited the local economy and created jobs throughout the Magic Valley. See Chobani’s story tonight on CBS 60 Minutes.  “The name Chobani means shepherd. It’s a very beautiful word because it represents peace, giving, and kindness. It meant a lot to me.”  – Hamdi Ulukaya, Chobani, founder and CEO.  http://www.cbsnews.com/news/chobani-founder-stands-by-hiring-refugees/","2017-04-09T22:00:00+0000","link","http://www.cbsnews.com/news/chobani-founder-stands-by-hiring-refugees/","96007744606_10154493259664607",NA,330,54,74
"96007744606","Mike Simpson","ICYMI: Simpson, Labrador Introduce Agreement on Gateway West Transmission Line   “The Gateway West Transmission Line through the Morley Nelson-Snake River Birds of Prey National Conservation Area, long supported by most of the parties, finally has a path to approval. Idaho Republican Rep. Mike Simpson brokered the deal that will come in the form of legislation supported by the entire Idaho congressional delegation…”   http://www.idahostatesman.com/news/local/news-columns-blogs/letters-from-the-west/article141023738.html#storylink=cpy","2017-03-28T17:12:29+0000","link","http://www.idahostatesman.com/news/local/news-columns-blogs/letters-from-the-west/article141023738.html#storylink=cpy","96007744606_10154464150659607",NA,13,13,2
"96007744606","Mike Simpson","Thanks to @SecretaryZinke and @Interior for highlighting Idaho’s Jim McClure-Jerry Peak Wilderness as one of the nation’s public lands hidden gems! Photo 16. http://usat.ly/2momY30","2017-03-14T17:22:45+0000","link","http://usat.ly/2momY30","96007744606_10154426949779607",NA,23,22,0
"96007744606","Mike Simpson","Congratulations to Secretary of Energy, Rick Perry on his confirmation. Secretary Perry will face a number of critical issues including maintaining our nuclear deterrent, overseeing the national lab system as they push the bounds of scientific research and development, and meeting our commitments to states on nuclear cleanup. As Chairman of the Energy and Water Appropriations Subcommittee, I look forward to working with Secretary Perry to promote national security, pursue a truly all-of-the-above energy policy, and enhance American competitiveness.","2017-03-03T16:34:41+0000","status",NA,"96007744606_10154391846974607",NA,26,42,2
"96007744606","Mike Simpson","Idaho students interested in applying for acceptance into one of the nation’s premier military academies will have four opportunities to learn about the process in March.   This year, the United States Military Academy at West Point; the U.S. Naval Academy; the U.S. Air Force Academy, the U.S. Merchant Marine Academy and the U.S. Coast Guard Academy along with staff from Idaho’s Congressional Delegation will all be represented at each event.","2017-02-23T20:33:54+0000","link","http://simpson.house.gov/news/documentsingle.aspx?DocumentID=398566","96007744606_10154371412019607",NA,6,17,2
"96007744606","Mike Simpson","I had a great time participating in the Blue Cross of Idaho Steps for Schools Walking Challenge. Since 2014, this innovative program has encouraged students and legislators to lead healthy, active lifestyles by tracking their steps at work and school.   Today, I was joined by members of the Idaho Legislature and students from several Boise schools. #hikewithMike.","2017-02-22T21:02:09+0000","photo","https://www.facebook.com/96007744606/photos/a.10151054063499607.431984.96007744606/10154369162959607/?type=3","96007744606_10154369163969607","Mike Simpson added 3 new photos.",43,12,5
"96007744606","Mike Simpson","ICYMI: ICYMI: Congressman Simpson cosponsors legislation that protects patients with pre-existing conditions.   http://www.localnews8.com/news/simpson-co-sponsors-health-care-reform-bill/339987340","2017-02-21T17:28:48+0000","link","http://www.localnews8.com/news/simpson-co-sponsors-health-care-reform-bill/339987340","96007744606_10154366267419607",NA,83,55,16
"96007744606","Mike Simpson","Excited to learn that Idaho-based Chobani, LLC earned a spot on Fast Company magazine’s annual ranking of the world’s 50 Most Innovative Companies for 2017.   This announcement comes on the heels of a $100 million investment into their Twin Falls yogurt plant last year. This underscores what many Idahoans already know, our state is a great place to invest and create jobs. #economicdevelopment #idaho  https://www.fastcompany.com/3067464/most-innovative-companies/why-chobani-is-one-of-the-most-innovative-companies-of-2017","2017-02-15T16:52:21+0000","link","https://www.fastcompany.com/3067464/most-innovative-companies/why-chobani-is-one-of-the-most-innovative-companies-of-2017","96007744606_10154347778754607",NA,29,23,2
"96007744606","Mike Simpson","Enjoyed touring U.S. Department of Energy sites last week, including the Salt Waste Processing Facility in Aiken, South Carolina as part of my work as Chairman of the Energy and Water Appropriations Subcommittee under the House Committee on Appropriations - Republicans.","2017-02-14T15:29:58+0000","photo","https://www.facebook.com/96007744606/photos/a.10151054063499607.431984.96007744606/10154345036569607/?type=3","96007744606_10154345045324607","Mike Simpson added 4 new photos.",20,7,0
"96007744606","Mike Simpson","Tomorrow is the national kickoff for the American Dental Association’s 2017 Give Kids a Smile event. As a former dentist, I’m a strong supporter of this annual program which provides millions of kids in need with free oral health services.   For events and clinics in Idaho, contact the Idaho State Dental Association. #GKAS","2017-02-02T23:56:30+0000","photo","https://www.facebook.com/96007744606/photos/a.10151054063499607.431984.96007744606/10154315337089607/?type=3","96007744606_10154315337089607",NA,15,8,3
"96007744606","Mike Simpson","""For the last eight years, businesses and families have been over burdened by government rules and regulations that stymied our economy from achieving its true potential. I was pleased when President Trump talked about the forgotten Americans that have been left behind over the past two decades.  I'm looking forward to working with the President and his Administration to implement policies that create jobs and fuel economic growth. When we all work together, Americans benefit and I am encouraged the President touched on this important concept as part of his vision.""","2017-01-20T21:02:48+0000","status",NA,"96007744606_10154275246429607",NA,40,32,2
"96007744606","Mike Simpson","The #hikewithMike challenge is more than half-way to completion! This week we’re marching through South Dakota’s Badlands National Park. At 242,000 acres, this expansive collection of canyons, gullies, ridges, and mesas is sometimes referred to as a strange and distant planet. The soft sedimentary rocks and grassy plains hold millions of fossils of extinct animals that roamed America more than 40 million years ago.    Additional reminder – the mile tracker board will be updated next Thursday so please have your mile total submitted by Wednesday.","2017-01-19T17:20:10+0000","photo","https://www.facebook.com/96007744606/photos/a.10151054063499607.431984.96007744606/10154272176899607/?type=3","96007744606_10154272176899607",NA,71,25,8
