"from_id","from_name","message","created_time","type","link","id","story","likes_count","comments_count","shares_count"
"171770326187035","Congressman Mike D. Rogers","Visiting with Kevin Dees of Opelika.  Kevin was in town this week with Baxter Healthcare Corporation.  #Alabama #AL03 #LeeCo","2017-06-23T16:57:50+0000","photo","https://www.facebook.com/CongressmanMikeDRogers/photos/a.203264639704270.50221.171770326187035/1609671689063551/?type=3","171770326187035_1609671689063551",NA,10,3,0
"171770326187035","Congressman Mike D. Rogers","Thanks to Yellowhammer Radio for having me on today!  #Alabama","2017-06-23T16:44:33+0000","photo","https://www.facebook.com/CongressmanMikeDRogers/photos/a.203264639704270.50221.171770326187035/1609656149065105/?type=3","171770326187035_1609656149065105",NA,34,5,0
"171770326187035","Congressman Mike D. Rogers","Thanks to my buddy, Jock, for having me on WVOK this morning to talk about the importance of the Anniston Army Depot and my amendments passed in the HASC Readiness subcommittee that are beneficial for our Depot workers. #AL03 #CalhounCo","2017-06-23T15:54:00+0000","photo","https://www.facebook.com/CongressmanMikeDRogers/photos/a.203264639704270.50221.171770326187035/1609621832401870/?type=3","171770326187035_1609621832401870","Congressman Mike D. Rogers with 979WVOK.",23,0,1
"171770326187035","Congressman Mike D. Rogers","Great to meet the Goodson family of Oxford before their tour of the Capitol this morning!  #Alabama #AL03 #CalhounCo","2017-06-23T15:15:40+0000","photo","https://www.facebook.com/CongressmanMikeDRogers/photos/a.203264639704270.50221.171770326187035/1609594205737966/?type=3","171770326187035_1609594205737966",NA,17,0,2
"171770326187035","Congressman Mike D. Rogers","Proud to be a cosponsor of the Free Speech Fairness Act that amends the IRS code by repealing the Johnson Amendment to allow churches and non-profits to speak freely without fear of political retribution.","2017-06-23T14:28:25+0000","status",NA,"171770326187035_1609558112408242",NA,111,27,16
"171770326187035","Congressman Mike D. Rogers","This family from Opelika stopped by before heading to the Capitol for a tour.  Left to right are: Kathy, Titus, Kelly, Clay (front), me, Gracie (front), Matthew, Barbara and Danny. #AL03 #Alabama #LeeCo","2017-06-22T20:49:29+0000","photo","https://www.facebook.com/CongressmanMikeDRogers/photos/a.203264639704270.50221.171770326187035/1608886922475361/?type=3","171770326187035_1608886922475361",NA,8,1,1
"171770326187035","Congressman Mike D. Rogers","Proud to have former Alabama EMA Director at FEMA!","2017-06-22T20:20:23+0000","link","http://yellowhammernews.com/politics-2/former-alabama-ema-director-confirmed-as-new-fema-administrator-jal/","171770326187035_1608860072478046",NA,30,2,1
"171770326187035","Congressman Mike D. Rogers","Enjoyed my visit today with these folks from Calhoun County today!  L to R:  Katherine, Shirley, me, Elizabeth, Gini and Tim. #Alabama #AL03 #CalhounCo","2017-06-22T16:44:45+0000","photo","https://www.facebook.com/CongressmanMikeDRogers/photos/a.203264639704270.50221.171770326187035/1608691599161560/?type=3","171770326187035_1608691599161560",NA,9,3,2
"171770326187035","Congressman Mike D. Rogers","Great to meet these folks from Ashland today before their tour of the U.S. Capitol.  Pictured here (left to right):  Elsie, Leona, me, Jacob and Chris.  #AL03 #ClayCo","2017-06-22T14:53:05+0000","photo","https://www.facebook.com/CongressmanMikeDRogers/photos/a.203264639704270.50221.171770326187035/1608603872503666/?type=3","171770326187035_1608603872503666",NA,13,3,1
"171770326187035","Congressman Mike D. Rogers","Thanks to @wvtm13 for interviewing me this week!  #Alabama","2017-06-21T21:07:03+0000","photo","https://www.facebook.com/CongressmanMikeDRogers/photos/a.203264639704270.50221.171770326187035/1607171432646910/?type=3","171770326187035_1607171432646910",NA,10,4,1
"171770326187035","Congressman Mike D. Rogers","Pictured here (left to right): Brad, Melissa, Jordan (front), Karter (front), me and Karl.  Enjoyed meeting this #RussellCo family before their tour of the Capitol today! #Alabama #AL03","2017-06-21T20:13:38+0000","photo","https://www.facebook.com/CongressmanMikeDRogers/photos/a.203264639704270.50221.171770326187035/1607125782651475/?type=3","171770326187035_1607125782651475",NA,21,5,6
"171770326187035","Congressman Mike D. Rogers","Enjoyed visiting with Dr. Dunn, Dr. Svensen and Dr. Pate of the Alabama Optometric Association. #AL03 #Alabama","2017-06-21T20:08:15+0000","photo","https://www.facebook.com/CongressmanMikeDRogers/photos/a.203264639704270.50221.171770326187035/1607120695985317/?type=3","171770326187035_1607120695985317",NA,11,3,0
"171770326187035","Congressman Mike D. Rogers","Great to visit with Sid Tankersley from Sylacauga (left) and Mike Alexander from Pell City during the Alabama Metalcasters meeting today.  #AL03 #TalladegaCo #StClairCo","2017-06-21T18:39:38+0000","photo","https://www.facebook.com/CongressmanMikeDRogers/photos/a.203264639704270.50221.171770326187035/1606999689330751/?type=3","171770326187035_1606999689330751",NA,7,2,0
"171770326187035","Congressman Mike D. Rogers","Pictured here: Billy, Charles, Erin, me, Anna, Margie and Charlotte.  This Heflin family is in town celebrating Anna's graduation from Cleburne County High School!  #Alabama #AL03 #CleburneCo","2017-06-21T18:28:52+0000","photo","https://www.facebook.com/CongressmanMikeDRogers/photos/a.203264639704270.50221.171770326187035/1606990839331636/?type=3","171770326187035_1606990839331636",NA,32,2,4
"171770326187035","Congressman Mike D. Rogers","Thank you to @wbrcnews for having me this week! #Alabama","2017-06-21T16:38:53+0000","photo","https://www.facebook.com/CongressmanMikeDRogers/photos/a.203264639704270.50221.171770326187035/1606904762673577/?type=3","171770326187035_1606904762673577",NA,14,1,0
"171770326187035","Congressman Mike D. Rogers","In honor of #nationalselfieday and our incredible summer interns!  Thanks to Natalie, Landon, Becky and Scott for all your hard work!  #AL03 #LeeCo #StClairCo #TallapoosaCo #Alabama","2017-06-21T16:19:01+0000","photo","https://www.facebook.com/CongressmanMikeDRogers/photos/a.203264639704270.50221.171770326187035/1606885116008875/?type=3","171770326187035_1606885116008875",NA,32,6,0
"171770326187035","Congressman Mike D. Rogers","Great to meet Johnny, Allie, Sandy and Matthew today after their tour of the US Capitol.  #AL03 #ClayCo #CleburneCo","2017-06-21T16:01:58+0000","photo","https://www.facebook.com/CongressmanMikeDRogers/photos/a.203264639704270.50221.171770326187035/1606865566010830/?type=3","171770326187035_1606865566010830",NA,29,0,6
"171770326187035","Congressman Mike D. Rogers","First day of summer has arrived!","2017-06-21T14:38:50+0000","photo","https://www.facebook.com/CongressmanMikeDRogers/photos/a.203264639704270.50221.171770326187035/1606797536017633/?type=3","171770326187035_1606797536017633",NA,13,2,0
"171770326187035","Congressman Mike D. Rogers","Thank you to @abc3340 for letting me stop by for an interview today!  #Alabama","2017-06-19T20:08:37+0000","photo","https://www.facebook.com/CongressmanMikeDRogers/photos/a.203264639704270.50221.171770326187035/1604079589622761/?type=3","171770326187035_1604079589622761",NA,27,6,1
"171770326187035","Congressman Mike D. Rogers","Happy Father's Day!","2017-06-18T12:00:00+0000","photo","https://www.facebook.com/CongressmanMikeDRogers/photos/a.203264639704270.50221.171770326187035/1571447819552605/?type=3","171770326187035_1571447819552605",NA,18,4,3
"171770326187035","Congressman Mike D. Rogers","Did you know on this day in 1885, the Statue of Liberty arrived in New York Harbor?","2017-06-17T12:00:00+0000","photo","https://www.facebook.com/CongressmanMikeDRogers/photos/a.203264639704270.50221.171770326187035/1571446976219356/?type=3","171770326187035_1571446976219356",NA,29,11,2
"171770326187035","Congressman Mike D. Rogers","Good luck to Billy Youkin of Cecil as he competes in the World Livestock Auctioneer Championship today!  #Alabama","2017-06-17T11:09:00+0000","link","http://bit.ly/2s6Qu1R","171770326187035_1595431463820907",NA,10,2,0
"171770326187035","Congressman Mike D. Rogers","Enjoyed meeting Drew, Mary Jo and Kim recently during their trip to Washington!  #AL03","2017-06-16T14:58:08+0000","photo","https://www.facebook.com/CongressmanMikeDRogers/photos/a.203264639704270.50221.171770326187035/1600270733336980/?type=3","171770326187035_1600270733336980",NA,11,1,0
"171770326187035","Congressman Mike D. Rogers","ICYMI:  Report from Washington:  What's Really Happening in Washington","2017-06-15T18:36:34+0000","link","http://bit.ly/2sfINX5","171770326187035_1599305403433513",NA,38,22,11
"171770326187035","Congressman Mike D. Rogers","Great to meet with the US Global Leadership Coalition from Alabama!  Thanks for being leaders in our state!  #Alabama","2017-06-15T16:28:06+0000","photo","https://www.facebook.com/CongressmanMikeDRogers/photos/a.203264639704270.50221.171770326187035/1599186453445408/?type=3","171770326187035_1599186453445408",NA,18,3,0
"171770326187035","Congressman Mike D. Rogers","""I am not part of the baseball team and was not there, but my heartfelt prayers go out to everyone involved and especially to my good buddy, Steve Scalise.""","2017-06-14T21:23:44+0000","link","http://bit.ly/2sc3TFJ","171770326187035_1597872943576759",NA,109,7,3
"171770326187035","Congressman Mike D. Rogers","Tune in to the House Floor today at noon EDT to join the House of Representatives in prayer after the horrific shooting this morning.","2017-06-14T15:56:25+0000","status",NA,"171770326187035_1597563163607737",NA,49,9,3
"171770326187035","Congressman Mike D. Rogers","Praying for Congressman Steve Scalise and all those impacted by the shooting this morning.","2017-06-14T12:15:31+0000","status",NA,"171770326187035_1597359263628127",NA,119,18,5
"171770326187035","Congressman Mike D. Rogers",NA,"2017-06-14T12:00:00+0000","photo","https://www.facebook.com/CongressmanMikeDRogers/photos/a.203264639704270.50221.171770326187035/1588747894489264/?type=3","171770326187035_1588747894489264","Congressman Mike D. Rogers added a new photo.",26,2,7
"171770326187035","Congressman Mike D. Rogers","Happy birthday to the Army!","2017-06-14T10:45:00+0000","photo","https://www.facebook.com/CongressmanMikeDRogers/photos/a.203264639704270.50221.171770326187035/1594449160585804/?type=3","171770326187035_1594449160585804",NA,44,4,10
"171770326187035","Congressman Mike D. Rogers","“The American people heard the truth today. Now it's time for the liberal media elite and the Democrats to stop their frivolous attacks on President Trump so we can start the people's work.”","2017-06-13T21:24:27+0000","link","http://bit.ly/2sZfCHA","171770326187035_1595737343790319",NA,273,97,29
"171770326187035","Congressman Mike D. Rogers","""I was pleased to support the Verify First Act today because we should verify a person’s legal status before a dime of taxpayer money is spent on financial support to purchase insurance.""","2017-06-13T20:25:41+0000","photo","https://www.facebook.com/CongressmanMikeDRogers/photos/a.203264639704270.50221.171770326187035/1595683433795710/?type=3","171770326187035_1595683433795710",NA,56,21,3
"171770326187035","Congressman Mike D. Rogers",NA,"2017-06-13T19:19:35+0000","photo","https://www.facebook.com/CongressmanMikeDRogers/photos/a.1546221732075214.1073741843.171770326187035/1595623783801675/?type=3","171770326187035_1595623783801675","Congressman Mike D. Rogers added 4 new photos.",5,8,1
"171770326187035","Congressman Mike D. Rogers",NA,"2017-06-12T21:05:55+0000","photo","https://www.facebook.com/CongressmanMikeDRogers/photos/a.1546221732075214.1073741843.171770326187035/1594529393911114/?type=3","171770326187035_1594529393911114","Congressman Mike D. Rogers added 2 new photos.",5,8,1
"171770326187035","Congressman Mike D. Rogers",NA,"2017-06-09T20:58:45+0000","photo","https://www.facebook.com/CongressmanMikeDRogers/photos/a.1546221732075214.1073741843.171770326187035/1589113961119324/?type=3","171770326187035_1589113961119324","Congressman Mike D. Rogers added 3 new photos.",5,8,1
"171770326187035","Congressman Mike D. Rogers","ICYMI:  CHOICE Act passes the House #FinancialCHOICEAct","2017-06-08T20:50:24+0000","link","http://bit.ly/2rbbgv4","171770326187035_1587057117991675",NA,15,17,6
"171770326187035","Congressman Mike D. Rogers",NA,"2017-06-08T20:25:35+0000","photo","https://www.facebook.com/CongressmanMikeDRogers/photos/a.1546221732075214.1073741843.171770326187035/1587026521328068/?type=3","171770326187035_1587026521328068","Congressman Mike D. Rogers added 2 new photos.",5,8,1
"171770326187035","Congressman Mike D. Rogers","ICYMI:  Statement on Comey Hearing...http://bit.ly/2s0lhPE","2017-06-08T17:50:38+0000","status",NA,"171770326187035_1586892234674830",NA,58,41,17
"171770326187035","Congressman Mike D. Rogers",NA,"2017-06-07T14:24:48+0000","photo","https://www.facebook.com/CongressmanMikeDRogers/photos/a.1546221732075214.1073741843.171770326187035/1585259618171425/?type=3","171770326187035_1585259618171425","Congressman Mike D. Rogers added 2 new photos.",5,8,1
"171770326187035","Congressman Mike D. Rogers","Proud to cosponsor Interstate Gun Transport legislation today.  I support H.R. 358, which is endorsed by the NRA, and would allow an individual who is properly registered to carry a firearm to now transport that firearm, and ammunition, or detachable magazine or feeding device, over state lines where it is legal to possess, carry or transport a firearm and ammunition, or detachable magazine or feeding device as long as it is not loaded and is securely stored.","2017-06-06T17:56:10+0000","status",NA,"171770326187035_1583362971694423",NA,42,20,3
"171770326187035","Congressman Mike D. Rogers","Remembering D-Day!","2017-06-06T12:00:00+0000","photo","https://www.facebook.com/CongressmanMikeDRogers/photos/a.203264639704270.50221.171770326187035/1571446419552745/?type=3","171770326187035_1571446419552745",NA,23,0,6
"171770326187035","Congressman Mike D. Rogers","A Look Ahead for the Strategic Forces Subcommittee this week #HASC","2017-06-05T20:26:26+0000","link","http://bit.ly/2qQSji1","171770326187035_1581311665232887",NA,8,4,2
"171770326187035","Congressman Mike D. Rogers","Prayers for London!  Stay strong, we are with you!  #LondonBridge #PrayersforLondon #BoroughMarket","2017-06-04T01:03:40+0000","status",NA,"171770326187035_1578287858868601",NA,22,5,2
"171770326187035","Congressman Mike D. Rogers","Did you know?","2017-06-01T14:00:00+0000","photo","https://www.facebook.com/CongressmanMikeDRogers/photos/a.203264639704270.50221.171770326187035/1571445839552803/?type=3","171770326187035_1571445839552803",NA,25,10,6
"171770326187035","Congressman Mike D. Rogers","Great to talk with Michael at @sylacauganews last week!  Always great to catch up!  #AL03 #Alabama","2017-05-31T19:38:05+0000","photo","https://www.facebook.com/CongressmanMikeDRogers/photos/a.1546221732075214.1073741843.171770326187035/1572712629426124/?type=3","171770326187035_1572712629426124","Congressman Mike D. Rogers added a new photo.",10,6,0
"171770326187035","Congressman Mike D. Rogers",NA,"2017-05-30T17:50:21+0000","photo","https://www.facebook.com/CongressmanMikeDRogers/photos/a.1546221732075214.1073741843.171770326187035/1571408489556538/?type=3","171770326187035_1571408489556538","Congressman Mike D. Rogers added 2 new photos.",5,8,1
"171770326187035","Congressman Mike D. Rogers","Freedom is not free!","2017-05-29T12:00:00+0000","photo","https://www.facebook.com/CongressmanMikeDRogers/photos/a.203264639704270.50221.171770326187035/1564727983557922/?type=3","171770326187035_1564727983557922",NA,37,2,3
"171770326187035","Congressman Mike D. Rogers","Premiums under #Obamacare up 105 percent on average for country, but in #Alabama, 223 percent? Serious #RateShock!","2017-05-26T18:42:58+0000","photo","https://www.facebook.com/CongressmanMikeDRogers/photos/a.1546221732075214.1073741843.171770326187035/1564735583557162/?type=3","171770326187035_1564735583557162","Congressman Mike D. Rogers added a new photo.",15,34,9
"171770326187035","Congressman Mike D. Rogers","Speaking about Memorial Day from the World War II Memorial this week.  May God Bless the USA.  http://bit.ly/2rGZ61f","2017-05-26T18:26:54+0000","video","http://bit.ly/2rGZ61f","171770326187035_1564709586893095",NA,9,5,1
"171770326187035","Congressman Mike D. Rogers","Rogers: Remembering Our Fallen Soldiers This Memorial Day  http://bit.ly/2r5CsPC","2017-05-26T16:02:10+0000","photo","https://www.facebook.com/CongressmanMikeDRogers/photos/a.203264639704270.50221.171770326187035/1564549570242430/?type=3","171770326187035_1564549570242430","Congressman Mike D. Rogers at National World War II Memorial.",104,7,3
"171770326187035","Congressman Mike D. Rogers",NA,"2017-05-25T20:21:59+0000","photo","https://www.facebook.com/CongressmanMikeDRogers/photos/a.1546221732075214.1073741843.171770326187035/1563688793661841/?type=3","171770326187035_1563688793661841","Congressman Mike D. Rogers added 4 new photos.",5,8,1
"171770326187035","Congressman Mike D. Rogers","Enjoyed meeting the Shaw Family today of Pike Road before their tour of the US Capitol. #AL03 #Alabama","2017-05-24T20:26:32+0000","photo","https://www.facebook.com/CongressmanMikeDRogers/photos/a.1546221732075214.1073741843.171770326187035/1562676837096370/?type=3","171770326187035_1562676837096370","Congressman Mike D. Rogers added a new photo.",2,0,0
"171770326187035","Congressman Mike D. Rogers",NA,"2017-05-23T20:53:55+0000","photo","https://www.facebook.com/CongressmanMikeDRogers/photos/a.1546221732075214.1073741843.171770326187035/1561303367233717/?type=3","171770326187035_1561303367233717","Congressman Mike D. Rogers added 2 new photos.",5,8,1
"171770326187035","Congressman Mike D. Rogers","‘Take care of the kids’ – what great advice from outgoing president Dr. Gogue.  Auburn University is a better place because of your leadership. #AL03 #ThisIsAuburn","2017-05-23T17:20:38+0000","link","http://www.al.com/news/index.ssf/2017/05/jay_gogues_advice_to_next_aubu.html#incart_river_index","171770326187035_1560999530597434",NA,18,5,2
"171770326187035","Congressman Mike D. Rogers","The House of Representatives is in session this week.  To read more click below.","2017-05-23T14:41:56+0000","link","https://www.majorityleader.gov/weekly-schedule/","171770326187035_1560884177275636",NA,3,6,1
"171770326187035","Congressman Mike D. Rogers","Prayers for the victims and their families in Manchester.  #PrayersforManchester","2017-05-23T01:50:20+0000","status",NA,"171770326187035_1560272917336762",NA,44,4,2
"171770326187035","Congressman Mike D. Rogers",NA,"2017-05-22T16:53:08+0000","photo","https://www.facebook.com/CongressmanMikeDRogers/photos/a.381035065260559.92562.171770326187035/1559930037371050/?type=3","171770326187035_1559930287371025","Congressman Mike D. Rogers updated their cover photo.",9,3,2
"171770326187035","Congressman Mike D. Rogers","Happy #ArmedForcesDay","2017-05-20T12:34:00+0000","photo","https://www.facebook.com/CongressmanMikeDRogers/photos/a.203264639704270.50221.171770326187035/1555703231127064/?type=3","171770326187035_1555703231127064",NA,20,3,5
"171770326187035","Congressman Mike D. Rogers","#PoliceWeek","2017-05-18T21:08:03+0000","photo","https://www.facebook.com/CongressmanMikeDRogers/photos/a.203264639704270.50221.171770326187035/1554399677924086/?type=3","171770326187035_1554399677924086",NA,3,0,1
"171770326187035","Congressman Mike D. Rogers","ICYMI:  Report from Washington:  Honoring Our Local Law Enforcement #PoliceWeek","2017-05-18T20:30:52+0000","link","http://bit.ly/2rwmTOz","171770326187035_1554377697926284",NA,3,1,3
"171770326187035","Congressman Mike D. Rogers",NA,"2017-05-18T19:59:59+0000","photo","https://www.facebook.com/CongressmanMikeDRogers/photos/a.1546221732075214.1073741843.171770326187035/1554356294595091/?type=3","171770326187035_1554356294595091","Congressman Mike D. Rogers added 5 new photos.",5,8,1
"171770326187035","Congressman Mike D. Rogers","ICYMI: Op Ed with Rep Ted Poe in The Hill...The US must challenge Russia's lawless behavior","2017-05-18T15:12:33+0000","link","http://bit.ly/2pPdzIA","171770326187035_1554147067949347",NA,10,14,1
"171770326187035","Congressman Mike D. Rogers",NA,"2017-05-17T21:03:09+0000","photo","https://www.facebook.com/CongressmanMikeDRogers/photos/a.1546221732075214.1073741843.171770326187035/1553287278035326/?type=3","171770326187035_1553287278035326","Congressman Mike D. Rogers added 4 new photos.",5,8,1
"171770326187035","Congressman Mike D. Rogers",NA,"2017-05-16T21:44:16+0000","photo","https://www.facebook.com/CongressmanMikeDRogers/photos/a.1546221732075214.1073741843.171770326187035/1552451711452216/?type=3","171770326187035_1552451711452216","Congressman Mike D. Rogers added 4 new photos.",5,8,1
"171770326187035","Congressman Mike D. Rogers","Thank you, Mr. President, for honoring our law enforcement this week!","2017-05-16T20:34:44+0000","link","http://www.al.com/news/index.ssf/2017/05/president_trump_white_house_wi.html#incart_river_index","171770326187035_1552407971456590",NA,132,15,16
"171770326187035","Congressman Mike D. Rogers",NA,"2017-05-15T20:26:30+0000","photo","https://www.facebook.com/CongressmanMikeDRogers/photos/a.1546221732075214.1073741843.171770326187035/1551446404886080/?type=3","171770326187035_1551446404886080","Congressman Mike D. Rogers added 3 new photos.",5,8,1
"171770326187035","Congressman Mike D. Rogers","“Thank you, Mr. President, for helping protect the lives of the unborn by announcing the expansion of the recently reinstated Mexico City policy known as “Protecting Life in Global Health Assistance.”","2017-05-15T19:07:38+0000","status",NA,"171770326187035_1551396421557745",NA,40,17,4
"171770326187035","Congressman Mike D. Rogers","Wishing my beautiful wife, Beth,(pictured here with a toddler aged Emily) a very happy Mother's Day!  Happy Mother's Day to all the mamas out there and thank you for all you do!","2017-05-15T02:07:47+0000","photo","https://www.facebook.com/CongressmanMikeDRogers/photos/a.1546221732075214.1073741843.171770326187035/1550653404965380/?type=3","171770326187035_1550653404965380","Congressman Mike D. Rogers added a new photo.",103,9,2
"171770326187035","Congressman Mike D. Rogers","Congratulations to the CDP today on the 30th Anniversary of COBRA and one millionth graduate of CDP training! #AL03 #Alabama #CalhounCo","2017-05-12T12:27:47+0000","photo","https://www.facebook.com/CongressmanMikeDRogers/photos/a.1546221732075214.1073741843.171770326187035/1548207728543281/?type=3","171770326187035_1548207728543281","Congressman Mike D. Rogers added a new photo.",9,1,0
"171770326187035","Congressman Mike D. Rogers",NA,"2017-05-12T00:02:42+0000","photo","https://www.facebook.com/CongressmanMikeDRogers/photos/a.1546221732075214.1073741843.171770326187035/1547576118606442/?type=3","171770326187035_1547576118606442","Congressman Mike D. Rogers added 4 new photos.",5,8,1
"171770326187035","Congressman Mike D. Rogers",NA,"2017-05-10T21:56:22+0000","photo","https://www.facebook.com/CongressmanMikeDRogers/photos/a.1546221732075214.1073741843.171770326187035/1546518675378853/?type=3","171770326187035_1546518675378853","Congressman Mike D. Rogers added 4 new photos.",5,8,1
"171770326187035","Congressman Mike D. Rogers","Thanks to the Cleburne County Commission for taking time to update me today on issues important to their area.  #AL03 #Alabama #CleburneCo","2017-05-09T17:43:25+0000","photo","https://www.facebook.com/CongressmanMikeDRogers/photos/a.203264639704270.50221.171770326187035/1545283585502362/?type=3","171770326187035_1545283585502362",NA,9,5,0
"171770326187035","Congressman Mike D. Rogers","What an awesome group of students!  Thanks for having me for a visit today, Cleburne County Middle School!  #CleburneCo #Alabama #AL03","2017-05-09T16:34:28+0000","photo","https://www.facebook.com/CongressmanMikeDRogers/photos/a.203264639704270.50221.171770326187035/1545226195508101/?type=3","171770326187035_1545226195508101",NA,26,10,0
"171770326187035","Congressman Mike D. Rogers","Visiting with Gabby Hendrix, a 2018 Service Academy applicant, in Cleburne County.  #AL03 #Alabama #CleburneCo","2017-05-09T14:54:42+0000","photo","https://www.facebook.com/CongressmanMikeDRogers/photos/a.203264639704270.50221.171770326187035/1545118808852173/?type=3","171770326187035_1545118808852173",NA,10,3,1
"171770326187035","Congressman Mike D. Rogers","Great lunch with the mayors of Cherokee County yesterday!  #Alabama #CherokeeCo #AL03","2017-05-09T14:22:55+0000","photo","https://www.facebook.com/CongressmanMikeDRogers/photos/a.203264639704270.50221.171770326187035/1545096658854388/?type=3","171770326187035_1545096658854388",NA,17,10,1
"171770326187035","Congressman Mike D. Rogers","Enjoyed visiting the Cherokee County Courthouse today!  Thanks for having me! #AL03 #CherokeeCo #Alabama","2017-05-09T03:22:01+0000","photo","https://www.facebook.com/CongressmanMikeDRogers/photos/a.203264639704270.50221.171770326187035/1544630802234307/?type=3","171770326187035_1544630802234307",NA,9,0,0
"171770326187035","Congressman Mike D. Rogers","Congrats to Dean and Angie Wysner on their 50th wedding anniversary!  Thanks for letting me celebrate with y'all!  #AL03 #RandolphCo","2017-05-08T20:49:34+0000","photo","https://www.facebook.com/CongressmanMikeDRogers/photos/a.203264639704270.50221.171770326187035/1544413148922739/?type=3","171770326187035_1544413148922739",NA,19,0,0
"171770326187035","Congressman Mike D. Rogers","ICYMI:  Statement on passage of the American Health Care Act","2017-05-04T19:39:52+0000","link","http://bit.ly/2pKLv5G","171770326187035_1540359359328118",NA,63,95,11
"171770326187035","Congressman Mike D. Rogers","Thank you, President Trump, for this long-awaited victory for religious liberty and restoring Constitutional rights of people of faith.  On our National Day of Prayer, protecting our religious liberty is now stronger than ever.","2017-05-04T18:04:07+0000","status",NA,"171770326187035_1540288932668494",NA,140,64,7
"171770326187035","Congressman Mike D. Rogers","Today is National Day of Prayer!  Let's continue to pray for our great country!","2017-05-04T11:43:40+0000","link","http://www.nationaldayofprayer.org/2017_media","171770326187035_1539961379367916","Congressman Mike D. Rogers shared National Day of Prayer Task Force's post.",27,11,0
"171770326187035","Congressman Mike D. Rogers","ICYMI:  Report from Washington: Why Our Small Businesses Matter in East Alabama #SmallBusinessWeek","2017-05-03T21:20:31+0000","link","http://bit.ly/2pGleVZ","171770326187035_1539417249422329",NA,4,4,0
"171770326187035","Congressman Mike D. Rogers","Enjoyed meeting Tammy Matthews today of #Auburn.  Tammy is in town with the Emergency Nurses Association. #AL03","2017-05-03T20:26:23+0000","photo","https://www.facebook.com/CongressmanMikeDRogers/photos/a.203264639704270.50221.171770326187035/1539381326092588/?type=3","171770326187035_1539381326092588",NA,7,6,0
"171770326187035","Congressman Mike D. Rogers","Enjoyed meeting with this group from Resolute Forest Products in Coosa Pines.  L to R:  Greg Barnett, Jeff Wargo, me, Daniel Nesmith and Debbie Johnston. #Alabama","2017-05-03T19:13:36+0000","photo","https://www.facebook.com/CongressmanMikeDRogers/photos/a.203264639704270.50221.171770326187035/1539314716099249/?type=3","171770326187035_1539314716099249",NA,4,3,0
"171770326187035","Congressman Mike D. Rogers","Great to meet U.S. Capitol Police Explosives Detection Canine, ""Will,"" who was born, bred and trained in Alabama!  Auburn University's Canine Performance Sciences","2017-05-03T18:49:27+0000","photo","https://www.facebook.com/CongressmanMikeDRogers/photos/a.203264639704270.50221.171770326187035/1539240896106631/?type=3","171770326187035_1539240896106631",NA,58,8,4
"171770326187035","Congressman Mike D. Rogers","My bill, HR 1813, is just a common-sense way to help get President Trump's border wall built now since Mexican remittances are at the highest monthly level since October 2008","2017-05-03T12:24:40+0000","link","https://www.ft.com/content/aafa3e4e-7229-3629-83fc-5d0e92458180","171770326187035_1538918309472223",NA,79,53,15
"171770326187035","Congressman Mike D. Rogers","Nice to meet with this great group of students from Sherwood Elementary School.  #Alabama #AL03","2017-05-02T15:40:54+0000","photo","https://www.facebook.com/CongressmanMikeDRogers/photos/a.203264639704270.50221.171770326187035/1538057666224954/?type=3","171770326187035_1538057666224954",NA,6,8,0
"171770326187035","Congressman Mike D. Rogers","Thank you to SylacaugaNews.com for taking time to interview me yesterday before the Third Congressional District Art Competition reception #AL03","2017-04-30T15:00:26+0000","link","http://www.sylacauganews.com/local/exclusive-video-u-s-rep-mike-rogers-visits-sylacauga-talks-north-korean-nuclear-threats-trumps-first-100-days","171770326187035_1535984376432283",NA,41,9,1
"171770326187035","Congressman Mike D. Rogers","It was great to be in #Sylacauga today to celebrate so many young artists from across East Alabama for the annual Third Congressional District Art Competition.  Pictured here with our first place winner, her art teacher, mother and artwork.  More photos to come!  Thanks to all who participated and voted!  #AL03","2017-04-29T21:17:27+0000","photo","https://www.facebook.com/CongressmanMikeDRogers/photos/a.203264639704270.50221.171770326187035/1535298426500878/?type=3","171770326187035_1535298289834225",NA,61,9,5
"171770326187035","Congressman Mike D. Rogers","I congratulate President Trump on his first 100 days.  From his continued crackdown on illegal immigration and securing our southern border with Mexico to Justice Gorsuch’s confirmation to the Supreme Court. President Trump is keeping his promise to the American people.  I strongly stand with @POTUS and look forward to working together with him to make America great again. #Trump100Days","2017-04-29T11:00:00+0000","status",NA,"171770326187035_1534271859936868",NA,193,65,13
"171770326187035","Congressman Mike D. Rogers","Voting has ended for the 2017 Third Congressional District Art Competition!  Thank you to all who participated.","2017-04-28T17:34:34+0000","status",NA,"171770326187035_1534104183286969",NA,4,0,0
"171770326187035","Congressman Mike D. Rogers","Great to visit with the National Association of Secondary School Principals from Alabama.  L to R:  Todd Markham, Farrell Seymore and Rick Carter. #Alabama","2017-04-28T17:33:23+0000","photo","https://www.facebook.com/CongressmanMikeDRogers/photos/a.203264639704270.50221.171770326187035/1534103173287070/?type=3","171770326187035_1534103173287070",NA,8,3,0
"171770326187035","Congressman Mike D. Rogers","Voting for art contest closes at 12:30 p.m. CDT today!","2017-04-28T17:21:27+0000","status",NA,"171770326187035_1534092159954838",NA,1,1,0
"171770326187035","Congressman Mike D. Rogers","Great to meet with students from Glenwood School in Phenix City this week in DC!  #Alabama #AL03","2017-04-27T19:53:29+0000","photo","https://www.facebook.com/CongressmanMikeDRogers/photos/a.203264639704270.50221.171770326187035/1533183563379031/?type=3","171770326187035_1533183563379031",NA,13,5,0
"171770326187035","Congressman Mike D. Rogers","Enjoyed meeting these students from Ladonia Elementary School today in the Capitol Visitor Center by the Helen Keller statue. #RussellCo #Alabama #AL03","2017-04-27T18:47:13+0000","photo","https://www.facebook.com/CongressmanMikeDRogers/photos/a.203264639704270.50221.171770326187035/1533124653384922/?type=3","171770326187035_1533124653384922",NA,10,1,0
"171770326187035","Congressman Mike D. Rogers","Don't forget to vote:  Help us pick this year's winner! We have some amazing young artists in East Alabama. Below are the Top Five in this year's competition. The photo with the MOST LIKES will win first place and have their artwork hang in the U.S. Capitol!","2017-04-27T18:28:11+0000","photo","https://www.facebook.com/CongressmanMikeDRogers/photos/a.1530770680286986.1073741842.171770326187035/1530770863620301/?type=3","171770326187035_1533107396719981","Congressman Mike D. Rogers shared their album: 2017 Third Congressional District Art Competition.",30,3,0
"171770326187035","Congressman Mike D. Rogers","Enjoyed meeting with Auburn Pharmacy students and Alabama community pharmacy owners today. #AL03 #Alabama #ThisisAuburn","2017-04-26T20:00:41+0000","photo","https://www.facebook.com/CongressmanMikeDRogers/photos/a.203264639704270.50221.171770326187035/1532017470162307/?type=3","171770326187035_1532017470162307",NA,33,8,7
"171770326187035","Congressman Mike D. Rogers","Honored to receive a flag from Flags for Vets this week.  Pictured with Jamie Popwell.  #Alabama #AL03","2017-04-26T14:16:25+0000","photo","https://www.facebook.com/CongressmanMikeDRogers/photos/a.203264639704270.50221.171770326187035/1531580066872714/?type=3","171770326187035_1531580066872714",NA,18,3,1
"171770326187035","Congressman Mike D. Rogers","Help us pick this year's winner! We have some amazing young artists in East Alabama. Below are the Top Five in this year's competition. The photo with the most likes will win first place and have their artwork hang in the U.S. Capitol!","2017-04-25T21:45:23+0000","photo","https://www.facebook.com/CongressmanMikeDRogers/photos/a.1530770680286986.1073741842.171770326187035/1530770863620301/?type=3","171770326187035_1530770870286967","Congressman Mike D. Rogers added 5 new photos to the album: 2017 Third Congressional District Art Competition.",55,61,98
"171770326187035","Congressman Mike D. Rogers","Enjoyed touring UPS in Oxford today!  Thank you for having me!  #AL03 #Alabama","2017-04-24T14:13:15+0000","photo","https://www.facebook.com/CongressmanMikeDRogers/photos/a.203264639704270.50221.171770326187035/1528893950474659/?type=3","171770326187035_1528893950474659",NA,85,22,2
"171770326187035","Congressman Mike D. Rogers","What an honor to receive the Spirit of Enterprise award from Clark Thomason with the US Chamber!  #AL03","2017-04-21T17:48:55+0000","photo","https://www.facebook.com/CongressmanMikeDRogers/photos/a.203264639704270.50221.171770326187035/1525347944162593/?type=3","171770326187035_1525347944162593",NA,28,8,1
"171770326187035","Congressman Mike D. Rogers","Great to visit with Lynda Tolbert today.  She is retiring after 35 years at the Anniston Army Depot.  #AL03 #Alabama #CalhounCo","2017-04-21T16:57:34+0000","photo","https://www.facebook.com/CongressmanMikeDRogers/photos/a.203264639704270.50221.171770326187035/1525290384168349/?type=3","171770326187035_1525290384168349",NA,42,7,2
"171770326187035","Congressman Mike D. Rogers","This photo captures a special day for a group of American heroes from our great state!  #honorflight #AL03 #Alabama","2017-04-12T14:05:05+0000","photo","https://www.facebook.com/CongressmanMikeDRogers/photos/a.203264639704270.50221.171770326187035/1512120095485378/?type=3","171770326187035_1512120095485378",NA,61,3,3
"171770326187035","Congressman Mike D. Rogers","Thinking about the Calhoun County Honor Flight and hoping they have a wonderful and memorable visit!  Pictured here is Keith Kelley with members of his family. #Alabama #AL03","2017-04-10T20:31:26+0000","photo","https://www.facebook.com/CongressmanMikeDRogers/photos/a.203264639704270.50221.171770326187035/1509190165778371/?type=3","171770326187035_1509190165778371",NA,17,3,2
"171770326187035","Congressman Mike D. Rogers","Congrats to Neil Gorsuch!","2017-04-07T18:32:22+0000","photo","https://www.facebook.com/CongressmanMikeDRogers/photos/a.203264639704270.50221.171770326187035/1504620789568642/?type=3","171770326187035_1504620789568642",NA,91,12,5
"171770326187035","Congressman Mike D. Rogers","Congratulations to the Langley family of Chambers County for being recognized as a 2017 Farm of Distinction at the Farm-City awards! #ag #ChambersCo #AL03 #Alabama","2017-04-07T15:21:47+0000","photo","https://www.facebook.com/CongressmanMikeDRogers/photos/a.203264639704270.50221.171770326187035/1504396232924431/?type=3","171770326187035_1504396232924431",NA,9,0,0
"171770326187035","Congressman Mike D. Rogers","I strongly support President Trump's decision last night to take action against Assad and applaud his leadership.","2017-04-07T15:15:53+0000","status",NA,"171770326187035_1504391502924904",NA,238,36,4
"171770326187035","Congressman Mike D. Rogers","Great to visit with the Downey family today from Heflin after their tour of the U.S. Capitol! #Alabama #CleburneCo #AL03","2017-04-06T20:11:33+0000","photo","https://www.facebook.com/CongressmanMikeDRogers/photos/a.203264639704270.50221.171770326187035/1503086409722080/?type=3","171770326187035_1503086409722080",NA,9,0,0
"171770326187035","Congressman Mike D. Rogers","Calling all high school students in East Alabama:  Alabama's Third Congressional District Art Competition is just around the corner!  Find out more here:  http://bit.ly/2oNGCI2 #AL03","2017-04-06T17:30:17+0000","link","http://bit.ly/2oNGCI2","171770326187035_1502933769737344",NA,15,2,9
"171770326187035","Congressman Mike D. Rogers","Thank you, @fairimmigration for interviewing me for your podcast today about my legislation, HR 1813, the Border Wall Funding Act of 2017.","2017-04-06T16:40:14+0000","photo","https://www.facebook.com/CongressmanMikeDRogers/photos/a.203264639704270.50221.171770326187035/1502889983075056/?type=3","171770326187035_1502889983075056",NA,38,10,1
"171770326187035","Congressman Mike D. Rogers","ICYMI:  Report from Washington:  Protecting Our Sovereignty, Borders and the Taxpayer #AL03","2017-04-06T16:16:27+0000","link","http://bit.ly/2p5N5gZ","171770326187035_1502869846410403",NA,14,8,2
"171770326187035","Congressman Mike D. Rogers","Enjoyed meeting Connie, Ashley and Chandler today from the Down Syndrome Society. #Alabama","2017-04-06T14:26:29+0000","photo","https://www.facebook.com/CongressmanMikeDRogers/photos/a.203264639704270.50221.171770326187035/1502750193089035/?type=3","171770326187035_1502750193089035",NA,11,0,1
"171770326187035","Congressman Mike D. Rogers","Great to meet the Howle family of #Heflin today after their tour of the U.S. Capitol. #AL03 #CleburneCo","2017-04-05T20:54:28+0000","photo","https://www.facebook.com/CongressmanMikeDRogers/photos/a.203264639704270.50221.171770326187035/1500974339933287/?type=3","171770326187035_1500974339933287",NA,30,1,0
"171770326187035","Congressman Mike D. Rogers","I was pleased to support the #Veterans Access, Choice and Accountability Act today.  The bill will eliminate the sunset date of the Choice Act and allow our Veterans to continue accessing health care services.  Our brave men and women who have served in uniform deserve this common sense legislation as we continue to work toward comprehensive VA reform.","2017-04-05T19:59:06+0000","status",NA,"171770326187035_1500858193278235",NA,30,5,3
"171770326187035","Congressman Mike D. Rogers","Meeting with the #Alabama Osteopathic Society.  Pictured here with Glenn Nordehn and Brigitte Meyers.  Both are here from VCOM in #Auburn. #AL03","2017-04-05T16:49:17+0000","photo","https://www.facebook.com/CongressmanMikeDRogers/photos/a.203264639704270.50221.171770326187035/1500656696631718/?type=3","171770326187035_1500656696631718",NA,11,6,1
"171770326187035","Congressman Mike D. Rogers","Great to visit with the parents of special needs children and adults who live at Rainbow Omega. #AL03 #Alabama","2017-04-05T14:57:27+0000","photo","https://www.facebook.com/CongressmanMikeDRogers/photos/a.203264639704270.50221.171770326187035/1500539466643441/?type=3","171770326187035_1500539466643441",NA,16,2,5
"171770326187035","Congressman Mike D. Rogers","Great news out of Tuskegee yesterday - Moton Field in Macon County is a potential production site for a new U.S. Air Force jet fighter trainer. Read more - http://www.al.com/news/birmingham/index.ssf/2017/03/tuskegee_site_in_competition_f.html","2017-03-31T18:22:18+0000","link","http://www.al.com/news/birmingham/index.ssf/2017/03/tuskegee_site_in_competition_f.html","171770326187035_1493638934000161",NA,26,6,8
"171770326187035","Congressman Mike D. Rogers","BREAKING: I've just introduced a bill to tax illegal immigrants, which would help fund the border wall. Read more about my bill here: https://mikerogers.house.gov/press-release/rogers-introduces-bill-tax-illegal-immigrants-help-fund-border-wall","2017-03-30T16:16:09+0000","link","https://mikerogers.house.gov/press-release/rogers-introduces-bill-tax-illegal-immigrants-help-fund-border-wall","171770326187035_1492420630788658",NA,173,141,432
"171770326187035","Congressman Mike D. Rogers","It's always a great day when I get to see Billy Powell, the VP at the Alabama Cattlemens Association, and Erin Beasley, who's taking over for Billy when he retires!","2017-03-29T18:38:14+0000","photo","https://www.facebook.com/CongressmanMikeDRogers/photos/a.203264639704270.50221.171770326187035/1491351747562213/?type=3","171770326187035_1491351747562213",NA,11,2,0
"171770326187035","Congressman Mike D. Rogers","Heading into a Homeland Security Committee and House Armed Services Committee Republicans joint hearing, which I will be chairing. Watch here: https://homeland.house.gov/hearing/threats-space-assets-implications-homeland-security/","2017-03-29T17:57:39+0000","link","https://homeland.house.gov/hearing/threats-space-assets-implications-homeland-security/","171770326187035_1491315334232521",NA,5,0,0
"171770326187035","Congressman Mike D. Rogers","Yesterday, President Trump signed a bill into law that declared today, March 29th, National Vietnam War Veterans Day. The Vietnam War Veterans Recognition Act represents the first federal statute recognizing the bravery and sacrifice of veterans who served during the Vietnam War. Join me in celebrating and thanking our Vietnam Veterans today.","2017-03-29T16:47:50+0000","status",NA,"171770326187035_1491271064236948",NA,244,17,106
"171770326187035","Congressman Mike D. Rogers","Thanks to Courtney Vanoy of Lee County for the great meeting today about Alzheimer's initiatives.","2017-03-29T15:46:43+0000","photo","https://www.facebook.com/CongressmanMikeDRogers/photos/a.203264639704270.50221.171770326187035/1491224367574951/?type=3","171770326187035_1491224367574951",NA,10,1,0
"171770326187035","Congressman Mike D. Rogers","Great to see Mark Johnson and his family today. Mark operates the Civilian Marksmanship Program in Anniston, a program that I strongly support!","2017-03-28T21:26:11+0000","photo","https://www.facebook.com/CongressmanMikeDRogers/photos/a.203264639704270.50221.171770326187035/1489998271030894/?type=3","171770326187035_1489998271030894",NA,57,6,1
"171770326187035","Congressman Mike D. Rogers","Always great to see the Alabama Beverage Association and to hear about regulatory issues affecting them.","2017-03-28T15:21:12+0000","photo","https://www.facebook.com/CongressmanMikeDRogers/photos/a.203264639704270.50221.171770326187035/1489719881058733/?type=3","171770326187035_1489719881058733",NA,16,0,2
"171770326187035","Congressman Mike D. Rogers","Thanks to AIPAC – The American Israel Public Affairs Committee for having me today to speak on a panel about the importance of the US-Israeli Missile Defense Cooperation.","2017-03-27T16:52:55+0000","photo","https://www.facebook.com/CongressmanMikeDRogers/photos/a.203264639704270.50221.171770326187035/1488255117871876/?type=3","171770326187035_1488255117871876",NA,24,3,2
"171770326187035","Congressman Mike D. Rogers","Congrats to all the winners of Alabama Broadcasters Association awards, especially #AL03's Yea 106.5 & WYEA 1290 in Sylacauga, which won Radio Station of the Year! http://al-ba.com/wp2/2017-abby-award-winners/","2017-03-27T16:31:30+0000","status",NA,"171770326187035_1488239234540131",NA,12,1,4
"171770326187035","Congressman Mike D. Rogers","Today's vote was very simple to understand – Obamacare does not work, and it will never get better. The choice was clear – support President Trump and Speaker Ryan's strong leadership and this bill to repeal and replace the disastrous law or support keeping Obamacare. Read more: https://mikerogers.house.gov/press-release/rogers-postponement-american-healthcare-act","2017-03-24T20:33:32+0000","link","https://mikerogers.house.gov/press-release/rogers-postponement-american-healthcare-act","171770326187035_1484171788280209",NA,62,91,7
"171770326187035","Congressman Mike D. Rogers","Great seeing Nick McMichen this morning. He is part of the Cotton Council's Emerging Leaders Program. Nick farms in Centre!","2017-03-23T13:36:10+0000","photo","https://www.facebook.com/CongressmanMikeDRogers/photos/a.203264639704270.50221.171770326187035/1482167168480671/?type=3","171770326187035_1482167168480671",NA,18,13,0
"171770326187035","Congressman Mike D. Rogers","So great to meet with the Whitelaw family from Oxford today!","2017-03-22T20:26:38+0000","photo","https://www.facebook.com/CongressmanMikeDRogers/photos/a.203264639704270.50221.171770326187035/1480952711935450/?type=3","171770326187035_1480952711935450",NA,10,0,0
"171770326187035","Congressman Mike D. Rogers","Folks might recognize #AL03's favorite staffer, Debby. Great surprise in the Capitol today!","2017-03-22T00:06:40+0000","photo","https://www.facebook.com/VicePresidentPence/photos/a.1839893742949642.1073741828.1827861310819552/1857999637805719/?type=3","171770326187035_1479733158724072","Congressman Mike D. Rogers shared Vice President Mike Pence's photo.",26,10,0
"171770326187035","Congressman Mike D. Rogers","Come on a Capitol Tour with my office, and you might get to meet @VP! Pictured here is Mason from Opelika! https://www.instagram.com/p/BR6S1b8jAb5/?taken-by=billclarkphotos","2017-03-21T19:26:38+0000","link","https://www.instagram.com/p/BR6S1b8jAb5/?taken-by=billclarkphotos","171770326187035_1479437615420293",NA,41,4,1
"171770326187035","Congressman Mike D. Rogers","Happy National Ag day!","2017-03-21T19:07:49+0000","video","https://www.facebook.com/HouseAgCommittee/videos/10158323122510364/","171770326187035_1479421712088550","Congressman Mike D. Rogers shared House Agriculture Committee's video.",15,2,0
"171770326187035","Congressman Mike D. Rogers","Always a pleasure to meet with the folks at the Alabama Association of Conservation Districts!","2017-03-21T18:08:56+0000","photo","https://www.facebook.com/CongressmanMikeDRogers/photos/a.203264639704270.50221.171770326187035/1479371212093600/?type=3","171770326187035_1479371212093600",NA,9,3,0
"171770326187035","Congressman Mike D. Rogers","The House of Representatives is in session this week. See what we're voting on here: https://www.majorityleader.gov/weekly-schedule/","2017-03-20T19:44:28+0000","link","https://www.majorityleader.gov/weekly-schedule/","171770326187035_1478126848884703",NA,4,4,2
"171770326187035","Congressman Mike D. Rogers","30 minutes until game time! Who's tuning in to watch JSU and Louisville? #StayCocky #MarchMadness","2017-03-17T18:14:34+0000","photo","https://www.facebook.com/CongressmanMikeDRogers/photos/a.203264639704270.50221.171770326187035/1473993032631418/?type=3","171770326187035_1473993032631418",NA,26,7,1
"171770326187035","Congressman Mike D. Rogers","Today, with my support, the House of Representatives will vote on HR 1181, the Veterans 2nd Amendment Protection Act and HR 1259, the VA Accountability First Act. HR 1181 ensures that veterans are given due process and that a judicial authority must make a determination if an individual's information should be shared with the National Criminal Background System, not a VA bureaucrat. HR 1259 gives the VA Secretary increased flexibility to remove, demote, or suspend any VA employee for performance or misconduct, while still protecting whistleblowers.","2017-03-16T18:53:58+0000","status",NA,"171770326187035_1473008319396556",NA,45,14,11
"171770326187035","Congressman Mike D. Rogers","Loved seeing Councilwoman Beth Witten of Auburn today before her Capitol Tour with her family!","2017-03-15T19:38:33+0000","photo","https://www.facebook.com/CongressmanMikeDRogers/photos/a.203264639704270.50221.171770326187035/1471780299519358/?type=3","171770326187035_1471780299519358",NA,15,3,0
"171770326187035","Congressman Mike D. Rogers","Great meeting last week with the Deans and staff from Auburn and Tuskegee's veterinary schools. I'm the only member of Congress who represents two vet schools in my district!","2017-03-15T18:05:38+0000","photo","https://www.facebook.com/CongressmanMikeDRogers/photos/a.203264639704270.50221.171770326187035/1471708972859824/?type=3","171770326187035_1471708972859824",NA,13,5,1
"171770326187035","Congressman Mike D. Rogers","The House of Representatives is in session this week. See what we're voting on here: https://www.majorityleader.gov/weekly-schedule/","2017-03-15T13:14:57+0000","link","https://www.majorityleader.gov/weekly-schedule/","171770326187035_1471486116215443",NA,0,1,2
"171770326187035","Congressman Mike D. Rogers","Great to see Roland and Peggy St. John of St. Clair County this morning before their Capitol tour!","2017-03-10T14:29:16+0000","photo","https://www.facebook.com/CongressmanMikeDRogers/photos/a.203264639704270.50221.171770326187035/1463683933662328/?type=3","171770326187035_1463683933662328",NA,16,7,4
"171770326187035","Congressman Mike D. Rogers","I am pleased that my colleagues in the House of Representatives and I just passed HR 1301, the Department of Defense Appropriations Act for FY17. Congress's constitutional duty is to provide for our national defense, and this bill does just that. There is still more work to be done to ensure readiness in our Armed Forces, but this bill, which passed 371 to 48, is a great start.","2017-03-08T22:50:36+0000","status",NA,"171770326187035_1461042130593175",NA,50,19,7
"171770326187035","Congressman Mike D. Rogers","As we get closer to reauthorizing the Farm Bill, hearing from Alabama's farmers is more important than ever. Read more in this week's column: https://mikerogers.house.gov/press-release/report-washington-helping-east-alabamas-farmers","2017-03-08T16:05:39+0000","link","https://mikerogers.house.gov/press-release/report-washington-helping-east-alabamas-farmers","171770326187035_1460658000631588",NA,16,10,4
"171770326187035","Congressman Mike D. Rogers","I'm in a House Armed Services Committee Republicans Full Committee hearing about the military assessment of our country's nuclear deterrence. Watch it live here: https://armedservices.house.gov/legislation/hearings/military-assessment-nuclear-deterrence-requirements","2017-03-08T15:00:19+0000","link","https://armedservices.house.gov/legislation/hearings/military-assessment-nuclear-deterrence-requirements","171770326187035_1460606683970053",NA,9,3,1
"171770326187035","Congressman Mike D. Rogers","The House of Representatives is in session this week. See what we're voting on here: https://www.majorityleader.gov/weekly-schedule/","2017-03-07T21:49:10+0000","link","https://www.majorityleader.gov/weekly-schedule/","171770326187035_1459541587409896",NA,0,2,2
"171770326187035","Congressman Mike D. Rogers","Congrats to Justin Hill and Elizabeth Hornsby of Calhoun and Lee Counties for winning ALFA awards at their Young Farmers Conference!","2017-03-07T17:26:10+0000","photo","https://www.facebook.com/alabamafarmers/photos/a.10155016506318972.1073741996.142523548971/10155016507483972/?type=3","171770326187035_1459318777432177","Congressman Mike D. Rogers shared Alabama Farmers Federation's album: 2017 Young Farmers Conference.",7,0,0
"171770326187035","Congressman Mike D. Rogers","It was great to meet with Race Clausen, a senior at Sand Rock High School. Race received a nomination to the Naval Academy from my office!","2017-03-06T21:24:19+0000","photo","https://www.facebook.com/CongressmanMikeDRogers/photos/a.203264639704270.50221.171770326187035/1457789457585109/?type=3","171770326187035_1457789457585109",NA,118,7,16
"171770326187035","Congressman Mike D. Rogers","Congrats to my alma mater on clinching a bid to the NCAA tournament! #StayCocky http://abcnews.go.com/Sports/wireStory/ncaa-newcomer-jacksonville-state-wins-ohio-valley-crown-45915370","2017-03-06T21:06:55+0000","link","http://abcnews.go.com/Sports/wireStory/ncaa-newcomer-jacksonville-state-wins-ohio-valley-crown-45915370","171770326187035_1457739334256788",NA,25,0,0
"171770326187035","Congressman Mike D. Rogers","Jeff Sessions is a man of the highest integrity, and his allegiance to the law and truth is undeniable. Democrats should be spending their time heeding President Trump's call to put America first and joining Republicans in addressing the many problems facing its nation, like constructing the border wall, repealing Obamacare, and rebuilding our military.","2017-03-03T12:48:48+0000","status",NA,"171770326187035_1452856761411712","Congressman Mike D. Rogers updated his status.",279,109,39
"171770326187035","Congressman Mike D. Rogers","Later this afternoon, the House of Representatives will vote on my friend, U.S. Representative Bradley Byrne's bill, H.J.Res. 83. This bill will turn back one of the Obama Administration's OSHA rules which punished businesses for violations in the far past, though the law on the books states businesses can only be punished for violations in the past 6 months. This power grab did nothing to protect workers, and I heard time and time again from constituents that it only increased regulatory red tape for small businesses in #AL03.","2017-03-01T22:04:42+0000","status",NA,"171770326187035_1450658398298215",NA,49,15,4
"171770326187035","Congressman Mike D. Rogers","Great meeting today with Auburn president Dr. Jay Gogue and Auburn trustees Jimmy Rane and Charles McCrary about Auburn's contributions to our great state. #WarEagle #AL03","2017-03-01T19:28:53+0000","photo","https://www.facebook.com/CongressmanMikeDRogers/photos/a.203264639704270.50221.171770326187035/1450554068308648/?type=3","171770326187035_1450554068308648",NA,26,20,3
"171770326187035","Congressman Mike D. Rogers","I was thrilled to hear President Trump lay out his optimistic vision for America’s future. We now have a president that is determined to work on the behalf of the American people first. Read more of my thoughts on the Joint Session here: https://mikerogers.house.gov/press-release/rogers-trump%E2%80%99s-address-joint-session-congress","2017-03-01T03:16:49+0000","link","https://mikerogers.house.gov/press-release/rogers-trump%E2%80%99s-address-joint-session-congress","171770326187035_1449658591731529",NA,209,37,15
"171770326187035","Congressman Mike D. Rogers","Pleased to see that President Trump rescinded the harmful Waters of the US Rule. This Obama-era rule was halted by the courts because of its attack on property rights of farmers in the US. This rule was onerous and overreaching, and I'm glad to see it go.","2017-02-28T20:57:40+0000","status",NA,"171770326187035_1449169431780445",NA,96,21,10
"171770326187035","Congressman Mike D. Rogers","It's always great to see the folks from the Chambers County Commission!","2017-02-28T20:40:28+0000","photo","https://www.facebook.com/CongressmanMikeDRogers/photos/a.203264639704270.50221.171770326187035/1449158725114849/?type=3","171770326187035_1449158725114849",NA,18,4,1
"171770326187035","Congressman Mike D. Rogers","Great meeting today with the Alabama Association of Emergency Managers today!","2017-02-28T18:53:59+0000","photo","https://www.facebook.com/CongressmanMikeDRogers/photos/a.203264639704270.50221.171770326187035/1449067075124014/?type=3","171770326187035_1449067075124014",NA,17,7,7
"171770326187035","Congressman Mike D. Rogers","It was great to meet with St Clair County Commissioners Tommy Bowers and Kenneth Lee Crowe today! #AL03","2017-02-27T23:02:00+0000","photo","https://www.facebook.com/CongressmanMikeDRogers/photos/a.203264639704270.50221.171770326187035/1448052348558820/?type=3","171770326187035_1448052348558820",NA,23,5,4
"171770326187035","Congressman Mike D. Rogers","The House of Representatives is in session this week. See what we'll vote on here: https://www.majorityleader.gov/weekly-schedule/","2017-02-27T18:06:40+0000","link","https://www.majorityleader.gov/weekly-schedule/","171770326187035_1447731551924233",NA,26,15,6
"171770326187035","Congressman Mike D. Rogers",NA,"2017-02-20T17:00:03+0000","photo","https://www.facebook.com/CongressmanMikeDRogers/photos/a.203264639704270.50221.171770326187035/1319503841413672/?type=3","171770326187035_1319503841413672","Congressman Mike D. Rogers added a new photo.",40,16,3
"171770326187035","Congressman Mike D. Rogers","I was proud to vote today in support of H. J. Res. 43. This is a disapproval of one of President Obama's rules that threatens to deprive states of Title X (low-income family planning) grant money if they do not comply with the Obama rule and fund Planned Parenthood. H.J. Res 43 would repeal the Obama Administration’s rule, allowing states the freedom to distribute Title X grant money in a way that serves the needs of their constituents.","2017-02-16T20:16:56+0000","status",NA,"171770326187035_1433059886724733",NA,115,47,11
"171770326187035","Congressman Mike D. Rogers","I'm in a Homeland Security Committee Border Subcommittee hearing about the threats faced at our Southern border. Watch it here: https://youtu.be/lLzn7n4FNiM","2017-02-16T15:26:22+0000","video","https://youtu.be/lLzn7n4FNiM","171770326187035_1432778740086181",NA,15,9,1
"171770326187035","Congressman Mike D. Rogers","It was great to see Brian and Selena Story of Anniston today after their Capitol Tour!","2017-02-15T20:07:44+0000","photo","https://www.facebook.com/CongressmanMikeDRogers/photos/a.203264639704270.50221.171770326187035/1431641776866544/?type=3","171770326187035_1431641776866544",NA,25,8,1
"171770326187035","Congressman Mike D. Rogers","I'm in a House Agriculture Committee hearing on the Rural Economic Outlook as we approach next year's Farm Bill. Watch it live here: https://www.youtube.com/watch?v=-zV8vCN5WsM","2017-02-15T15:26:49+0000","link","https://www.youtube.com/watch?v=-zV8vCN5WsM","171770326187035_1431392606891461",NA,17,7,1
"171770326187035","Congressman Mike D. Rogers","Great morning meeting with Jane Cameron and Sandy Dearth from Alabama Special Olympics!","2017-02-15T14:48:21+0000","photo","https://www.facebook.com/CongressmanMikeDRogers/photos/a.203264639704270.50221.171770326187035/1431356873561701/?type=3","171770326187035_1431356873561701",NA,26,5,3
"171770326187035","Congressman Mike D. Rogers","Over the weekend, one of America's finest men passed away in Auburn. Join me in praying for his family. http://www.oanow.com/news/local/we-were-soldiers-hero-passes-the-celebrated-life-story-of/article_0717084e-f08a-11e6-9fcb-636a74eceacb.html","2017-02-13T14:49:24+0000","link","http://www.oanow.com/news/local/we-were-soldiers-hero-passes-the-celebrated-life-story-of/article_0717084e-f08a-11e6-9fcb-636a74eceacb.html","171770326187035_1428791743818214",NA,49,9,8
"171770326187035","Congressman Mike D. Rogers","I am thrilled for my friend Jeff Sessions. During his nearly 20 years in the Senate, Jeff represented the people of Alabama with highest honor and conviction. As Attorney General, he will set the standard for integrity, decency, and determination to uphold the rule of law and defend our country. My heart swells with pride for our next Attorney General, Jeff Sessions.","2017-02-09T00:28:16+0000","status",NA,"171770326187035_1422075714489817",NA,342,79,20
"171770326187035","Congressman Mike D. Rogers","In order to jump start construction of the wall, I will sponsor a bill, the Border Security Funding Act of 2017, which will require illegal workers to pay a fee on money they send away to their home countries. Read more from my column here: https://mikerogers.house.gov/press-release/report-washington-protecting-america%E2%80%99s-taxpayers-securing-border","2017-02-08T15:42:51+0000","link","https://mikerogers.house.gov/press-release/report-washington-protecting-america%E2%80%99s-taxpayers-securing-border","171770326187035_1421698507860871",NA,130,63,24
"171770326187035","Congressman Mike D. Rogers","It was great to meet today with Russell County Sheriff Heath Taylor. Thanks for all you do! #AL03","2017-02-07T20:43:23+0000","photo","https://www.facebook.com/CongressmanMikeDRogers/photos/a.203264639704270.50221.171770326187035/1420559744641414/?type=3","171770326187035_1420559744641414",NA,29,5,2
"171770326187035","Congressman Mike D. Rogers","Happy Birthday to President Ronald Reagan!","2017-02-06T18:18:43+0000","photo","https://www.facebook.com/CongressmanMikeDRogers/photos/a.203264639704270.50221.171770326187035/1418921134805275/?type=3","171770326187035_1418921134805275",NA,81,5,4
"171770326187035","Congressman Mike D. Rogers","My colleagues and I just passed, H.J. Res. 40, a disapproval of Obama's plan to share gunowners' Social Security info with the National Instant Criminal Background Check System. This anti-gun proposal was unconstitutional, and I'm glad to have voted to disapprove of it.","2017-02-02T21:20:23+0000","status",NA,"171770326187035_1412460608784661",NA,150,96,24
"171770326187035","Congressman Mike D. Rogers","Today I had the honor of having Reverend Jimmy Tompkins and his wife Melea as my guests at this year's #nationalprayerbreakfast","2017-02-02T14:42:36+0000","photo","https://www.facebook.com/CongressmanMikeDRogers/photos/a.203264639704270.50221.171770326187035/1412093295488059/?type=3","171770326187035_1412093295488059",NA,29,6,1
"171770326187035","Congressman Mike D. Rogers","Happy 83rd birthday to Medal of Honor winner and resident of #AL03, Bennie Adkins!","2017-02-01T19:17:19+0000","photo","https://www.facebook.com/CongressmanMikeDRogers/photos/a.203264639704270.50221.171770326187035/1410920918938630/?type=3","171770326187035_1410920918938630",NA,73,3,1
"171770326187035","Congressman Mike D. Rogers","Yesterday I had the pleasure of meeting (from left) James Johnstone, Geoffrey Tsela, and Cody Hale. Cody is the pastor at Iron City Baptist Church in Anniston, and Geoffrey was visiting all the way from Swaziland!","2017-02-01T14:37:43+0000","photo","https://www.facebook.com/CongressmanMikeDRogers/photos/a.203264639704270.50221.171770326187035/1410693802294675/?type=3","171770326187035_1410693802294675",NA,23,0,3
"171770326187035","Congressman Mike D. Rogers","I am thrilled that President Trump nominated Judge Neil Gorsuch to replace Justice Antonin Scalia's conservative voice. We need a Supreme Court Justice who will adhere to the Constitution and understand that power resides with the American people. Judge Gorsuch will do just that, and I look forward to a fair and timely confirmation process by the Senate.","2017-02-01T01:07:46+0000","status",NA,"171770326187035_1409889412375114",NA,191,11,3
"171770326187035","Congressman Mike D. Rogers","Today I spoke on the House floor in strong opposition to President Obama's pardoning of Inmate Manning. We’re hearing the usual hand wringing from President Trump’s critics about the impacts of his Executive Order on those who helped us in Iraq and Afghanistan. These voices would be more credible if they criticized President Obama for his irresponsible commutation of Manning. Watch here:  https://www.youtube.com/watch?v=I6AAmNptfdc&feature=youtu.be","2017-01-31T20:41:56+0000","video","https://www.youtube.com/watch?v=I6AAmNptfdc&feature=youtu.be","171770326187035_1409679859062736",NA,78,7,6
"171770326187035","Congressman Mike D. Rogers","It was great to see Talladega College's President Billy Hawkins yesterday!","2017-01-31T16:15:13+0000","photo","https://www.facebook.com/CongressmanMikeDRogers/photos/a.203264639704270.50221.171770326187035/1409402352423820/?type=3","171770326187035_1409402352423820",NA,93,2,2
"171770326187035","Congressman Mike D. Rogers","It was great to see the Morgan family from Opelika today after their Capitol tour!","2017-01-30T22:25:29+0000","photo","https://www.facebook.com/CongressmanMikeDRogers/photos/a.203264639704270.50221.171770326187035/1407524795944909/?type=3","171770326187035_1407524795944909",NA,11,1,1
"171770326187035","Congressman Mike D. Rogers","Congrats to the hard-working wrestlers of Oxford High School! Go Yellowjackets! http://www.annistonstar.com/sports/high_school/oxford-wrestling-wins-a-final-of-inaugural-state-duals-tournament/article_d2368d2a-e5ad-11e6-924b-63628a69007b.html","2017-01-30T20:05:19+0000","link","http://www.annistonstar.com/sports/high_school/oxford-wrestling-wins-a-final-of-inaugural-state-duals-tournament/article_d2368d2a-e5ad-11e6-924b-63628a69007b.html","171770326187035_1407437339286988",NA,17,0,1
"171770326187035","Congressman Mike D. Rogers","Until there is a new and effective refugee vetting process in place, President Trump's most recent executive order is necessary. Read more: https://mikerogers.house.gov/press-release/rogers-president-trump%E2%80%99s-immigration-executive-order","2017-01-30T18:27:02+0000","link","https://mikerogers.house.gov/press-release/rogers-president-trump%E2%80%99s-immigration-executive-order","171770326187035_1407361319294590",NA,149,42,16
"171770326187035","Congressman Mike D. Rogers","#DidYouKnow this fact about Montgomery County?","2017-01-28T17:00:00+0000","photo","https://www.facebook.com/CongressmanMikeDRogers/photos/a.203264639704270.50221.171770326187035/1319492858081437/?type=3","171770326187035_1319492858081437",NA,12,5,0
"171770326187035","Congressman Mike D. Rogers","Celebrate The Power of One and participate in the largest pro-life rally in the world! #MarchforLife today!","2017-01-27T14:00:01+0000","photo","https://www.facebook.com/CongressmanMikeDRogers/photos/a.203264639704270.50221.171770326187035/1319491328081590/?type=3","171770326187035_1319491328081590",NA,53,8,1
"171770326187035","Congressman Mike D. Rogers","#tbt to January 3rd and the swearing in of the 115th Congress with my wife Beth and @speakerryan","2017-01-26T20:37:18+0000","photo","https://www.facebook.com/CongressmanMikeDRogers/photos/a.203264639704270.50221.171770326187035/1401437359886986/?type=3","171770326187035_1401437359886986",NA,149,14,3
"171770326187035","Congressman Mike D. Rogers","I applaud the recent reports that President Trump will cut funding to the UN by 40 percent. Read more here: https://mikerogers.house.gov/press-release/rogers-applauds-president-trump%E2%80%99s-un-proposal","2017-01-26T18:02:03+0000","link","https://mikerogers.house.gov/press-release/rogers-applauds-president-trump%E2%80%99s-un-proposal","171770326187035_1401308199899902",NA,77,12,13
"171770326187035","Congressman Mike D. Rogers","With the new Trump administration, Congress now has the unique opportunity to pass into law meaningful legislation that will positively impact American lives.    Read more in my latest column: https://mikerogers.house.gov/press-release/report-washington-fresh-start-washington","2017-01-25T14:30:22+0000","link","https://mikerogers.house.gov/press-release/report-washington-fresh-start-washington","171770326187035_1399895296707859",NA,52,8,9
"171770326187035","Congressman Mike D. Rogers","It was great to meet with the Secretary of the Alabama Law Enforcement Agency, Stan Stabler, today.","2017-01-24T21:50:31+0000","photo","https://www.facebook.com/CongressmanMikeDRogers/photos/a.203264639704270.50221.171770326187035/1398910160139706/?type=3","171770326187035_1398910160139706",NA,11,0,0
"171770326187035","Congressman Mike D. Rogers","This afternoon, the House will vote on HR 7, which bans federal funds being used for abortions. I strongly support this #prolife bill.","2017-01-24T16:57:00+0000","status",NA,"171770326187035_1398615220169200",NA,329,46,24
"171770326187035","Congressman Mike D. Rogers","Ready to get to work making America great again with our new President, Donald J. Trump. Read more: https://mikerogers.house.gov/press-release/rogers-swearing-president-donald-j-trump","2017-01-20T17:12:01+0000","link","https://mikerogers.house.gov/press-release/rogers-swearing-president-donald-j-trump","171770326187035_1392752794088776",NA,111,48,4
"171770326187035","Congressman Mike D. Rogers","It was my great pleasure to host folks from back home during their trips to see President Trump's swearing-in. My staff and I loved meeting everyone.","2017-01-23T21:18:06+0000","photo","https://www.facebook.com/CongressmanMikeDRogers/photos/a.1396706707026718.1073741841.171770326187035/1396706967026692/?type=3","171770326187035_1396713703692685","Congressman Mike D. Rogers added 29 new photos to the album: Inauguration Reception 2017 — in Washington, District of Columbia.",35,2,2
"171770326187035","Congressman Mike D. Rogers","Who all is looking forward to Friday? We sure are here in my office!","2017-01-18T22:55:36+0000","photo","https://www.facebook.com/CongressmanMikeDRogers/photos/a.203264639704270.50221.171770326187035/1390777604286295/?type=3","171770326187035_1390777604286295",NA,188,20,9
"171770326187035","Congressman Mike D. Rogers","Loved meeting Ms. Hall and the kids today at Randolph Park Elementary School when I came to present a flag that flew over the Capitol!","2017-01-17T19:32:03+0000","photo","https://www.facebook.com/CongressmanMikeDRogers/photos/a.203264639704270.50221.171770326187035/1389462684417787/?type=3","171770326187035_1389462684417787",NA,39,7,3
"171770326187035","Congressman Mike D. Rogers","It was great to speak to the government class at The Donoho School today!","2017-01-17T16:12:52+0000","photo","https://www.facebook.com/CongressmanMikeDRogers/photos/a.203264639704270.50221.171770326187035/1389333597764029/?type=3","171770326187035_1389333597764029",NA,13,4,1
"171770326187035","Congressman Mike D. Rogers","Let us all pause once again on this important day to remember Dr. Martin Luther King Jr., the inspiring life he led, and his legacy that will live on forever.","2017-01-16T14:24:41+0000","status",NA,"171770326187035_1388147707882618",NA,15,4,3
"171770326187035","Congressman Mike D. Rogers","Today I spoke on the House Floor in favor of a one-time waiver to allow General James Mattis to become our nation's Secretary of Defense. You can watch my speech here: https://www.youtube.com/watch?v=YZxqsUF03ik&spfreload=10","2017-01-13T21:15:16+0000","video","https://www.youtube.com/watch?v=YZxqsUF03ik&spfreload=10","171770326187035_1385185491512173",NA,60,4,3
"171770326187035","Congressman Mike D. Rogers","In Case You Missed It: It is my honor to continue to serve as the Strategic Forces Subcommittee Chairman on the House Armed Services Committee Republicans. https://armedservices.house.gov/news/press-releases/thornberry-releases-hasc-subcommittee-chairs-115th-congress","2017-01-12T18:40:55+0000","link","https://armedservices.house.gov/news/press-releases/thornberry-releases-hasc-subcommittee-chairs-115th-congress","171770326187035_1384068584957197",NA,30,4,1
"171770326187035","Congressman Mike D. Rogers","We have an opportunity this Congress to protect the rights of the unborn like never before. Read more from this week's column here: https://mikerogers.house.gov/press-release/report-washington-new-opportunity-protect-rights-unborn","2017-01-11T21:19:48+0000","link","https://mikerogers.house.gov/press-release/report-washington-new-opportunity-protect-rights-unborn","171770326187035_1383015471729175",NA,16,12,2
"171770326187035","Congressman Mike D. Rogers","Check out my op-ed in RealClearDefense on the tenth anniversary of China's ASAT Missile Test: http://www.realcleardefense.com/articles/2017/01/11/tenth_anniversary_of_the_chinese_anti-satellite_asat_missiletest_110617.html","2017-01-11T17:34:15+0000","link","http://www.realcleardefense.com/articles/2017/01/11/tenth_anniversary_of_the_chinese_anti-satellite_asat_missiletest_110617.html","171770326187035_1382794658417923",NA,7,3,0
"171770326187035","Congressman Mike D. Rogers","It is my distinct honor and privilege to serve alongside Senator Sessions. I believe it is the Senate's duty to confirm him swiftly. Read more here: https://mikerogers.house.gov/press-release/rogers-sessions-confirmation-hearing","2017-01-11T01:16:09+0000","link","https://mikerogers.house.gov/press-release/rogers-sessions-confirmation-hearing","171770326187035_1381851405178915",NA,114,6,10
"171770326187035","Congressman Mike D. Rogers","Interested in a summer internship in one of my three offices? See my website for this year's internship information: https://mikerogers.house.gov/constituent-services/internships","2017-01-10T21:14:14+0000","link","https://mikerogers.house.gov/constituent-services/internships","171770326187035_1381379608559428",NA,9,2,12
"171770326187035","Congressman Mike D. Rogers","#BuiltByBama  Proud to have these built in Alabama's Third District! http://yellowhammernews.com/business-2/alabama-built-honda-ridgeline-wins-2017-truck-year-award/","2017-01-09T20:28:19+0000","link","http://yellowhammernews.com/business-2/alabama-built-honda-ridgeline-wins-2017-truck-year-award/","171770326187035_1380219798675409",NA,24,1,3
"171770326187035","Congressman Mike D. Rogers","Today, on #LawEnforcementAppreciationDay, join me in thanking those who protect and serve our communities every day.","2017-01-09T18:32:14+0000","link","https://twitter.com/search?q=%23LawEnforcementAppreciationDay","171770326187035_1380125332018189",NA,25,2,2
"171770326187035","Congressman Mike D. Rogers","#DidYouKnow Cherokee County was founded on this day in 1836?","2017-01-09T17:00:01+0000","photo","https://www.facebook.com/CongressmanMikeDRogers/photos/a.203264639704270.50221.171770326187035/1319489528081770/?type=3","171770326187035_1319489528081770",NA,20,2,4
"171770326187035","Congressman Mike D. Rogers","#DidYouKnow Author Zora Neale Hurston was born in Notasulga on this day in 1891?","2017-01-07T17:01:23+0000","photo","https://www.facebook.com/CongressmanMikeDRogers/photos/a.203264639704270.50221.171770326187035/1319488371415219/?type=3","171770326187035_1319488371415219",NA,6,1,1
"171770326187035","Congressman Mike D. Rogers","Tune in to see my colleagues and I in a historic joint session of Congress to verify the electoral college votes: https://www.c-span.org/video/?421237-1/joint-session-congress-meets-certify-electoral-college-results","2017-01-06T18:04:00+0000","link","https://www.c-span.org/video/?421237-1%2Fjoint-session-congress-meets-certify-electoral-college-results","171770326187035_1377285595635496",NA,32,3,2
"171770326187035","Congressman Mike D. Rogers","Due to the inclement weather, the Anniston Courthouse is closed, including my Anniston office. Everyone stay safe and follow your local EMA for weather alerts!","2017-01-06T14:15:27+0000","status",NA,"171770326187035_1377097658987623",NA,25,1,4
"171770326187035","Congressman Mike D. Rogers","Today marks the start of the 115th Congress. My first act of the new congress was to reintroduce my bill to end the United States' involvement in the United Nations. Read more here: https://mikerogers.house.gov/press-release/rogers-swearing-115th-congress","2017-01-03T20:27:15+0000","link","https://mikerogers.house.gov/press-release/rogers-swearing-115th-congress","171770326187035_1374530822577640",NA,118,25,17
"171770326187035","Congressman Mike D. Rogers","Happy New Year! Looking forward to what 2017 brings our great nation.","2017-01-01T15:00:01+0000","photo","https://www.facebook.com/CongressmanMikeDRogers/photos/a.203264639704270.50221.171770326187035/1350707594959963/?type=3","171770326187035_1350707594959963",NA,44,2,2
