"from_id","from_name","message","created_time","type","link","id","story","likes_count","comments_count","shares_count"
"67106719910","Congressman Vern Buchanan","LIKE my page if you agree with my bill: NO PAY RAISE FOR CONGRESS!   National debt is near $20 trillion. Congress doesn’t deserve it.","2017-06-23T14:53:01+0000","photo","https://www.facebook.com/CongressmanBuchanan/photos/a.128428664910.101551.67106719910/10155434595149911/?type=3","67106719910_10155434595149911",NA,1087,127,168
"67106719910","Congressman Vern Buchanan","BAN HORSE SLAUGHTER!   Congress needs to pass the SAFE Act -- the bill I introduced that will stop this barbaric practice!","2017-06-22T14:23:52+0000","photo","https://www.facebook.com/CongressmanBuchanan/photos/a.128428664910.101551.67106719910/10155431289514911/?type=3","67106719910_10155431289514911",NA,459,259,798
"67106719910","Congressman Vern Buchanan","JUST ANNOUNCED:   Eight Suncoast students have received an appointment to our nation’s military service academies. Congrats and good luck!","2017-06-21T14:54:55+0000","photo","https://www.facebook.com/CongressmanBuchanan/photos/a.128428664910.101551.67106719910/10155427843699911/?type=3","67106719910_10155427843699911",NA,204,16,8
"67106719910","Congressman Vern Buchanan","Presented law enforcement officers from my district with congressional awards last night. They deserve our gratitude and respect!","2017-06-20T17:41:24+0000","photo","https://www.facebook.com/CongressmanBuchanan/photos/a.128428664910.101551.67106719910/10155424796624911/?type=3","67106719910_10155424796624911",NA,120,15,7
"67106719910","Congressman Vern Buchanan","Manatee and Sarasota counties are #1 and #2 in Florida for fentanyl overdose deaths.   We have to fight this killer drug.","2017-06-19T19:30:46+0000","link","http://www.bradenton.com/news/local/heroin-epidemic/article156971444.html","67106719910_10155421906259911",NA,254,102,62
"67106719910","Congressman Vern Buchanan","OUTRAGEOUS: Madoff victims fund hasn't paid out a cent but firm in charge of victims' money has been paid millions!  That's why I pushed the U.S. Attorney General to step in and fix this. Read more:","2017-06-16T14:41:16+0000","link","https://www.wsj.com/articles/criticism-mounts-on-madoff-compensation-fund-1497557329","67106719910_10155411644364911",NA,167,43,33
"67106719910","Congressman Vern Buchanan","The Suncoast racks up another number 1 ranking!   Our economy is growing, tourism is booming and entrepreneurs are building businesses.","2017-06-15T15:01:32+0000","link","http://www.heraldtribune.com/news/20170614/report-sarasota-manatee-is-no-1-in-nation-for-young-entrepreneurs","67106719910_10155408510404911",NA,163,21,59
"67106719910","Congressman Vern Buchanan","My staff and I are safe. Praying for Steve Scalise, congressional staff and Capitol Police officers involved.","2017-06-14T13:27:24+0000","status",NA,"67106719910_10155404780284911",NA,324,55,11
"67106719910","Congressman Vern Buchanan","Just voted to pass a bill to allow the VA to fire bad employees.  We need to fix the VA so our heroes get the respect and care they have earned.","2017-06-13T21:10:08+0000","photo","https://www.facebook.com/CongressmanBuchanan/photos/a.128428664910.101551.67106719910/10155402692179911/?type=3","67106719910_10155402692179911",NA,254,62,17
"67106719910","Congressman Vern Buchanan","We need to make hearing aids more affordable!   86% of people who would benefit from hearing aids don’t get them, primarily due to high costs.","2017-06-13T16:25:59+0000","link","http://www.heraldtribune.com/news/20170613/buchanan-bill-would-change-way-hearing-aids-are-sold?start=2","67106719910_10155401914104911",NA,361,73,38
"67106719910","Congressman Vern Buchanan","Flags are at half-staff in Florida as we recognize the victims of the Pulse nightclub shooting in Orlando one year ago today.","2017-06-12T17:03:52+0000","photo","https://www.facebook.com/CongressmanBuchanan/photos/a.128428664910.101551.67106719910/10155398940714911/?type=3","67106719910_10155398940714911",NA,47,9,5
"67106719910","Congressman Vern Buchanan","The secret is out – Sarasota is a great place to visit! Tourism is booming.","2017-06-09T14:20:32+0000","link","http://www.heraldtribune.com/news/20170608/sarasota-county-welcomes-best-april-ever-for-tourism","67106719910_10155388990454911",NA,123,24,15
"67106719910","Congressman Vern Buchanan","Pleasure to meet with AARP and AARP Florida today on protecting Social Security, Medicare and other programs important to seniors!","2017-06-07T19:22:46+0000","photo","https://www.facebook.com/CongressmanBuchanan/photos/a.128428664910.101551.67106719910/10155383064524911/?type=3","67106719910_10155383064524911",NA,115,60,3
"67106719910","Congressman Vern Buchanan","U.S. forces stormed the beaches at Normandy 73 years ago today, helping to defeat Nazi Germany.   D-Day -- the Greatest Generation!","2017-06-06T14:32:04+0000","photo","https://www.facebook.com/CongressmanBuchanan/photos/a.128428664910.101551.67106719910/10155378818799911/?type=3","67106719910_10155378818799911",NA,395,23,36
"67106719910","Congressman Vern Buchanan","Met with Florida troops serving overseas. What a privilege.   True patriots keeping America safe.","2017-06-05T19:05:29+0000","photo","https://www.facebook.com/CongressmanBuchanan/photos/a.128428664910.101551.67106719910/10155376258754911/?type=3","67106719910_10155376262324911","Congressman Vern Buchanan added 2 new photos.",176,23,3
"67106719910","Congressman Vern Buchanan","Check out my column in the Sarasota Herald-Tribune on protecting police from cop killers.  Targeting first responders will not be tolerated.","2017-06-01T18:20:55+0000","link","http://www.heraldtribune.com/opinion/20170525/buchanan-protecting-first-responders","67106719910_10155361294299911",NA,124,37,6
"67106719910","Congressman Vern Buchanan","Victims of scam artist Bernie Madoff get zero from victims fund.   Time to take action!","2017-05-31T17:42:04+0000","link","http://www.sunshinestatenews.com/story/vern-buchanan-goes-bat-bernie-madoff-victims","67106719910_10155357840554911",NA,164,30,20
"67106719910","Congressman Vern Buchanan","I strongly encourage the president to remain in the Paris climate accord.   Climate change is a serious issue, especially for a state like Florida that has two coastlines vulnerable to rising waters.","2017-05-30T15:30:29+0000","photo","https://www.facebook.com/CongressmanBuchanan/photos/a.128428664910.101551.67106719910/10155354315309911/?type=3","67106719910_10155354315309911",NA,667,626,159
"67106719910","Congressman Vern Buchanan","As we celebrate Memorial Day, please join me in honoring those who made the ultimate sacrifice for our country.  I was honored to lay a wreath Friday at the Tomb of the Unknown Soldier at Arlington National Cemetery.","2017-05-29T18:20:21+0000","photo","https://www.facebook.com/CongressmanBuchanan/photos/a.128428664910.101551.67106719910/10155351805469911/?type=3","67106719910_10155351806124911","Congressman Vern Buchanan added 3 new photos.",188,17,4
"67106719910","Congressman Vern Buchanan","Honored to receive ""Champion of Health Care"" award from the Manatee Chamber for anti-drug efforts and mental health reform. http://www.bradenton.com/news/local/article152624234.html","2017-05-26T16:15:25+0000","photo","https://www.facebook.com/CongressmanBuchanan/photos/a.128428664910.101551.67106719910/10155341673159911/?type=3","67106719910_10155341673159911",NA,65,66,5
"67106719910","Congressman Vern Buchanan","Number 1 -- again.   Come see for yourself why Siesta Beach is considered tops in America!","2017-05-25T18:52:14+0000","link","http://www.heraldtribune.com/news/20170525/siesta-beach-in-sarasota-is-no-1-in-us-again-dr-beach-says","67106719910_10155338789759911",NA,473,43,224
"67106719910","Congressman Vern Buchanan","Honored to be part of the groundbreaking ceremony for a new VA clinic in southern Hillsborough County.   Vets deserve the best health care possible.","2017-05-23T21:01:46+0000","photo","https://www.facebook.com/CongressmanBuchanan/photos/a.128428664910.101551.67106719910/10155332851374911/?type=3","67106719910_10155332852269911","Congressman Vern Buchanan added 4 new photos.",165,45,13
"67106719910","Congressman Vern Buchanan","FL is #1 in the U.S. for retired vets.   Those who served our country are always welcome in the Sunshine State.","2017-05-22T19:05:33+0000","link","http://www.tampabay.com/news/business/workinglife/study-florida-most-friendly-state-for-retired-veterans/2324746","67106719910_10155329477364911",NA,121,25,25
"67106719910","Congressman Vern Buchanan","Sarasota and Manatee counties are the epicenter of Florida's drug crisis.   That's why I fought for federal anti-drug funding. This money will help save lives.","2017-05-19T17:59:03+0000","link","http://www.mysuncoast.com/news/local/sarasota-manatee-receive-federal-funds-to-fight-drug-epidemic/article_d96219a2-3bfc-11e7-b2fe-ef709fbaf3f9.html","67106719910_10155319754814911",NA,90,46,6
"67106719910","Congressman Vern Buchanan","U.S. HOUSE JUST PASSED my bill punishing cop killers.  Ambush killings of police are at a 10-year high.","2017-05-18T20:21:42+0000","photo","https://www.facebook.com/CongressmanBuchanan/photos/a.128428664910.101551.67106719910/10155317183169911/?type=3","67106719910_10155317183169911",NA,382,113,52
"67106719910","Congressman Vern Buchanan","TODAY: IMPORTANT VOTE on my bill to crack down on cop killers.  Watch this afternoon's vote here: https://www.c-span.org/congress/","2017-05-18T18:26:30+0000","link","http://www.bradenton.com/news/politics-government/article151083517.html","67106719910_10155316959134911",NA,175,44,25
"67106719910","Congressman Vern Buchanan","Frightening story: Police officer collapses after brushing fentanyl (synthetic heroin) off his uniform. Tiny amount can be deadly.","2017-05-17T17:22:21+0000","link","http://www.cnn.com/2017/05/16/health/police-fentanyl-overdose-trnd/","67106719910_10155313643654911",NA,20,34,58
"67106719910","Congressman Vern Buchanan","Honor the fallen.   As National Police Week begins, please thank any officers you see for keeping us safe.","2017-05-15T18:17:42+0000","photo","https://www.facebook.com/CongressmanBuchanan/photos/a.128428664910.101551.67106719910/10155307060569911/?type=3","67106719910_10155307060569911",NA,81,20,45
"67106719910","Congressman Vern Buchanan","Today is Military Spouse Appreciation Day.   Special thanks to our military spouses for their incredible sacrifices.","2017-05-12T17:56:33+0000","photo","https://www.facebook.com/CongressmanBuchanan/photos/a.128428664910.101551.67106719910/10155298032109911/?type=3","67106719910_10155298032109911",NA,92,15,52
"67106719910","Congressman Vern Buchanan","Hurricane season is approaching. Check out this article and the hurricane tips on my website:  https://buchanan.house.gov/resources/hurricanes","2017-05-11T18:49:08+0000","link","http://www.heraldtribune.com/news/20170510/sarasota-county-emergency-officials-update-hurricane-evacuation-maps","67106719910_10155295306324911",NA,43,26,27
"67106719910","Congressman Vern Buchanan","Social Security is one of our government's greatest success stories and it MUST be protected!  Here are some good tips for applying for benefits.","2017-05-10T17:46:56+0000","link","https://www.usatoday.com/story/money/personalfinance/retirement/2017/05/10/ins-and-outs-applying-social-security-benefits/101054756/","67106719910_10155292236909911",NA,41,38,12
"67106719910","Congressman Vern Buchanan","My bill to help people on welfare find jobs has been signed into law.  I'll keep working on bipartisan approaches like this to move the country forward. We need to end Washington gridlock and do what’s right for the country.","2017-05-09T16:55:53+0000","link","http://www.heraldtribune.com/news/20170508/buchanan-welfare-to-work-proposal-becomes-law","67106719910_10155289288799911",NA,402,116,35
"67106719910","Congressman Vern Buchanan","Vote for your favorite piece of high school art by liking and sharing!","2017-05-04T14:59:31+0000","photo","https://www.facebook.com/CongressmanBuchanan/photos/a.10155267568529911.1073741828.67106719910/10155273889424911/?type=3","67106719910_10155273889424911","Congressman Vern Buchanan added 7 new photos to the album: VOTE NOW: 2017 Congressional Art Competition!",39,79,42
"67106719910","Congressman Vern Buchanan","Gov. Scott made the right call declaring a public health emergency on opioid epidemic.   My district is the epicenter of FL's drug crisis and we need more help.","2017-05-03T18:10:49+0000","link","http://www.bradenton.com/news/local/heroin-epidemic/article148288319.html","67106719910_10155271480199911",NA,204,151,63
"67106719910","Congressman Vern Buchanan","Vote for your favorite piece of high school art by liking and sharing!","2017-05-02T16:00:17+0000","photo","https://www.facebook.com/CongressmanBuchanan/photos/a.10155267568529911.1073741828.67106719910/10155267570194911/?type=3","67106719910_10155267570194911","Congressman Vern Buchanan added 56 new photos to the album: VOTE NOW: 2017 Congressional Art Competition!",39,79,42
"67106719910","Congressman Vern Buchanan","No surprise here:  Florida best in the nation for retirement based on affordability, quality of life and health care.","2017-05-01T16:09:21+0000","link","https://wallethub.com/edu/best-and-worst-states-to-retire/18592/","67106719910_10155265171819911",NA,108,66,35
"67106719910","Congressman Vern Buchanan","Great meeting with Lisa Vanderpump about our shared efforts to stop animal cruelty!","2017-04-28T18:58:59+0000","photo","https://www.facebook.com/CongressmanBuchanan/photos/a.128428664910.101551.67106719910/10155256530159911/?type=3","67106719910_10155256530159911",NA,259,65,17
"67106719910","Congressman Vern Buchanan","Attacks on police must end!   My bill to crack down on cop killers just passed a key congressional committee.","2017-04-27T16:06:51+0000","video","https://www.facebook.com/CongressmanBuchanan/videos/10155252645739911/","67106719910_10155252645739911",NA,282,47,34
"67106719910","Congressman Vern Buchanan","LETTER TO GOV: My district is suffering and needs anti-drug money.  Sarasota and Manatee counties are number 1 and 2 of all 67 FL counties in fentanyl deaths per capita.","2017-04-26T17:37:44+0000","photo","https://www.facebook.com/CongressmanBuchanan/photos/a.128428664910.101551.67106719910/10155249847019911/?type=3","67106719910_10155249852594911","Congressman Vern Buchanan added 2 new photos.",131,121,33
"67106719910","Congressman Vern Buchanan","The last thing Manatee County, and Florida, needs is more fentanyl on the street.","2017-04-25T14:34:04+0000","link","http://www.bradenton.com/news/politics-government/article146379694.html#storylink=cpy","67106719910_10155246406184911",NA,34,39,25
"67106719910","Congressman Vern Buchanan","Tomorrow is Earth Day.   Let me know if you agree: we need to protect Florida's environment.","2017-04-21T17:11:46+0000","photo","https://www.facebook.com/CongressmanBuchanan/photos/a.128428664910.101551.67106719910/10155234412964911/?type=3","67106719910_10155234412964911",NA,398,216,28
"67106719910","Congressman Vern Buchanan","Great work, Bradenton entrepreneurs and Manatee Chamber!","2017-04-19T16:01:56+0000","link","http://www.bradenton.com/news/business/article145262164.html","67106719910_10155227798224911",NA,127,34,26
"67106719910","Congressman Vern Buchanan","TAX DAY 2017.  Americans are paying an all-time high in federal taxes.   We need to reduce taxes and simplify a complicated tax code that is five times longer than the Bible.","2017-04-18T18:37:57+0000","link","http://gph.is/1dYxC6f","67106719910_10155224924534911",NA,259,126,35
"67106719910","Congressman Vern Buchanan","Let me know if you agree: we need to do more to fight red tide!","2017-04-17T18:09:15+0000","link","http://floridapolitics.com/archives/236217-vern-buchanan-requests-aid-red-tide","67106719910_10155221347714911",NA,207,73,16
"67106719910","Congressman Vern Buchanan","North Korea leader Kim Jong Un has his “nuclear sight focused” on America.   The self-anointed “supreme leader” is the most dangerous and deranged man in the world.  Let me know if you agree: we need to take the North Korean threat seriously.","2017-04-14T15:54:23+0000","photo","https://www.facebook.com/CongressmanBuchanan/photos/a.128428664910.101551.67106719910/10155209969709911/?type=3","67106719910_10155209969709911",NA,349,333,34
"67106719910","Congressman Vern Buchanan","TODAY: Interior Secretary Zinke should keep the strongest protections in place for Florida’s manatee!   Read my bipartisan letter:","2017-04-13T17:44:24+0000","photo","https://www.facebook.com/CongressmanBuchanan/photos/a.128428664910.101551.67106719910/10155206702414911/?type=3","67106719910_10155206719824911","Congressman Vern Buchanan added 2 new photos.",103,34,12
"67106719910","Congressman Vern Buchanan","Congratulations to each of these teachers!","2017-04-12T16:36:08+0000","link","http://floridapolitics.com/archives/235245-vern-buchanan-applauds-outstanding-local-teachers","67106719910_10155202369384911",NA,40,9,1
"67106719910","Congressman Vern Buchanan","Washington dysfunction stopped swift action on Zika, Ebola and others.  That's why we need a rapid-response fund to combat these deadly diseases!","2017-04-11T18:19:01+0000","link","http://floridapolitics.com/archives/235787-vern-buchanan-proposes-pandemic-response-fund","67106719910_10155198944714911",NA,78,60,10
"67106719910","Congressman Vern Buchanan","Great to see this headline in the Sarasota Herald-Tribune over the weekend!","2017-04-10T15:12:47+0000","link","http://www.heraldtribune.com/news/20170408/local-economy-firing-on-all-cylinders","67106719910_10155194753559911",NA,54,15,6
"67106719910","Congressman Vern Buchanan","Protecting animals should be a bipartisan issue important to all of us!   Honored to receive the U.S. Humane Society's Legislative Leader award last night.","2017-04-06T16:52:41+0000","photo","https://www.facebook.com/CongressmanBuchanan/photos/a.128428664910.101551.67106719910/10155180096914911/?type=3","67106719910_10155180096914911",NA,201,57,20
"67106719910","Congressman Vern Buchanan","Let me know if you agree: we need to protect beautiful Sarasota Bay!","2017-04-05T17:40:04+0000","link","http://www.mysuncoast.com/news/local/buchanan-asks-for-full-funding-to-preserve-sarasota-bay-other/article_e5bc56ae-1a05-11e7-b0b2-b794511ef206.html","67106719910_10155175830694911",NA,345,52,16
"67106719910","Congressman Vern Buchanan","State Agriculture Commissioner Adam Putnam stopped by my office today to talk about Florida issues, including my bill to help citrus growers.   The Florida orange crop is getting wiped out by a tree-killing disease.","2017-04-04T18:25:14+0000","photo","https://www.facebook.com/CongressmanBuchanan/photos/a.128428664910.101551.67106719910/10155172686149911/?type=3","67106719910_10155172686149911",NA,80,35,8
"67106719910","Congressman Vern Buchanan","Sobering news: Florida is the worst state in the nation for pedestrian deaths.   People 65 or older are 50 percent more likely to be struck by a vehicle and killed while walking.","2017-04-03T21:55:05+0000","link","http://www.miamiherald.com/news/local/article125588259.html","67106719910_10155169891139911",NA,41,89,39
"67106719910","Congressman Vern Buchanan","Fish and Wildlife Service decision to weaken manatee protections HUGELY disappointing. Bad for manatee, bad for Florida.   Will contact Secretary Zinke ASAP!","2017-03-30T19:43:52+0000","photo","https://www.facebook.com/CongressmanBuchanan/photos/a.128428664910.101551.67106719910/10155157781839911/?type=3","67106719910_10155157781839911",NA,234,84,118
"67106719910","Congressman Vern Buchanan","Today, on Vietnam Veterans Day, we honor those who served in the Vietnam War.   Thank you for your sacrifices for this country.","2017-03-29T14:39:17+0000","photo","https://www.facebook.com/CongressmanBuchanan/photos/a.128428664910.101551.67106719910/10155154538549911/?type=3","67106719910_10155154538549911",NA,682,50,253
"67106719910","Congressman Vern Buchanan","Do you agree with the plan to crack down on sanctuary cities?","2017-03-28T15:45:13+0000","link","http://www.reuters.com/article/us-usa-immigration-sanctuary-idUSKBN16Y27Y","67106719910_10155151886319911",NA,772,537,29
"67106719910","Congressman Vern Buchanan","Let me know if you agree: NO OIL DRILLING IN THE GULF!","2017-03-27T16:31:21+0000","link","http://www.bradenton.com/news/politics-government/article140987943.html","67106719910_10155149024654911",NA,739,589,94
"67106719910","Congressman Vern Buchanan","The secret is out! We live in an amazing place.","2017-03-23T17:45:36+0000","link","http://www.heraldtribune.com/news/20170323/region-ranks-as-10th-fastest-growing-in-nation","67106719910_10155136811194911",NA,136,104,49
"67106719910","Congressman Vern Buchanan","FLOOD INSURANCE UPDATE:   Led a bipartisan meeting today on flood insurance program. Very important for Florida!","2017-03-22T16:40:12+0000","photo","https://www.facebook.com/CongressmanBuchanan/photos/a.128428664910.101551.67106719910/10155133376949911/?type=3","67106719910_10155133377879911","Congressman Vern Buchanan added 2 new photos.",54,75,3
"67106719910","Congressman Vern Buchanan","Honored to receive the U.S. Chamber of Commerce Spirit of Enterprise Award for my work to grow and create jobs!","2017-03-21T16:15:19+0000","photo","https://www.facebook.com/CongressmanBuchanan/photos/a.128428664910.101551.67106719910/10155129999324911/?type=3","67106719910_10155129999324911",NA,127,37,7
"67106719910","Congressman Vern Buchanan","Glad to see so many got out and enjoyed the beautiful day in Sarasota! Thanks to over 5,000 volunteers as well.","2017-03-20T20:13:30+0000","link","http://www.heraldtribune.com/news/20170319/snap-records-fall-at-first-watch-sarasota-half-marathon","67106719910_10155127560644911",NA,44,14,4
"67106719910","Congressman Vern Buchanan","Attacks against the Jewish faith are unacceptable!","2017-03-16T20:50:26+0000","link","http://www.sunshinestatenews.com/story/vern-buchanan-joins-congressional-taskforce-combat-anti-semitism","67106719910_10155116158439911",NA,238,69,16
"67106719910","Congressman Vern Buchanan","Let me know if you agree: dogs and cats provide companionship to millions of Americans and should not be slaughtered and sold as food.","2017-03-15T18:03:06+0000","link","http://www.sunshinestatenews.com/story/florida-congressmen-want-end-slaughtering-cats-and-dogs-human-consumption","67106719910_10155112965644911",NA,518,188,119
"67106719910","Congressman Vern Buchanan","Toured the world's second-largest bandage producer today -- ASO Corp. is right here in Sarasota!","2017-03-14T19:45:57+0000","photo","https://www.facebook.com/CongressmanBuchanan/photos/a.128428664910.101551.67106719910/10155110312139911/?type=3","67106719910_10155110317434911","Congressman Vern Buchanan added 3 new photos.",100,18,6
"67106719910","Congressman Vern Buchanan","UPDATED TOWN HALL LOCATION: It's now at the Van Wezel Performing Arts Hall. Still on March 18 at 11AM.   See you there!","2017-03-10T18:35:23+0000","photo","https://www.facebook.com/CongressmanBuchanan/photos/a.128428664910.101551.67106719910/10155095484829911/?type=3","67106719910_10155095484829911",NA,80,36,36
"67106719910","Congressman Vern Buchanan","Honored to win the YMCA Congressional Champion Award yesterday.   I appreciate the Y's work to help young adults!","2017-03-09T18:40:36+0000","video","https://www.facebook.com/CongressmanBuchanan/videos/10155091875064911/","67106719910_10155091875064911",NA,75,16,2
"67106719910","Congressman Vern Buchanan","TOWN HALL: Come join me at my 75th town hall and talk health care, tax cuts and more on at 11AM on March 18 at New College in Sarasota!","2017-03-08T15:04:44+0000","photo","https://www.facebook.com/CongressmanBuchanan/photos/a.128428664910.101551.67106719910/10155087006319911/?type=3","67106719910_10155087006319911",NA,85,48,37
"67106719910","Congressman Vern Buchanan","I'm concerned about FL vets -- there are missing opioids in VA centers nationwide. Need answers from VA.   Learn more in the video!","2017-03-07T22:13:12+0000","video","https://www.facebook.com/CongressmanBuchanan/videos/10155084756279911/","67106719910_10155084756279911",NA,38,14,13
"67106719910","Congressman Vern Buchanan","Great news!","2017-03-06T21:56:20+0000","link","http://www.heraldtribune.com/news/20170302/sarasota-is-best-place-to-live-in-florida-us-news-says","67106719910_10155081540539911",NA,375,62,177
"67106719910","Congressman Vern Buchanan","Spoke with some fantastic students from Sarasota Military Academy recently.   Truly impressive young leaders!","2017-03-03T19:30:24+0000","photo","https://www.facebook.com/CongressmanBuchanan/photos/a.128428664910.101551.67106719910/10155070977144911/?type=3","67106719910_10155070977144911",NA,159,24,4
"67106719910","Congressman Vern Buchanan","DISTURBING:  Narcotics are going missing at VA centers nationwide. I'm concerned about FL vets getting hurt!","2017-03-02T18:11:40+0000","link","http://floridapolitics.com/archives/233075-vern-buchanan-demands-answers-va-drug-thefts","67106719910_10155067510844911",NA,84,36,19
"67106719910","Congressman Vern Buchanan","What do you want to hear from President Trump tonight when he gives his first address to Congress?","2017-02-28T19:33:47+0000","photo","https://www.facebook.com/CongressmanBuchanan/photos/a.128428664910.101551.67106719910/10155062447049911/?type=3","67106719910_10155062447049911",NA,57,182,8
"67106719910","Congressman Vern Buchanan","Bob’s leadership and positive contributions to our community span decades.   In that time, he made Manatee County a better place for business, for residents and for visitors.   Bob exemplified the spirit of public service and will be missed.","2017-02-27T16:42:09+0000","link","http://www.bradenton.com/news/business/article135202079.html","67106719910_10155059326774911",NA,29,9,2
"67106719910","Congressman Vern Buchanan","Number 1 for a reason!","2017-02-23T16:01:36+0000","link","http://www.heraldtribune.com/news/20170222/siesta-beach-ranked-no-1-by-tripadvisor","67106719910_10155048379244911",NA,462,62,258
"67106719910","Congressman Vern Buchanan","I wrote a bill to ban pay raises for Congress until the federal budget is BALANCED – because with a national debt of nearly $20 trillion and growing, Congress doesn’t deserve a raise.  Like my page to receive exclusive updates!","2017-02-22T16:09:36+0000","photo","https://www.facebook.com/CongressmanBuchanan/photos/a.128428664910.101551.67106719910/10155045663074911/?type=3","67106719910_10155045663074911",NA,4735,466,1033
"67106719910","Congressman Vern Buchanan","In Afghanistan on a national security trip.  Met with Florida troops, commander of U.S. forces in Afghanistan and Afghan president.  Thanks for keeping us safe!","2017-02-21T16:16:39+0000","photo","https://www.facebook.com/CongressmanBuchanan/photos/a.128428664910.101551.67106719910/10155043153089911/?type=3","67106719910_10155043158979911","Congressman Vern Buchanan added 3 new photos.",358,62,18
"67106719910","Congressman Vern Buchanan","Clean water means a healthy environment and a stronger Florida.   Let me know if you agree!","2017-02-16T16:02:33+0000","link","http://www.heraldtribune.com/news/20170215/buchanan-leads-meeting-on-florida-water-issues","67106719910_10155026720944911",NA,292,129,32
"67106719910","Congressman Vern Buchanan","Met with MoveOn.org representatives in Sarasota on health care. A number of docs in the room -- appreciate them taking the time to come in.","2017-02-15T19:51:19+0000","photo","https://www.facebook.com/CongressmanBuchanan/photos/a.128428664910.101551.67106719910/10155023120099911/?type=3","67106719910_10155023123929911","Congressman Vern Buchanan added 2 new photos.",100,144,12
"67106719910","Congressman Vern Buchanan","The ASPCA held its annual Valentine's Day animal adoption event today -- got to meet some great FL pups!   Happy Valentine's Day!","2017-02-14T22:13:02+0000","photo","https://www.facebook.com/CongressmanBuchanan/photos/a.128428664910.101551.67106719910/10155020347414911/?type=3","67106719910_10155020350309911","Congressman Vern Buchanan added 4 new photos.",110,64,3
"67106719910","Congressman Vern Buchanan","Restore this website!   Sent a letter to the administration today. Secrecy in government is never good!","2017-02-14T20:31:59+0000","link","https://www.washingtonpost.com/news/animalia/wp/2017/02/03/the-usda-abruptly-removes-animal-welfare-information-from-its-website/?utm_term=.42f6b82c1463","67106719910_10155020090589911",NA,131,77,118
"67106719910","Congressman Vern Buchanan","Iranians are shouting “Death to America” in the streets of Tehran today!","2017-02-10T20:49:26+0000","video","http://www.independent.co.uk/news/world/middle-east/iran-thousands-protest-death-to-america-us-war-mongering-new-sanctions-donald-trump-missile-tests-a7572741.html","67106719910_10155009457574911",NA,97,242,184
"67106719910","Congressman Vern Buchanan","My thoughts and prayers are with those injured in this tragic accident. I wish them a full and speedy recovery.   I would also like to thank the first responders who arrived quickly at the scene and the excellent staff at Sarasota Memorial Hospital.","2017-02-09T16:20:09+0000","link","http://www.bradenton.com/news/local/article131493219.html","67106719910_10155006020339911",NA,135,27,19
"67106719910","Congressman Vern Buchanan","Great meetings with Sarasota Mayor Willie Shaw, Florida League of Cities and Florida Taxpayer Advocate!","2017-02-08T19:50:10+0000","photo","https://www.facebook.com/CongressmanBuchanan/photos/a.128428664910.101551.67106719910/10155003832609911/?type=3","67106719910_10155003842724911","Congressman Vern Buchanan added 3 new photos.",49,11,2
"67106719910","Congressman Vern Buchanan","Working with Congressman John Lewis to protect seniors from fraud.   Elder abuse = disgraceful!","2017-02-07T17:31:42+0000","photo","https://www.facebook.com/CongressmanBuchanan/photos/a.128428664910.101551.67106719910/10155000134014911/?type=3","67106719910_10155000134014911",NA,210,111,6
"67106719910","Congressman Vern Buchanan","I pushed for funds to fight citrus greening, and the program is now BEARING FRUIT!  Check it out below:","2017-02-06T18:31:57+0000","link","http://www.bradenton.com/news/business/article130981414.html","67106719910_10154997408089911",NA,197,33,7
"67106719910","Congressman Vern Buchanan","It's Super Bowl weekend!  Now that the manatees have made their picks, who do you think will win?","2017-02-03T17:18:57+0000","link","http://www.heraldtribune.com/news/20170201/mote-marine-manatees-predict-super-bowl-winners","67106719910_10154988474549911",NA,56,25,13
"67106719910","Congressman Vern Buchanan","Deadly drugs from China are flooding into America.   Learn more about efforts to stop this epidemic!","2017-02-02T19:17:09+0000","video","https://www.facebook.com/CongressmanBuchanan/videos/10154985663684911/","67106719910_10154985663684911",NA,50,34,29
"67106719910","Congressman Vern Buchanan","Judge Gorsuch is a terrific choice!  Let me know if you agree.","2017-02-01T15:10:11+0000","link","http://www.nbcnews.com/politics/justice-department/trump-nominates-federal-appeals-court-judge-neil-gorsuch-supreme-court-n714551","67106719910_10154982133064911",NA,1130,527,71
"67106719910","Congressman Vern Buchanan","I was named co-chair of the Animal Protection Caucus - this should be a bipartisan issue important to all of us!   Learn more: https://t.co/C2CRX4RVgz","2017-01-31T15:29:51+0000","photo","https://www.facebook.com/CongressmanBuchanan/photos/a.128428664910.101551.67106719910/10154979294724911/?type=3","67106719910_10154979294724911",NA,278,229,39
"67106719910","Congressman Vern Buchanan","I had a great talk with Peyton Manning, one of the greatest NFL players of all time.   He had some good tips - I'll be using them in family football games!","2017-01-30T18:38:04+0000","photo","https://www.facebook.com/CongressmanBuchanan/photos/a.128428664910.101551.67106719910/10154975692694911/?type=3","67106719910_10154975692694911",NA,377,67,11
"67106719910","Congressman Vern Buchanan","British Prime Minister Theresa May just gave a great talk on the importance of U.S.-British relations.  Welcome to the U.S.A., Madam Prime Minister!","2017-01-26T21:57:07+0000","photo","https://www.facebook.com/CongressmanBuchanan/photos/a.128428664910.101551.67106719910/10154965436199911/?type=3","67106719910_10154965436199911",NA,417,72,16
"67106719910","Congressman Vern Buchanan","LONG OVERDUE:  A freeze on Syrian refugees and a crackdown on sanctuary cities!   Let me know if you agree: Time to protect Americans!","2017-01-26T16:10:49+0000","link","http://www.heraldtribune.com/news/20170124/trump-plans-executive-orders-on-border-sanctuary-cities","67106719910_10154964559174911",NA,1329,883,1546
"67106719910","Congressman Vern Buchanan","Let me know if you agree!","2017-01-25T20:42:27+0000","link","http://saintpetersblog.com/congress-hasnt-raised-pay-8-years-vern-buchanan-wants-keep-way/","67106719910_10154962176049911",NA,846,302,90
"67106719910","Congressman Vern Buchanan","New study says half of students defaulted or failed to pay down loans within 7 years.   Taxpayers on the hook. Let me know what you think.","2017-01-24T21:04:55+0000","link","http://www.wsj.com/articles/student-debt-payback-far-worse-than-believed-1484777880","67106719910_10154958270889911",NA,34,135,20
"67106719910","Congressman Vern Buchanan","Today is the start of tax-filing season. Early filing can help prevent tax identity theft, a growing problem.   If you file first, it will be the tax return filed by a potential thief that will be rejected — not yours.","2017-01-23T18:30:53+0000","link","http://www.usatoday.com/story/money/personalfinance/2017/01/23/five-things-early-tax-filers-need-know/96941142/","67106719910_10154952895684911",NA,30,19,11
"67106719910","Congressman Vern Buchanan","Great to see so many Floridians in Washington for the inauguration of the 45th president of the oldest democracy in the world!","2017-01-20T18:52:38+0000","photo","https://www.facebook.com/CongressmanBuchanan/photos/a.128428664910.101551.67106719910/10154941143504911/?type=3","67106719910_10154941143504911",NA,272,73,10
"67106719910","Congressman Vern Buchanan","Welcome to the Suncoast, Atlanta Braves! Good luck this season!","2017-01-18T15:30:29+0000","link","http://www.heraldtribune.com/news/20170117/atlanta-braves-pick-sarasota-for-new-spring-training-complex","67106719910_10154934924804911",NA,321,34,88
"67106719910","Congressman Vern Buchanan","The Herald-Tribune nails it – why Congress needs to pass my bill to help Florida's orange growers!","2017-01-17T17:20:08+0000","link","http://www.heraldtribune.com/opinion/20170113/editorial-pass-bills-to-aid-citrus-industry","67106719910_10154932401629911",NA,70,16,7
"67106719910","Congressman Vern Buchanan","Florida is sending 341 National Guardsmen to Washington, D.C. to provide security assistance at inaugural ceremonies this week.  I deeply appreciate their service. Leave a message of thanks in the comments and I'll pass them along to the brave men and women of the Florida Guard!","2017-01-16T16:18:08+0000","photo","https://www.facebook.com/CongressmanBuchanan/photos/a.128428664910.101551.67106719910/10154929372029911/?type=3","67106719910_10154929372029911",NA,656,239,91
"67106719910","Congressman Vern Buchanan","BAN HORSE SLAUGHTER!  Check out the SAFE Act -- the bill I introduced that will stop this barbaric practice!   Learn more here: http://bit.ly/2jIdLG2","2017-01-12T18:14:22+0000","photo","https://www.facebook.com/CongressmanBuchanan/photos/a.128428664910.101551.67106719910/10154916628339911/?type=3","67106719910_10154916628339911",NA,320,91,210
"67106719910","Congressman Vern Buchanan","Attacks on police have to end.   That's why I'm cracking down on cop killers with a new bill!","2017-01-11T18:27:29+0000","video","https://www.facebook.com/CongressmanBuchanan/videos/10154911204419911/","67106719910_10154911204419911",NA,409,56,686
"67106719910","Congressman Vern Buchanan","Looking forward to chairing this important watchdog panel!   Government exists to work for the people, not the other way around.","2017-01-09T21:14:34+0000","link","http://www.heraldtribune.com/news/20170109/buchanan-named-committee-chair","67106719910_10154905826744911",NA,361,81,21
"67106719910","Congressman Vern Buchanan","Late last night, I voted to back Israel.  Let me know if you agree: our strongest ally in the Middle East deserves America's FULL support!","2017-01-06T19:28:59+0000","link","http://www.bradenton.com/news/politics-government/national-politics/article124842859.html","67106719910_10154897183314911",NA,744,195,38
"67106719910","Congressman Vern Buchanan","Check out the 7 bills I introduced on Congress’s opening day!","2017-01-05T21:02:56+0000","video","https://www.facebook.com/CongressmanBuchanan/videos/10154894558774911/","67106719910_10154894558774911",NA,270,168,449
"67106719910","Congressman Vern Buchanan","Should Obamacare be repealed?  Let me know what you think in the comments!","2017-01-04T17:25:53+0000","photo","https://www.facebook.com/CongressmanBuchanan/photos/a.128428664910.101551.67106719910/10154891363964911/?type=3","67106719910_10154891363964911",NA,245,743,28
"67106719910","Congressman Vern Buchanan","Time to get to work for the people! Here are my first 7 bills I just introduced in the new session of Congress.","2017-01-03T21:44:16+0000","link","http://www.sunshinestatenews.com/story/taxes-national-security-vern-buchanan-plans-busy-2017","67106719910_10154889153214911",NA,177,55,19
"67106719910","Congressman Vern Buchanan","Wishing you a happy and healthy 2017!","2017-01-01T17:01:17+0000","photo","https://www.facebook.com/CongressmanBuchanan/photos/a.128428664910.101551.67106719910/10154882968304911/?type=3","67106719910_10154882968304911",NA,171,26,3
