"from_id","from_name","message","created_time","type","link","id","story","likes_count","comments_count","shares_count"
"230753786936538","Congressman Bobby L. Rush","No child should be worse off because of the actions of a Republican Congress. We must defeat #TrumpCare #ProtectMedicaid","2017-06-23T16:45:51+0000","status",NA,"230753786936538_1769001513111750",NA,45,7,7
"230753786936538","Congressman Bobby L. Rush","After weeks of secrecy and backroom dealing, Senate Republicans have released a bill that is just as ‘mean’ and heartless as the House Bill Trumpcare is little more than a billionaire’s tax cut disguised as a health care bill.  Why are Republicans inflicting a devastating bill on senior and working people just to hand hundreds of billions of dollars in tax breaks to the wealthy and well-connected?","2017-06-22T19:12:52+0000","status",NA,"230753786936538_1767687399909828",NA,18,5,7
"230753786936538","Congressman Bobby L. Rush","Today, I met with Dr. Selwyn Rogers who will lead the University of Chicago Medicine’s development of the South Side’s only Level 1 adult trauma center, scheduled to open in 2018. He is committed to serve the South Side of Chicago and bring real change to our communities.","2017-06-19T22:31:58+0000","photo","https://www.facebook.com/congressmanbobbyrush/photos/a.401417916536790.103175.230753786936538/1763444023667499/?type=3","230753786936538_1763444023667499",NA,31,2,10
"230753786936538","Congressman Bobby L. Rush","In the words of CBC Chairman Cedric Richmond “I grieve for the Castile family. I cannot imagine their loss and this verdict is an unjust insult to an unbearable injury. I also grieve for African Americans across the country. We should be able to live our lives like all other Americans, free to enjoy the rights our constitution guarantees us.”","2017-06-17T00:23:25+0000","link","https://www.google.com/amp/s/www.washingtonpost.com/amphtml/news/post-nation/wp/2017/06/16/minn-officer-acquitted-of-manslaughter-for-shooting-philando-castile-during-traffic-stop/","230753786936538_1759293677415867",NA,60,9,42
"230753786936538","Congressman Bobby L. Rush","I along with 170 other Democratic colleagues introduced a resolution condemning President Trump’s decision to withdraw from the Paris Agreement and urging the Administration to reverse course and maintain U.S. participation.  H.Res.390 emphasizes the dire consequences of global climate change for our national security, public health, economy, and the legacy we will leave to our children, and makes clear that withdrawal from the international Paris Agreement will cede U.S. leadership on clean energy technologies, as well as the jobs they create, to countries overseas.","2017-06-16T21:45:18+0000","photo","https://www.facebook.com/congressmanbobbyrush/photos/a.401417916536790.103175.230753786936538/1759130777432157/?type=3","230753786936538_1759130777432157",NA,25,1,1
"230753786936538","Congressman Bobby L. Rush","Today, we laid to rest a young man who was worthy of life, Xavier Joy.","2017-06-16T21:29:11+0000","video","https://youtu.be/bGdpWbyJlIo","230753786936538_1759117237433511",NA,20,3,5
"230753786936538","Congressman Bobby L. Rush","Today, President Trump announced changes to our nation's future foreign policy with Cuba.","2017-06-16T21:24:15+0000","photo","https://www.facebook.com/congressmanbobbyrush/photos/a.401417916536790.103175.230753786936538/1759112694100632/?type=3","230753786936538_1759112694100632",NA,5,2,0
"230753786936538","Congressman Bobby L. Rush","Looking forward to a great game tonight! #CBG2017","2017-06-15T18:03:20+0000","status",NA,"230753786936538_1757302280948340",NA,8,1,0
"230753786936538","Congressman Bobby L. Rush","My prayers and thoughts are with Steve Scalise, congressional staff and Capitol Police all affected by this morning's horrible shooting.","2017-06-14T13:55:27+0000","status",NA,"230753786936538_1755221911156377",NA,17,1,2
"230753786936538","Congressman Bobby L. Rush","H.R.338 creates jobs in two of the most critical and fastest growing sectors energy and manufacturing.","2017-06-13T17:41:28+0000","video","https://youtu.be/hm2KmukC-i0","230753786936538_1753749331303635",NA,7,1,4
"230753786936538","Congressman Bobby L. Rush","Rush Statement on the Shooting Death of Xavier Joy https://go.usa.gov/xNyNk","2017-06-09T20:03:26+0000","link","https://go.usa.gov/xNyNk","230753786936538_1747381678607067",NA,7,0,11
"230753786936538","Congressman Bobby L. Rush","My prayers are with you friend.","2017-06-09T18:20:01+0000","link","https://goo.gl/KuQetv","230753786936538_1747268238618411",NA,78,33,78
"230753786936538","Congressman Bobby L. Rush","Tuned into Comey hearing. We need answers to the following: http://www.politico.com/livestream-watch-live-politico-streaming","2017-06-08T14:12:26+0000","link","https://goo.gl/x9nSU3","230753786936538_1745415292137039",NA,12,0,0
"230753786936538","Congressman Bobby L. Rush","I along with other members of the Illinois delegation called on Governor Bruce Rauner to explain how Republicans’ plan to repeal the Affordable Care Act will affect Illinois families, schools and students, health care providers, and the state’s economy.  The members expressed concern that the Republican health care repeal bill—which passed the House without any hearings or analysis from the Congressional Budget Office—would rip health insurance away from more than one million people in the state of Illinois.","2017-06-06T17:23:12+0000","status",NA,"230753786936538_1742886452389923",NA,35,11,9
"230753786936538","Congressman Bobby L. Rush","This is not a time to celebrate, but to recommit and get to work. #GreaterChathamInitiative","2017-06-01T17:55:47+0000","photo","https://www.facebook.com/congressmanbobbyrush/photos/a.401417916536790.103175.230753786936538/1735364499808785/?type=3","230753786936538_1735364499808785",NA,23,5,4
"230753786936538","Congressman Bobby L. Rush","The President's decision to pull the U.S. out of #ParisAgreement removes safeguards that protect our health and our environment.","2017-05-31T15:09:14+0000","status",NA,"230753786936538_1733876993290869",NA,20,8,1
"230753786936538","Congressman Bobby L. Rush","The Congressional Budgetary Office (CBO) an independent analysis of budgetary and economic issues to support the Congressional budget process found the following:","2017-05-24T21:48:57+0000","photo","https://www.facebook.com/congressmanbobbyrush/photos/a.401417916536790.103175.230753786936538/1725517480793487/?type=3","230753786936538_1725517480793487",NA,3,7,0
"230753786936538","Congressman Bobby L. Rush","Welcome to the Hill, Alvin Guyton for #FosterYouthVoices. Thank you to the parents & relatives who do so much for those in foster care.","2017-05-24T15:40:26+0000","photo","https://www.facebook.com/congressmanbobbyrush/photos/a.401417916536790.103175.230753786936538/1725199454158623/?type=3","230753786936538_1725199454158623",NA,46,1,3
"230753786936538","Congressman Bobby L. Rush","May is National Drug Court Month, and I’d like to recognize the many dedicated professionals who work in drug courts across Illinois' First Congressional District! You are true leaders in our communities, saving lives every day by helping people with substance use and mental health disorders get healthy by providing life-saving treatment and accountability.","2017-05-22T21:16:41+0000","status",NA,"230753786936538_1723253444353224","Congressman Bobby L. Rush updated his status.",13,1,1
"230753786936538","Congressman Bobby L. Rush","Thanks to the National Association of Realtors for seeking legislation that will protect new and existing homeowners from flood insurance tax hikes.","2017-05-18T16:48:11+0000","photo","https://www.facebook.com/congressmanbobbyrush/photos/a.401417916536790.103175.230753786936538/1718034801541755/?type=3","230753786936538_1718035178208384","Congressman Bobby L. Rush added 2 new photos.",28,5,5
"230753786936538","Congressman Bobby L. Rush","Today, the House will consider H.R. 115, the so-called “Thin Blue Line Act,” an unnecessary and constitutionally problematic bill, which expands the list of statutory aggravating factors in federal death penalty cases to include the killing, the attempted killing, or the targeting of a law enforcement officer.  This bill was reported out of the House Judiciary Committee along a nearly party line vote on April 27.","2017-05-18T15:58:42+0000","status",NA,"230753786936538_1717986854879883",NA,11,5,4
"230753786936538","Congressman Bobby L. Rush","Nice to see positive changes coming to the CPD, but more still needs to be done.","2017-05-17T17:43:31+0000","link","http://www.chicagotribune.com/news/local/breaking/ct-chicago-police-use-of-force-met-20170517-story.html","230753786936538_1716933014985267",NA,25,6,9
"230753786936538","Congressman Bobby L. Rush","JUST IN: Data shows industry investment has increased since the adoption of #NetNeutrality, despite claims otherwise https://internetassociation.org/net-neutrality-facts/","2017-05-17T16:16:04+0000","link","https://internetassociation.org/net-neutrality-facts/","230753786936538_1716851451660090",NA,10,0,3
"230753786936538","Congressman Bobby L. Rush","Evidence has been piling up for months that there is cause for grave concern about President Trump’s relationship with Russia. We cannot afford to let the latest revelation – that Trump pressured FBI Director Comey to end the Flynn investigation – to go unaddressed. Congress must act to protect our democracy. The first step? Republicans must stop blocking efforts to create an independent commission to follow the facts on President Trump’s relationship with Russia.","2017-05-17T16:13:26+0000","status",NA,"230753786936538_1716848731660362",NA,81,14,17
"230753786936538","Congressman Bobby L. Rush","According to the 2017 Infrastructure Report Card, America’s public transit receives a grade of D-, which is a downgrade from its previous grade of D in the 2013 Report Card. Nearly 90 percent of public transportation trips directly impact the economy through either work commute or consumer spending. In addition, 70 percent of government public transportation funding flows directly to the private sector, supporting millions of jobs. The Buy America mandate guarantees most of those private sector jobs remain here in America.","2017-05-17T15:21:31+0000","photo","https://www.facebook.com/congressmanbobbyrush/photos/a.401417916536790.103175.230753786936538/1716803988331503/?type=3","230753786936538_1716803988331503",NA,9,0,5
"230753786936538","Congressman Bobby L. Rush","Happy Mother's Day to all the women who make the world a better place.","2017-05-14T21:40:14+0000","status",NA,"230753786936538_1713194325359136","Congressman Bobby L. Rush updated his status.",24,1,2
"230753786936538","Congressman Bobby L. Rush","Today, I received an Honorary Doctorate of Humanities from Illinois Institute. It is with the utmost appreciation that I accept such a great honor.","2017-05-13T15:25:53+0000","photo","https://www.facebook.com/congressmanbobbyrush/photos/a.401417916536790.103175.230753786936538/1711382968873605/?type=3","230753786936538_1711382968873605",NA,67,13,8
"230753786936538","Congressman Bobby L. Rush","‪The roll backs in sentencing issued yesterday by Attorney General Sessions are appalling and harmful to our communities. #resist‬","2017-05-13T04:27:02+0000","status",NA,"230753786936538_1710817992263436",NA,30,3,9
"230753786936538","Congressman Bobby L. Rush","The Illinois Democratic delegation stands together on calling for a special prosecutor to get to the bottom of the firing of former FBI Director James Comey.","2017-05-12T15:24:37+0000","photo","https://www.facebook.com/congressmanbobbyrush/photos/a.401417916536790.103175.230753786936538/1710057042339531/?type=3","230753786936538_1710057042339531",NA,41,7,9
"230753786936538","Congressman Bobby L. Rush",NA,"2017-05-12T15:09:51+0000","video","https://www.facebook.com/congressmanbobbyrush/videos/1710040465674522/","230753786936538_1710040465674522","Congressman Bobby L. Rush was live.",19,8,7
"230753786936538","Congressman Bobby L. Rush","Upward Bound is critical to my constituents.View the letter my colleagues  sent to Secretary DeVos today: https://goo.gl/JHbgqM","2017-05-10T18:49:36+0000","link","https://goo.gl/JHbgqM","230753786936538_1707088652636370",NA,15,0,2
"230753786936538","Congressman Bobby L. Rush","It raises questions when the President fires the FBI director overseeing an investigation into Russia’s hand in the 2016 presidential election. In order to get fair and accurate reporting we need an independent, bipartisan commission.","2017-05-10T15:40:15+0000","status",NA,"230753786936538_1706661702679065","Congressman Bobby L. Rush updated his status.",87,13,16
"230753786936538","Congressman Bobby L. Rush","To My Constituents: https://rush.house.gov/sites/rush.house.gov/files/to-my-constituents.pdf","2017-05-04T16:15:58+0000","photo","https://www.facebook.com/congressmanbobbyrush/photos/a.401417916536790.103175.230753786936538/1697614626917106/?type=3","230753786936538_1697614626917106",NA,91,31,51
"230753786936538","Congressman Bobby L. Rush","The most important thing to understand as voters is most legislation is drafted in committee. Take a look at today's hearing on legislation addressing Pipeline and Hydropower Infrastructure Modernization","2017-05-03T15:15:22+0000","video","https://www.youtube.com/watch?v=EmBOMq7G9rA","230753786936538_1695592823785953",NA,9,0,2
"230753786936538","Congressman Bobby L. Rush","This is the reason why Congress should to continue to provide quality healthcare for every American.","2017-05-02T20:19:34+0000","video","https://youtu.be/MmWWoMcGmo0?t=10m24s","230753786936538_1694296720582230",NA,48,7,4
"230753786936538","Congressman Bobby L. Rush","E&C Dems Request GAO Review Dam Safety Standards Following Oroville Dam Failure -“The Oroville Dam failure did not come without warning”   Washington, D.C. – Energy and Commerce Committee Democrats sent a letter to the Government Accountability Office (GAO) today to request a review of federal safety standards in evaluating dams during the hydroelectric re-licensing process conducted by the Federal Energy Regulatory Commission (FERC).  The letter comes on the heels of the recent failure at the Oroville Dam in California, which raised questions about the deficiencies in FERC’s safety review process and concerns over the potential for loss of life and severe property damage.    The request was made by all six California Democrats on the committee: Anna Eshoo (D-CA), Doris Matsui (D-CA), Jerry McNerney (D-CA), Tony Cárdenas (D-CA), Raul Ruiz (D-CA), and Scott Peters (D-CA), as well as full committee Ranking Member Frank Pallone, Jr. (D-NJ), Energy Subcommittee Ranking Member Bobby Rush (D-IL) and Oversight and Investigations Subcommittee Ranking Member Diana DeGette (D-CO).   “The Oroville Dam failure did not come without warning,” the nine E&C Committee Democrats wrote in their letter to GAO.   The members pointed to the fact that in 2005 the Sierra Club, the Friends of the River and the South Yuba Citizens League filed formal motions with FERC arguing that the agency should require the facility’s licensees to install a concrete-lined emergency spillway as part of the relicensing of the dam.   FERC denied this motion, asserting that the emergency spillway was adequate to handle up to 350,000 cubic feet of water per second (cfs).  A July 2006 memo from John Onderdonk, then a senior civil engineer for FERC, stated that the emergency spillway ‘would perform as designed’ and that sediment resulting from erosion would be insignificant.   “As climate change alters weather patterns, the risk of similar failures rises significantly,” the members continued in their letter to GAO.  “The twin-pronged threat of aging dams and climate change presents a real crisis for dam safety in the United States.  The Oroville incident suggests that FERC’s process for reviewing and assessing dam safety facilities during the relicensing process may have serious deficiencies.”    To help better understand FERC’s Dam Safety Inspections program, E&C Democrats asked GAO to conduct a review of the program including questions on:  • What policies and procedures govern FERC’s safety assessment of dams and related dam facilities during the relicensing process?  What compliance, monitoring, and assurance provisions ensure safe and complete assessments are conducted? • What models, computer simulations and other analytical tools are used by FERC to evaluate anticipated dam performance, establish ranges of safe operation for a dam and its associated facilities, and assess potential hazards in case of dam failure?   • To what extent does FERC take into account changing weather patterns, changes in hydrologic patterns, or altered morphology of the river, streams, and reservoir associated with the dam and hydropower facility due to erosion, sedimentation, weatherization, seismic activity, or other natural phenomenon during the re-licensing process? • Where FERC staff engineers find evidence of a safety failure, what consequences does the dam owner face, if any?   • How does FERC evaluate alternative assessments of dam and facility performance that may be submitted by different interested parties during re-licensing? • What are the respective roles and responsibilities of the licensee, the state, and FERC in the evaluation of the structural integrity and anticipated performance of a dam and its related facilities during the licensing and re-licensing process?    Earlier this year the spillways of the Oroville Dam began to fail, leading to the evacuation of 188,000 people living near the dam.","2017-04-19T14:35:48+0000","photo","https://www.facebook.com/congressmanbobbyrush/photos/a.401417916536790.103175.230753786936538/1672591439419425/?type=3","230753786936538_1672591439419425",NA,8,0,0
"230753786936538","Congressman Bobby L. Rush","Pelosi Letter to Speaker Ryan: House Must Come Back Into Session Immediately to Debate AUMF for Syria   Washington, D.C. – House Democratic Leader Nancy Pelosi sent the following letter to Speaker Paul Ryan asking that he immediately call the House of Representatives back into session to debate an Authorization of the Use of Military Force for military actions taken in Syria.  *** The text of the letter can be found below:  April 7, 2017  The Honorable Paul Ryan Speaker of the House H-232, United States Capitol Washington, D.C. 20515 Dear Mr. Speaker,  I am writing to request that you call the House back in session immediately to debate any decision to place our men and women in uniform in harm’s way.    Bashar al-Assad 's chemical weapons attack on his own people places him outside the circle of civilized human behavior.  Assad also continues to attack his own people with conventional weapons.  Meanwhile, Russia props up the Assad regime and enables its brutal war crimes to continue.  The President’s action and any response demands that we immediately do our duty.  Congress must live up to its Constitutional responsibility to debate an Authorization of the Use of Military Force against a sovereign nation.  As heartbreaking as Assad’s chemical weapons attacks on his own people was, the crisis in Syria will not be resolved by one night of airstrikes. The killing will not stop without a comprehensive political solution to end the violence. The American people are owed a comprehensive strategy with clear objectives to keep our brave men and women in uniform safe and avoid collateral damage to innocent civilians in Syria.   I look forward to hearing from you as soon as possible on this matter of grave concern to our national security.  best regards,  NANCY PELOSI Democratic Leader","2017-04-07T14:45:14+0000","status",NA,"230753786936538_1654134274598475",NA,22,5,9
"230753786936538","Congressman Bobby L. Rush","WASHINGTON, D.C. – Today, U.S. Rep. Bobby L. Rush (D-IL) is expected to send a formal letter to U.S. Attorney General Jeff Sessions asking him to rescind his memorandum to Justice Department officials which orders a review of consent decrees with local law enforcement agencies, including Chicago. The move indicates citizens protections against police brutality, misconduct, civil rights violations and fatal shootings may be in jeopardy.  On Tuesday evening, Rep. Rush offered impassioned remarks on the House floor denouncing Sessions’ effort as he evoked the names of Chicago police shooting victims Rekia Boyd and Laquan McDonald, along with others killed by law enforcement in disturbing cases around the country.  His floor statement also commemorated the 49th anniversary of the assassination of Dr. Martin Luther King, Jr., who was murdered April 4, 1968 while supporting striking sanitation workers in Memphis, TN.  Rep. Rush said, “I … demand (that) Attorney General Sessions retreat from his position (and) that he stop this memorandum from circulating in the department; and that he see the light of day that many innocent American citizens are being killed because of the wayward actions of those police officers who think that they are above the law. They can't just continue to kill wantonly and think that they are above the American law and the American Constitution.”  The full text of Congressman Rush’s remarks, as noted in the Congressional Record, follows:   “…Mr. Speaker, today marks the 49th anniversary of one of the darkest days in the history of this Nation: the day that Dr. Martin Luther King, Jr., America's drum major for justice, was assassinated.  “Dr. King was murdered while standing on the balcony of the Lorraine Motel in Memphis, Tennessee, on April 4, 1968. He was there to advocate for the rights of Black sanitation workers who were fighting for their dignity: for equal pay, for equal treatment, and for racial justice in the American workplace.  “In one of the dimmest hours in our history, a voice of reason, a voice of mercy, a voice of compassion, a voice for justice, a voice of the beloved community was silenced. Yet, Mr. Speaker, his work to hold the United States to its constitutional promises that are rooted in the very fabric of our Declaration of Independence remains largely incomplete.   “As you know, Mr. Speaker, America remains a divided nation, even more so now. We are tremendously disconnected from the ideals set forth by Dr. King's monumental ``I Have a Dream'' speech. Today, we still live in two Americas: one white and privileged, another filled with people of color, the poor, the disabled, and those lost in the margins, where people of color--Black and Brown--continue to be judged by the color of their skin rather than the content of their character.  “In the year 2017, Mr. Speaker, we find the names of countless men and women who have lost their lives at the hands of too many law enforcement officials and too many police departments all across this country. Those individuals, Mr. Speaker, are now etched in the social justice history of this Nation because they were first judged by the color of their skin and not by the content of their character.  “The list is far-reaching, Mr. Speaker. I am speaking of Michael Brown, Tamir Rice, Freddie Gray, Laquan McDonald, Alton Sterling, Philando Castile, Rekia Boyd, Tanisha Anderson, Yvette Smith, Shereese Francis, and, lastly, 4-year-old Aiyana Stanley-Jones and so many, many others. I could go on and on and on, but the names of the men, women, and children victimized by errant and wayward police departments all across this Nation would keep us here for days, even months, if we were to recite them all.  “These stalwart young citizens are joined also by the many martyrs who lost their lives in the struggle for American justice, just like Dr. King: Viola Liuzzo; Emmett Till; Jimmie Lee Jackson; Medgar Evers; Chaney, Goodman, and Schwerner; the four little girls in Birmingham, Alabama; Fred Hampton; and many, many others who gave their lives during the fifties and sixties.  “In my hometown of Chicago, Mr. Speaker, the killing of Laquan McDonald rocked our city and the Nation by pulling the scab off a festering wound of police relations and the Black community. McDonald's death by 16 shots from a single police weapon fired by a police officer led to multiple investigations of previous police-involved shootings and also sparked the investigation by the United States Department of Justice under then-Attorney General Loretta Lynch and the United States Attorney for the Northern District of Illinois.   “That investigation concluded that the Chicago Police Department officers engage ``in a pattern or practice of using force, including deadly force,'' that is unreasonable. This report also found the Chicago Police Department has failed to hold officers accountable when they use force contrary to Department policy or otherwise commit misconduct.  “To put it bluntly, Mr. Speaker, the Department of Justice found and reported that the Chicago Police Department engages in force in violation of the United States Constitution.  “Mr. Speaker, I am here today because I am just beside myself. I am angry. I am so fed up, Mr. Speaker, because I learned recently that Attorney General Jefferson Sessions has issued a memorandum ordering officials at the Justice Department to review police reform consent agreements all across the country, including the agreement that is being negotiated with the City of Chicago.   “Mr. Speaker, our Nation has fallen so very, very far. Dr. King's dream has not been realized in this Nation. The day before his assassination--this Attorney General has retreated so very, very far from the high ideals of American justice.  It is proven beyond a shadow of a doubt that police agencies--not all police officers, not all agencies, not all departments--but there are too many police departments, too many law enforcement officials, too many police officers who have wantonly killed innocent young men of color in this Nation, and it did not just begin in this year. It has been going on for decades.   “We are now at a point where some departments have been placed under a consent decree. The U.S. Attorney is now trying to retreat from that pattern.  “I am here, Mr. Speaker, to ask--to demand--that Attorney General Sessions retreat from his position, that he stop this memorandum from circulating in the department, and that he see the light of day that many innocent American citizens are being killed because of the wayward actions of those police officers who think that they are above the law. They can't just continue to kill wantonly and think that they are above the American law and the American Constitution.”","2017-04-05T17:58:59+0000","photo","https://www.facebook.com/congressmanbobbyrush/photos/a.401417916536790.103175.230753786936538/1651265674885335/?type=3","230753786936538_1651265674885335",NA,29,3,14
"230753786936538","Congressman Bobby L. Rush","Rep. Rush tells President Donald J. Trump, “Let America Breathe Again!” https://go.usa.gov/xXXzm","2017-03-28T22:33:05+0000","link","https://go.usa.gov/xXXzm","230753786936538_1639689216042981",NA,39,9,8
"230753786936538","Congressman Bobby L. Rush","Here is updated information regarding Carolyn's homegoing celebration. Please feel free to share. Thank you.","2017-03-15T20:39:54+0000","photo","https://www.facebook.com/congressmanbobbyrush/photos/a.401417916536790.103175.230753786936538/1622668834411686/?type=3","230753786936538_1622668834411686",NA,61,28,144
"230753786936538","Congressman Bobby L. Rush","Today, Congressman Bobby L. Rush released the following details regarding the funeral services for his beloved wife Carolyn, 67, who died Monday, March 13th of congestive heart failure.   Saturday, March 25, 2017 Freedom Temple COGIC 1459 W. 74th Street Chicago, IL 60636 Wake: 10 AM Service: 11 AM  Flowers, acknowledgments, resolutions and other well wishes should be forwarded in care of A.R. Leaks & Son Funeral Home, 7838 S. Cottage Grove, Chicago, IL 60619.  Rep. Rush again thanks his constituents, colleagues, friends and family for their overflow of love, support and words of comfort during this times.   ###","2017-03-15T17:26:28+0000","photo","https://www.facebook.com/congressmanbobbyrush/photos/a.401417916536790.103175.230753786936538/1622504571094779/?type=3","230753786936538_1622504571094779",NA,51,24,53
"230753786936538","Congressman Bobby L. Rush","Today I have lost my best friend, the love of my life, my confidant and my best half,” said Rep. Rush, who was at her bedside, along with her children, when she died. “This one of the most difficult days of my life. If there is any comfort at all, it is in knowing that Carolyn is no longer suffering and that she has returned to our Father in Heaven. I will always cherish her. She was everything to me. I am devastated.  I want to thank everyone for their outpouring of love and support over the last several months as Carolyn’s health faded. I want to commend the University of Chicago’s medical staff who provided excellent care for her for the duration of her illness.   I also express my sincerest appreciation to my colleagues in Congress, and to my constituents for understanding why it was so important for me to be with my wife when I also had to be in Washington. Choosing to be with her until the very end was really no choice for me at all. As her husband it was my duty and as a man of God it was also my responsibility to be by her side. Carolyn never left my side when I was diagnosed with cancer. She’s the reason I’m still here. I will forever miss my friend.","2017-03-13T17:59:48+0000","photo","https://www.facebook.com/congressmanbobbyrush/photos/a.401417916536790.103175.230753786936538/1620182411326995/?type=3","230753786936538_1620182411326995",NA,1382,1507,637
"230753786936538","Congressman Bobby L. Rush","U.S. Rep. Bobby L. Rush announces the passing of his wife Carolyn Rush, 68. Full statement available at https://go.usa.gov/xXrEm.","2017-03-13T17:53:40+0000","link","https://go.usa.gov/xXrEm","230753786936538_1620177561327480",NA,55,49,65
"230753786936538","Congressman Bobby L. Rush","CHICAGO, IL – Today, U.S. Representative Bobby L. Rush (D-IL) lambasted Republicans who seek to demolish the Affordable Care Act (ACA) and render millions of Americans without access to affordable health care.  The legislator accused his colleagues of playing childish games with the lives of the elderly, the disabled, children and working families.  “We’ve heard rumors of drastic changes to the ACA and from what I’ve heard they will scare the hell out of anybody who desperately needs health insurance coverage,” Rep. Rush said. “The Republicans are playing peak-a-boo with seniors, the disabled, women and children—and are acting like vampires waiting for the sun to go down so they can make their move on those they perceive weaker than them. We’re here to protect the public’s interests and not wind up as cheerleaders for private profits.”  A recent analysis issued by the Congressional Budget Office (CBO) and the Joint Committee on Taxation (JCT) estimated that 18 million Americans would lose their health insurance in just the first year following repeal, even if the law' s market reforms are kept in place. The CBO and JCT predict that 32 million fewer people would have health insurance by 2026. The Urban Institute has reached similar conclusions: if the ACA is even partially repealed, the number of uninsured Americans would increase by approximately 30 million in 2019, a 103 percent increase.  In a letter to U.S. Representative Greg Walden, chairman of the Committee on Energy and Commerce, Rep. Rush joined his fellow Democrats on the Committee in saying that he was “deeply concerned by [the Chairman’s] decision to move forward with the markup in the absence of a CBO score of the bill. The decisions we make on health care will have real and drastic consequences on our constituents, their communities, and state and local economies.  “My constituents have asked Congress to focus on raising wages, creating good-paying jobs and ensuring everyone has access to capital and equal opportunity,” Rep. Rush said. “Instead, Republicans have declared all-out war on the public’s health by putting insurance companies back in charge, raising premiums, ripping guaranteed benefits away and eliminating other essential protections.” -30-","2017-03-06T21:58:57+0000","photo","https://www.facebook.com/congressmanbobbyrush/photos/a.401417916536790.103175.230753786936538/1611029962242240/?type=3","230753786936538_1611029962242240",NA,23,10,7
"230753786936538","Congressman Bobby L. Rush","It seems that all he did was move a comma or add a semi colon...","2017-03-06T16:47:12+0000","link","https://www.washingtonpost.com/world/national-security/new-executive-order-bans-travelers-from-six-muslim-majority-countries-applying-for-visas/2017/03/06/3012a42a-0277-11e7-ad5b-d22680e18d10_story.html?utm_term=.e26645a797d2","230753786936538_1610763182268918",NA,14,10,8
"230753786936538","Congressman Bobby L. Rush","WASHINGTON, D.C. – Today, Congressman Bobby L. Rush (IL) introduced  H.R. 1272 the “Cold Case Record Collections Act of  2017” to help bring justice and closure to unsolved cases stemming from the Civil Rights era.  This act allows for citizens to request certain documents from civil rights cold cases to be declassified. Currently, the classification of these documents prevents private citizens from investigating decades old cases that are still unsolved, and are unlikely to be solved exclusively by federal agencies, such as the Federal Bureau of Investigation (FBI) and the U.S. Justice Department (DOJ).   “There are far too many unsolved crimes from the Civil Rights Movement that remain a mystery yet there is critical information found in federal case files,” Rep. Rush said. “Families and people in general deserve to know what has happened to bring closure and justice to those involved.”  Approximately 113 civil rights cold cases remain unsolved. Up until now, almost none of the cold cases solved were done exclusively by federal agencies. Cases that were solved required the help of outside investigators. Additionally, these investigators required access to documents from agencies such as the FBI and DOJ in order to solve their cases. The Cold Case Record Collections Act of 2017 provides a more efficient method of declassifying and releasing such documents to the public. This will, in turn, enable outside investigators to be able to solve cold cases more often as they will have access to more documents.  The Cold Case Record Collections Act of 2017 establishes the following:  • The “Civil Rights Cold Case Records Collection” at the National Archives. • An independent agency known as the Cold Case Records Review Board. • Guidelines for the Cold Case Records Review Board to follow. • Rules and requirements for appointments to the Cold Case Records Review Board. • Procedures for the approval of declassification and release of documents reviewed by the • Cold Case Records Review Board  Currently, the Emmett Till Act encourages the DOJ to investigate these civil rights cold cases. “Though this is a good step towards finding justice, it is not enough,” Rush said. “Outside investigators are needed to help solve these cases. Many cases exist where the perpetrators are dead and thus are no longer open to prosecution. The Cold Case Record Collections Act of 2017 allows for documents concerning such cases to be released as well. This can provide the much needed closure for families of the victims.”","2017-03-01T23:07:36+0000","photo","https://www.facebook.com/congressmanbobbyrush/photos/a.401417916536790.103175.230753786936538/1605114056167164/?type=3","230753786936538_1605114056167164",NA,24,3,5
"230753786936538","Congressman Bobby L. Rush","WASHINGTON, D.C. – U.S. Representative Bobby L. Rush (D-IL) wasted no time in inviting President Donald Trump to Chicago as the president made his way to the lectern for his first Joint Session speech before Congress on Tuesday night.  The legislator said the nation’s chief executive agreed to visit the city which has been under a national spotlight after Trump threatened to “send in the feds” to curb violence.  Rep. Rush’s invitation came moments before Trump gave his first speech before a Joint Session of Congress where the Republican detailed a series of administrative objectives that would harm America’s most vulnerable citizens and set the country on a dangerous path. The president also assailed Chicago’s shooting rate by erroneously stating the current had already surpassed last year’s numbers.    “Trump’s speech was nothing more than campaign promises on steroids—and what he said about Chicago is wrong and a bunch of rhetoric,” Rep. Rush said. “Four-thousand people haven’t been shot in the first two months of this year; but even if one person in our city is the victim of this reckless gun violence we need solutions, not more propaganda. I invited him to Chicago so he can talk to leaders, citizens and people who are working to reduce violence—but also to understand the other side of this story, and that’s poverty, joblessness and a lack of access to mental health and social services.  “Trump’s attacks on the Affordable Care Act will render 20 million Americans without access to health care. His attacks on immigrants will only escalate the already growing level of bigotry sweeping the nation. His war on deregulation is really a smokescreen to turn his back on public safety. We should not remove safeguards that oversee protections for the environment, food and drugs, technology and the like,” Rep. Rush said.  The Democrat also noted the address was “more propaganda and less process,” adding, “He speaks in broad generalities and gives very few specifics,” Rep. Rush continued. “He’s good at telling us the what but never the how. He talked about violence but never talked about the easy access to guns. He talked about the killings but didn’t mention straw purchases.  Rep. Rush said one solution is the passage of H.R.810 the “Hadiya Pendleton and Nyasia Pryear-Yard Stop Illegal Trafficking in Firearms Act of 2017,” which he introduced in February. The bill seeks to increase public safety by punishing and deterring firearms trafficking. Specifically, it prohibits, with respect to two or more firearms, the transfer to or receipt by a prohibited person or a person who plans a subsequent transfer that results in unlawful use, possession, or disposition of such firearms; providing false statements in connection with the purchase, receipt, or acquisition of such firearms; and directing, promoting, or facilitating such prohibited conduct.  Rep. Rush also spoke to U.S. Attorney General Jeff Sessions and asked him to not only re-open the Emmett Till murder case, in light of new information, but also, reverse his decision to possibly table a U.S. Justice Department report on reforms needed in the Chicago Police Department (CPD).   In an effort to bring more accountability to police departments across the country Rep. Rush introduced H.R. 1213, the “Laquan McDonald Camera Act of 2017” which requires, as a condition on the receipt of federal funds, that law enforcement agencies to have in effect a policy regarding the use of body-worn and dashboard cameras.  The legislation is named for a 17-year-old youth whose October 2014 killing by a Chicago police officer stunned the city launched a federal investigation of CPD’s training and policies. Dashboard cameras on the night of the incident were disabled or not working properly. The bill seeks to penalize any law enforcement agency not in compliance by stripping them of 10 percent of federal funding unless certification is provided to the Attorney General that policies are in place and are being enforced. ###  Stephanie A. Gadlin Acting Communications Director Office of U.S. Rep. Bobby L. Rush 1st Congressional District of Illinois 2188 Rayburn Office Building Washington, D.C. 205-15-1301 http://Rush.House.Gov Office: 202-225-4372 Cell: 202-340-6327","2017-03-01T17:10:27+0000","link","http://rush.house.gov/","230753786936538_1604824372862799",NA,32,6,9
"230753786936538","Congressman Bobby L. Rush","Trump says he didn't know health care could be so ""complicated."" Our nation is not one of his corporations where he gets to decide it all. Republicans want to ""Make America Sick Again"" by dismantling health care protections for working families, the poor, and those with ""pre-existing"" conditions. Many of my colleagues are planning to drastically raise families’ out-of-pocket costs, weaken coverage, push millions of Americans off of any kind of health coverage  and force middle class families to pay a Godzilla-sized new tax on the employer-provided health coverage that 155 million Americans rely on. ACA isn't perfect, but removing health care coverage for millions of Americans is not the answer.","2017-02-28T21:59:55+0000","status",NA,"230753786936538_1603907666287803",NA,29,5,7
"230753786936538","Congressman Bobby L. Rush","""And the payers in this are just ridiculous. The EPA, State and US aid, as the bigger bill payers, and as I understand it, too, some of the safety net programs, although he's promised to � but I don't put much store in his promises � to keep Medicare, social security and other essential programs like that going."" ~ Col. Wilkerson","2017-02-28T19:43:11+0000","link","http://therealnews.com/t2/story:18526:Col.-Wilkerson%3A-Trump%27s-Proposed-%2454-Billion-Increase-in-the-Military-Budget-%0D%0ANot-for-National-Secu","230753786936538_1603807156297854",NA,7,1,5
"230753786936538","Congressman Bobby L. Rush","As I prepare for tonight's Joint Session address by Trump, I am reminded of a powerful quotes by one of my heroes, Dr. Martin Luther King, Jr., who said: ""“On some positions, cowardice asks the question, is it expedient? And then expedience comes along and asks the question, is it politic? Vanity asks the question, is it popular? Conscience asks the question, is it right? There comes a time when one must take the position that is neither safe nor politic nor popular, but he must do it because conscience tells him it is right.” #IsItRight #IsItMoral #IsItJust #Forward","2017-02-28T18:49:43+0000","status",NA,"230753786936538_1603771122968124",NA,24,4,6
"230753786936538","Congressman Bobby L. Rush","It appears the day may come when the letters ""i"" and ""n"" will go in front of Justice Dept.","2017-02-28T17:53:04+0000","link","https://www.nytimes.com/2017/02/28/magazine/jeff-sessions-stephen-bannon-justice-department.html?hp&action=click&pgtype=Homepage&clickSource=story-heading&module=b-lede-package-region&region=top-news&WT.nav=top-news&_r=0","230753786936538_1603730499638853",NA,8,3,15
"230753786936538","Congressman Bobby L. Rush",NA,"2017-02-27T20:58:50+0000","link","http://www.theinertia.com/environment/why-trumps-epa-is-far-more-vulnerable-to-attack-than-reagans-or-bushs/","230753786936538_1602639366414633","Congressman Bobby L. Rush shared a link.",3,2,2
"230753786936538","Congressman Bobby L. Rush",NA,"2017-02-27T20:57:58+0000","link","https://www.theatlantic.com/politics/archive/2017/02/rumana-ahmed-trump/517521/","230753786936538_1602632833081953","Congressman Bobby L. Rush shared a link.",20,1,33
"230753786936538","Congressman Bobby L. Rush",NA,"2017-02-27T20:55:03+0000","link","http://www.newyorker.com/magazine/2017/03/06/what-calling-congress-achieves","230753786936538_1602612583083978","Congressman Bobby L. Rush shared a link.",14,0,2
"230753786936538","Congressman Bobby L. Rush","Intolerance and bigotry can never trump love, inclusion and understanding. The recent round of horrific attacks on mosques, synagogues and religious burial grounds is detestable. The political ugliness and anti-democracy ideology coming from the new administration stains the very fabric of our Constitution. I stand against anti-Semitism, racism and bigotry of all forms. I've taken this stance all of my life and I don't intend to stop now.","2017-02-27T20:48:43+0000","status",NA,"230753786936538_1602608839751019",NA,43,9,10
"230753786936538","Congressman Bobby L. Rush",NA,"2017-02-25T01:22:45+0000","link","http://www.huffingtonpost.com/entry/congressional-black-caucus-trump_us_58a76e93e4b037d17d27cb22?ncid=engmodushpmg00000003","230753786936538_1599509403394296","Congressman Bobby L. Rush shared a link.",54,5,33
"230753786936538","Congressman Bobby L. Rush",NA,"2017-02-24T23:40:19+0000","link","http://www.chicagotribune.com/news/local/breaking/ct-madigan-immigration-hate-crimes-summit-20170223-story.html","230753786936538_1599425880069315","Congressman Bobby L. Rush shared a link.",7,2,15
"230753786936538","Congressman Bobby L. Rush","U.S. Representative Rush invites you to the 1st Congressional District's 2017 Winter Resource Fair to provide families with the resources needed for energy assistance and home weatherization. Other state and community resources will also be available on site.","2017-02-24T23:35:37+0000","event","https://www.facebook.com/events/1673061916327719/","230753786936538_1673061916327719","Congressman Bobby L. Rush added an event.",31,6,0
"230753786936538","Congressman Bobby L. Rush","I want to address the misinformation being spread by some individuals affiliated with a new organization that says its designed to challenge the Trump administration and its policies. On yesterday, I was notified by staff that a small group people were gathering in front of the office, with some carrying signs about the EPA, Bannon and my voting record. I instructed them to be cordial as they arrived as it is within every American's right to exercise free speech and non violent peaceful protest.  As the group assembled, staff reported that some people identified themselves as members of ""Indivisible,"" and because some staff members were familiar and/or supporters of this organization, they were enthused they were now visible in the District. I was told the people had constituent forms and wanted to turn them. I instructed staff to let the constituents know that I would be happy to meet with them and personally receive the forms--and I was on my way after I was able to obtain someone to sit with my wife. It is no secret I am on leave from the House and have been for some time, since I am my wife's primary caregiver--and  I make no apologies to anyone for this.   As a person whose entire life was built on protest, advocacy, free speech and tackling the programs and policies of those in power, I welcomed the opportunity to hear their concerns as well as share what I am doing to protect our interests against the Trump agenda.  After a staff member met with the a man named Jeff who identified himself as the  leader of ""Indivisible"" in the 1st Congressional District, he worked with her to inform the people assembled to get in a single file line so people could individually deliver their form to inside the office.   [Please note, this is not the first time, Jeff has met with my office. He had an extensive conversation with my Senior Constituent Services Assistant and said that he was new to Illinois and had sought work as an ""actor."" He had tried to move in Hyde Park but decided to move into West Beverly instead.]   However, on this day, Jeff, who said he was the leader of Indivisible in the 1st CD, and others wanted to know ""what time"" I was arriving, of which that was unknown, since I was working to get someone to be with Carolyn. When the staff member went to instruct the other colleagues inside of the District office of the process, someone from the Indivisible group began loudly banging on the glass door (which is always locked for security reasons) which therefore triggered my chief-of-staff to follow federal protocol and contact Capitol Police. Staff was then instructed by federal officials to not allow anyone into the building because of security concerns.  In the meantime, as I am waiting on a trusted individual to relieve me so I can hop on the expressway and arrive as quickly as I can to the office to meet with my constituents, I was alerted that two intruders (pictured below) had reportedly gone in the alley behind the office building, climbed the stairwell and somehow entered my office through an unmarked backdoor. Two female staff members were standing there, afraid, not knowing whose these men were---one of whom had his hands in his pockets. Neither said anything, I am told, until a courageous staffer asked them ""What are you doing in here? How did you get in here? Who are you,"" to which I am told one of the young men (as seen on the right) indicated he was ""looking for a bathroom."" He was allowed in the bathroom as the two employees locked themselves in the office and called federal authorities--as they should have. Another staff went to the bathroom, opened the door and told the man he was trespassing and he would have to leave. I'm told he and the other intruder left peacefully.  In the meantime, most of the constituents and demonstrators assembled had continued their protest by posting their constituent forms on the windows of the District Office. I'm told they then left the premises--and, again,  talking to staff, who'd, gone outside to ask them to wait for my arrival, but many indicated they needed to get to work. I arrived around 11 am and only three of the people were left---Jeff, and the two men, who was quickly identified by staff as the intruders who had broke into my second floor office through an alleyway.   After some pleasantries--and my taking a moment to talk to people who were driving by and wanted to know if everything was okay haven seen the group of demonstrators earlier--I invited the three me into my office and had a very long talk with them.   1. I listened to their concerns. All of them. Chief among them was my absenteeism; second was they wanted me to vote in support of or against various pieces of recent legislation. I listened and did not interrupt. Jeff did most of the talking. When they were finished I responded.  2. My response, in short was to the legislation---I had already co-sponsored every bill they claimed I had not did anything on. And, as far as one piece of legislation about the attacks on the EPA, they did not seem to know that I was the one who had been leading the charge to protect the EPA for the past 8 years.  3. One of the intruders, who later identified himself only  as a ""Hyde Park constituent by zip code 60615, and did not want to give his name, wanted to know what I thought about Steve Bannon on the NSC. I told them I did not think it was a good idea---but I also explained that a president has the legal authority to hire who he wants and our focus shouldn't be on ONE individual but ALL of them as a matter of policy and ideology.   4. I then addressed Jeff's direct questions about my voting record, which I admit hasn't been good since Carolyn took ill. I explained for some time why that was. I was sincere, candid and open. I told them if it came down to choosing my job or my wife I would always choose my wife. I told them, it is my moral obligation and my spiritual obligation. I explained to them that I made the wrong choice in 1999 when my son Huey was shot. At the time, we wer told by doctors he would most likely pull thru. I believe in my God and I believed what the doctors said. I had an urgent vote---and I made the decision to leave my son in critical condition, in intensive care, to fly to Washington, D.C. to make that vote. And it wasn't two minutes after casting that vote that I got the call that my son had taken a turn for the worse. As you all know...he died. This has been something that is struck my heart and spirit for many days. I blamed myself. Even though that was foolishness, I want you to understand how I felt. I told Jeff, show stared at me like I wasn't saying anything, that I would not make that mistake with Carolyn.  5. After all of that, my candidness, my openness and even showing that I agreed with 95 percent of everything they were concerned with in federal government, Jeff still looked at me and said he wanted me to resign. He said I should go be with my wife. The other fellow spoke up and asked me if I had an idea when I might do that (meaning resign). I think I was struck by the coldness of this statement---and the lack of compassion, though they said they understood---but I answered anyway. I basically said it was my and my family's decision to make.   6. The meeting concluded with pleasantries and well wishes---and Jeff telling me he and other members of Indivisible would be in attendance at the Immigration Forum later that evening.  The guys apologized for taping all of the constituent forms on the doors and windows. They said they'd take them down and since my staff had already done most of it--Jeff and the two guys went outside and started removing all of the tape from the windows and doors. I thanked them and told them to come back anytime---and to bring the others. They told me they supported me and it seemed we had come to an understand. We could disagree on some things without being disagreeable.   7. As they removed the tape from the District Office windows, I then had a brief interview with a Tribune reporter who was embedded with them but had to wait in the lobby until my meeting with my constituents were over. You can find the Tribune report online. He mentions that I did not share with them Indivisible's concerns about my voting record--nor did this reporter ask me a question about it. (This is also recorded by my staff--along with the meeting with Jeff and the two men who invaded my office.)  8. I was fully aware that Jeff, his two friends, and his followers would be at the town hall meeting that night--I welcomed them as I looked forward to a spirited discussion about Trump's immigration plans. What I was not prepared for was that  it appeared Jeff and his two followers had not been communicated with regarding the meeting. It seems they were told I ""showed up after they left"" as if I sat in a car peeping around the corner waiting for them to drive away. It is this misinformation that stings. I have faced death in ways that is well documented and I have no fear of talking to the people I represent in Congress, whether they voted for me or not.  But it seemed to me they didn't really want to hear about what I was going to do to fight Trump---some of them had one agenda---get rid of Bobby Rush. And, maybe they thought that if they yelled at me long enough and hard enough that I'd pick up my hat and go home. (You can view that Q&A on my YouTube channel).  9. I serve a Mighty God and a mighty people---many of whom live in my congressional District. I have been a public servant since I was 16 years old. I've made mistakes. I've led the charge. But all the time I've been honest and willing to take the hits along with the praise.   I am sharing these reflections because it is disheartening to me that people who claim to ""be on my side"" would misrepresent an important discussion to people who are sincerely worried about what the Trump administration will do. They demand representation--and I am doing so. My office is engaged and I am active. I just cannot travel to Washington, as much as I'd like, because of my commitment to my wife. I love her dearly. And I love the people.   I look forward to working with this group and any other that is engaged in non-violent advocacy to better the lives of others. Sneaking in an alleyway and entering doors and startling staffers who are only doing what's been instructed of them is not productive to the cause--and could have caused hurt and danger to those involved.    I plan to hold Trump's feet to the fire, as you hold my feet to the fire. I expect no less. I do not expect anyone to be quiet because of this social media posts or because of what I've shared above. You must advocate. You must be strong. You must fight for a better America --for all of us.   But understand, I will not be bullied or bowed.","2017-02-24T22:26:54+0000","photo","https://www.facebook.com/congressmanbobbyrush/photos/a.401417916536790.103175.230753786936538/1599352020076701/?type=3","230753786936538_1599361730075730","Congressman Bobby L. Rush added 7 new photos.",41,38,16
"230753786936538","Congressman Bobby L. Rush","I challenge Democrats and Republicans to declare their district offices as sanctuary offices in solidarity against Trump's draconian policies that will ultimately further divide our nation along the lines of race, ethnicity, religion and country of birth.","2017-02-24T19:02:41+0000","link","https://www.thenation.com/article/trump-admits-that-his-deportation-agenda-is-a-military-operation/","230753786936538_1599180286760541",NA,28,2,1
"230753786936538","Congressman Bobby L. Rush",NA,"2017-02-24T18:57:31+0000","photo","https://www.facebook.com/congressmanbobbyrush/photos/a.386970837981498.100175.230753786936538/1599174480094455/?type=3","230753786936538_1599174596761110","Congressman Bobby L. Rush updated their cover photo.",15,1,0
"230753786936538","Congressman Bobby L. Rush","I want to thank everyone for attending last night's forum on immigration and how we can protect families from policies that impede both their human and civil rights. I want to commend all of the constituents who shared their concerns and suggestions about strengthening our resolve against Trump's attacks on our democracy. I also want to comment IIT for hosting us, as well as the excellent support of their administrative, technical and security teams. If you missed the discussion and the spirited Q&A please watch a replay and share your comments on my YouTube channel at https://www.youtube.com/watch?v=3e_0iaHPUgY  #Immigrationforward #democracy","2017-02-24T17:06:12+0000","photo","https://www.facebook.com/congressmanbobbyrush/photos/a.401417916536790.103175.230753786936538/1599075463437690/?type=3","230753786936538_1599077973437439","Congressman Bobby L. Rush added 9 new photos.",17,1,2
"230753786936538","Congressman Bobby L. Rush","The ability to protest and have your voices heard is a hallmark of our democracy. Let's together fight fascism in any and every form; and, no matter what the spin masters call it. Democracy is loud and sometimes it is messy, but it is necessary. #Immigrants #Transrights #Democracy","2017-02-23T21:17:19+0000","status",NA,"230753786936538_1598148170197086",NA,28,10,8
"230753786936538","Congressman Bobby L. Rush",NA,"2017-02-23T21:15:15+0000","link","https://newsone.com/3677388/bobby-rush-introduces-laquan-mcdonald-act-mandates-police-cameras-chicago-jason-van-dyke-cpd/","230753786936538_1598145283530708","Congressman Bobby L. Rush shared a link.",30,3,4
"230753786936538","Congressman Bobby L. Rush","CHICAGO –In an effort to bring more accountability to police departments across the country today U.S. Rep. Bobby L. Rush (D-IL01) has introduced H.R. 1213 “Laquan McDonald Camera Act of 2017” which requires, as a condition on the receipt of federal funds, that law enforcement agencies o have in effect a policy regarding the use of body-worn and dashboard cameras.  The legislation is named for a 17-year-old youth whose October 2014 killing by a Chicago police officer stunned the city and opened a Pandora’s Box of questions about the training and policies of the Chicago Police Department (CPD). Dashboard cameras on the night of the incident were disabled or not working properly. The bill seeks to penalize any law enforcement agency not in compliance by stripping them of 10 percent of federal funding unless certification is provided to the U.S. Attorney General that policies are in place and being enforced.  “This legislation seeks to restore some of the public’s trust in law enforcement at time when trust is at an all-time low. There has been a wave of questionable police shootings that resulted in the deaths of unarmed citizens — or people who appeared to be of no threat at the time of the encounter,” said Rush. “Cases, such as Laquan McDonald, Mike Brown, Alton Sterling and Philando Castile are brutal illustrations on why we need a clear documentation of facts when citizen-encounters with police turn deadly.  “What’s the point of having body-cams or dashboard cameras if a cop fails to turn them on or the volume is off,” Rush said. “Having clear, enforceable policies protects both citizens and law enforcement officers when these incidents escalate.”  Last month, the U.S. Department of Justice’s Civil Rights Division released a scathing investigative report on the Chicago Police Department. It found reasonable cause to believe that CPD engages in a pattern or practice of using force, including deadly force, in violation of the Fourth Amendment of the U.S.  Constitution. The Department found that CPD officers’ practices unnecessarily endanger themselves and result in unnecessary and avoidable uses of force. The pattern or practice results from systemic deficiencies in training and accountability, including the failure to train officers in de-escalation and the failure to conduct meaningful investigations of uses of force.  To be in compliance with the “Laquan McDonald Camera Act,” a State shall require each law enforcement agency of that State and of a unit of a local government of that State to have in effect a policy requiring and prescribing the conditions for the use of body-worn cameras and dashboard cameras by law enforcement officers of that agency, and to establish procedures providing for the effective enforcement of that policy.-30-","2017-02-22T22:32:53+0000","photo","https://www.facebook.com/congressmanbobbyrush/photos/a.401417916536790.103175.230753786936538/1597090913636145/?type=3","230753786936538_1597090913636145",NA,16,9,5
"230753786936538","Congressman Bobby L. Rush","On Thursday at 5:30 pm. at IIT, 10 W. 35th Street, join me in a spirited discussion about Trump's travel ban and escalating attacks on Sanctuary Cities. The forum, ""Navigating Today's U.S. Immigration Policy,"" will be live streamed on my YouTube channel. Let your voices be heard on the impact of the Trump administration's executive orders that seek to disrupt families and communities across the nation. #HumanRights #TravelBan","2017-02-22T20:59:53+0000","photo","https://www.facebook.com/congressmanbobbyrush/photos/a.401417916536790.103175.230753786936538/1597009266977643/?type=3","230753786936538_1597009266977643",NA,11,2,5
"230753786936538","Congressman Bobby L. Rush","On Thursday I will engage constituents on ""the ban."" I value human rights. I also value the safety of our nation. Yet,  I am concerned that Trump's executive order violates the tenants of our nation and unfairly targets immigrants, many of whom are poor, fleeing tyranny, and or trying to reunite with their families. We are indivisible. There is no morality in the ranking and sorting of human beings. Join me Thursday at 5:30 pm at IIT on Chicago's South Side to share your views. Seating is limited. So get there early. Call my office at 773-779-2400 if you have questions. #TogetherWeStand","2017-02-21T16:54:58+0000","status",NA,"230753786936538_1595704783774758",NA,20,7,6
"230753786936538","Congressman Bobby L. Rush",NA,"2017-02-16T22:52:44+0000","photo","https://www.facebook.com/congressmanbobbyrush/photos/a.386970837981498.100175.230753786936538/1589408857737684/?type=3","230753786936538_1589408981071005","Congressman Bobby L. Rush updated their cover photo.",10,13,3
"230753786936538","Congressman Bobby L. Rush","Who is next on Trump's growing list of disrespect? Maybe I should ask Fox News to set up a meeting with the President and the growing chorus of people who are asking for a full disclosure of his relationship with Russia? #CBC","2017-02-16T22:42:17+0000","link","https://www.washingtonpost.com/news/politics/wp/2017/02/16/trump-asks-a-black-reporter-to-set-up-a-meeting-with-black-members-of-congress/?utm_term=.880a2f180bba","230753786936538_1589400364405200",NA,62,14,23
"230753786936538","Congressman Bobby L. Rush","I remain in solidarity with our nation's immigrants who are facing an unprecedented attack by the new administration in the White House. That is why I will hold a immigration policy forum on Thursday, Feb. 23rd at 5:30 p.m. at IIT, 10 W. 35th Street. We need clarity! If interested call my district office at 773-779-2400. #ImmigrantRights","2017-02-16T18:22:13+0000","status",NA,"230753786936538_1589101224435114",NA,50,11,29
"230753786936538","Congressman Bobby L. Rush","In case you missed this important essay from the Sun-Times, please check it out below. Chicago, and cities across the nation, must identify how illegal guns are getting into the hands of people and meaningful ways to hold them accountable. That is why I introduced H.R.810 - Hadiya Pendleton and Nyasia Pryear-Yard Stop Illegal Trafficking in Firearms Act of 2017 which bans straw purchases and provides enhanced punishment for using these trafficked weapons in crimes. This legislation is vital to stopping the carnage in my city.","2017-02-16T18:19:56+0000","link","http://chicago.suntimes.com/opinion/silencing-the-guns-how-chicago-can-keep-guns-off-the-streets/","230753786936538_1589099664435270",NA,22,0,6
"230753786936538","Congressman Bobby L. Rush","I am pleased to know a suspect has been apprehended in the killing of Takiya Holmes; yet I am still calling on those responsible for the recent death and wounding of two other children to come forward so justice may be served. Our children are in crisis. This turmoil and trauma in our communities must end now. As we examine the roots of the problem, let's make a plan and then promise to work together to reduce violence in Chicago and give communities the resources they need. Are you with me?","2017-02-15T22:56:12+0000","status",NA,"230753786936538_1588047447873825",NA,76,15,8
"230753786936538","Congressman Bobby L. Rush","WASHINGTON, D.C.—U.S. Representative Bobby L. Rush (DL-IL01) issued the following statement during an Energy Subcommittee Hearing on “Modernizing Energy and Electricity Delivery Systems: Challenges and Opportunities to Promote Infrastructure Improvement and Expansion,” where he serves as Ranking Member. The congressman noted that the federal government must embark on a path of upgrading the nation’s energy infrastructure that it is done “in a way that is responsible, environmentally-conscious, and takes into account the rights and interests of impacted communities.”  Reading from a letter from the National Urban League, Rep. Rush questioned the first panel on the level of employment, business and entrepreneurial opportunities for African Americans and other minorities. ““My office received a letter from the National Urban League, which in part noted the importance of job training and workforce development programs as an essential component of any comprehensive infrastructure proposal,” he said. “Specifically, the letter discussed the necessity for including technical training, pre-apprenticeships, internships and job placement opportunities for African Americans and other minority communities as a way to ensure that all Americans are able to fully benefit in the tremendous opportunities before us. “  Legislators heard testimony from Ganesh Bell, chief digital officer of GE Power; Dr. Michael Howard, president and CEO of Electric Power Research Institute; Lonnie Stephenson, international president of International Brotherhood of Electrical Workers; Steven G. Hauser, CEO of GridWise Alliance; Chad Harrison, Councilman-at-large of Standing Rock Sioux Tribe; Rex Ferry, owner of Valley Electrical Consolidated; Kim Kann, private landowner from Lancaster County, PA; Terry O’Sullivan, general president of Laborers International Union of North America; and Joey Mahmoud, project director of Dakota Access Pipeline. “I want to thank you, Mr. Chairman, for holding this important hearing today on the challenges and opportunities associated with improving our nation’s energy infrastructure,” Rush’  “Mr. Chairman, this is a timely hearing and it is my hope that we can follow up on the bipartisan agreement that was initiated last session as part of the comprehensive energy bill that ultimately fell through.   “As part of those discussions, Mr. Chairman, there are two provisions in particular that I hope we can bring to fruition this time around, specifically, the pipeline safety replacement program that would provide assistance to low income communities that I have been promoting.   “Additionally, I hope that we can come together and agree to invest in modernizing the nation’s aging electrical grid infrastructure, as Ranking Member Pallone has been advocating for.   “Mr. Chairman, it is also important that as we embark on this path of upgrading our nation’s energy infrastructure that we do so in a way that is responsible, environmentally-conscious, and takes into account the rights and interests of impacted communities.   “Even as we speak, Mr. Chairman, we are seeing the impact of shoddily built infrastructure in the tragedy playing out in California, where almost 200 thousand residents have been evacuated due to leaks in an emergency spillway at the Oroville Dam.   “Sadly, Mr. Chairman, this entire episode could have been avoided if builders and regulators had taken heed to the warnings of environmental groups who had forewarned of the risk of catastrophic flooding more than a decade ago, but who were unfortunately ignored.   “Indeed Mr. Chairman, it is important to remember that while some may consider commonsense safety and environmental regulations to be overly burdensome or tedious, these protections may one day be the difference in saving one’s property, livelihood, or even life.   “Another important aspect of today’s hearing will hopefully provide instruction in attempting to strike the right balance between modernizing and upgrading the nation’s energy infrastructure, like we so desperately need, while also taking into account the rights of landowners, Native Americans, and other communities that might be adversely impacted by these types of projects.   “Mr. Chairman, nowhere is this struggle more pronounced than in the battle over the Dakota Access Pipeline, as we will hear from our second panel of witnesses.   “As policymakers, we all understand the need for additional infrastructure to ensure that critical fuels and resources are carried to the places where they are needed in order to meet our nation’s energy demands.   “However, as Representatives of the people we must also ensure that the rights and interests of Native Americans, property-owners, and less affluent communities are also protected.   “Mr. Chairman, Congress should help provide thoughtful and responsible guidance for instituting a fair and balanced process for moving forward with large-scale energy projects that respect the rights of all communities and does not place expedience or maximum profit above the rights of landowners or the communities these projects traverse.   “So Mr. Chairman, I welcome all of today’s witnesses and I look forward to a rigorous debate on these important and sometimes difficult issues…”  -30-","2017-02-15T22:49:08+0000","photo","https://www.facebook.com/congressmanbobbyrush/photos/a.401417916536790.103175.230753786936538/1588043051207598/?type=3","230753786936538_1588043051207598",NA,10,1,6
"230753786936538","Congressman Bobby L. Rush","This NPR story is exactly why I’m reintroducing my legislation to bring more transparency to the funeral industry. https://goo.gl/OAnNbf","2017-02-08T20:29:04+0000","link","https://goo.gl/OAnNbf","230753786936538_1579800445365192",NA,31,78,2
"230753786936538","Congressman Bobby L. Rush","What Senator Mitch McConnell said about U.S. Senator Elizabeth Warren is right: She was warned. She was given an explanation. Nevertheless, she persisted. #PersistOn","2017-02-08T15:50:05+0000","photo","https://www.facebook.com/congressmanbobbyrush/photos/a.401417916536790.103175.230753786936538/1579562168722353/?type=3","230753786936538_1579562168722353",NA,37,33,19
"230753786936538","Congressman Bobby L. Rush","See my statement expressing concern with Sec. Devos at http://go.usa.gov/x9FMM #QualityEducationforAll","2017-02-07T21:14:29+0000","link","http://go.usa.gov/x9FMM","230753786936538_1578693995475837",NA,36,25,4
"230753786936538","Congressman Bobby L. Rush","I have sent a letter with my colleagues to ask the FCC why they won’t defend prison phone rate rules.  Read more at http://go.usa.gov/x9FpE","2017-02-07T16:36:15+0000","link","http://go.usa.gov/x9FpE","230753786936538_1578379798840590",NA,27,15,6
"230753786936538","Congressman Bobby L. Rush","We have seen time and time again that immigration has been, and continues to be, an important factor in the development of the United States.  From the very beginning of our history immigrants have played an important role in helping to weave our modern social fabric. #weareone","2017-02-04T21:08:26+0000","video","https://www.facebook.com/congressmanbobbyrush/videos/1574828675862369/","230753786936538_1574828675862369",NA,22,13,9
"230753786936538","Congressman Bobby L. Rush","Today marks the beginning of  #BlackHistoryMonth! This month,  we honor the contributions of our ancestors while pressing forward for change. #Black365","2017-02-01T16:52:26+0000","photo","https://www.facebook.com/congressmanbobbyrush/photos/a.401417916536790.103175.230753786936538/1570620602949843/?type=3","230753786936538_1570620602949843",NA,30,13,15
"230753786936538","Congressman Bobby L. Rush","Click here for the full text of my statement responding to President Trump's recent Executive Order. http://go.usa.gov/x9sQp","2017-01-30T23:40:55+0000","link","http://go.usa.gov/x9sQp","230753786936538_1568413623170541",NA,91,24,32
"230753786936538","Congressman Bobby L. Rush","President Trump’s executive order demonstrates the infantile evil acts of a street bully.  In my experience, the only way to beat a bully is to stand up and fight back; which, morally, I must do.","2017-01-30T18:33:55+0000","status",NA,"230753786936538_1568192263192677",NA,134,72,21
"230753786936538","Congressman Bobby L. Rush","I'm not in our nations Capitol at the inauguration. I'm not protesting. I'm at my wife's bedside in the hospital. I look forward to continuing to build a far better life for my constituents and the nation.","2017-01-20T18:42:09+0000","status",NA,"230753786936538_1555063824505521",NA,83,48,3
"230753786936538","Congressman Bobby L. Rush","Thanks to President Obama Eric Wilson will now serve a shorter prison sentence and become a free man soon.","2017-01-18T23:48:19+0000","link","https://www.google.com/amp/www.chicagotribune.com/news/local/breaking/ct-obama-reduces-gangster-disciples-sentence-20170118-story,amp.html?client=safari","230753786936538_1553128774699026",NA,31,13,22
"230753786936538","Congressman Bobby L. Rush","On this day we celebrate the life and legacy of Dr. Martin Luther King Jr. at Rainbow Push's Excel breakfast where scholarships are given to deserving youth to further their education and pursuit for advancement of all people.","2017-01-16T16:01:12+0000","photo","https://www.facebook.com/congressmanbobbyrush/photos/a.761981730480405.1073741826.230753786936538/1550530144958889/?type=3","230753786936538_1550531614958742","Congressman Bobby L. Rush added 4 new photos.",40,8,7
"230753786936538","Congressman Bobby L. Rush","The Department of Justice released its findings of the Chicago Police Department's policing strategy stating it has found systemic deficiencies in training and accountability, including a historical failure to train officers in de-escalation and failure to conduct meaningful investigations of uses of force. To read the full view the link below:  https://www.justice.gov/opa/file/925846/download","2017-01-13T18:30:31+0000","link","https://www.justice.gov/opa/file/925846/download","230753786936538_1547110101967560",NA,28,18,14
"230753786936538","Congressman Bobby L. Rush",NA,"2017-01-11T15:54:34+0000","photo","https://www.facebook.com/congressmanbobbyrush/photos/a.401417916536790.103175.230753786936538/1543448915667012/?type=3","230753786936538_1543448915667012","Congressman Bobby L. Rush added a new photo.",16,4,2
