"from_id","from_name","message","created_time","type","link","id","story","likes_count","comments_count","shares_count"
"384164668340890","Rep. George Holding","Praying for a speedy recovery for Rep. Steve Scalise and everyone injured in the shooting this morning. The Capitol Police, and all our first responders, deserve praise for the job they do each and every day.","2017-06-14T13:45:12+0000","link","http://www.foxnews.com/politics/2017/06/14/shooting-would-have-been-massacre-without-capitol-police-sen-paul-says.html","384164668340890_1357688777655136",NA,91,22,19
"384164668340890","Rep. George Holding","Congratulations to former intern Kyle Anthony for receiving the Senior Medallion Award at UNC-W!","2017-06-09T14:19:44+0000","photo","https://www.facebook.com/CongressmanGeorgeHolding/photos/a.426580797432610.1073741825.384164668340890/1352533408170673/?type=3","384164668340890_1352558194834861","Rep. George Holding added 3 new photos.",13,1,2
"384164668340890","Rep. George Holding","73 years ago today, more than 160,000 allied troops landed on the beaches of Normandy to liberate Europe. Their sacrifice is not forgotten.","2017-06-06T16:06:58+0000","link","http://www.cnn.com/2013/06/03/world/europe/d-day-fast-facts/index.html","384164668340890_1348720061885341",NA,53,3,9
"384164668340890","Rep. George Holding","This is the third major terrorist attack in Great Britain in the last three months. These attacks point to the fragility of our own defense against ISIS and the fact that we have not defeated terrorism.","2017-06-04T18:24:34+0000","link","https://www.washingtonpost.com/world/follow-up-on-london-bridge-attack/2017/06/04/5216bbb2-48c5-11e7-8de1-cec59a9bf4b1_story.html?hpid=hp_hp-banner-main_britain-615pm%3Ahomepage%2Fstory&utm_term=.6e4bad5f9f7c","384164668340890_1346674652089882",NA,18,27,7
"384164668340890","Rep. George Holding","Please join me in remembering and honoring those who sacrificed their lives in service to our country this Memorial Day.","2017-05-29T17:09:39+0000","photo","https://www.facebook.com/CongressmanGeorgeHolding/photos/a.426580797432610.1073741825.384164668340890/1340289122728435/?type=3","384164668340890_1340289122728435",NA,34,3,1
"384164668340890","Rep. George Holding","The United States stands ready to assist the United Kingdom to bring those responsible for this heinous terrorist attack to justice. Congress will continue to support our colleagues in Parliament as they console a grieving nation and take the necessary steps to defend their homeland.","2017-05-23T20:17:36+0000","link","https://www.washingtonpost.com/world/lone-attacker-detonated-device-at-manchester-concert-killing-22-including-children/2017/05/23/027d414c-3f57-11e7-b29f-f40ffced2ddb_story.html?utm_term=.7f38a82908b2&wpisrc=nl_most-draw6&wpmm=1","384164668340890_1335038216586859",NA,23,14,0
"384164668340890","Rep. George Holding","My family extends our prayers to the victims of this senseless act in Manchester. The U.S. stands absolute with the U.K.","2017-05-23T11:38:41+0000","status",NA,"384164668340890_1334645686626112",NA,21,3,2
"384164668340890","Rep. George Holding","My thoughts and prayers are with Sen. Thom Tillis and his family this morning.","2017-05-17T13:23:24+0000","status",NA,"384164668340890_1329422340481780",NA,43,11,0
"384164668340890","Rep. George Holding","Special thanks to my wife Lucy on this Mother's Day for being such a wonderful mother to our four children.","2017-05-14T13:16:50+0000","photo","https://www.facebook.com/CongressmanGeorgeHolding/photos/a.426580797432610.1073741825.384164668340890/1326697714087576/?type=3","384164668340890_1326697714087576",NA,45,12,0
"384164668340890","Rep. George Holding","Congratulations to 10th grader Jessie from Clayton, my 2017 Congressional Art Competition winner! Her drawing is entitled “Family Barn” and will be hanging in the United States Capitol all year.","2017-05-09T20:10:21+0000","photo","https://www.facebook.com/CongressmanGeorgeHolding/photos/a.426580797432610.1073741825.384164668340890/1322303824526965/?type=3","384164668340890_1322304254526922","Rep. George Holding added 13 new photos.",67,14,10
"384164668340890","Rep. George Holding","Had a great time yesterday travelling around Harnett County meeting with the Dunn Chamber of Commerce, Saab Barracuda, and Esterline!","2017-05-09T18:52:18+0000","photo","https://www.facebook.com/CongressmanGeorgeHolding/photos/a.426580797432610.1073741825.384164668340890/1322286284528719/?type=3","384164668340890_1322288284528519","Rep. George Holding added 10 new photos.",14,29,0
"384164668340890","Rep. George Holding","Curbing North Korea's missile and nuclear program is paramount to national security, which is why the House, with my support, just passed new sanctions on North Korea's economy by targeting the institutions working with the Kim regime.","2017-05-04T20:08:24+0000","link","http://www.washingtonexaminer.com/house-votes-to-boost-north-korea-sanctions/article/2622147","384164668340890_1317911828299498",NA,37,72,3
"384164668340890","Rep. George Holding","Yesterday afternoon, the House passed a trillion dollar spending bill. I believe taxpayers deserve better -- that we need to get our spending under control and our fiscal priorities in check -- which is why I voted against it.","2017-05-04T14:22:01+0000","status",NA,"384164668340890_1317678018322879",NA,101,139,4
"384164668340890","Rep. George Holding","I am pleased to announce that my office will participate in the 2017 Congressional Art Competition. Students have until April 28th to submit their art to my office -- you can find the rules and guidelines on my website.","2017-04-04T15:13:47+0000","link","http://holding.house.gov/constituent-services/art-competition.htm","384164668340890_1289427291147952",NA,16,33,8
"384164668340890","Rep. George Holding","Had a great time discussing policy with the National Restaurant Association in Raleigh yesterday!","2017-04-01T14:47:12+0000","photo","https://www.facebook.com/CongressmanGeorgeHolding/photos/a.426580797432610.1073741825.384164668340890/1286608438096504/?type=3","384164668340890_1286611054762909","Rep. George Holding added 5 new photos.",22,28,2
"384164668340890","Rep. George Holding","Another reminder the threat of terrorism is real.","2017-03-22T19:48:03+0000","link","https://www.nytimes.com/2017/03/22/world/europe/uk-westminster-parliament-shooting.html?_r=0","384164668340890_1278051822285499",NA,9,66,2
"384164668340890","Rep. George Holding","President Trump’s budget proposes cuts in U.N. funding and cuts in spending by the State Department. Both make sense. I don’t agree with everything the President proposes. But he’s started the debate and spending cuts are long past due.","2017-03-16T20:06:36+0000","status",NA,"384164668340890_1272949759462372",NA,147,127,12
"384164668340890","Rep. George Holding","I am committed to being on the front lines of creating a simplified tax code that lowers the tax rate for hardworking Americans, encourages people to start a business in the United States, and creates more jobs for North Carolinians.","2017-03-01T15:39:43+0000","link","http://www.wilsontimes.com/stories/tax-reform-for-main-street-growth,81143","384164668340890_1257834554307226",NA,51,59,3
"384164668340890","Rep. George Holding","Happy Presidents' Day -- today we celebrate President Washington's birthday. This photo was taken on May 31, 1932 as Washington's likeness was sculpted onto Mount Rushmore.","2017-02-20T16:43:22+0000","photo","https://www.facebook.com/CongressmanGeorgeHolding/photos/a.426580797432610.1073741825.384164668340890/1248260928597922/?type=3","384164668340890_1248260928597922",NA,29,46,5
"384164668340890","Rep. George Holding","I was saddened to learn C.A. Dillon passed away -- he'll always be remembered as the ""soul of Reynolds Coliseum.""","2017-02-17T18:53:01+0000","link","http://www.newsobserver.com/sports/college/article133129129.html","384164668340890_1244659788958036",NA,7,15,3
"384164668340890","Rep. George Holding",NA,"2017-02-14T15:45:37+0000","video","https://www.facebook.com/speakerryan/videos/1256653977716459/","384164668340890_1241417445948937","Rep. George Holding shared Speaker Paul Ryan's video.",27,73,0
"384164668340890","Rep. George Holding","The National Research Program at the IRS turns taxpayers, chosen at random, into audit ""guinea pigs.""","2017-02-03T16:08:06+0000","link","http://www.breitbart.com/big-government/2017/02/02/exclusive-rep-holding-irs-program-turns-taxpayers-audit-guinea-pigs/","384164668340890_1231549150269100",NA,12,83,5
"384164668340890","Rep. George Holding","Yesterday, President Trump signed an executive order allowing the Keystone XL pipeline and the Dakota Access pipeline to go forward – getting thousands of people back to work while also strengthening our energy supply.","2017-01-25T15:03:08+0000","link","http://www.usatoday.com/story/news/politics/2017/01/24/trump-signs-five-more-orders-pipelines-steel-and-environment/96988428/","384164668340890_1220033131420702",NA,64,86,2
"384164668340890","Rep. George Holding","Honoring the life of John Albert McNeill, Sr.","2017-01-24T17:18:05+0000","video","https://www.facebook.com/CongressmanGeorgeHolding/videos/1218608561563159/","384164668340890_1218608561563159",NA,6,5,2
"384164668340890","Rep. George Holding","The peaceful transfer of power today, as the 45th President of the United States is sworn into office, is something to celebrate. I look forward to working with the new Administration, as well as my colleagues in Congress, to get our country back on track.","2017-01-20T14:39:24+0000","photo","https://www.facebook.com/CongressmanGeorgeHolding/photos/a.426580797432610.1073741825.384164668340890/1214113955345953/?type=3","384164668340890_1214113955345953",NA,44,26,2
"384164668340890","Rep. George Holding",NA,"2017-01-16T16:51:43+0000","photo","https://www.facebook.com/CongressmanGeorgeHolding/photos/a.384183515005672.91705.384164668340890/1210374555719893/?type=3","384164668340890_1210374682386547","Rep. George Holding updated their cover photo.",11,9,0
"384164668340890","Rep. George Holding","Today we remember the life and legacy of Dr. Martin Luther King, Jr.","2017-01-16T16:44:45+0000","photo","https://www.facebook.com/CongressmanGeorgeHolding/photos/a.426580797432610.1073741825.384164668340890/1210365532387462/?type=3","384164668340890_1210365532387462",NA,11,5,0
"384164668340890","Rep. George Holding","Congressman Holding opposes the U.N. Security Council's anti-Israel resolution","2017-01-11T18:02:16+0000","video","https://www.facebook.com/CongressmanGeorgeHolding/videos/1206019699488712/","384164668340890_1206019699488712",NA,66,20,6
"384164668340890","Rep. George Holding","This afternoon, the House, with my support, rejected the U.N. Security Council’s anti-Israel Resolution which undermines the prospect for a sustainable peace agreement in the region. Israel is our strongest ally in the Middle East, and I firmly stand behind it.","2017-01-06T00:07:59+0000","status",NA,"384164668340890_1201412636616085",NA,104,20,4
"384164668340890","Rep. George Holding","Congressman Holding honored Bunn High School Football Coach David Howle","2017-01-04T22:19:28+0000","video","https://www.facebook.com/CongressmanGeorgeHolding/videos/1200653446692004/","384164668340890_1200653446692004",NA,17,2,15
"384164668340890","Rep. George Holding",NA,"2017-01-01T17:05:26+0000","photo","https://www.facebook.com/CongressmanGeorgeHolding/photos/a.426580797432610.1073741825.384164668340890/1198058963618119/?type=3","384164668340890_1198058963618119","Rep. George Holding added a new photo.",8,5,2
