"from_id","from_name","message","created_time","type","link","id","story","likes_count","comments_count","shares_count"
"563532937006022","Congressman Ted Yoho","Very excited about the feedback we are hearing this morning from all attendees. Issues discussed ranging from timber to specialty crop, snap program to crop insurance. We have a long road ahead as we begin to craft the next Farm Bill but I am confident the feedback given today is a great first step.","2017-06-24T16:06:07+0000","video","https://www.facebook.com/CongressmanTedYoho/videos/2015131681846133/","563532937006022_2015131681846133",NA,32,7,2
"563532937006022","Congressman Ted Yoho","Tune in to watch LIVE as we host the first field hearing for the House Agriculture Committee. I am so proud to host this hearing in the Gator Nation!","2017-06-24T14:21:48+0000","link","https://mediasite.video.ufl.edu/Mediasite/Play/3c0834717e7049d38ee46b5c8f09fd921d","563532937006022_2015003175192317",NA,31,8,3
"563532937006022","Congressman Ted Yoho","Being a part of today's major announcement was an honor. Big things are happening in Putnam County and we are incredibly excited about the new 80 permanent jobs and $400 million investment in Palatka. Congratulations to all those involved!","2017-06-24T01:04:11+0000","video","https://www.facebook.com/CongressmanTedYoho/videos/2014253038600664/","563532937006022_2014253038600664",NA,36,6,1
"563532937006022","Congressman Ted Yoho","Since 2014, I have advocated for the USDA to stop any progress on importing Brazilian beef until we could guarantee the safety of the American consumer and our domestic livestock. I commend Secretary Perdue on his decision to stop these imports over safety concerns of beef products entering our domestic market. It is the right thing to do.","2017-06-23T20:15:09+0000","link","https://yoho.house.gov/media-center/press-releases/yoho-praises-usda-decision-to-halt-the-import-of-fresh-brazilian-beef","563532937006022_2013974398628528",NA,95,18,9
"563532937006022","Congressman Ted Yoho","As a veterinarian, I have always loved animals. Today is always a fun day to see all the different pups making an appearance in our Nation's Capitol. #Takeyourdogtoworkday","2017-06-23T18:00:01+0000","photo","https://www.facebook.com/CongressmanTedYoho/photos/a.607664815926167.159260.563532937006022/2012519538774014/?type=3","563532937006022_2012519538774014",NA,111,13,10
"563532937006022","Congressman Ted Yoho","I voted for the VA Accountability and Whistleblower Protection Act on June 14, 2017. Today, that bipartisan bill was signed into law by the president.   The bill improves the care our veterans receive and so richly deserve. After hearing the stories of mismanagement in the VA and the testimonials from veterans in our district, I am confident the bipartisan bill we passed will improve the VA.  It will do so by streamlining the complicated process of removing, demoting or suspending VA employees for poor performance or misconduct. It also ensures that whistleblowers within the VA, who shine a light on any misconduct, are protected from retaliation.  Today is a victory for veterans and their families. It is also a positive example of what can be achieved when both Republicans and Democrats come together for our veterans and the common good.","2017-06-23T17:21:57+0000","status",NA,"563532937006022_2013813598644608",NA,87,14,10
"563532937006022","Congressman Ted Yoho","As the 2 veterinarians in Congress, can you guess which day is our favorite on the Hill? Representative Kurt Schrader and I are proud to co-chair the bipartisan Veterinary Medicine Caucus and want to wish everyone a Happy National Take Your Dog to Work Day!","2017-06-23T12:00:00+0000","photo","https://www.facebook.com/CongressmanTedYoho/photos/a.607664815926167.159260.563532937006022/2012524978773470/?type=3","563532937006022_2012524978773470",NA,46,10,7
"563532937006022","Congressman Ted Yoho","Last week, I voted for the Department of Veterans Affairs (VA) Accountability and Whistleblower Protection Act. Providing the best quality care and service to our Veterans is the VA’s sole mission. Since I have been in office, I have read the reports of missteps by VA personnel, and it is unacceptable. The VA has made progress in addressing these failures but more needed to be done to hold the staff accountable for their negligence. Federal employees are notoriously hard to remove or discipline if they underperform their duties. Under current law, it takes a minimum of 51 days to remove, suspend, or demote an employee at the VA. The bill we passed strengthens the VA Secretary’s ability hold these individuals accountable and cuts the time to 15 days. This accelerated process will improve the department’s ability to serve our Veterans better. This bill also protects whistleblowers within the VA from any internal retaliation. Our Veterans are our reminder of what patriotism and selfless sacrifice looks like in defending our nation. It is our duty, as a country, to care for the brave men and women who bear the scars of battle. The Department of Veterans Affairs Accountability and Whistleblower Protection Act will help do this and will soon be signed into law by the President.","2017-06-22T19:48:36+0000","photo","https://www.facebook.com/CongressmanTedYoho/photos/a.607664815926167.159260.563532937006022/2012518648774103/?type=3","563532937006022_2012518648774103",NA,37,13,11
"563532937006022","Congressman Ted Yoho","My thoughts and prayers go out to Otto Warmbier and his family. His death should never have happened and shows the world, yet again, the real face of Kim Jong-un’s evil. No one should be brutally punished for allegedly taking a poster from a hotel. Otto's tragic death was state sponsored, plain and simple. May Otto rest in peace and his family, over time, find comfort.","2017-06-20T13:22:13+0000","status",NA,"563532937006022_2008970149128953",NA,142,30,11
"563532937006022","Congressman Ted Yoho","Happy Father's Day to all the dads out there! Being a father is the best job I have had in my life and I thank God everyday for my kids.","2017-06-18T18:24:32+0000","photo","https://www.facebook.com/CongressmanTedYoho/photos/a.607664815926167.159260.563532937006022/2006208839405084/?type=3","563532937006022_2006208839405084",NA,35,3,1
"563532937006022","Congressman Ted Yoho","Please keep the 7 missing US sailors, from the damaged USS Fitzgerald, in your thoughts and prayers. Praying for them to be found, for their families, and for the speedy recovery of all injured in this accident.","2017-06-17T19:25:31+0000","link","https://apple.news/AJZvPtoFXSHqYFFL38C_meg","563532937006022_2004825059543462",NA,92,11,17
"563532937006022","Congressman Ted Yoho","I voted for the Department of Veterans Affairs (VA) Accountability and Whistleblower Protection Act.   Providing the best quality care and service to our Veterans is the VA’s sole mission. Since I have been in office, I have read the reports of missteps by VA personnel, and it is unacceptable. The VA has made progress in addressing these failures but more needed to be done to hold the staff accountable for their negligence.  Federal employees are notoriously hard to remove or discipline if they underperform their duties. Under current law, it takes a minimum of 51 days to remove, suspend, or demote an employee at the VA. The bill we passed strengthens the VA Secretary’s ability hold these individuals accountable and cuts the time to 15 days.  This accelerated process will improve the department’s ability to serve our Veterans better.     This bill also protects whistleblowers within the VA from any internal retaliation. Our Veterans are our reminder of what patriotism and selfless sacrifice looks like in defending our nation.  It is our duty, as a country, to care for the brave men and women who bear the scars of battle. The Department of Veterans Affairs Accountability and Whistleblower Protection Act will help do this and will soon be signed into law by the President.","2017-06-15T17:18:06+0000","status",NA,"563532937006022_2001481079877860",NA,62,6,9
"563532937006022","Congressman Ted Yoho","Open office hours today at our Marion county office! Come by and say hello to our district team! We will be here from 9-5 today! 115 SE 25th Ave., Ocala, FL 34471 Note: Congressman Yoho will not be present.","2017-06-15T11:30:00+0000","photo","https://www.facebook.com/CongressmanTedYoho/photos/a.607664815926167.159260.563532937006022/2000304869995481/?type=3","563532937006022_2000304869995481",NA,9,1,0
"563532937006022","Congressman Ted Yoho","Open office hours tomorrow at our Marion county office! Come by and say hello to our district team! We will be here from 9-5 today! 115 SE 25th Ave., Ocala, FL 34471 Note: Congressman Yoho will not be present.","2017-06-14T22:30:00+0000","photo","https://www.facebook.com/CongressmanTedYoho/photos/a.607664815926167.159260.563532937006022/2000351286657506/?type=3","563532937006022_2000351286657506",NA,19,4,2
"563532937006022","Congressman Ted Yoho","Happy 242nd Birthday to the United States Army! For over two centuries the U.S. Army has confronted our nation's enemies.Thank you to all the brave soldiers that have defended America and are currently standing in harm's way to protect our freedom.","2017-06-14T18:56:44+0000","video","https://www.facebook.com/USarmy/videos/10154927082623558/","563532937006022_2000139206678714","Congressman Ted Yoho shared U.S. Army's video.",69,3,0
"563532937006022","Congressman Ted Yoho","My staff and I are ok and were not present at the congressional baseball practice this morning. My thoughts and prayers are with my friend Congressman Steve Scalise, his family & everyone injured by the shooter in Virginia today. Thank God for our Capitol Hill Police and the fast work of the first responders.","2017-06-14T13:39:30+0000","status",NA,"563532937006022_1999720356720599",NA,315,48,17
"563532937006022","Congressman Ted Yoho","In case you missed it, over the weekend, I wrote an op/ed for Townhall.com addressing China’s open defiance of international rules and norms in the South China Sea.  Beijing continues to stand by its sovereignty claims and aggressively militarize ‘islands’ in that region. Their ongoing efforts to convince the international community that their claims are legitimate, Beijing has adopted a strategy that is built upon nothing but intimidation and deception.    I feel that China’s strategy of intimidation and deception needs to be met with a firm and consistent response from the United States as Beijing’s hollow indignations and threats need to be checked.","2017-06-13T19:55:33+0000","link","https://townhall.com/columnists/chairmantedyoho/2017/06/10/built-on-deception-chinas-claims-in-the-south-china-sea-n2339158","563532937006022_1998649860160982",NA,39,11,14
"563532937006022","Congressman Ted Yoho","Kim Jong-un is determined to create regional uncertainty while he continues to brainwash and starve his people. Additional sanctions must be imposed to address these North Korean threats.","2017-06-08T16:53:07+0000","link","http://yoho.house.gov/media-center/press-releases/yoho-statement-on-recent-n-korean-cruise-missile-test","563532937006022_1991033650922603",NA,36,15,5
"563532937006022","Congressman Ted Yoho","Meeting folks from home is a great way to start the day. Enjoyed meeting with kids from the Alachua Safety Patrol. These students are our future leaders and the future looks bright.","2017-06-08T15:04:05+0000","photo","https://www.facebook.com/CongressmanTedYoho/photos/a.607664815926167.159260.563532937006022/1990785470947421/?type=3","563532937006022_1990803074278994","Congressman Ted Yoho added 2 new photos.",89,14,8
"563532937006022","Congressman Ted Yoho","Open office hours today at our Marion county office! Come by and say hello to our district team!  We will be here from 12-5 today! 115 SE 25th Ave., Ocala, FL 34471 Note: Congressman Yoho will not be present.","2017-06-08T13:08:19+0000","photo","https://www.facebook.com/CongressmanTedYoho/photos/a.607664815926167.159260.563532937006022/1990622497630385/?type=3","563532937006022_1990622497630385","Congressman Ted Yoho with Ted Yoho.",48,6,3
"563532937006022","Congressman Ted Yoho","Enjoyed my meeting today with Tommy and Lynne from Silver Spring Bottled Water Company in Ocala.","2017-06-07T22:44:58+0000","photo","https://www.facebook.com/CongressmanTedYoho/photos/a.607664815926167.159260.563532937006022/1989693234389978/?type=3","563532937006022_1989693234389978",NA,44,3,4
"563532937006022","Congressman Ted Yoho","73 years ago today, Allied forces landed on the beaches of Normandy and began the liberation of Nazi-held Europe. I am forever grateful for the bravery and sacrifice of the #GreatestGeneration and the freedoms they secured for us all. #DDay","2017-06-06T16:00:51+0000","photo","https://www.facebook.com/CongressmanTedYoho/photos/a.607664815926167.159260.563532937006022/1987440037948631/?type=3","563532937006022_1987455784613723","Congressman Ted Yoho added 2 new photos.",48,17,5
"563532937006022","Congressman Ted Yoho","Last night I had the honor to have dinner with these young patriots and their familes. These  cadets have worked tirelessly to earn their spot at one of our Nation's incredible and distinguished service academies. It was my pleasure to nominate each of them. As they begin a career and life of service, I want to thank them and their families for their dedication to our Country and her citizens. Help me wish each of them the best of luck as they begin their journey with your comments below.","2017-06-06T10:03:05+0000","photo","https://www.facebook.com/CongressmanTedYoho/photos/a.819874208038559.1073741835.563532937006022/1986935931332375/?type=3","563532937006022_1986936247999010","Congressman Ted Yoho added 4 new photos — with Ted Yoho.",48,9,3
"563532937006022","Congressman Ted Yoho","It was an honor to meet so many local heroes at this morning's Comp and Pen event. Thank you to all those who have served and we wish the best of luck for this organization in the future.","2017-06-02T18:59:50+0000","photo","https://www.facebook.com/CongressmanTedYoho/photos/a.819874208038559.1073741835.563532937006022/1981170601908908/?type=3","563532937006022_1981170908575544","Congressman Ted Yoho added 8 new photos.",41,12,0
"563532937006022","Congressman Ted Yoho","I had a great time in Clay County (Middleburg) today, reading to head start kids. The Episcople children services motto is, ""Believe, Achieve, Soar."" These young kids are living this motto and the future looks bright.","2017-06-01T17:53:41+0000","photo","https://www.facebook.com/CongressmanTedYoho/photos/a.819874208038559.1073741835.563532937006022/1979604568732178/?type=3","563532937006022_1979604595398842","Congressman Ted Yoho added 2 new photos.",89,21,4
"563532937006022","Congressman Ted Yoho","Today we remember all the brave men and women who have fallen in defense of America; the world’s bastion of liberty and democracy. While Memorial Day is a day of quiet reflection and remembrance, it is also a day to give thanks. It is a day to be thankful that we live in a country that is free and filled with citizens who will answer the call to defend liberty.  It is a day not only to honor our fallen military but to say thank you to all who are actively serving to protect us at home and abroad.   Since 1868, Americans have celebrated what was once called “Decoration Day” to honor the fallen. Every year since then we have honored those who fell at Gettysburg, at San Juan Hill, in the Argonne forest, on the shores of Normandy and Guadalcanal, at Inchon, at la Drang, in the desert at Objective Norfolk, on the streets of Fallujah, and in Zabul Province.   Generations of Americans have fought to preserve the great privilege of freedom that we must never take for granted. We owe these patriots a debt that can never be repaid, but that must be remembered always, not just on Memorial Day.  As with every Memorial Day, I will be observing a moment of silence at 3 pm. Please join me in paying respect to our heroes who fell in defense of the freedom and liberty we enjoy every day.  And please pray for those who have served, and for those who are currently serving in harm’s way.  May God bless them and may God bless America.","2017-05-29T12:00:00+0000","photo","https://www.facebook.com/CongressmanTedYoho/photos/a.607664815926167.159260.563532937006022/1970944699598165/?type=3","563532937006022_1970944699598165",NA,58,9,8
"563532937006022","Congressman Ted Yoho","Honored to participate in today's Memorial Day tribute in Clay County (Fleming Island). Thank you to Bill Garrison for MC'ing the event and to Sheriff Daniels for his heartfelt words.   Generations of Americans have fought to preserve the great privilege of freedom that we must never take for granted. We owe these patriots a debt that can never be repaid, but that must be remembered always, not just on Memorial Day.","2017-05-26T19:37:10+0000","photo","https://www.facebook.com/CongressmanTedYoho/photos/a.607664815926167.159260.563532937006022/1970966479595987/?type=3","563532937006022_1970975936261708","Congressman Ted Yoho added 4 new photos.",50,21,3
"563532937006022","Congressman Ted Yoho","I have introduced the bipartisan Economic Growth and Development Act (EGDA) – H.R. 2747. This bill will make foreign aid more efficient and effective by establishing a direct relationship between U.S. development agencies and the private sector.   It also requires consultation with the private sector when developing country strategies and calls for ongoing studies into the factors that limit private-sector growth in each country that receives U.S. assistance.   America is the most generous nation in the world when it comes to foreign aid. EGDA will ensure that our foreign aid dollars are used effectively and efficiently. By focusing on these objectives, we can transition recipient countries from aid to trade with the United States.   I want to thank Rep. Adam Smith for joining me in introducing this bill.  I would also like to thank Senator Isakson for introducing his companion bill (S.1274) in the Senate as well as his co-leads, Senators Coons and Perdue.   Collectively we can refocus the delivery of U.S. foreign aid so it leads down a path of shared economic prosperity for all.","2017-05-26T18:25:25+0000","status",NA,"563532937006022_1970957376263564",NA,34,25,7
"563532937006022","Congressman Ted Yoho","Always good to see members of the Florida Farm Bureau. You are the voice of agriculture. Thank you for all you do.","2017-05-26T14:23:01+0000","photo","https://www.facebook.com/CongressmanTedYoho/photos/a.607664815926167.159260.563532937006022/1970664579626177/?type=3","563532937006022_1970667929625842","Congressman Ted Yoho added 2 new photos.",46,4,4
"563532937006022","Congressman Ted Yoho","Good news to report - our efforts to secure funding for the Jacksonville Harbor deep dredge navigation project have paid off. In the recently released President’s Budget for Fiscal Year 2018, funds have been allocated for this project.   JAXPORT, Florida’s largest container port, is designated by the Department of Defense as vital to national security and is strategically positioned to accommodate a wide range of global shipping. These mega-sized container ships require a deep draft in order to ship efficiently and cost effectively.   The completion of this project will create 15,000 US jobs, have a $24 dollar return for every $1 invested, and will improve the shipping industry of Florida.   JAXPORT is vitally important to Florida’s economy. It supports $26.9 billion in economic output, creates 132,000 jobs, and generates $727 million in state and local taxes - $169 million of which are directly from cargo operations.  The completion of this project at JAXPORT will create good paying jobs and drive economic growth for the region, the state, and the nation.","2017-05-24T23:37:32+0000","status",NA,"563532937006022_1968432986516003",NA,94,27,26
"563532937006022","Congressman Ted Yoho","The Department of Health and Human Services (HHS) just released a new report that shows the rising cost of premiums since Obamacare taxes, regulations, and mandates went into place in 2013. You may have heard some people pointing fingers at the House-passed American Health Care Act. They wouldn’t want you to see this report. But the proof is in the pudding: Obamacare is to blame.  Here’s the report by the numbers:  39: All 39 states using healthcare.gov saw an increase in individual market premiums since 2013.  105%: The percent individual market premiums have increased since that time. In other words, premiums have more than doubled.   $2,928: The staggering average annual premium increase since Obamacare mandates and regulations went into effect. Ouch.  3: Three states saw premiums not double, but triple since 2013.  223%: The percent increase in premium costs Alabama residents experienced!  Read the full report here: https://aspe.hhs.gov/pdf-report/individual-market-premium-changes-2013-2017","2017-05-24T17:57:29+0000","photo","https://www.facebook.com/CongressmanTedYoho/photos/a.607664815926167.159260.563532937006022/1968130049879630/?type=3","563532937006022_1968130049879630",NA,68,128,93
"563532937006022","Congressman Ted Yoho","There is a tornado watch for Alachua and surrounding counties till 3pm today. Please be careful and have an emergency plan in place.","2017-05-24T14:18:27+0000","link","https://weather.com/weather/alerts/localalerts/l/USFL0163:1:US?phenomena=TO&significance=A&areaid=FLC001&office=KJAX&etn=0261","563532937006022_1967839543242014",NA,25,5,9
"563532937006022","Congressman Ted Yoho","Congratulations to the Union County H.S. Tigers and the Oakleaf H.S. Lady Knights (Clay County) for winning the softball state championship in their respective divisions. The Tigers are class 1A champions and the Lady Knights are class 8A champions. Great job!","2017-05-23T17:55:24+0000","status",NA,"563532937006022_1966669713358997",NA,34,0,2
"563532937006022","Congressman Ted Yoho","This senseless bombing in Manchester was an act of cowardice. My thoughts and prayers are with the innocent victims and their grieving families.","2017-05-23T05:04:42+0000","status",NA,"563532937006022_1965855203440448",NA,42,8,1
"563532937006022","Congressman Ted Yoho","North Korea's latest missile test - its 11th this year - not only shows  the world its true, belligerent nature, but also represents a growing threat to the U.S. and our allies. With each test, successful or otherwise, the Kim regime gains key insights into how to target the continental U.S. The international community needs to come together to put an end to this belligerence.","2017-05-21T15:04:00+0000","photo","https://www.facebook.com/CongressmanTedYoho/photos/a.607664815926167.159260.563532937006022/1963732696986032/?type=3","563532937006022_1963732696986032",NA,57,19,11
"563532937006022","Congressman Ted Yoho","Had a great time at the Newberry Watermelon festival today! Did you know that Florida is the #1 producer for watermelons in the Country?","2017-05-21T01:42:01+0000","photo","https://www.facebook.com/CongressmanTedYoho/photos/a.819874208038559.1073741835.563532937006022/1963019193724049/?type=3","563532937006022_1963021810390454","Congressman Ted Yoho added 2 new photos.",133,21,7
"563532937006022","Congressman Ted Yoho","A day or a weekend is simply not enough to honor the sacrifice and service of our military. Thank you to the Military Museum of North Florida for putting together another incredible tribute to our veterans and our military. Let's remember those who have served and in some cases, the ultimate sacrifice everyday. Thank you. #USA #ArmedForcesDay","2017-05-20T13:54:52+0000","photo","https://www.facebook.com/CongressmanTedYoho/photos/a.819874208038559.1073741835.563532937006022/1962364820456153/?type=3","563532937006022_1962365053789463","Congressman Ted Yoho added 6 new photos.",59,11,4
"563532937006022","Congressman Ted Yoho","Honored to have our team be a part of today's groundbreaking for the Fort King National Historic Landmark in Marion County. We are excited for all of the hard working volunteers and team members who are working tirelessly to make this project a reality.","2017-05-19T13:52:14+0000","photo","https://www.facebook.com/CongressmanTedYoho/photos/a.819874208038559.1073741835.563532937006022/1960580933967875/?type=3","563532937006022_1960581037301198","Congressman Ted Yoho added 3 new photos.",33,3,1
"563532937006022","Congressman Ted Yoho","The selection of former FBI Director Robert Mueller to serve as Special Counsel of the Department of Justice (DOJ), investigating Russian meddling in the 2016 election, is an outstanding choice.  His reputation in law enforcement and in the Department is impeccable.   With Director Mueller leading the DOJ’s investigation, in addition to the separate investigations by the House and Senate Intelligence Committees, the House and Senate Judiciary Committees, and the House Oversight and Government Reform Committee, I am certain we will get to the bottom of this once and for all.      I have said multiple times in the past, that any country that meddles in our democratic process, whether that is Russia or any other foreign power, must be held accountable.  After all the facts are laid on the table we can take the necessary steps to keep this from happening again","2017-05-18T22:00:15+0000","status",NA,"563532937006022_1959712267388075",NA,97,106,9
"563532937006022","Congressman Ted Yoho","In 1962, President John F. Kennedy signed a proclamation which designated May 15 as Peace Officers Memorial Day and the week in which that date fell as Police Week. Etched on the National Law Enforcement Memorial, in Washington, D.C., are the words “The wicked flee when no man pursueth, but the righteous are as bold as a lion,” Proverbs 28:1. It takes a special kind of person to willingly run towards danger and to shield the innocent from the wicked.    I am grateful for the brave men and women who serve and protect our communities every day. They selflessly put their lives on the line for us and deserve our support and thanks.  May God bless all our police officers currently serving and those who we have lost in the line of duty. May He provide comfort to the fallen and their families. #PeaceOfficersMemorialDay #PoliceWeek","2017-05-15T18:27:33+0000","photo","https://www.facebook.com/CongressmanTedYoho/photos/a.607664815926167.159260.563532937006022/1954598311232804/?type=3","563532937006022_1954598311232804",NA,63,26,18
"563532937006022","Congressman Ted Yoho","One of the great things about serving this incredible district is being able to show support for organizations like these. The Boyz II Men mentoring organization in Crescent City is working hard to deliver on their mission. I was proud to be able to deliver boxes of books from the Library of Congress Surplus program and share a few words of advice with the boys.","2017-05-15T15:51:40+0000","photo","https://www.facebook.com/CongressmanTedYoho/photos/a.819874208038559.1073741835.563532937006022/1954412974584671/?type=3","563532937006022_1954413251251310","Congressman Ted Yoho added 5 new photos.",42,57,3
"563532937006022","Congressman Ted Yoho","Happy Mothers Day to all the wonderful, thoughtful and caring mothers out there. To my wife Carolyn - Happy Mothers Day to my best friend and the best mother in the world. Thank you for all that you do. We love you.","2017-05-14T13:48:00+0000","photo","https://www.facebook.com/CongressmanTedYoho/photos/a.819874208038559.1073741835.563532937006022/1952531418106160/?type=3","563532937006022_1952531498106152","Congressman Ted Yoho added 3 new photos — with Carolyn Yoho.",132,18,4
"563532937006022","Congressman Ted Yoho","Excited to join Wolf Blitzer on CNN now. Tune in!","2017-05-12T22:16:24+0000","photo","https://www.facebook.com/CongressmanTedYoho/photos/a.607664815926167.159260.563532937006022/1950071085018860/?type=3","563532937006022_1950071085018860","Congressman Ted Yoho with Ted Yoho.",79,71,5
"563532937006022","Congressman Ted Yoho","Help us pick a fan favorite from this year's Congressional High School art competition! The artwork with the most likes will be our fan favorite. Voting ends on Thursday, May 11th at midnight! Share, share, share!","2017-05-09T18:33:36+0000","photo","https://www.facebook.com/CongressmanTedYoho/photos/a.819874208038559.1073741835.563532937006022/1943768202315815/?type=3","563532937006022_1943768668982435","Congressman Ted Yoho added 12 new photos.",42,19,44
"563532937006022","Congressman Ted Yoho","It was an honor and a privilege to be with dedicated public servants today at the Clay County Sheriffs office Memorial Ceremony. This  ceremony is in memory of those officers who have lost their lives in the line of duty.  Thank you to everyone who participated in ensuring their memory and service lives on.","2017-05-09T16:49:58+0000","photo","https://www.facebook.com/CongressmanTedYoho/photos/a.819874208038559.1073741835.563532937006022/1943641915661777/?type=3","563532937006022_1943642035661765","Congressman Ted Yoho added 3 new photos — with Ted Yoho.",30,1,2
"563532937006022","Congressman Ted Yoho","This week is Teacher Appreciation Week. Thank you to all our teachers who work so hard and sacrifice so much for our kids.","2017-05-09T15:17:55+0000","photo","https://www.facebook.com/CongressmanTedYoho/photos/a.607664815926167.159260.563532937006022/1943503645675604/?type=3","563532937006022_1943503645675604",NA,37,21,4
"563532937006022","Congressman Ted Yoho","We are excited to open our new Marion County office! Office times and availability will be posted soon but you can call 352-505-0838 to start booking appointments with our team. We are here to serve you!","2017-05-09T12:33:50+0000","photo","https://www.facebook.com/CongressmanTedYoho/photos/a.607664815926167.159260.563532937006022/1943272885698680/?type=3","563532937006022_1943272885698680","Congressman Ted Yoho with Ted Yoho.",191,36,15
"563532937006022","Congressman Ted Yoho","Worth a read. In case you missed it,  here is a first-hand account from a Republican House leader who has personal reasons to ensure a good health care system is in place for all Americans. Despite what people are saying, House Republicans aren’t seeking to strip anyone’s protections away.   Excerpt from article:  ""Hearing late-night host Jimmy Kimmel’s emotional monolog this week about his son’s condition and his family’s experience in the moments after his birth, I had a flashback to the day my son was born and we learned he had Down syndrome.  ""My husband and I had a lot of questions about Cole’s future. Whether he’d have health care shouldn’t have had to be one of them. When you’re facing years of doctor’s appointments, you want to know that having a preexisting condition, such as an extra 21st chromosome or a heart defect, won’t prevent you or your loved ones from accessing the care you need.  ""Protections for children such as Cole Rodgers and Billy Kimmel have long existed, as they should. And despite what people are saying, House Republicans aren’t seeking to strip these protections — or anyone’s protections — away.""","2017-05-05T19:22:39+0000","link","https://www.washingtonpost.com/opinions/my-son-has-a-preexisting-condition-hes-one-of-the-reasons-i-voted-for-the-ahca/2017/05/04/26c234b2-30fd-11e7-9534-00e4656c22aa_story.html?utm_term=.1bd8c2401d8e","563532937006022_1935480209811281",NA,96,144,58
"563532937006022","Congressman Ted Yoho","The first time the House brought up AHCA, it was not the right prescription for improving America’s healthcare system. It left too many of Obamacare’s heavy-handed regulations intact. Those regulations, while superficially appealing, in reality, are the main drivers of high premiums and the ongoing collapse of the Obamacare exchange system. Allowing states to obtain waivers from the federal mandates governing essential health benefits, age rating, and health status underwriting, while ensuring that the state will protect those with pre-existing conditions, is a prudent and significant first step towards replacing the ACA in full. That is why I support the improved AHCA.  The amendment that was added to AHCA, and one I support, will grant states the ability to waive several of the cost-driving requirements of Obamacare that were totally left in place under the original draft of AHCA. Further, the amendment requires states that obtain waivers from the health underwriting regulations to have a program in place that will keep insurance affordable for people with pre-existing conditions who haven’t maintained “continuous coverage” such as a high risk pool. These reforms will reduce premiums and start stabilizing the individual insurance markets while preserving coverage accessibility. I am also an original cosponsor of a measure introduced by Rep. Martha McSally (AZ-2) that ensures Members of Congress and congressional staffs are not treated differently than anyone else under the waiver provisions when the AHCA is signed into law. I am happy that conservatives held their ground in asking for additional relief for those suffering under Obamacare as it stands.  It has always been my priority to vote for legislation that lowers health care costs and provides greater access to quality care for hardworking families. After a lot of discussion and meetings between multiple members, this bill was the best option for us to reach those goals.  I understand this bill does not realize my desire for a 100 percent repeal of Obamacare, but it is a large move in the right direction to fix the ACA’s many faults.   This is not the bill I would have introduced myself, but as a Member of Congress, I am prepared to do what is needed to govern. The Framers brilliantly created governing institutions that require consensus on lawmaking, and the amended AHCA is a product of just such a consensus.  If we did not pass the AHCA, Obamacare would remain a permanent fixture for all future Americans which cannot be allowed to happen.    For over 8 years we have heard from the American people that they do not want Obamacare. In my district, they have overwhelmingly called for an end to Obamacare. I was sent to Washington by those individuals with that primary goal in mind. This vote is a reflection of that goal--it isn’t mission accomplished by any means--but it’s a good start.  What I am very pleased about - with the amended AHCA - is that it moves health care policy from a top-down, centrally-planned disaster under Obamacare to a system that embraces federalism and allows for individuals to make decisions more freely. The AHCA ends Obamacare’s penalties for non-compliance with the individual and employer mandates, repeals Obamacare’s taxes, allows states to institute work requirements for able-bodied Medicaid recipients, and expands the allowable size of HSAs for high-deductible insurance plans. That being said, I will continue to press House Leadership and the President to finish the job. It is still the spring of 2017--we are just getting started on repealing Obamacare in full.  The “world’s greatest deliberative body” has been fully aware of our debates and discussions in the House- indeed, Senators and their staff were part of the discussions on this bill- and so they need to seriously engage on this bill as their first priority.   With this vote, I am voting for a process. We have a responsibility here in the House to move the chains and get the legislative ball in the red zone. This bill is about 80% of a full repeal package, and we need the Senate to finish the job. I urge my colleagues in the other chamber to improve upon the work that we have done in the House. Only with both chambers advancing the cause can we realize the goal of repealing and replacing the government expanding, liberty-destroying Affordable Care Act.","2017-05-04T19:53:36+0000","status",NA,"563532937006022_1933445040014798",NA,213,424,44
"563532937006022","Congressman Ted Yoho","Small businesses are the backbone of our communities and our country. They are responsible for creating roughly 63% of new jobs in America. It is important that we make the effort to support small businesses in our communities whenever we can.  #SmallBusinessWeek","2017-05-02T19:48:57+0000","photo","https://www.facebook.com/CongressmanTedYoho/photos/a.607664815926167.159260.563532937006022/1929266423765993/?type=3","563532937006022_1929266423765993",NA,23,25,4
"563532937006022","Congressman Ted Yoho","I will be joining Wolf on CNN @ 5pm to discuss first 100 days & N. Korea. Tune in!","2017-04-29T20:07:22+0000","status",NA,"563532937006022_1924199927605976",NA,22,23,2
"563532937006022","Congressman Ted Yoho","Today marks the last day to accept artwork for this year's Congressional Art Competition! Be sure to get your pieces into any of our district offices before 5:30 today!","2017-04-28T16:53:33+0000","status",NA,"563532937006022_1922337531125549",NA,15,18,3
"563532937006022","Congressman Ted Yoho","ICYMI: Here is my op/ed on The Daily Caller about the need to hold China accountable for its facilitation of North Korea’s illicit weapons program. Making concessions to China in return for increased action against the rogue regime should not be considered.","2017-04-24T16:12:08+0000","link","http://dailycaller.com/2017/04/21/north-korea-should-not-be-a-bargaining-chip-in-u-s-china-relations/","563532937006022_1915868148439154",NA,21,23,7
"563532937006022","Congressman Ted Yoho","North Korea’s failed missile launch last Saturday only emphasizes Kim Jong-un’s complete disregard for international law and determination to obtain a nuclear weapon capable of striking the continental United States. Such belligerent action cannot and should not be rewarded with a simple slap on the wrist. Instead, we need to take real action.   Through targeted, secondary sanctions on foreign companies that continue to do business with Pyongyang, we can hit Kim Jong-un where it hurts most: the wallet. Kim relies on these funds for his illicit nuclear and missile programs, and we must use every tool we have to deny him the hard currency he needs.   The Administration also needs to reinstate North Korea as a state sponsor of terror.  These decisive actions will send a clear message to the international community as a whole that the United States is committed to peace on the Korean Peninsula and will do what is necessary to achieve it.","2017-04-17T19:11:52+0000","status",NA,"563532937006022_1904184716274164","Congressman Ted Yoho updated his status.",79,26,10
"563532937006022","Congressman Ted Yoho","""He Is RISEN! He is Risen indeed!""  On this joyous Easter Sunday, Carolyn and I would like to wish you and yours a very Happy Easter. Peace be with you and with your family; today and every day.   “…just as Christ was raised from the dead by the glory of the Father, we too might walk in newness of life.” (Romans 6:4)","2017-04-16T12:30:00+0000","photo","https://www.facebook.com/CongressmanTedYoho/photos/a.607664815926167.159260.563532937006022/1901789796513656/?type=3","563532937006022_1901789796513656",NA,126,35,14
"563532937006022","Congressman Ted Yoho","I will be joining CNN's New Day in about 5 minutes. Tune in as we discuss Russia and what comes next in Syria.","2017-04-11T11:21:39+0000","photo","https://www.facebook.com/CongressmanTedYoho/photos/a.607664815926167.159260.563532937006022/1893765763982726/?type=3","563532937006022_1893765763982726",NA,113,56,4
"563532937006022","Congressman Ted Yoho","For years I have condemned the Assad regime. I have condemned their brutal tactics of using barrel bombs and  chemical weapons on innocent civilians. These actions are pure evil and unacceptable. The war in Syria should never have been allowed to reach its current state; a complete quagmire.  Last night, after years of timid speeches, the United States sent a clear message to the Syrian regime and the world that we will not tolerate the use of chemical weapons on defenseless men, women, and children. Now is the time for President Trump and Congress to work on a comprehensive strategy for Syria. Any further action in the region should have the authorization of Congress","2017-04-08T02:48:45+0000","status",NA,"563532937006022_1888657487826887",NA,138,63,15
"563532937006022","Congressman Ted Yoho","REMINDER: If you haven't already seen the alerts, severe thunderstorms are expected this evening and through the night. Please be careful and have all emergency related numbers and information handy.","2017-04-05T20:43:27+0000","photo","https://www.facebook.com/AlachuaCoEM/photos/a.10150642527600902.414068.59446250901/10155152500420902/?type=3","563532937006022_1884344924924810","Congressman Ted Yoho shared Alachua County Emergency Management's photo.",17,8,0
"563532937006022","Congressman Ted Yoho","Hi!  Please join me for a town hall discussion at the Putnam County BOCC Building, in Palatka, on Tuesday, April 11th. The event will begin at 7:00 p.m. (Doors open at 6:30pm). I’m looking forward to hearing your thoughts and concerns.  Feel free to invite friends and neighbors to join the discussion about the important issues facing our community and our country.  See you on April 11th!","2017-04-04T21:24:38+0000","event","https://www.facebook.com/events/1674975616131534/","563532937006022_1674975616131534","Congressman Ted Yoho added an event.",10,5,0
"563532937006022","Congressman Ted Yoho","Hello!  Please join me for a town hall discussion at Abraham Lincoln Middle School, in Gainesville, on Monday, April 10th. The event will begin at 7:00 a.m. (Doors open at 6:30pm). I’m looking forward to hearing your thoughts and concerns.  Feel free to invite friends and neighbors to join the discussion about the important issues facing our community and our country.  See you on April 10th!","2017-04-04T21:22:35+0000","event","https://www.facebook.com/events/1432564250128619/","563532937006022_1432564250128619","Congressman Ted Yoho added an event.",24,11,0
"563532937006022","Congressman Ted Yoho","Honored to celebrate WWII Veteran Charles D. Maloney; 75 years to the day he enlisted in the U.S. Army (4 months after Pearl Harbor). He is one of our own and at 95 years young, he is still going strong. Mr. Maloney, thank you for your service to America and defending the freedoms we all enjoy today.","2017-04-04T18:30:35+0000","link","http://www.alligator.org/news/local/article_473d6f2c-18e3-11e7-a8c6-dfbef8c02d30.html","563532937006022_1882364281789541",NA,57,4,7
"563532937006022","Congressman Ted Yoho","Entries are due April 28th! Share with any students who you think would like to participate. Winners receive two round trip tickets to Washington and their artwork is displayed in the Capitol for the year!","2017-04-04T12:05:00+0000","photo","https://www.facebook.com/CongressmanTedYoho/photos/a.607664815926167.159260.563532937006022/1864584223567547/?type=3","563532937006022_1864584223567547",NA,8,0,1
"563532937006022","Congressman Ted Yoho","Just a friendly reminder that I will be hosting town hall discussions this Saturday the 8th (Orange Park and Citra), Monday the 10th (Gainesville), and Tuesday the 11th (Palatka).   This is a great opportunity for us to discuss local and national issues of importance and I really hope you can attend.   All are welcome so tell your friends and neighbors. Hope to see you there!","2017-04-03T21:42:55+0000","link","https://yoho.house.gov/about/events","563532937006022_1881100438582592",NA,44,22,12
"563532937006022","Congressman Ted Yoho","Today I had the honor of presenting a decorated World War II veteran with long overdue medals. What an emotional ceremony with family and friends looking on. A very big thank you to the leadership of Camp Blanding for arranging this ceremony. If you know of any veteran who is looking for records or medals, please contact our office at 904-276-9626.","2017-04-01T15:25:59+0000","video","https://www.facebook.com/CongressmanTedYoho/videos/1877489162277053/","563532937006022_1877497612276208","Congressman Ted Yoho added 17 photos and 2 videos from March 31.",83,6,9
"563532937006022","Congressman Ted Yoho","Hi!  Please join me for a town hall discussion at N. Marion Middle School, in Citra ,on Saturday, April 8th. The event will begin at 3:00 p.m. (Doors open at 2:30pm). I’m looking forward to hearing your thoughts and concerns.  Feel free to invite friends and neighbors to join the discussion about the important issues facing our community and our country.  See you on April 8th!","2017-03-31T21:34:03+0000","event","https://www.facebook.com/events/1823772027873507/","563532937006022_1823772027873507","Congressman Ted Yoho added an event.",12,12,0
"563532937006022","Congressman Ted Yoho","Hi!  Please join me for a town hall discussion at Ridgeview High School, in Orange Park, on Saturday, April 8th. The event will begin at 11:00 a.m. (Doors open at 10:30am). I’m looking forward to hearing your thoughts and concerns.  Feel free to invite friends and neighbors to join the discussion about the important issues facing our community and our country.  See you on April 8th!","2017-03-31T21:30:51+0000","event","https://www.facebook.com/events/1913746948912599/","563532937006022_1913746948912599","Congressman Ted Yoho added an event.",36,17,1
"563532937006022","Congressman Ted Yoho","Entries are due April 28th! Share with any students who you think would like to participate. Winners receive two round trip tickets to Washington and their artwork is displayed in the Capitol for the yea","2017-03-31T11:05:00+0000","photo","https://www.facebook.com/CongressmanTedYoho/photos/a.607664815926167.159260.563532937006022/1864583803567589/?type=3","563532937006022_1864583803567589",NA,12,18,3
"563532937006022","Congressman Ted Yoho","Today, I had the privilege of honoring Lt. Frederick Dellecker. He was a dedicated 1st Lieutenant who had a long and promising career ahead of him. Lt. Dellecker was 26 and known amongst friends for his legendary sense of humor. Rest in peace Lt. Dellecker. Your name will not be forgotten.","2017-03-29T22:19:48+0000","video","https://www.youtube.com/watch?v=DGWrRM7aj6c&feature=youtu.be","563532937006022_1873347839357852",NA,71,68,5
"563532937006022","Congressman Ted Yoho","Entries are due April 28th! Share with any students who you think would like to participate. Winners receive two round trip tickets to Washington and their artwork is displayed in the Capitol for the yea","2017-03-29T22:12:19+0000","photo","https://www.facebook.com/CongressmanTedYoho/photos/a.607664815926167.159260.563532937006022/1864583426900960/?type=3","563532937006022_1864583426900960",NA,10,12,2
"563532937006022","Congressman Ted Yoho","Entries are due April 28th! Share with any students who you think would like to participate. Winners receive two round trip tickets to Washington and their artwork is displayed in the Capitol for the year!","2017-03-26T18:17:27+0000","photo","https://www.facebook.com/CongressmanTedYoho/photos/a.607664815926167.159260.563532937006022/1864582310234405/?type=3","563532937006022_1864582310234405",NA,9,25,4
"563532937006022","Congressman Ted Yoho","First, I want to thank everyone who took the time to call my office and share their thoughts on healthcare, an issue that we all agree is of great importance.  I appreciate the passion and thoughtfulness you expressed, and want you to know that you were a crucial part of the legislative process in making your voice heard. I received 3280 phone calls – 215 in favor and 3,059 against. After careful thought and consideration, I decided that I could not support the American Health Care Act (AHCA).    Today’s decision to postpone the vote on the AHCA was the right move. The bill that was presented to the House was not the correct vehicle at this time for a full, effective repeal of the Affordable Care Act (ACA), a.k.a. Obamacare. It was a good first start, but the bill did not go far enough. The bill made changes to the existing law but didn’t remove the framework of Obamacare.    Our goal to bring down skyrocketing premiums and repeal government-run healthcare with a more patient-centered system remains the same.  We have an opportunity going forward to continue crafting a bill that gets healthcare right for all Americans.    There is no one on Capitol Hill that wishes to pull the rug out from anyone or leave them without healthcare. Further, after reading the AHCA, I felt it did not accomplish what I was sent to Washington to do. Voters sent me to Congress to repeal Obamacare 100 percent and to fix our healthcare system. However, this bill left in place a framework of Obamacare that lasted at least until 2020. With that in place, any future Congress could re-implement federal mandates, subsidies, and control of our personal insurance.  The AHCA created an unsustainable system of federal advanceable refundable tax credits for health insurance purchases. It did not repeal all of the ACA’s insurance regulations that drive up premiums. It did not ensure coverage would be adequately priced for elderly patients. Finally, the AHCA still would not have contained costs but would have kept government mandates requiring coverage that people do not want, need, or should pay for.    In the future, repeal of the ACA will come, and healthcare in America will be fixed. Our goal is to make sure all Americans have access to quality health care that is affordable. We need a healthcare system that allows free markets to work between patients and their doctors, not big government mandating what type of coverage you have to buy or making important health decisions for you. My commitment to my constituents remains the same: to repeal Obamacare and repair healthcare in America.","2017-03-24T23:31:46+0000","status",NA,"563532937006022_1866116243414345",NA,314,285,65
"563532937006022","Congressman Ted Yoho","Do you know of any high schools who would like to participate? Check out this year's Congressional High School Art competition!","2017-03-24T01:03:00+0000","photo","https://www.facebook.com/CongressmanTedYoho/photos/a.607664815926167.159260.563532937006022/1864580800234556/?type=3","563532937006022_1864580800234556",NA,20,18,19
"563532937006022","Congressman Ted Yoho","It may have been yesterday but I feel like every day should be National Ag Day! Thank you to all who work the land and put food on America's table. God Bless our Farmers and Ranchers.","2017-03-22T16:38:55+0000","photo","https://www.facebook.com/184852461554189/photos/a.188923874480381.38152.184852461554189/1324139564292134/?type=3","563532937006022_1862731450419491","Congressman Ted Yoho shared Columbia County Farm Bureau (FL)'s photo.",59,30,0
"563532937006022","Congressman Ted Yoho","GO Gators! Congratulations on advancing to the #Sweet16","2017-03-20T18:21:20+0000","link","http://www.alligator.org/sports/basketball/article_7189f24c-0d3e-11e7-9c6e-4f3dcb94c89f.html","563532937006022_1859952194030750",NA,66,19,4
"563532937006022","Congressman Ted Yoho","Today I introduced the Holding Health Insurers Harmless Act to increase health insurance options for all Americans. This bill encourages the private sector to participate in the sale of health insurance plans as we move forward on healthcare reform. It assures insurance companies that they will not be penalized by any federal agency if they offer insurance plans like they were able to before the ACA was signed into law.   The Holding Health Insurers Harmless Act keeps protections for people with pre-existing conditions and allows individuals to stay on their parent’s plans till age twenty-six while these companies plan for the future.  Allowing them to do this, without penalty, will benefit the American people and help in our transition to a better, patient-centered, healthcare system.","2017-03-16T22:20:39+0000","link","http://yoho.house.gov/media-center/press-releases/rep-yoho-bill-increases-health-insurance-options-for-americans","563532937006022_1854680461224590",NA,87,72,13
"563532937006022","Congressman Ted Yoho","It was an honor meeting with VP Pence to discuss how best to address and fix the important issues facing our great country.","2017-03-16T18:40:18+0000","photo","https://www.facebook.com/CongressmanTedYoho/photos/a.607664815926167.159260.563532937006022/1854420547917248/?type=3","563532937006022_1854420547917248",NA,280,47,12
"563532937006022","Congressman Ted Yoho","In case you missed my PBS NewsHour interview on #AHCA with Judy Woodruff, you can watch it here.","2017-03-14T22:59:16+0000","video","https://youtu.be/AZx7ySZhl1c","563532937006022_1851922291500407",NA,33,46,5
"563532937006022","Congressman Ted Yoho","I will be on the PBS NewsHour with Judy Woodruff tonight at 6:14 pm. Hope you can tune in.","2017-03-14T21:48:09+0000","status",NA,"563532937006022_1851822101510426","Congressman Ted Yoho updated his status.",20,13,1
"563532937006022","Congressman Ted Yoho","I will be joining Wolf Blitzer on CNN at 6. Tune in!","2017-03-13T21:43:35+0000","status",NA,"563532937006022_1850385321654104",NA,41,46,2
"563532937006022","Congressman Ted Yoho","Great time talking to the good folks in Putnam County.","2017-03-08T16:19:44+0000","photo","https://www.facebook.com/FlaFarmBureau/photos/a.193401206256.163166.151420326256/10154943619846257/?type=3","563532937006022_1841664929192810","Congressman Ted Yoho shared Florida Farm Bureau Federation's photo.",45,17,0
"563532937006022","Congressman Ted Yoho","Thank you to everyone who made it out to the town hall over the weekend. I would also like to thank Marihelen Wheeler for moderating our discussion. It is important that we continue this open and honest dialogue -  in a respectful way - as we tackle the big issues that face our communities and our country.","2017-03-06T15:49:08+0000","link","http://www.gainesville.com/news/20170304/us-rep-ted-yoho-engages-opposition-in-saturday-event","563532937006022_1838506722841964",NA,125,34,7
"563532937006022","Congressman Ted Yoho","I enjoyed speaking with all of the District 1 Realtors today in Gainesville. District one stretches from Northeast Florida(Jacksonville) to Gainesville.","2017-03-03T23:30:52+0000","photo","https://www.facebook.com/CongressmanTedYoho/photos/a.607664815926167.159260.563532937006022/1834813509877952/?type=3","563532937006022_1834816833210953","Congressman Ted Yoho added 3 new photos.",38,14,0
"563532937006022","Congressman Ted Yoho","Happy Birthday to the greatest state in the U.S.!","2017-03-03T21:03:05+0000","photo","https://www.facebook.com/CongressmanTedYoho/photos/a.607664815926167.159260.563532937006022/1834645543228082/?type=3","563532937006022_1834645543228082",NA,166,11,74
"563532937006022","Congressman Ted Yoho","Had a productive discussion with the folks from the Municipal Electric Utilities in Florida. We talked about electric utility issues and how these issues impact all Floridians.","2017-03-01T22:19:48+0000","photo","https://www.facebook.com/CongressmanTedYoho/photos/a.607664815926167.159260.563532937006022/1832012006824769/?type=3","563532937006022_1832012006824769",NA,39,11,2
"563532937006022","Congressman Ted Yoho","President Trump’s executive order, directing the EPA to begin the repeal of Waters of the United States (WOTUS) rule, is welcome news for farmers and ranchers in North Central Florida and across America. This ill-conceived rule is destructive and does nothing but stand in the way of job creation and economic growth.   The WOTUS rule is the child of the Obama administration and was a regulation that amounted to nothing more than a federal power grab.  I am happy the president has issued this executive order and I am looking forward to this rule being eliminated","2017-03-01T15:17:56+0000","status",NA,"563532937006022_1831622836863686",NA,118,51,20
"563532937006022","Congressman Ted Yoho","This morning I went to the House floor to celebrate African American History Month and to share a story that has been overlooked by many. It is the story of the original Underground Railroad.  Students across the country have heard stories about the Underground Railroad during the Antebellum Period. However, there was a Road to Freedom that existed before the United States was even established, and that road went South to the free territory of Spanish Florida. Watch my video below:","2017-02-28T17:29:04+0000","video","https://youtu.be/zlwu6JsMBKc","563532937006022_1830328876993082",NA,43,10,11
"563532937006022","Congressman Ted Yoho","As a member of the House Foreign Affairs Committee and Chairman of the Subcommittee on Asia and the Pacific, I  have long urged China to take a more hard-line approach to North Korea in the face of its belligerent acts. I welcome the news that China will suspend all imports of coal from North Korea.    The Kim regime must understand that every provocation will be met with significant consequences. Despite this positive development, it is worrying that China reportedly broke previous commitments to cap North Korean coal exports.  We must work together to exert maximum pressure on the Kim regime.","2017-02-27T19:48:25+0000","status",NA,"563532937006022_1828933693799267",NA,49,15,9
"563532937006022","Congressman Ted Yoho","Another amazing visit to the UF Sid Martin Biotechnology Park today. I am always blown away by the innovation and passion that is housed there. I look forward to continuing very strong support for R&D so that these projects can continue to flourish. Thank you to Reliox for having us join you this morning!","2017-02-24T17:16:54+0000","photo","https://www.facebook.com/CongressmanTedYoho/photos/a.819874208038559.1073741835.563532937006022/1824747607551209/?type=3","563532937006022_1824747680884535","Congressman Ted Yoho added 3 new photos.",45,10,1
"563532937006022","Congressman Ted Yoho","The projects that are getting underway after meeting with the Palatka city commission is incredible. We are excited to help Palatka become a regional force!","2017-02-24T16:22:25+0000","photo","https://www.facebook.com/CongressmanTedYoho/photos/a.607664815926167.159260.563532937006022/1824687637557206/?type=3","563532937006022_1824687637557206",NA,26,3,1
"563532937006022","Congressman Ted Yoho","Hello!  Please join me for a town hall discussion at Countryside Baptist Church, on Saturday, March 4th. The event will begin at 10:00 a.m. (Doors open at 9:00 am). I’m looking forward to hearing your thoughts and concerns.  Feel free to invite friends and neighbors to join the discussion about the important issues facing our community and our country.  See you on March 4!","2017-02-23T19:39:09+0000","event","https://www.facebook.com/events/1380349392040135/","563532937006022_1380349392040135","Congressman Ted Yoho added an event.",62,42,0
"563532937006022","Congressman Ted Yoho","In case you missed it, be sure to read my Washington Times article on the 9th Circuit's recent judicial overreach.","2017-02-23T17:35:14+0000","link","http://www.washingtontimes.com/news/2017/feb/22/courts-overstepping-against-trump/","563532937006022_1823480897677880",NA,111,60,35
"563532937006022","Congressman Ted Yoho","I enjoyed my first editorial board meeting with the Palatka Daily News this morning. We are excited about our plans for Putnam! Great things are in the works and I couldn't be more proud to serve this area.","2017-02-22T14:01:02+0000","photo","https://www.facebook.com/CongressmanTedYoho/photos/a.607664815926167.159260.563532937006022/1821982174494419/?type=3","563532937006022_1821982174494419",NA,61,17,5
"563532937006022","Congressman Ted Yoho","Enjoyed meeting with the Florida Farm Bureau Federation today to discuss a whole range of issues that will have an impact on our Florida farmers and ranchers. We discussed the upcoming farm bill, crop insurance, NAP policies with USDA, commodity prices, and policy issues withing FFBF dealing with peanuts and cotton.","2017-02-21T21:24:37+0000","photo","https://www.facebook.com/FlaFarmBureau/photos/a.193401206256.163166.151420326256/10154899567651257/?type=3","563532937006022_1821121057913864","Congressman Ted Yoho shared Florida Farm Bureau Federation's post.",58,10,0
"563532937006022","Congressman Ted Yoho","Today, we celebrate Presidents’ Day. As we reflect on all Americans who have led our great Republic, making it the greatest country on earth, let us pay special respect to our first president, George Washington. His time in office set our nation on a path that has endured for over 200 years. Our system of government, with its peaceful transition of power, has earned the respect and admiration of governments and people around the world. Happy Presidents’ Day everyone!","2017-02-20T19:50:00+0000","photo","https://www.facebook.com/CongressmanTedYoho/photos/a.607664815926167.159260.563532937006022/1819702838055686/?type=3","563532937006022_1819702838055686",NA,63,9,3
"563532937006022","Congressman Ted Yoho","Earlier this month Gainesville, Florida, and the State of Florida lost a favorite son in Mr. Perry C. McGriff.  Perry was an icon in my hometown of Gainesville and was known for his strong civic duty in helping people wherever and whenever they needed it. The City of Gainesville, the State of Florida and I, are all better for having known Perry.","2017-02-16T14:31:23+0000","video","https://youtu.be/TfOKfA0EUGc","563532937006022_1813428155349821",NA,49,36,7
"563532937006022","Congressman Ted Yoho","Tonight the House passed my bill, the WINGMAN Act (HR 512). I am pleased the House has moved swiftly in passing this bipartisan bill that helps our nation’s veterans through the claims process with the Department of Veterans Affairs (VA).   The interaction between congressional offices and the VA, on behalf of our veterans, should be seamless. It is unacceptable that extended periods of time pass by before congressional offices are able to receive the files they’ve requested from the VA to help veterans. No service member should have to wait to receive benefits they have more than earned.   As a country, we can and must do better by our veterans and their families. WINGMAN will not get rid of the claims backlog or solve all of the problems. What it will do, however, is make the process of helping our veterans easier. Our veterans have answered the call to protect us and the freedoms we enjoy every day. It is only right that we do all we can to support and care for them in a timely manner","2017-02-13T23:49:25+0000","status",NA,"563532937006022_1809676532391650",NA,222,39,49
"563532937006022","Congressman Ted Yoho","The actions by the North Korean regime late Saturday night  are unacceptable and  in clear violation of UN Security Council resolutions. The United States stands strong with South Korea, Japan, and our allies in the region against this totalitarian regime. A regime that is determined to thumb their nose at the world and threaten their neighbors by advancing their nuclear capabilities.","2017-02-12T19:40:38+0000","status",NA,"563532937006022_1808107895881847",NA,71,30,5
"563532937006022","Congressman Ted Yoho","Looking forward to joining Wolf Blitzer on CNN in a few minutes!","2017-02-10T22:06:23+0000","photo","https://www.facebook.com/CongressmanTedYoho/photos/a.607664815926167.159260.563532937006022/1805654552793848/?type=3","563532937006022_1805654552793848",NA,112,47,3
"563532937006022","Congressman Ted Yoho","Team Yoho is excited to have a new district office in Putnam County. If you live in and around Palatka, please spread the word that we will be open Monday, Wednesday, and Friday. Hope to see you soon!   Office Address:   Palatka District Office 2509 Crill Ave., Suite 200 Palatka, FL 32177 386-326-7221","2017-02-09T21:09:22+0000","status",NA,"563532937006022_1804318409594129",NA,50,16,7
"563532937006022","Congressman Ted Yoho","Today I joined with Representative Albio Sires (D-NJ) to introduce legislation that would spur small business growth, bring millions of dollars into the U.S. economy, and allow Canadian citizens to continue to conveniently and safely travel between our shared borders.  The Promoting Tourism to Enhance our Economy Act will allow Canadian citizens who are at least 55 years old and own a secondary residence in the United States to visit the country for 240 days (8 months); current law only allows for 180 days (6 months).   Tourism is a vital industry in Florida, and many Canadian citizens have vacation properties or rentals in our state. This contributes a great deal to the economy in Florida. This sensible legislation will ensure that our friends to the north are able to extend their stay in the U.S. for two additional months without any additional costs to American taxpayers.   Canada is one of America’s closest allies and her citizens contribute millions of dollars to the U.S. economy. This bill will provide an incentive for additional tourism from Canada in the future and will strengthen the bond between our two nations.","2017-02-07T20:37:20+0000","status",NA,"563532937006022_1801125399913430",NA,82,25,8
"563532937006022","Congressman Ted Yoho","I was honored to meet Pakistan’s Minister of Planning and Development, Ahsan Iqbal, to discuss paths forward in increasing opportunities in trade between our two countries and combating terrorism.","2017-02-02T19:21:55+0000","photo","https://www.facebook.com/CongressmanTedYoho/photos/a.819874208038559.1073741835.563532937006022/1794121117280525/?type=3","563532937006022_1794121143947189","Congressman Ted Yoho added 2 new photos.",50,37,3
"563532937006022","Congressman Ted Yoho","Representative Brad Schneider (D-IL) and I have joined together and introduced the GI Internship Program Act - HR 758. This bipartisan bill expands Post-9/11 GI Benefits to include internship opportunities targeted at small businesses and manufacturing.   The new program would offer veterans the option to receive their Post-9/11 GI Bill benefit as a stipend to complete a career transition internship with a qualifying business. The bill requires special consideration be paid to sectors most affected by the economy’s growing skills gap, such as manufacturing and small business.  Our veterans have sacrificed so much for our country. It is only right that we do all we can to help them and help create opportunities that facilitate their transition back to civilian life.","2017-02-01T19:39:41+0000","link","http://yoho.house.gov/media-center/press-releases/reps-yoho-schneider-introduce-bill-to-provide-on-the-job-skills-training","563532937006022_1792721317420505",NA,93,23,16
"563532937006022","Congressman Ted Yoho","Thank you to all the folks who came out to our Gainesville office yesterday. Your opinions and your civility are appreciated. I look forward to continuing the dialogue.","2017-02-01T12:57:56+0000","link","http://www.gainesville.com/news/20170131/gainesville-residents-take-every-opportunity-to-be-heard","563532937006022_1792298147462822",NA,91,38,11
"563532937006022","Congressman Ted Yoho","The late Justice Antonin Scalia was a towering figure for the nearly thirty years he sat on the Supreme Court. Tonight, President Trump’s selection of Judge Neil M. Gorsuch, from the 10th Circuit, is a solid choice to join our nation’s highest court.  Judge Gorsuch’s credentials are impressive and he has a strong reputation as a judicial conservative; which is a perfect replacement for former Justice Antonin Scalia.","2017-02-01T01:22:03+0000","status",NA,"563532937006022_1791580670867903",NA,191,29,12
"563532937006022","Congressman Ted Yoho","It is the duty of the federal government to protect the American people and to keep our homeland safe. President Trump, by issuing his executive order on Friday, illustrated his strong stance and commitment to making sure the federal government adheres to its primary function to provide for the common defense of our nation.  It was a move that I support.  The manner in which he implemented his executive order is being debated by armchair quarterbacks and in editorials.   The thing to remember is that leadership requires decisive action.  Following eight years of very little enforcement or leadership from the previous administration, and their failure to tackle a tough issue, I welcome this move. Also, keep in mind that the previous administration suspended the Cuban wet foot dry foot policy with no advanced warning; yet, I heard no protest.  Let's keep political agendas that divide us out of national security issues.  The text of this order does not single out any religious faith. The countries named in the executive order were previously identified by the Obama administration as ‘countries of concern.’ This temporary suspension will enable certain agencies time to implement security enhancements that will improve many of the vetting programs.  I fully support thorough vetting of individuals who seek to enter the United States from countries that do not have the ability to adequately provide documentation for their own nationals.  This temporary suspension will serve America well and will not prevent properly vetted individuals from entering the US. It is possible to protect our homeland from individuals who wish to do us harm, all the while allowing individuals who are fleeing persecution and guided by the light of liberty entrance into the United States. I am confident that we can accomplish both. Let us commit to do what's best for America. When we do, all benefit","2017-01-31T20:35:37+0000","status",NA,"563532937006022_1791266567565980",NA,421,233,113
"563532937006022","Congressman Ted Yoho","It was an honor to visit with these courageous officers last night at the Marion County FOP's award ceremony. Thank you to all of the community members who came out to support them and their newly renovated lodge.","2017-01-29T13:29:27+0000","photo","https://www.facebook.com/CongressmanTedYoho/photos/a.819874208038559.1073741835.563532937006022/1787951471230823/?type=3","563532937006022_1787951521230818","Congressman Ted Yoho added 2 new photos.",77,6,1
"563532937006022","Congressman Ted Yoho","Today, thousands of pro-life Americans are in Washington D.C. marching for life and standing up for the rights of the unborn. Over 58 million abortions have been performed legally in the U.S. since Roe v. Wade in 1973. I stand on the side of life and will always give a voice to defenseless unborn children.  Let us collectively work to end the horrific practice of abortion and pray for those children whose right to life has been denied. #MarchForLife","2017-01-27T18:05:47+0000","photo","https://www.facebook.com/CongressmanTedYoho/photos/a.607664815926167.159260.563532937006022/1785446288148008/?type=3","563532937006022_1785446288148008",NA,121,99,33
"563532937006022","Congressman Ted Yoho","Our GOP conference in Philadelphia has been productive. Following all day meetings and working groups, Carolyn and I were honored to meet with President Trump and Prime Minister Theresa May.    The British Prime Minister gave a rousing speech which spoke to our common beliefs, values, and goal to eliminate Daesh. She also emphasized the importance of our countries working together to forge a strong bilateral trade agreement. The 'special relationship' between the United States and Britain remains strong.","2017-01-26T23:17:21+0000","photo","https://www.facebook.com/CongressmanTedYoho/photos/a.607664815926167.159260.563532937006022/1784190678273569/?type=3","563532937006022_1784204294938874","Congressman Ted Yoho added 3 new photos.",133,13,4
"563532937006022","Congressman Ted Yoho","I am honored to have been named the Chairman of the Subcommittee on Asia and the Pacific.  I'm excited for this opportunity to lead this subcommittee where trillions of dollars in annual shipping trade transits through the South China Sea. It is imperative to show our regional allies that we will stand with them especially when China has been laying claim to international water and creating uncertainty in trade routes throughout this part of the world.  I look forward to increasing our engagement within this vital region; after eight years of the past Administration’s failed attempts to rebalance American influence in the Asia-Pacific region.  Thank you to Chairman Royce for his leadership in staffing all the Foreign Affairs Subcommittees. We have a strong team of members on the committee and I am looking forward to advancing America’s Foreign Policy goals.","2017-01-26T18:00:14+0000","link","https://foreignaffairs.house.gov/press-release/foreign-affairs-committee-adopts-rules-oversight-plan-115th-congress/","563532937006022_1783714344987869",NA,87,17,6
"563532937006022","Congressman Ted Yoho","Today I voted in favor of H.R. 7 - the No Taxpayer Funding for Abortion and Abortion Insurance Full Disclosure Act. The bill applies the Hyde Amendment, which prohibits taxpayer funded abortions, uniformly across federal programs, including the Affordable Care Act.  I believe life begins at conception.  I believe it is our responsibility to protect the thousands of unborn children whose voices go unheard. As a Christian and father of three, I believe the lives of all children are just as important as yours or mine.    My vote today makes sure the Hyde Amendment is applied to all federal agencies ensuring that not a dime of taxpayer money goes towards funding abortions. The bill we passed today safeguards the lives of unborn children who would otherwise be robbed of the opportunity to experience the marvels of life. Life is a precious gift granted to us from our Creator and I will do all I can to defend it.","2017-01-24T23:03:14+0000","status",NA,"563532937006022_1780533315305972",NA,455,160,47
"563532937006022","Congressman Ted Yoho","It was an honor and privilege to watch Mr. Donald J. Trump take his Constitutional oath to become our 45th President. I am proud to stand with our President and look forward to the many exciting wins we will accomplish for the American people in the coming years. Congratulations Mr. President. #MAGA #AmericaWins","2017-01-20T19:28:08+0000","photo","https://www.facebook.com/CongressmanTedYoho/photos/a.819874208038559.1073741835.563532937006022/1773805032645467/?type=3","563532937006022_1773805242645446","Congressman Ted Yoho added 5 new photos — with Ted Yoho.",440,49,17
"563532937006022","Congressman Ted Yoho","Definitely an emotional stop in Lafayette County as we said our official goodbye to friends in Mayo. While we will no longer officially represent Mayo, we will still be present and available to folks out there. #FarewellTour","2017-01-17T18:50:15+0000","photo","https://www.facebook.com/CongressmanTedYoho/photos/a.819874208038559.1073741835.563532937006022/1769642393061731/?type=3","563532937006022_1769642563061714","Congressman Ted Yoho added 4 new photos — with Ted Yoho and Glenda Gail Cranford.",57,6,2
"563532937006022","Congressman Ted Yoho","We had a great time with old friends at the BBQ shack in Fanning Springs this morning. Thank you to everyone who came out this morning. Our door is always and forever open to Gilchrist, Levy, and Dixie County.  #FarewellTour","2017-01-17T18:45:28+0000","photo","https://www.facebook.com/CongressmanTedYoho/photos/a.819874208038559.1073741835.563532937006022/1769636006395703/?type=3","563532937006022_1769636466395657","Congressman Ted Yoho added 6 new photos — with Bobby Schultz and Ted Yoho.",56,3,2
"563532937006022","Congressman Ted Yoho","Today's celebration at Bo Diddly Plaza was a great tribute to Dr. Martin Luther King Jr. It is important that while we gather  today, we remember Dr. King's words everyday. Thank you to everyone who came out in Gainesville.","2017-01-16T19:11:05+0000","photo","https://www.facebook.com/CongressmanTedYoho/photos/a.819874208038559.1073741835.563532937006022/1768380539854583/?type=3","563532937006022_1768380619854575","Congressman Ted Yoho added 2 new photos.",53,8,1
"563532937006022","Congressman Ted Yoho","Thank you to all of the engaged citizens and leaders of Putnam County that came out today to celebrate the life of a great American, Dr. Martin Luther King Jr.","2017-01-16T19:06:17+0000","photo","https://www.facebook.com/CongressmanTedYoho/photos/a.819874208038559.1073741835.563532937006022/1768372786522025/?type=3","563532937006022_1768372959855341","Congressman Ted Yoho added 4 new photos — with Ted Yoho.",32,1,0
"563532937006022","Congressman Ted Yoho","Today we celebrate the birth of Dr. Martin Luther King, Jr. Dr. King is an iconic figure in American history, who, as stated by his wife, Coretta Scott King, had a ‘great dream of a vibrant, multiracial nation united in justice, peace and reconciliation; a nation that has a place at the table for children of every race and room at the inn for every needy child.’  His message of hope and healing transformed a nation and made our country stronger. His dream was to end racism in America so that all people could enjoy the rights granted to us by our Creator and guaranteed to all of us by our Constitution. Protecting the individual rights of all our citizens regardless of their race, color or creed is the promise of America and paramount to the strength of our country.  Today let us remember the man and his nonviolent protest to increase equality for all Americans and may we all commit to making Dr. King's Dream a reality.","2017-01-16T13:32:11+0000","photo","https://www.facebook.com/CongressmanTedYoho/photos/a.607664815926167.159260.563532937006022/1768051363220834/?type=3","563532937006022_1768051363220834",NA,38,4,16
"563532937006022","Congressman Ted Yoho","When I first came to Congress in 2012, I made a promise to replace Obamacare with a more doctor-patient-centered health care system. Yesterday, I, along with my colleagues in the House, took the first step in making that promise a reality.   Six years after its enactment, Obamacare – the Affordable Care Act (ACA) - has given Americans skyrocketing premiums, soaring deductibles, loss of their preferred doctor and plan, and few options.  Insurers are withdrawing from markets across the country, leaving many families with fewer choices and less access to care than they had before. This is the complete opposite of what the law promised. This law has been a failure and is collapsing under its own weight.   We live in a free Constitutional Republic where everyone can choose the life they want for themselves and their families. This includes health care.  The repeal of the ACA prevents the Federal Government from mandating how we live our lives and overseeing what health care we can and cannot have.  No more can they fine you for not doing what they dictate.  This repeal and replacement will benefit all Americans and is a win for personal liberty.  From this point forward, House Republicans are going to fulfill the promise to replace this disastrous law with patient-centered health care. Health care that increases access to quality care, focuses on lowering costs, and gives the American people more power in their health care decisions.","2017-01-15T00:15:52+0000","status",NA,"563532937006022_1765891950103442",NA,174,67,24
"563532937006022","Congressman Ted Yoho","Honored to be named Vice Chairman of the House Foreign Affairs Committee. I'm looking forward to working with Chairman Ed Royce in advancing America's foreign policy goals.","2017-01-13T22:44:28+0000","link","https://foreignaffairs.house.gov/press-release/royce-announces-leadership-team-115th-congress/","563532937006022_1764355376923766",NA,193,23,7
"563532937006022","Congressman Ted Yoho","Congratulations to the Florida Farm Bureau (FFB) for receiving the 2016 Pinnacle Award for outstanding member programs and achievement in 2016. This is the third time FFB has won the Pinnacle Award in five years. Outstanding job! Thank you FFB for all you do for our FL farmers and ranchers.","2017-01-13T15:44:32+0000","link","http://www.floridafarmbureau.org/news/florida-farm-bureau-receives-highest-achievement/?utm_content=buffer982e2&utm_medium=social&utm_source=facebook.com&utm_campaign=buffer","563532937006022_1763901313635839",NA,35,5,1
"563532937006022","Congressman Ted Yoho","Next week,  Tuesday, January 17, 2017, I will be visiting portions of my former congressional district to say thank you to residents and to recap past accomplishments in those areas. Congressman Neal Dunn (R-02-FL) will be joining me on this area visit as well.   Locations and times are listed below. If you live in these areas, I hope to see you on the 17th!","2017-01-12T19:23:19+0000","link","http://yoho.house.gov/media-center/press-releases/rep-yoho-to-visit-former-district","563532937006022_1762560210436616",NA,53,9,17
"563532937006022","Congressman Ted Yoho","Today is #NationalHumanTraffickingAwarenessDay. Last Congress in the Foreign Affairs Committee we spent a lot of time holding hearings on the terrible scourge of human trafficking that preys on millions around the globe.   I am proud that through our work on the Foreign Affairs committee we were able to pass into law the International Megan’s Law which will deter predatory child sex tourism by convicted child sex offenders, improve international law enforcement cooperation, and improve notice of child sex offenders traveling to the U.S.  Despite this, more must be done for all victims of human trafficking. That is why I have cosponsored Rep. Ann Wagner’s Trafficking Survivors Relief Act. On this National Day of Awareness I want to send the message to everyone—that we in Congress will not look away, we will continue to fight the scourge of human trafficking.","2017-01-11T22:47:49+0000","photo","https://www.facebook.com/CongressmanTedYoho/photos/a.607664815926167.159260.563532937006022/1760128534013117/?type=3","563532937006022_1760141560678481","Congressman Ted Yoho added 2 new photos.",44,10,7
"563532937006022","Congressman Ted Yoho","Today I cosponsored the Stop Dangerous Sanctuary Cities Act –HR 400. This legislation, introduced with the support of 59 House cosponsors and the backing of the Federation for American Immigration Reform (FAIR), will withhold key federal funding streams from jurisdictions that forbid their law enforcement officers from cooperating with federal immigration officials. We can no longer allow these municipalities to thumb their noses at Congress by not enforcing the federal immigration laws on the books. Read my statement below.","2017-01-11T19:55:15+0000","link","http://yoho.house.gov/media-center/press-releases/yoho-supports-legislation-to-combat-sanctuary-cities","563532937006022_1759774867381817",NA,250,49,51
"563532937006022","Congressman Ted Yoho","Today I re-introduced the State Sponsors of Terrorism Review Enhancement Act for the 115th Congress. This anti-terrorism bill passed the House last year. The bill will quadruple the time - from 6 to 24 months - a designated country must refrain from sponsoring terrorism, before a President, regardless of party, can remove it from the sponsor list. The bill also increases congressional oversight by doubling the time Congress has to review the President’s proposed removal--from 45 to 90 days.   By increasing the amount of time for a state to show they are not engaged in terrorism and increasing congressional oversight and scrutiny, we will force countries to prove they are not bad actors Read my statement below.","2017-01-10T22:16:14+0000","link","http://yoho.house.gov/media-center/press-releases/yoho-introduces-anti-terrorism-bill","563532937006022_1757450827614221",NA,64,8,13
"563532937006022","Congressman Ted Yoho","In case you missed it, Townhall.com posted my op/ed calling for a new U.S. trade policy and to hold countries accountable for manipulating the sugar market. The sugar sector employs 12,000 Floridians and generates more than $3 billion dollars a year for our state’s economy.  I have proposed a legislative solution called the zero-for-zero sugar policy, which has been gaining traction among free marketers and has been hailed as a model for all of U.S. farm policy.","2017-01-10T18:53:20+0000","link","http://townhall.com/columnists/congressmantedyoho/2017/01/10/americas-new-trade-agenda-holding-cheaters-accountable-n2269529","563532937006022_1757073034318667",NA,30,11,6
"563532937006022","Congressman Ted Yoho","Today is Law Enforcement Appreciation Day, a day to celebrate and acknowledge the contributions that countless brave men and women in uniform make on a daily basis to keep us and our communities safe and secure.   On this day of appreciation, my thoughts and prayers are with Orlando PD Sgt Debra Clayton & the Orange County deputy sheriff who were lost in the line of duty today. The danger our nation's law enforcement faces every day is very real.  May God bless our police and may he provide comfort to the fallen and their families.","2017-01-09T20:33:08+0000","photo","https://www.facebook.com/CongressmanTedYoho/photos/a.607664815926167.159260.563532937006022/1754826044543366/?type=3","563532937006022_1754826044543366",NA,49,7,14
"563532937006022","Congressman Ted Yoho","Congrats to Coach Steve Spurrier for being only the fourth person elected to the College Football Hall of Fame as both a player and a coach. The 'old ball coach' is a legend and a Gator great who changed the game. GO Gators!","2017-01-09T19:18:39+0000","video","https://www.facebook.com/FloridaGators/videos/10154735234536071/","563532937006022_1754713771221260","Congressman Ted Yoho shared Florida Gators's video.",80,5,0
"563532937006022","Congressman Ted Yoho","My thoughts and prayers go out to the victims and their families of this tragic crime at the Ft. Lauderdale-Hollywood Airport. Thank you to all the first responders who are caring for the victims and who ran into harm's way to apprehend the shooter.","2017-01-06T19:19:37+0000","status",NA,"563532937006022_1749316761760961",NA,48,4,1
"563532937006022","Congressman Ted Yoho","I went to the House floor to show my support for Israel and to urge my colleagues to support H. Res 11 - Objecting to United Nations Security Council Resolution 2334.   H. Res. 11 reasserts the U.S. position that the Israeli-Palestinian conflict can only be resolved through direct negotiations between the two parties. H.Res. 11 must pass to send a clear message to the outgoing Obama administration, the UN, and the world that the United States stands with Israel.","2017-01-05T23:23:00+0000","video","https://www.youtube.com/watch?v=Jhv5-IViwzg","563532937006022_1747577718601532",NA,138,20,13
"563532937006022","Congressman Ted Yoho","I have introduced the Trust Restored to the United States Act (TRUST Act- HR 291). The TRUST Act will eliminate the taxpayer-funded portions of congressional pensions for Members of Congress who are convicted of a felony while serving.   Members of Congress are employed by the American people and you entrust us with your hard-earned tax dollars. Congress must show that we will hold ourselves accountable and that we are not above the law.  As a Chamber, we must show the American people that we will not hold ourselves to a different standard than we expect them to be held.  At a time of record-high debt and record low approval ratings, congressional pensions for felons should not be on the American taxpayer’s tab. Members of Congress must hold themselves accountable to their employers.","2017-01-05T20:26:36+0000","status",NA,"563532937006022_1747298978629406",NA,140,32,26
"563532937006022","Congressman Ted Yoho","In case you missed it, I voted for legislation to block President Obama from issuing any new regulations (midnight regulations) before leaving office. According to Forbes ""Since Election Day, President Obama’s agencies have issued more than 600 final regulations, dozens of which are expected to have annual economic impacts of $100 million or more. At least 50 more significant final regulations are in the queue to be published before Inauguration Day."" I am doing all I can, along with other members of Congress to fight these damaging last-minute regulations from happening.  FYI - Democrats made the same request in 2008.","2017-01-05T14:54:55+0000","link","http://www.reuters.com/article/us-usa-congress-regulations-idUSKBN14O29X?feedType=RSS&feedName=topNews&utm_source=twitter&utm_medium=Social","563532937006022_1746758762016761",NA,223,60,46
"563532937006022","Congressman Ted Yoho","Congratulations to Clay County Sheriff Darryl Daniels! I look forward to working with you and your team over the next 2 years.","2017-01-03T00:22:47+0000","photo","https://www.facebook.com/CongressmanTedYoho/photos/a.607664815926167.159260.563532937006022/1740073219351982/?type=3","563532937006022_1740073219351982",NA,75,7,0
