"from_id","from_name","message","created_time","type","link","id","story","likes_count","comments_count","shares_count"
"6460640558","Ed Royce","Southern California is known for being the home of champions and we have got one of our own right here in Yorba Linda! 14 year-old Special Olympics gymnast Isabella Dominguez recently took home an all-around gold medal in gymnastics at the 2017 Summer Games at California State University, Long Beach. Isabella medaled in the eight categories she competed in for her age group; including the silver medal in the all-around artistic division and the coveted gold medal in the rhythmic gymnastics division. I'm a big fan of Isabella's and had the chance to help her family take a tour of the White House when they visited me in Washington D.C. last year. I've still got the thank you letter she sent me after her visit. Help me congratulate Isabella on her outstanding accomplishment by LIKING and SHARING this post!","2017-06-23T20:50:11+0000","photo","https://www.facebook.com/EdRoyce/photos/a.389330755558.167397.6460640558/10155591398160559/?type=3","6460640558_10155591398160559",NA,79,6,4
"6460640558","Ed Royce","It's happening! Legislation that I've sponsored with my colleague Rep. Carolyn Maloney to build a National Women's History Museum is gaining steam. Click on the article below from The Hill to learn more about how we are making this project a reality.","2017-06-22T16:45:00+0000","link","http://thehill.com/homenews/house/338881-support-grows-for-smithsonian-museum-of-womens-history","6460640558_10155586869505559",NA,67,52,4
"6460640558","Ed Royce","The U.S. can and should cut off all hard currency to North Korea NOW. This morning, I spoke with America's Newsroom about how legislation I've introduced can cripple this brutal regime. Click below to watch.","2017-06-22T14:18:03+0000","video","http://video.foxnews.com/v/5479958683001/#sp=show-clips","6460640558_10155586481130559",NA,179,18,14
"6460640558","Ed Royce","Grateful to have the support of Nina Dobrev for my Shark Fin Sales Elimination Act (H.R. 1456). #FinBanNow","2017-06-20T18:04:37+0000","photo","https://www.facebook.com/NinaDobrev/photos/a.269303833182584.57120.266975950082039/1381450921967864/?type=3","6460640558_10155579735105559","Ed Royce shared Nina Dobrev's photo.",21,13,0
"6460640558","Ed Royce","Tonight, my thoughts and prayers are with the Warmbier family.  Over these past 18 months they’ve endured incredible pain and suffering, all because their son allegedly took a poster off a hotel wall in Pyongyang. I hope, someday soon, they can look beyond this senseless killing and find peace.   Otto’s father is right: travel propaganda lures far too many people to North Korea. This is a regime that regularly kidnaps foreign citizens and keeps 120,000 North Koreans in barbaric gulags. The United States should ban tourist travel to North Korea.","2017-06-19T23:20:14+0000","link","https://foreignaffairs.house.gov/press-release/chairman-royce-statement-death-otto-warmbier/","6460640558_10155577102950559",NA,58,15,3
"6460640558","Ed Royce","Are you signed up for my weekly enewsletter? Click on the link below to subscribe and stay up to date on everything happening from CA to DC. In this week's edition: A united Congress, Accountability at the VA, and cheering on the Cal State Fullerton baseball team.","2017-06-19T16:14:31+0000","link","https://royce.house.gov/news/email/show.aspx?ID=Z5MPA3CVK5FYZT6ROBPUPN7UOQ","6460640558_10155575819310559",NA,35,15,0
"6460640558","Ed Royce","Happy Father's Day to all the wonderful dads out there including my own father, the man I refer to as the real Ed Royce. One of my favorite recent memories with my father was when he was named 2015 Veteran of the Year for the 65th Assembly District. Dad taught me about what it means to serve my family, community, and country not just by his words but by his actions.  I'm so proud of my dad and continue to be inspired by his incredible life. Click on the link below to read more about his story.","2017-06-18T15:52:04+0000","link","http://www.oc-breeze.com/2015/07/09/73936_ed-royce-sr-named-2015-veteran-of-the-year-for-the-65th-assembly-district/","6460640558_10155571860205559",NA,78,11,2
"6460640558","Ed Royce","I'm sending my best wishes to the Cal State Fullerton Titans baseball team! Our boys in blue are heading back to the College World Series for the 2nd time in 3 years after knocking off the #1 seeded Long Beach State Dirtbags. The Titans play Saturday June 17th against Oregon State in the first round of the series. Tusks Up!","2017-06-16T20:10:54+0000","video","https://www.facebook.com/EdRoyce/videos/10155565684135559/","6460640558_10155565684135559",NA,65,21,9
"6460640558","Ed Royce","Really uplifting moment last night at the #CongressionalBaseballGame when special agent David Bailey, one of the Capitol Police Officers injured during Wednesday's shooting in Alexandria, threw out the first pitch.","2017-06-16T14:37:40+0000","video","https://www.facebook.com/EdRoyce/videos/10155564596045559/","6460640558_10155564596045559",NA,113,23,9
"6460640558","Ed Royce","The violent attacks last month by Turkish security forces on peaceful protesters in Washington D.C. were completely and totally unjustified. Now, the State Department should double down on efforts to help bring these individuals to justice. There must be consequences for these actions and it should start with the State Department rejecting the proposed sale of $1.2 million of semi-automatic handguns and ammunition to these security forces. These types of unprovoked attacks on innocent Americans and their constitutional rights can never happen again.","2017-06-15T17:30:13+0000","link","http://www.washingtontimes.com/news/2017/jun/15/ed-royce-praises-arrest-warrants-turkish-security/?utm_source=dlvr.it&utm_medium=twitter","6460640558_10155561308880559",NA,113,30,15
"6460640558","Ed Royce","""We still don't have all the details, but we do know that there are those who want to use acts of violence to create chaos, to disrupt our democracy,"" House Foreign Affairs Chairman Ed Royce, R-Calif., said. ""The American people will not let them win.""","2017-06-14T14:50:57+0000","link","http://www.washingtonexaminer.com/ed-royce-shooter-sought-to-disrupt-our-democracy/article/2625927","6460640558_10155556709570559",NA,112,42,10
"6460640558","Ed Royce","Praying for my friend Congressman Steve Scalise and all others involved in this morning's shooting near Washington D.C. Just as they do every single day--the U.S. Capitol Police selflessly and courageously put their lives on the line to protect and serve.","2017-06-14T14:10:48+0000","link","http://www.foxnews.com/politics/2017/06/14/capitol-police-credited-with-preventing-massacre-by-stopping-shooter.html","6460640558_10155556601100559",NA,164,24,13
"6460640558","Ed Royce","For too long, the endless bureaucracy and red tape at the VA have protected underperforming and negligent employees instead of supporting our veterans. Providing the highest quality care for our nation’s heroes requires commonsense accountability measures such as those included in bipartisan legislation that the House passed today. The Department of Veterans Affairs Accountability and Whistleblower Protection Act will shake up the antiquated and toxic culture that have plagued the VA while empowering the vast majority of hard-working employees to restore the integrity of this department. Click the link below to learn more.","2017-06-13T22:49:04+0000","link","https://royce.house.gov/news/documentsingle.aspx?DocumentID=398339","6460640558_10155554465615559",NA,76,25,5
"6460640558","Ed Royce","It's on to Omaha for our Cal State Fullerton Titans baseball team! Our boys in blue are heading back to the College World Series for the 2nd time in 3 years after knocking off the #1 seeded Long Beach State Dirtbags. Next up... our Titans play Oregon State this Saturday at noon/PT in the opening round of the College World Series! Tusks Up!","2017-06-13T14:13:34+0000","link","http://www.foxsports.com/west/story/cal-state-fullerton-headed-to-college-world-series-for-second-time-in-three-years-061117","6460640558_10155552757140559",NA,151,15,21
"6460640558","Ed Royce","Proud to see Nevada Governor Brian Sandoval take action to crack down on the sale of products that come from illegal wildlife trafficking. This includes a ban on the sale of shark fins. I've introduced legislation that bans the sale of shark fins nationwide and I'll continue fighting to end this cruel practice from occurring in the United States.","2017-06-12T14:26:28+0000","link","http://www.humanesociety.org/news/press_releases/2017/06/dazzle-africa-the-humane-060517.html?referrer=https%3A%2F%2Fwww.google.com%2F","6460640558_10155548837010559",NA,84,35,4
"6460640558","Ed Royce","The solutions to problems we face today aren't going to come from Washington D.C. They are going to come from hard working Americans in communities like ours in Southern California. That's why I'm grateful to meet with members of the Asian Pacific Congressional Advisory Council (APCAC) and learn from these local leaders about their ideas for job creation and building stronger neighborhoods.","2017-06-07T16:30:00+0000","photo","https://www.facebook.com/EdRoyce/photos/a.389330755558.167397.6460640558/10155531673700559/?type=3","6460640558_10155531673700559",NA,99,71,10
"6460640558","Ed Royce",NA,"2017-06-07T13:51:47+0000","video","https://www.facebook.com/HouseForeign/videos/1918171801541709/","6460640558_10155531480325559","Ed Royce shared House Foreign Affairs Committee's video.",46,19,0
"6460640558","Ed Royce","Women have played a critical role throughout U.S. history, but their stories and accomplishments remain underrepresented in history books, monuments and museums. I am proud to join my friend Rep. Carolyn Maloney in introducing the Smithsonian Women’s History Museum Act, which acknowledges the incredible women who have helped build our great nation. We're gaining steam and cosponsors to make this museum a reality! Click on the link below to read more.","2017-06-06T23:04:17+0000","link","https://royce.house.gov/news/documentsingle.aspx?DocumentID=398330","6460640558_10155529585755559",NA,72,29,5
"6460640558","Ed Royce","As a world leader in the humane treatment of animals, America is united in the belief that no company should profit off of the cruel practice of cosmetic animal testing. For years, alternative methods to cosmetic testing have existed and are proven to be a viable, cost-effective option. That's why I'm proud to support my colleague Rep. Martha McSally in introducing the Humane Cosmetics Act. This bill will give Congress a rare, bipartisan opportunity to end the unnecessary suffering of animals while incentivizing the use of technologies that allow American businesses to still remain competitive. Click the link below to read more.","2017-06-06T20:30:00+0000","link","https://mcsally.house.gov/media-center/press-releases/rep-mcsally-introduces-bipartisan-bill-end-inhumane-cosmetic-testing","6460640558_10155529036215559",NA,65,23,6
"6460640558","Ed Royce","Today marks the 73rd anniversary of the historic D-Day landings in Normandy, France. I can think of nothing more appropriate to honor this solemn occasion than to remember one of President Reagan’s most iconic speeches that he delivered on the 40th anniversary of the Normandy invasions in 1984. Our nation will never see another day quite like June 6, 1944, and we will never see another generation who sacrificed so much upon the altar of freedom. President Reagan concluded his 1984 speech with these immortal words about our soldiers that will forever ring true: “Strengthened by their courage, heartened by their valor, and borne by their memory, let us continue to stand for the ideals for which they lived and died.”","2017-06-06T18:27:42+0000","video","https://www.youtube.com/watch?v=eEIqdcHbc8I#t=773","6460640558_10155528737050559",NA,64,14,11
"6460640558","Ed Royce","California has always been the start-up capital of America. That's because for years we had a thriving community banking industry to help small businesses get the capital they need. But ever since Dodd-Frank was enacted in 2010, one size fits all regulations have made it harder for smaller banks to help entrepreneurs across the state. This week the House will take up legislation called the CHOICE Act that puts an end to the overreach of Dodd-Frank and ends taxpayer bailouts for big banks that are ""too big to fail."" Click the article below to read about how the CHOICE Act will help California reclaim its rightful place as the best state to start a new business.","2017-06-05T20:32:20+0000","link","http://www.latimes.com/opinion/op-ed/la-oe-nichols-dodd-frank-reforms-banks-20170529-story.html","6460640558_10155525165030559",NA,42,40,8
"6460640558","Ed Royce","Though flawed, the Paris climate accord can be fixed.  To advance America’s interests, and grow our economy, we must remain a leader on the world stage.  Clean air and clean water should be our goal both here in the United States and in the developing world.  It’s now up to the administration to deliver a better deal.","2017-06-01T21:57:54+0000","link","https://foreignaffairs.house.gov/press-release/royce-statement-paris-accord-announcement/","6460640558_10155510508635559",NA,117,151,20
"6460640558","Ed Royce","Just in time for Memorial Day... it was an honor to have my staff attend the Welcome Home Ceremony of A Company, 5 Battalion, 19th Special Forces Group this past week. We celebrated the safe return of 90 Special Forces “Green Beret” California Army National Guard Soldiers coming home after a six month combat-intensive tour in Afghanistan.   According to a representative with the California Army National Guard, ""their efforts in close combat as part of Special Operations Task Force-Afghanistan blunted the anticipated Spring offensive in Northern Afghanistan and inflicted heavy casualties on enemy formations.""  On behalf of all Californians, I want to thank each and every one of these Green Beret’s for their service and sacrifice to our country. We are incredibly proud of you and are happy to see you return home safely!","2017-05-29T14:30:00+0000","photo","https://www.facebook.com/EdRoyce/photos/a.389330755558.167397.6460640558/10155497051635559/?type=3","6460640558_10155497059870559","Ed Royce added 3 new photos.",165,18,11
"6460640558","Ed Royce","Today, the House Foreign Affairs Committee took swift action condemning the violence against peaceful protests outside the Turkish Ambassador’s residence last week. Armed members of Turkish President Erdogan’s security detail savagely beat, choked and kicked protesters in an unprovoked assault aimed at silencing these American citizens’ right to free speech and assembly. This timely resolution sends a clear signal to the Turkish government that we will not allow any foreign government to stifle the rights of our citizens.","2017-05-25T17:42:35+0000","link","https://townhall.com/tipsheet/laurettabrown/2017/05/25/house-foreign-affairs-committee-passes-resolution-condemning-turkish-securitys-violence-against-us-protestors-n2331721","6460640558_10155485286610559",NA,129,56,31
"6460640558","Ed Royce","During the 2016–17 school year it's estimated that colleges and universities will award almost 4 million degrees in higher education to students across the country. I can guarantee you that none of those students have a story like this Orange County family. Click below to read about the inspiring story of a mother's love and her son's determination to overcome adversity in order to graduate from Chapman University.","2017-05-24T18:53:15+0000","link","http://ktla.com/2017/05/22/o-c-mom-who-attended-every-class-with-quadriplegic-son-earns-honorary-mba-alongside-him/","6460640558_10155481861730559",NA,116,22,11
"6460640558","Ed Royce","Great to visit with students from St. Margaret Middle School as they toured the U.S. Capitol today.","2017-05-24T00:47:35+0000","photo","https://www.facebook.com/EdRoyce/photos/a.10155455409860559.1073741860.6460640558/10155479314735559/?type=3","6460640558_10155479314735559","Ed Royce added a new photo.",83,23,3
"6460640558","Ed Royce","Trafficking in persons is a major global crime that threatens our national security and destroys countless lives across the globe as well as right here at home. We've seen examples of human trafficking in Southern California including Angela Guanzon who was trafficked from the Philippines into coerced servitude in Los Angeles, where she worked for 18 hours a day without a weekend or holiday off, and was forced to sleep on a hallway floor. It's time we turn the tables on human traffickers by offering a reward for their capture anywhere on Earth. Click the video below to hear my remarks today on the House floor in support of my bill the TARGET Act (H.R. 1625) which successfully passed the House.","2017-05-22T23:24:22+0000","video","https://www.facebook.com/HouseForeign/videos/1896300283728861/","6460640558_10155475382590559","Ed Royce shared House Foreign Affairs Committee's video.",126,25,0
"6460640558","Ed Royce","Finding creative ways to get young minds engaged in learning is a daily challenge all teachers face. Luckily, we have got some outstanding teachers in the Fullerton School District who have championed a great event: The Robot Nation Competition. This annual competition pits student-made robots against each other in a test of digital programming and mechanical engineering skills. I was grateful to attend this year's competition over the weekend to witness these battling bots first hand! Special shout out to Pacific Drive Elementary for scoring the most overall points of any school!","2017-05-22T21:04:58+0000","photo","https://www.facebook.com/EdRoyce/photos/a.389330755558.167397.6460640558/10155474946055559/?type=3","6460640558_10155475014905559","Ed Royce added 3 new photos.",87,40,5
"6460640558","Ed Royce","If you want to stay in the loop on everything happening from the OC to DC, click on the link below and make sure to sign up for weekly updates. In this week's e-newsletter: Building a National Women's Museum, celebrating National Police Week and honoring Chinese-American veterans.","2017-05-22T15:20:30+0000","link","https://royce.house.gov/news/email/show.aspx?ID=EDYQM7V4NSLBZJ3QEBOTM3MYFA","6460640558_10155474003590559",NA,50,26,2
"6460640558","Ed Royce","One of the most important responsibilities I have as Representative for California’s 39th District is to nominate exceptional men and women to join the ranks of the greatest military academies in the world. This past weekend I hosted our Academy Appointment reception where we honored 11 outstanding men and women from the district who have accepted their appointment to attend one of the five U.S. Service Academies. Additionally, we had a record number of students appointed to West Point this year! After spending time getting to know these soon-to-be cadets and midshipmen, I’m more confident than ever that the future of our country is in good hands.","2017-05-19T17:19:31+0000","photo","https://www.facebook.com/EdRoyce/photos/a.389330755558.167397.6460640558/10155463814395559/?type=3","6460640558_10155463814395559",NA,182,39,7
"6460640558","Ed Royce","Big thanks to the Executive MBA students from Chapman University for taking time out of their day to visit with me on Capitol Hill yesterday.","2017-05-18T16:30:00+0000","photo","https://www.facebook.com/EdRoyce/photos/a.389330755558.167397.6460640558/10155456823520559/?type=3","6460640558_10155459504970559","Ed Royce added 2 new photos.",82,24,5
"6460640558","Ed Royce","Click the link below to read my statement from last night on the appointment of special counsel for the investigation of Russian interference in our elections.","2017-05-18T15:40:23+0000","link","http://www.latimes.com/politics/essential/la-pol-ca-essential-politics-updates-california-s-delegation-praises-special-1495066996-htmlstory.html","6460640558_10155459878540559",NA,111,57,12
"6460640558","Ed Royce","It's always a pleasure to spend time with members of the Chinese American Citizens Alliance who are helping me advocate for the Chinese American WWII Congressional Gold Medal. This bipartisan legislative effort recognizes the dedicated service of Chinese American veterans of World War II and collectively awards them the Congressional Gold Medal. Click here to learn more: http://bit.ly/2pVbQ02","2017-05-17T20:19:41+0000","photo","https://www.facebook.com/EdRoyce/photos/a.389330755558.167397.6460640558/10155456561050559/?type=3","6460640558_10155456587995559","Ed Royce added 3 new photos.",71,26,5
"6460640558","Ed Royce","The National Mall in Washington D.C. is a special place because it tells our uniquely American story. But that story is incomplete without paying tribute to the countless examples of courageous women who helped build America and sacrificed to ensure that it remains the land of the free. I’m proud to have joined my House colleague Carolyn Maloney in sponsoring legislation to build a National Women’s History Museum on the National Mall. Last night we honored many great leaders behind this effort at the Women Making History Awards. #NWHM","2017-05-17T14:50:14+0000","photo","https://www.facebook.com/EdRoyce/photos/a.10155455409860559.1073741860.6460640558/10155455409875559/?type=3","6460640558_10155455409875559","Ed Royce added a new photo.",56,40,6
"6460640558","Ed Royce","As we continue to celebrate National Police Week, I want to give a shout out to the great officers from the Diamond Bar, Walnut, and Rowland Heights Police Departments. I had the chance to honor officers from these departments at the Salute to Heroes Breakfast hosted by the San Gabriel Valley Regional Chamber this past February.","2017-05-16T18:13:32+0000","photo","https://www.facebook.com/EdRoyce/photos/a.389330755558.167397.6460640558/10155452297255559/?type=3","6460640558_10155452297255559",NA,108,31,5
"6460640558","Ed Royce","Earlier this year, I visited the Los Angeles County Sheriff's Department and was reminded of the sacrifices that our men and women in law enforcement make. With today being Peace Officers Memorial Day, my thoughts and prayers are with the families of those who lost loved ones in the line of duty. This includes Whittier Police Officer Keith Boyer, who was killed while investigating a car accident in February of this year.","2017-05-15T18:44:50+0000","photo","https://www.facebook.com/EdRoyce/photos/a.389330755558.167397.6460640558/10155447859910559/?type=3","6460640558_10155447890815559","Ed Royce added 2 new photos.",60,21,4
"6460640558","Ed Royce","Yesterday kicked off the first day of National Police week. This is an opportunity to honor our law enforcement officers from all across the country. We owe so much to these heroes who have answered the call of duty to selflessly protect our communities. I'll be meeting with California law enforcement officers throughout this week in Washington D.C. Help me honor their sacrifice by LIKING and SHARING this post.","2017-05-15T14:40:53+0000","photo","https://www.facebook.com/EdRoyce/photos/a.389330755558.167397.6460640558/10155447135235559/?type=3","6460640558_10155447135235559",NA,97,33,26
"6460640558","Ed Royce","I am proud to be a lead sponsor of legislation honoring the thousands of Chinese immigrants who made tremendous sacrifices to link California with the rest of the United States by building the Transcontinental Railroad. Even in the face of bitter discrimination, the nearly 12,000 Chinese immigrants who worked on the project were indispensable to its successful completion. They and their descendants have left our country with an enduring legacy that has contributed to our vibrant Asian American community.  Learn more: http://royce.house.gov/m/newsarticle.aspx?id=398312","2017-05-11T20:42:37+0000","status",NA,"6460640558_10155434893480559",NA,105,77,10
"6460640558","Ed Royce","It was great to meet with many of our local mayors to learn about the challenges they face. I'll continue to look for ways to improve the federal government's assistance of our communities.","2017-05-11T17:33:26+0000","photo","https://www.facebook.com/EdRoyce/photos/a.389330755558.167397.6460640558/10155434296710559/?type=3","6460640558_10155434296710559",NA,156,76,15
"6460640558","Ed Royce","I’m committed to improving the climate for small businesses, which are the primary source of new jobs in our economy. And as we celebrate #SmallBusinessWeek, it’s important that we highlight women’s critical role in creating jobs. After all, more than 8 million people currently work at a woman-owned business. We should help that number grow even larger in coming years.","2017-05-05T23:16:36+0000","photo","https://www.facebook.com/EdRoyce/photos/a.10152518243930559.1073741832.6460640558/10155414566335559/?type=3","6460640558_10155414567155559","Ed Royce added 2 new photos.",92,176,10
"6460640558","Ed Royce","I was proud to introduce a bill today to recognize the dedicated service of Chinese American veterans of World War II and collectively award them the Congressional Gold Medal.  The United States remains forever indebted to the bravery, valor, and dedication that the Chinese American veterans of World War II displayed. Their commitment and sacrifice demonstrates a highly uncommon and commendable sense of patriotism and honor in the face of discrimination.  To these brave veterans of World War II, thank you for your service and sacrifice.  We are a grateful nation, and we honor your service by working towards a better world.  We must promote diplomacy over conflict and ensure that war is the absolute last resort.","2017-05-04T16:38:48+0000","link","http://royce.house.gov/news/documentsingle.aspx?DocumentID=398310","6460640558_10155409980490559",NA,148,555,17
"6460640558","Ed Royce",NA,"2017-05-03T22:06:40+0000","link","https://foreignaffairs.house.gov/blog/chairman-royce-national-geographic-talk-wildlife-trafficking/","6460640558_10155407414435559","Ed Royce shared House Foreign Affairs Committee's post.",38,113,0
"6460640558","Ed Royce","Thank you to my House Foreign Affairs Committee colleagues for passing my bill, the Targeted Rewards for the Global Eradication of Human Trafficking Act (H.R. 1625), today. #HumanTrafficking is increasingly perpetrated by organized, sophisticated criminal enterprises, and profits from this illicit industry contribute to the expansion of organized crime and even terrorism in the United States and worldwide.  That is why combating human trafficking requires a global approach to identify and apprehend the world’s worst offenders.  The TARGET Act specifically authorizes the State Department and law enforcement to target international human traffickers by offering rewards for their arrest or conviction – anywhere on earth.  #EndTrafficking","2017-05-03T18:23:43+0000","photo","https://www.facebook.com/EdRoyce/photos/a.389330755558.167397.6460640558/10155406662685559/?type=3","6460640558_10155406662685559",NA,123,80,16
"6460640558","Ed Royce","I was honored today to receive one of South Korea’s highest distinctions.  I have long championed closer ties between our two nations.  As a member of Congress from Southern California, I have seen Korean Americans serve as important pillars of strength for the friendship between the U.S. and South Korea.  I know firsthand the incredible respect Korean Americans have for their heritage and for their adopted homeland, the United States.  Korean Americans’ love for the U.S. has continually driven me to work to bolster a partnership I firmly believe is the most important in Asia.  The United States has no better partner and friend in the Asia Pacific than the Republic of Korea.  And that is why I’ve dedicated so much time focusing on this special partnership.  The future of our partnership is bright, and I will continue to build upon our truly remarkable progress.","2017-05-02T19:38:05+0000","photo","https://www.facebook.com/EdRoyce/photos/a.389330755558.167397.6460640558/10155403396855559/?type=3","6460640558_10155403396855559",NA,169,67,21
"6460640558","Ed Royce","I’m proud to announce local Rowland High School artist Michelle Anne Liang as the Grand Prize Winner of the 2017 Congressional Art Competition! Michelle will receive 2 roundtrip tickets to Washington, DC to view her artwork “Ripple” on display in the Capitol. Congratulations to 2nd and 3rd Place Winners, Jasmine Li and Rosina Hung, for their fantastic pieces “Quietness” and “The Hopeful Man.”","2017-04-29T22:38:28+0000","photo","https://www.facebook.com/EdRoyce/photos/a.389330755558.167397.6460640558/10155393951230559/?type=3","6460640558_10155393952915559","Ed Royce added 6 new photos.",82,36,5
"6460640558","Ed Royce","I met with North Korean defectors this week so that I could hear directly from men and women who have suffered under the Kim regime's cruel and abusive rule. It is clear that we must empower these and other brave defectors to expose the truth about the tragic conditions North Koreans live in under the Kim regime.  Learn more about my meetings: https://foreignaffairs.house.gov/blog/north-korea-remains-house-horrors/","2017-04-28T00:04:23+0000","photo","https://www.facebook.com/EdRoyce/photos/a.389330755558.167397.6460640558/10155387227780559/?type=3","6460640558_10155387292430559","Ed Royce added 3 new photos.",128,39,12
"6460640558","Ed Royce","Last week, I worked with SeniorServ to help deliver meals to seniors in the community.  Mary Bradshaw, Ann Marie Matthes, and Mary Carrejo it was a pleasure meeting you.","2017-04-25T23:10:00+0000","photo","https://www.facebook.com/EdRoyce/photos/a.389330755558.167397.6460640558/10155376025565559/?type=3","6460640558_10155376033340559","Ed Royce added 6 new photos.",293,101,18
"6460640558","Ed Royce","We must always remember the victims of the Holocaust. Millions of Jews were murdered because of their faith. At a time when anti-Semitism is again rearing its ugly head, it’s important that we take these opportunities to say ""never again.""  That's why I was honored this morning to join Holocaust survivors and concentration camp liberators at the United States Holocaust Memorial Museum’s annual Days of Remembrance event at the United States Capitol, and to light a memorial candle with two Holocaust survivors.  #HolocaustRemembranceDay","2017-04-25T18:43:02+0000","photo","https://www.facebook.com/EdRoyce/photos/a.389330755558.167397.6460640558/10155375920295559/?type=3","6460640558_10155375920295559",NA,72,27,3
"6460640558","Ed Royce","Interested in attending West Point or the U.S. Naval Academy?  Students and parents, head out to my 2017 military academy night on May 22 at 7pm to get important information about the rigorous and highly selective appointment process.  The academies will be there to answer all your questions about academy life and my academy coordinator will be there to answer questions about the nomination process.  Learn more about the event here: https://royce.house.gov/uploadedfiles/2017_spring_military_academy_night.pdf","2017-04-24T23:59:01+0000","link","https://royce.house.gov/uploadedfiles/2017_spring_military_academy_night.pdf","6460640558_10155373412065559",NA,71,18,21
"6460640558","Ed Royce",NA,"2017-04-24T20:29:32+0000","link","https://foreignaffairs.house.gov/press-release/chairman-royce-applauds-administrations-new-syria-sanctions/","6460640558_10155372821350559","Ed Royce shared House Foreign Affairs Committee's post.",50,20,0
"6460640558","Ed Royce","Had a great time meeting with constituents at the 7th Annual San Gabriel Valley Civic Alliance Sector Awards Luncheon","2017-04-23T02:20:32+0000","photo","https://www.facebook.com/EdRoyce/photos/a.389330755558.167397.6460640558/10155367044725559/?type=3","6460640558_10155367044725559",NA,119,46,8
"6460640558","Ed Royce","I am honored to have participated in the “Lightning Round” panel at the Associated General Contractors of California Lunch Summit today. Thanks for improving our physical environment through your skill, integrity, and responsibility.","2017-04-22T03:50:50+0000","photo","https://www.facebook.com/EdRoyce/photos/a.389330755558.167397.6460640558/10155364024040559/?type=3","6460640558_10155364024040559",NA,75,9,6
"6460640558","Ed Royce","By Ada Chen","2017-04-20T05:22:12+0000","photo","https://www.facebook.com/EdRoyce/photos/a.10155351477360559.1073741859.6460640558/10155356258870559/?type=3","6460640558_10155356258870559","Ed Royce added a new photo to the album: 2017 Congressional Art Submissions.",25,6,0
"6460640558","Ed Royce","Proud of all our students that participated in Hacienda La Puente Unified School District’s 2017 Science Olympiad.  It’s very encouraging to see so many take part in these competitions.  As Co-Chairman of the Congressional App Challenge, I host similar STEM competitions every year to encourage our students to pursue science and technology related interests.","2017-04-20T00:09:21+0000","photo","https://www.facebook.com/EdRoyce/photos/a.389330755558.167397.6460640558/10155355607455559/?type=3","6460640558_10155355611705559","Ed Royce added 2 new photos.",64,15,2
"6460640558","Ed Royce","Marie and I were saddened to learn of former California State University, Fullerton President Dr. Milton Gordon’s passing.  I first met Milt more than 20 years ago, when he was in his first years as president at Cal State Fullerton, my alma mater.  As a State Senator, and then as a Member of Congress, I worked closely with Milt and deeply admired his commitment to improving access to education for all.  Milt transformed CSUF from a regional school to a global one with his vision to help students pursue intellectual, cultural and economic dreams far beyond Orange County. Throughout his life, Milt’s determination shattered racial barriers, inspiring so many others.  Yet for all his achievements, I will always remember Milt, first and foremost, as a very good friend.  Our prayers are with Marge, their sons Patrick, Michael and Vincent, and the entire CSUF community.","2017-04-19T18:40:14+0000","status",NA,"6460640558_10155354554055559","Ed Royce updated their status.",56,12,0
"6460640558","Ed Royce","Here are the outstanding submissions to this year’s Congressional Art Competition from our local high school students. I am hosting a “Fan Favorite” competition -- the artwork that receives the most “Likes” will be honored with the “Fan Favorite” Award. “Like” as many pieces as you want!","2017-04-18T21:25:23+0000","photo","https://www.facebook.com/EdRoyce/photos/a.10155351477360559.1073741859.6460640558/10155351481770559/?type=3","6460640558_10155351481770559","Ed Royce added 116 new photos to the album: 2017 Congressional Art Submissions.",52,13,5
"6460640558","Ed Royce","Had a great meeting yesterday with members of my human trafficking advisory committee. Thankful for the victim services, law enforcement and community-focused groups that participate.","2017-04-13T15:05:43+0000","photo","https://www.facebook.com/EdRoyce/photos/a.389330755558.167397.6460640558/10155331864095559/?type=3","6460640558_10155331864095559",NA,116,35,8
"6460640558","Ed Royce",NA,"2017-04-07T02:46:16+0000","photo","https://www.facebook.com/HouseForeign/photos/a.188636034495303.52197.186950907997149/1830694326956124/?type=3","6460640558_10155306930680559","Ed Royce shared House Foreign Affairs Committee's photo.",51,22,0
"6460640558","Ed Royce","I called on the president to reaffirm the Taiwan Relations Act and the Six Assurances because consistency in the U.S.'s policy toward Taiwan is key.","2017-04-07T00:40:00+0000","link","http://royce.house.gov/news/documentsingle.aspx?DocumentID=398304","6460640558_10155305635075559",NA,129,21,10
"6460640558","Ed Royce","Today, I met with Irvine Ranch Water District’s leadership to learn about their ongoing efforts to increase water storage in Southern California. With all of the recent rain we’ve been experiencing, it’s more important than ever to make sure we are storing water for drier times instead of releasing it into the ocean.","2017-04-06T21:45:00+0000","photo","https://www.facebook.com/EdRoyce/photos/a.389330755558.167397.6460640558/10155305407405559/?type=3","6460640558_10155305407405559",NA,64,25,6
"6460640558","Ed Royce","In case you missed my statement on the Assad regime's sickening attack this week in Syria.","2017-04-06T19:37:09+0000","photo","https://www.facebook.com/HouseForeign/photos/a.188636034495303.52197.186950907997149/1827448237280733/?type=3","6460640558_10155305504850559","Ed Royce shared House Foreign Affairs Committee's photo.",39,16,0
"6460640558","Ed Royce","Honored to receive the The Humane Society of the United States’s Humane Legislator of the Year award for my efforts to save our elephants, rhinos and more by putting a stop to wildlife trafficking","2017-04-06T00:56:10+0000","photo","https://www.facebook.com/EdRoyce/photos/a.389330755558.167397.6460640558/10155302078755559/?type=3","6460640558_10155302078755559",NA,117,22,13
"6460640558","Ed Royce","Enjoyed meeting with President Mildred Garcia of my alma mater California State University, Fullerton today, as well as two current Titans, to discuss year-round Pell Grants and the importance of STEM education.","2017-04-05T19:44:50+0000","photo","https://www.facebook.com/EdRoyce/photos/a.389330755558.167397.6460640558/10155300708095559/?type=3","6460640558_10155301121970559","Ed Royce added 2 new photos.",67,13,4
"6460640558","Ed Royce","Had a great time meeting #CA39's winners of The Congressional App Challenge and their families today. They demonstrate how important STEM education is.  #HouseofCode","2017-04-05T01:57:01+0000","photo","https://www.facebook.com/EdRoyce/photos/a.10152518243930559.1073741832.6460640558/10155298380545559/?type=3","6460640558_10155298380790559","Ed Royce added 2 new photos.",57,13,6
"6460640558","Ed Royce","I met with Ambassador Ted Osius, the U.S. Ambassador to Vietnam, today to discuss the need for serious human rights reforms in Vietnam. Vietnam’s human rights record is dismal, and its most recent elections were anything but free and fair. In order for there to be any hope for stronger U.S.-Vietnam relations, the Vietnamese government must honor the basic human rights of the Vietnamese people, including political and religious rights.","2017-04-04T21:46:50+0000","photo","https://www.facebook.com/EdRoyce/photos/a.389330755558.167397.6460640558/10155297700470559/?type=3","6460640558_10155297700470559",NA,110,25,21
"6460640558","Ed Royce","The North Korean threat is urgent and real.  Experts predict North Korea will be able to hit the U.S. with an ICBM in less than four years.  Meanwhile, Kim Jong Un is taking aggressive steps to make North Korea a fully armed nuclear state.  Today, the House passed two measures to push back against that aggression.  There is no question that North Korea’s support for terrorism has advanced right alongside its sophisticated weapons program.  Just look at the recent news of the assassination of Kim Jong Un’s half-brother.  It is time for us to ramp up the pressure.  That is why I am supporting these measures today, which urge the State Department to re-list North Korea as a state sponsor of terror and condemn North Korea’s development of an ICBM.  By passing these measures, we are taking important steps to push back against North Korea’s dangerous ambitions.  Learn more: https://foreignaffairs.house.gov/press-release/house-puts-pressure-north-korea/","2017-04-04T02:36:44+0000","status",NA,"6460640558_10155294904870559",NA,86,16,19
"6460640558","Ed Royce","Glad my staff was able to help out recently at OC Animal Care, which has an upcoming adoption event.  Find out more on their website: http://www.ocpetinfo.com","2017-04-03T01:47:18+0000","photo","https://www.facebook.com/EdRoyce/photos/a.10152518243930559.1073741832.6460640558/10155291214405559/?type=3","6460640558_10155291216570559","Ed Royce added 2 new photos.",69,14,1
"6460640558","Ed Royce","My bill, H.R. 1456, would put an end to this horrendous practice that leaves sharks to die a slow and painful death at the bottom of the ocean.","2017-04-01T18:14:08+0000","link","http://www.miamiherald.com/news/local/environment/article142029049.html","6460640558_10155286970160559",NA,188,40,41
"6460640558","Ed Royce","Today on Fox Business, I discussed steps that should be taken to address North Korea’s dangerous acts that threaten the U.S. homeland.","2017-03-31T22:41:26+0000","video","https://www.facebook.com/EdRoyce/videos/10155283698700559/","6460640558_10155283698700559",NA,130,13,82
"6460640558","Ed Royce","I look forward to the Congressional Art Competition every year, and I’m excited to again showcase the creativity and talent of our local high school students.  The deadline to submit artwork for this year's competition is 5 PM on Friday, April 14, 2017. Click the link below for additional information.","2017-03-30T19:38:28+0000","link","http://royce.house.gov/news/documentsingle.aspx?DocumentID=398301","6460640558_10155279697365559",NA,45,27,4
"6460640558","Ed Royce","Today the House Foreign Affairs Committee passed nine bipartisan measures, including a bill I authored that sanctions those overseas who employ North Korean slave labor. The Kim Jong Un regime has exported tens of thousands of North Koreans to work in foreign countries in inhumane conditions. These workers are denied access to wages and benefits, while the Kim regime gains tens of billions in hard currency to sustain its power and advance its illicit weapons programs.     Here's the video of my remarks about why we need this bill to become law.  Learn more about my bill and the others that were passed today: https://foreignaffairs.house.gov/press-release/foreign-affairs-committee-passes-measures-targeting-north-korea/","2017-03-29T22:01:33+0000","video","https://www.facebook.com/EdRoyce/videos/10155276219185559/","6460640558_10155276219185559",NA,139,33,40
"6460640558","Ed Royce","Honored to be named a Congressional Champion for Children by Save the Children US for my work to make U.S. assistance efficient & effective.","2017-03-28T21:34:50+0000","photo","https://www.facebook.com/EdRoyce/photos/a.389330755558.167397.6460640558/10155273422705559/?type=3","6460640558_10155273422705559",NA,131,37,4
"6460640558","Ed Royce","In case you missed it this morning, here’s the video of my opening statement at my House Foreign Affairs Committee hearing on the budget, diplomacy, and development.  As I explained at the hearing, while the administration’s budget proposes an overall cut of some 32 percent, the budget protects several programs that enjoy strong congressional support, including for HIV/AIDS, for malaria, and for vaccines.  Funding for embassy security and security assistance for Israel are maintained at current levels.  These are good priorities.  But I am concerned about how cuts would impact other priorities – including efforts to combat terrorists, poachers, and human traffickers. U.S. leadership was key to stopping Ebola in West Africa, and continued engagement is needed to address future threats before they hit our shores.  And many are rightly worried about how proposed cuts will impact humanitarian assistance at a time when more than 65 million people have been displaced around this globe by conflict and at a time when famine looms in four countries.","2017-03-28T16:55:18+0000","video","https://www.facebook.com/EdRoyce/videos/10155272373040559/","6460640558_10155272373040559",NA,101,27,18
"6460640558","Ed Royce","I applaud the Supreme Court's decision to let the Glendale Peace Memorial stand.  By remembering the past, including the women who suffered immensely, we help ensure these atrocities are never committed again.  Now that the highest court in the land has spoken, I hope those who’ve wasted years trying to rewrite history will finally move on.","2017-03-27T22:15:08+0000","link","http://royce.house.gov/news/documentsingle.aspx?DocumentID=398297","6460640558_10155270135685559",NA,132,16,5
"6460640558","Ed Royce","Human trafficking has become a global epidemic that preys on the most vulnerable among us – primarily women and children. This abhorrent trade is increasingly perpetrated by sophisticated international criminals who pose a threat to U.S. national security interests. My bipartisan bill will help turn the tables on the traffickers by putting a price on their capture.","2017-03-21T01:50:44+0000","link","https://foreignaffairs.house.gov/press-release/chairman-royce-introduces-bill-turn-tables-human-traffickers/","6460640558_10155246842445559",NA,122,103,20
"6460640558","Ed Royce","Thanks to the President and CEO of the World Wildlife Fund (WWF), Carter Roberts, for visiting. We discussed my work to stop illegal poaching and protect wildlife around the world.","2017-03-17T16:15:13+0000","photo","https://www.facebook.com/EdRoyce/photos/a.389330755558.167397.6460640558/10155235482290559/?type=3","6460640558_10155235482290559","Ed Royce at United States Capitol.",82,35,10
"6460640558","Ed Royce","Thanks to our local government representatives and the Alameda Corridor East Constuction Authority for the update on infrastructure projects throughout our community. We discussed continuing our joint efforts to ensure federal investments in our highways.","2017-03-16T20:56:40+0000","photo","https://www.facebook.com/EdRoyce/photos/a.389330755558.167397.6460640558/10155232952770559/?type=3","6460640558_10155232952770559","Ed Royce at United States Capitol.",50,20,4
"6460640558","Ed Royce","Checked out Vanguard University of Southern California's ""Apathy Effect Exhibit"" - an informative look at a crime I've worked to stamp out: human trafficking.","2017-03-15T18:49:01+0000","photo","https://www.facebook.com/EdRoyce/photos/a.389330755558.167397.6460640558/10155229029955559/?type=3","6460640558_10155229038755559","Ed Royce added 2 new photos — in Costa Mesa, California.",83,26,5
"6460640558","Ed Royce","Celebrating International Women's Day but also recognizing we've got a ways to go. While women make up more than half of all college students and now surpass men in attaining undergraduate degrees, they are underrepresented among students pursuing a science, technology, engineering, and mathematics (STEM) education. Two bills I voted for that were signed into law this past week will narrow the gap.","2017-03-09T05:55:37+0000","link","http://thehill.com/blogs/congress-blog/technology/322302-on-the-commercialization-path-new-research-supports-women-in","6460640558_10155204187935559",NA,78,36,4
"6460640558","Ed Royce","In addition to invading Ukraine and bombing civilians in Syria, Russia has pumped tens of millions into disinformation and propaganda targeting the U.S. and Europe. For too long, the U.S. response to Russian aggression has been weak and ineffective – and that has to change.","2017-03-06T01:41:17+0000","link","https://foreignaffairs.house.gov/press-release/chairman-royce-announces-hearing-russias-efforts-undermine-democratic-states/","6460640558_10155192838440559",NA,211,63,53
"6460640558","Ed Royce","Enjoyed meeting with young leaders from the CSSA - California State Student Association to discuss my continued support for Pell Grant funding. Go Titans!","2017-03-02T04:42:05+0000","photo","https://www.facebook.com/EdRoyce/photos/a.389330755558.167397.6460640558/10155179349130559/?type=3","6460640558_10155179349130559","Ed Royce at United States Capitol.",110,42,4
"6460640558","Ed Royce","Thanks to the Southern California credit union representatives that visited today. I'll always be a strong supporter of more choice and local options when it comes to personal finances.","2017-03-01T20:17:28+0000","photo","https://www.facebook.com/EdRoyce/photos/a.389330755558.167397.6460640558/10155178155150559/?type=3","6460640558_10155178155150559","Ed Royce at United States Capitol.",104,37,6
"6460640558","Ed Royce","‪Joined Regional Chamber of Commerce San Gabriel Valley for its #SalutetoHeroes. Thanked law enforcement and spoke to local small business owners about how I can help.","2017-02-24T05:00:08+0000","photo","https://www.facebook.com/EdRoyce/photos/a.10152518243930559.1073741832.6460640558/10155161287450559/?type=3","6460640558_10155161291575559","Ed Royce added 3 new photos — in Diamond Bar, California.",121,74,5
"6460640558","Ed Royce","A visit today with the Los Angeles County Sheriff's Department turned into a solemn reminder of the sacrifices that our men and women in law enforcement make. My thoughts and prayers are with the families of Officer Keith Boyer, who was killed in the line of duty in Whittier today, and Officer Patrick Hazel, who was wounded.","2017-02-21T02:45:41+0000","photo","https://www.facebook.com/EdRoyce/photos/a.389330755558.167397.6460640558/10155152039470559/?type=3","6460640558_10155152039470559","Ed Royce in City of Industry, California.",208,42,21
"6460640558","Ed Royce","Via ABC News - ""Russia should receive no sanctions relief until it abides by the terms of the Ukraine peace process. If sanctions are eased prior to Russia’s full compliance with the Minsk agreements, I will certainly move legislation to keep them in place,"" House Foreign Affairs Committee Chairman Ed Royce, R-California, said.","2017-02-18T03:00:06+0000","link","http://abcnews.go.com/Politics/democrats-republicans-stop-trump-lifting-russia-sanctions/story?id=45519341","6460640558_10155141326590559",NA,146,75,17
"6460640558","Ed Royce","Please be careful. Avoid travel and stay indoors if possible.","2017-02-17T22:29:10+0000","link","https://weather.com/news/news/southern-california-storm-flooding-mudslides","6460640558_10155141821870559",NA,100,17,26
"6460640558","Ed Royce","Thanks to Phil Yarbrough from the Rancho Santiago Community College District for stopping by. We discussed Pell Grant funding and other ways I can support local community college students.","2017-02-17T19:18:32+0000","photo","https://www.facebook.com/EdRoyce/photos/a.389330755558.167397.6460640558/10155141238020559/?type=3","6460640558_10155141238020559","Ed Royce at United States Capitol.",71,37,6
"6460640558","Ed Royce","Met with reps from the Southern California Association of Governments (SCAG) to discuss my continued support for federal investments in repairing and improving the 57, 60, and 405 freeways.","2017-02-16T18:27:17+0000","photo","https://www.facebook.com/EdRoyce/photos/a.389330755558.167397.6460640558/10155136801360559/?type=3","6460640558_10155136801360559","Ed Royce at United States Capitol.",121,40,6
"6460640558","Ed Royce","I spoke to Federal Reserve Chair Janet Yellen today about the benefits of banks holding more capital so they don't need taxpayer bailouts like the ones I voted against giving them after the financial crisis.","2017-02-16T03:30:00+0000","video","https://www.facebook.com/EdRoyce/videos/10155132643740559/","6460640558_10155132643740559","Ed Royce at United States Capitol.",118,30,14
"6460640558","Ed Royce","Thanks to Tom Dominguez and Roger Hilton of the Association of Orange County Deputy Sheriffs (AOCDS) for their time. We discussed issues of importance to our men and women in law enforcement.","2017-02-15T18:24:36+0000","photo","https://www.facebook.com/EdRoyce/photos/a.389330755558.167397.6460640558/10155132192155559/?type=3","6460640558_10155132192155559","Ed Royce at United States Capitol.",89,39,5
"6460640558","Ed Royce","At the formal dedication of the ""new"" Richard Nixon Presidential Library and Museum. I highly recommend you and the family check it out if you haven't already.","2017-02-14T00:34:57+0000","photo","https://www.facebook.com/EdRoyce/photos/a.389330755558.167397.6460640558/10155126530245559/?type=3","6460640558_10155126530245559","Ed Royce in Yorba Linda, California.",161,55,7
"6460640558","Ed Royce","Glad to join YWCA North Orange County, an organization I work closely with, to honor those who are making our community a safer place for all.","2017-02-12T22:30:49+0000","photo","https://www.facebook.com/EdRoyce/photos/a.10152518243930559.1073741832.6460640558/10155123413355559/?type=3","6460640558_10155123420080559","Ed Royce added 3 new photos — in Buena Park, California.",109,23,8
"6460640558","Ed Royce","Celebrating the Year of the Rooster throughout Southern California.","2017-02-12T22:24:08+0000","photo","https://www.facebook.com/EdRoyce/photos/a.10155080098220559.1073741858.6460640558/10155123406995559/?type=3","6460640558_10155123406995559","Ed Royce added 2 new photos to the album: Lunar New Year 2017.",264,62,13
"6460640558","Ed Royce","Enjoyed meeting with British Prime Minister Theresa May during her recent visit to the United States. Her country is our closest ally.","2017-02-07T18:23:45+0000","photo","https://www.facebook.com/EdRoyce/photos/a.389330755558.167397.6460640558/10155106265195559/?type=3","6460640558_10155106265195559",NA,425,58,19
"6460640558","Ed Royce","Celebrating the Year of the Rooster throughout Southern California.","2017-02-06T20:07:22+0000","photo","https://www.facebook.com/EdRoyce/photos/a.10155080098220559.1073741858.6460640558/10155103731160559/?type=3","6460640558_10155104063445559","Ed Royce added 12 new photos to the album: Lunar New Year 2017.",264,62,13
"6460640558","Ed Royce","Via the Los Angeles Times: Fullerton Rep. Ed Royce was the first Republican in the delegation to address the president's tweet, saying the university shouldn't be punished because a protest became violent.  “Cal students on work-study or scholarships shouldn’t be punished for the actions of a select few, and I’ll push back against any move to do so. UC Berkeley was right to embrace a free exchange of ideas,"" Royce said. ""Those who destroyed campus property or committed acts of violence should be prosecuted to the fullest extent of the law.”","2017-02-02T19:13:53+0000","link","http://www.latimes.com/politics/essential/la-pol-ca-essential-politics-updates-california-s-members-of-congress-deride-1486055617-htmlstory.html","6460640558_10155090945440559",NA,580,142,73
"6460640558","Ed Royce","I appreciate your recent comments and feedback. I support measures to better guard against threats from terror hotspots and strengthen our vetting process, but I have serious concerns with the implementation of this executive order. It is now clear that proper coordination and communication with appropriate agencies and law enforcement did not occur. It is unacceptable that individuals – some of whom live in the U.S. and others who served alongside U.S. troops – have been needlessly delayed or even turned away.","2017-01-30T23:44:40+0000","status",NA,"6460640558_10155081303630559",NA,487,217,60
"6460640558","Ed Royce","Celebrating the Year of the Rooster throughout Southern California.","2017-01-30T17:40:01+0000","photo","https://www.facebook.com/EdRoyce/photos/a.10155080098220559.1073741858.6460640558/10155080098305559/?type=3","6460640558_10155080098310559","Ed Royce added 10 new photos to the album: Lunar New Year 2017 — in Fullerton, California.",264,62,13
"6460640558","Ed Royce","Happy Lunar New Year to those celebrating today - I wish you and your family a prosperous Year of the Rooster! #LNY","2017-01-28T20:00:00+0000","video","https://www.facebook.com/EdRoyce/videos/10155074002055559/","6460640558_10155074002055559",NA,294,67,46
"6460640558","Ed Royce",NA,"2017-01-18T19:59:10+0000","link","http://thehill.com/policy/defense/313570-foreign-affairs-chairman-calls-on-obama-to-end-gitmo-transfers","6460640558_10155036840335559","Ed Royce shared a link.",146,32,18
"6460640558","Ed Royce","Enjoyed joining community members at the 佛光山西來寺 Fo Guang Shan Hsi Lai Temple for its Prayer for World Peace Ceremony. Good to see everyone come together.","2017-01-17T21:55:11+0000","photo","https://www.facebook.com/EdRoyce/photos/a.389330755558.167397.6460640558/10155034063350559/?type=3","6460640558_10155034065820559","Ed Royce added 3 new photos — in Hacienda Heights, California.",97,11,5
"6460640558","Ed Royce","Thanking wonderful Diamond Bar Library volunteers who are making our community a better place for our students.","2017-01-16T04:37:09+0000","photo","https://www.facebook.com/EdRoyce/photos/a.389330755558.167397.6460640558/10155028864075559/?type=3","6460640558_10155028864075559","Ed Royce in Diamond Bar, California.",176,10,6
"6460640558","Ed Royce","Some good news as we recognize Human Trafficking Awareness Day. Offenders are changing their tactics in the Internet era, I'm working on keeping us a step ahead of them.","2017-01-12T04:33:41+0000","link","https://www.washingtonpost.com/news/morning-mix/wp/2017/01/10/backpage-com-shuts-down-adult-services-ads-after-relentless-pressure-from-authorities/?utm_term=.d363321cb17f","6460640558_10155015092175559",NA,114,19,4
"6460640558","Ed Royce","Today I voted for multiple pieces of legislation that will support and encourage young women entering science, tech, engineering, and math (#STEM) fields. Learn more about the #INSPIREAct here: http://bit.ly/2iDipRs","2017-01-11T03:55:03+0000","photo","https://www.facebook.com/EdRoyce/photos/a.389330755558.167397.6460640558/10155010802065559/?type=3","6460640558_10155010802065559",NA,99,19,6
"6460640558","Ed Royce","Here's the view from my office. Thank you to the men and women of law enforcement who are willing to put it all on the line for our community. I was proud to recognize you this #LawEnforcementAppreciationDay.","2017-01-09T23:41:04+0000","photo","https://www.facebook.com/EdRoyce/photos/a.389330755558.167397.6460640558/10155007448210559/?type=3","6460640558_10155007448210559","Ed Royce at United States Capitol.",186,24,4
"6460640558","Ed Royce","By a strong, bipartisan vote of 342-80, the House just overwhelmingly passed my resolution to reaffirm America's commitment to our ally #Israel.","2017-01-06T00:26:04+0000","link","http://bit.ly/2iH305f","6460640558_10154996152600559","Ed Royce at United States Capitol.",192,28,26
"6460640558","Ed Royce","Glad that the Secretary of Defense acted on my request late last year. Doesn't make the wrong right, but it's a start.","2017-01-05T02:00:00+0000","link","http://nbcnews.to/2hOJX9V","6460640558_10154992578575559",NA,122,6,9
"6460640558","Ed Royce","Today, I was sworn in as the U.S. Representative for California's 39th Congressional District. I thought about the trust that our community has placed in me. I'll continue to work as hard as I can on behalf of you and your family.","2017-01-04T03:15:20+0000","photo","https://www.facebook.com/EdRoyce/photos/a.389330755558.167397.6460640558/10154990679405559/?type=3","6460640558_10154990679405559","Ed Royce at United States Capitol.",643,88,52
"6460640558","Ed Royce","Recently, the House of Representatives passed bipartisan legislation recognizing Filipino American veterans of World War II and collectively awarding them the Congressional Gold Medal. I spoke on the House floor about the contributions of Filipino WWII veterans to our country's defense.","2017-01-02T23:00:00+0000","video","https://www.facebook.com/EdRoyce/videos/1685907378101487/","6460640558_1685907378101487","Ed Royce at United States Capitol.",134,10,24
