"from_id","from_name","message","created_time","type","link","id","story","likes_count","comments_count","shares_count"
"291368465380","Representative Elijah E. Cummings","After reading the bill unveiled in the Senate today, it is clear that Leader McConnell did not receive the President’s message about a healthcare bill with ""heart."" The Senate version of TrumpCare is even meaner than the House version and it undermines the long-term viability of Medicaid, placing at greater risk the most vulnerable members of our society.  Now the American people can see why this this Republican monstrosity was being hidden away, with no hearings, no amendments, and no debate.  If President Trump actually wants a bill with ""heart,"" he should abandon this Republican legislation—which will result in millions of Americans losing their health insurance—and start working with Democrats to build on the success of the Affordable Care Act, which has set the standard for quality, access, and affordability for health care consumers.   Societies are judged by how they treat their citizens when they are most vulnerable, and few in our society are more vulnerable than our neighbors in need of healthcare.  After all of President Trump’s promises to not cut Medicaid and bring “great healthcare” to all, the American people deserve much more than what is in this bill.","2017-06-22T22:39:26+0000","link","https://www.nytimes.com/2017/06/22/us/politics/senate-health-care-bill.html?hp&action=click&pgtype=Homepage&clickSource=story-heading&module=first-column-region&region=top-news&WT.nav=top-news","291368465380_10158954917055381",NA,223,70,148
"291368465380","Representative Elijah E. Cummings",NA,"2017-06-22T14:49:50+0000","link","http://abcnews.go.com/Politics/democrats-seek-suspension-jared-kushners-security-clearance-pending/story?id=48187441","291368465380_10158952777635381","Representative Elijah E. Cummings shared Oversight Dems's post.",273,28,0
"291368465380","Representative Elijah E. Cummings","Democratic lawmakers press Flynn on Middle East trips  http://abcnews.go.com/Politics/flynn-failed-report-foreign-trip-broker-us-russia/story?id=48140879","2017-06-19T21:24:29+0000","link","http://abcnews.go.com/Politics/flynn-failed-report-foreign-trip-broker-us-russia/story?id=48140879","291368465380_10158938843280381",NA,140,41,45
"291368465380","Representative Elijah E. Cummings","I am praying for a speedy recovery for Congressman Scalise and all those injured during the heinous ambush this morning.  I am grateful for the swift response from our first responders—including the U.S. Capitol Police and the Alexandria City Police Department—whose bravery helped save many lives.","2017-06-14T16:05:59+0000","status",NA,"291368465380_10158910942590381",NA,527,47,20
"291368465380","Representative Elijah E. Cummings","Americans won't forget that House Republicans passed a ""mean"" bill to rip healthcare from millions then celebrated at the White House.","2017-06-13T21:34:01+0000","link","https://apnews.com/b5383189b4dc4dea94890f13846c2639","291368465380_10158907031210381",NA,249,66,97
"291368465380","Representative Elijah E. Cummings",NA,"2017-06-08T18:34:55+0000","video","https://www.facebook.com/oversightdems/videos/10155455602134048/","291368465380_10158879844730381","Representative Elijah E. Cummings shared Oversight Dems's video.",164,58,0
"291368465380","Representative Elijah E. Cummings",NA,"2017-06-05T21:31:25+0000","link","http://www.politico.com/story/2017/06/05/trump-hotel-records-democrats-239152","291368465380_10158864355890381","Representative Elijah E. Cummings shared Oversight Dems's post.",459,36,0
"291368465380","Representative Elijah E. Cummings","As we observe another Memorial Day by spending time with our friends and families, let us all take a moment to acknowledge the gravity of the day.  Memorial Day is more than a day for cook outs and beach trips. It is a day for us to honor the American men and women who have made the ultimate sacrifice to defend the American way of life; and it is a day for us to honor the friends and families who have shared their loved ones with our nation. We are forever in their debt.","2017-05-29T16:16:38+0000","status",NA,"291368465380_10158825843775381",NA,340,23,31
"291368465380","Representative Elijah E. Cummings","#TBT Taken in the Maryland House Chamber in 1994.  I was about to be sworn in as Speaker Pro Tem, my daughter Jennifer is with me.","2017-05-25T20:38:04+0000","photo","https://www.facebook.com/elijahcummings/photos/a.10151331353495381.817309.291368465380/10158805820680381/?type=3","291368465380_10158805820680381",NA,435,51,6
"291368465380","Representative Elijah E. Cummings","A bright spot in an otherwise dark budget: I'm relieved President Trump backed off his attempt to eliminate #ONDCP. The president promised to tackle the opioid epidemic, which is tearing apart communities nationwide. He must keep his promise. Lives are at stake.","2017-05-23T19:12:36+0000","link","http://www.politico.com/story/2017/05/23/trump-budget-drug-control-office-cuts-238720","291368465380_10158794763900381",NA,47,29,5
"291368465380","Representative Elijah E. Cummings","Despite candidate Trump’s many promises, this budget would do nothing to make America great again.  Instead, it would take billions of dollars away from working families and give it to defense contractors, millionaires, and billionaires.   This budget would cut Social Security, Medicaid, SNAP, and TANF—taking essential services away from millions of Americans; it would continue the Trump Administration’s assault on our environment by cutting funding for our efforts to clean up the Chesapeake Bay; and it is an attempt to use middle class federal employees as a piggy bank to make room for tax cuts for the wealthy.   The President promised to help America’s forgotten men and women, but his budget—like TrumpCare—is nothing more than the wish list of conservative think tanks and lobbyists.","2017-05-23T01:36:51+0000","link","http://www.politico.com/story/2017/05/22/trump-budget-cut-social-programs-238696","291368465380_10158791297905381",NA,307,89,349
"291368465380","Representative Elijah E. Cummings","Today’s Supreme Court ruling is encouraging and sends a strong message that officials in North Carolina will not be allowed to try to ‘fix’ the vote based on racial discrimination.  This ruling, and others like it, make clear that the President’s new voting commission should stop focusing on trying to prove the President’s completely unsubstantiated claim that millions of undocumented immigrants voted in the last election and instead focus on ways to prevent Republicans in states across the country from their overt attempts to suppress the rights of legitimate voters to cast their ballots.  Congress must do everything in our power to protect the ability of American citizens to exercise their Constitutional right to vote.","2017-05-22T18:54:34+0000","link","https://www.nytimes.com/2017/05/22/us/politics/supreme-court-north-carolina-congressional-districts.html?_r=0","291368465380_10158789381460381",NA,830,134,236
"291368465380","Representative Elijah E. Cummings","These proposed cuts by #POTUS would cause major harm. He must be honest with the American people, we have too much to lose.","2017-05-22T15:45:16+0000","link","https://www.washingtonpost.com/business/economy/trump-to-propose-big-cuts-to-safety-net-in-new-budget-this-week/2017/05/21/62c01f44-3e34-11e7-adba-394ee67a7582_story.html?utm_term=.2be2b0897ebf","291368465380_10158788606415381",NA,91,24,28
"291368465380","Representative Elijah E. Cummings","This morning at 9:20am I will be on ABC's This Week with George Stephanopolis along with the Oversight & Government Reform Committee Chair Jason Chaffetz regarding next steps after the appointment of a Special Counsel. Please tune-in if you can!","2017-05-21T11:08:03+0000","status",NA,"291368465380_10158781354055381",NA,161,34,7
"291368465380","Representative Elijah E. Cummings","I will be on CNN’s New Day at 7:45 AM to discuss the Comey memo, Chairman Chaffetz calling for a hearing with Comey next week, and DOJ appointing a special prosecutor.   Tune in if you can.","2017-05-19T05:51:07+0000","status",NA,"291368465380_10158770356875381",NA,197,95,12
"291368465380","Representative Elijah E. Cummings","We are at a very significant moment in this country’s history. This is our watch. This is not about us. This is bigger than President Trump. This is about the soul of our democracy. If there was a moment that we needed to leave our party hat at the door, this is the moment. The greatest gift we can give our children and generations yet unborn is a solid democracy. This is our watch.","2017-05-18T14:03:20+0000","video","https://www.facebook.com/oversightdems/videos/10155381406759048/","291368465380_10158765821955381","Representative Elijah E. Cummings shared Oversight Dems's video.",856,103,0
"291368465380","Representative Elijah E. Cummings","Knowing Deputy Attorney General Rosenstein from his tenure in Baltimore, I think he made a solid choice in Mr. Mueller, and I commend him for putting our country and justice system first.  I urge Mr. Mueller to follow the facts wherever they may lead—with integrity and independence.","2017-05-17T22:42:38+0000","link","https://www.nytimes.com/2017/05/17/us/politics/robert-mueller-special-counsel-russia-investigation.html?smprod=nytcore-iphone&smid=nytcore-iphone-share","291368465380_10158762816940381",NA,1504,85,242
"291368465380","Representative Elijah E. Cummings","I will be on CNN’s Jake Tapper at 4:30pm today to discuss press reports about Director Comey’s memo and President Trump’s disclosure of classified info.  Don’t miss it!","2017-05-17T20:13:19+0000","status",NA,"291368465380_10158762146115381",NA,147,43,1
"291368465380","Representative Elijah E. Cummings","I will be on MSNBC’s Andrea Mitchell Reports at 12:10pm today (5/16) to discuss President Trump revealing classified information during his meeting with Russian officials last week. Don't miss it!","2017-05-16T14:48:46+0000","status",NA,"291368465380_10158756203655381",NA,162,67,2
"291368465380","Representative Elijah E. Cummings","Joining Dr. Leana Wen and Congressman John Sarbanes at a forum on Medicaid. Access to Medicaid saves lives!","2017-05-15T21:42:19+0000","video","https://www.facebook.com/elijahcummings/videos/10158753088720381/","291368465380_10158753088720381","Representative Elijah E. Cummings was live.",241,77,48
"291368465380","Representative Elijah E. Cummings","Read my op-ed on how harmful #TrumpCare will be for the thousands of Maryland families on Medicaid.  Tomorrow at 5:30pm, please join me,  Dr. Leana Wen, Congressman John Sarbanes and Maryland healthcare advocates at a forum on Medicaid at the Greater Baltimore Urban League (512 Orchard Street, Baltimore, MD).   RSVP here: https://www.surveymonkey.com/r/YWM8Q7L","2017-05-14T14:59:42+0000","link","http://www.baltimoresun.com/news/opinion/oped/bs-ed-medicaid-cummings-20170514-story.html","291368465380_10158742851245381",NA,148,27,54
"291368465380","Representative Elijah E. Cummings","I will be on MSNBC's AM JOY this morning at 10 AM to discuss President Trump firing FBI Director Comey.  Please tune-in.","2017-05-14T10:29:56+0000","status",NA,"291368465380_10158741803945381",NA,181,28,13
"291368465380","Representative Elijah E. Cummings","This morning (Friday), I will be on MSNBC’s Morning Joe at 7:40am and then on CNN’s New Day at 8:15am to discuss President Trump’s decision to fire FBI Director James Comey.  Please tune-in, if you can.","2017-05-12T07:23:00+0000","status",NA,"291368465380_10158731868980381",NA,281,56,14
"291368465380","Representative Elijah E. Cummings","Today, President Trump is resuscitating his voter fraud investigation in a desperate attempt to retroactively prove his completely baseless claim that up to five million unauthorized immigrants cast illegal votes in the 2016 election—a claim that even his Republican colleagues admit is patently false.  This appears to be a weak and transparent effort to distract from the President’s firing of FBI Director Comey just as he was accelerating his investigation into the President’s campaign and its ties to Russia, as well as the storm of controversy that is now enveloping the White House as a result.”  However, the President is taking taxpayer dollars away from critical law enforcement functions that Americans rely on every single day and is squandering them on this partisan effort to lay the groundwork to justify new restrictions on the right of American citizens to cast legitimate votes.  The President should rename his panel ‘The Commission on Suppressing the Vote and Disenfranchising American Citizens.’  Our nation’s leaders should be expanding the ability of eligible voters to participate in our democracy—not degrading it.","2017-05-11T21:33:50+0000","link","http://www.cnn.com/2017/05/11/politics/trump-election-integrity-voter-fraud/","291368465380_10158729999995381",NA,212,105,84
"291368465380","Representative Elijah E. Cummings","Congress needs to have immediate emergency hearings to obtain testimony directly from Attorney General Sessions, the deputy attorney general, and FBI Director Comey. The White House was already covering up for Michael Flynn by refusing to provide a single document to Congress, and now the President fired the one independent person who was doing the most to investigate President Trump and his campaign over allegations of coordination with Russia. It is mindboggling that the Attorney General – who claimed to have recused himself – was directly involved in the decision to fire Director Comey according to the White House itself. There is now a crisis of confidence at the Justice Department, and President Trump is not being held accountable because House Republicans refuse to work with us to do our job.   Congress must restore credibility, accountability, and transparency to this investigation and finally pass legislation to create a truly independent commission.","2017-05-09T22:43:10+0000","link","https://www.nytimes.com/2017/05/09/us/politics/james-comey-fired-fbi.html?_r=0","291368465380_10158720924790381",NA,2048,403,1327
"291368465380","Representative Elijah E. Cummings","Proud to join Greyhound at this morning's ribbon cutting ceremony for the new terminal in Baltimore.","2017-05-09T15:06:58+0000","video","https://www.facebook.com/elijahcummings/videos/10158719100120381/","291368465380_10158719100120381","Representative Elijah E. Cummings was live.",165,24,18
"291368465380","Representative Elijah E. Cummings","President Trump promised the American people that he would solve the opioid epidemic, so I hope this report is not an indication of his Administration’s intentions.  The Office of National Drug Control Policy, including the High Intensity Drug Trafficking Areas program and the Drug-Free Communities program, are some of the important tools federal, state and local law enforcement agencies have to fight the opioid epidemic.  The programs allow agencies to share resources and best practices to address problems like heroin use and drug trafficking in our communities.   Many communities in my district, and across the country, will be harmed if we do not invest in these programs.  We must have a comprehensive plan to tackle this crisis.  There are lives at stake.","2017-05-05T20:33:39+0000","link","http://www.cbsnews.com/news/trump-administration-proposes-massive-cuts-to-drug-czar-office/","291368465380_10158701187975381",NA,72,36,33
"291368465380","Representative Elijah E. Cummings","Today’s vote on TrumpCare was a loss for the American people and a moral failure on the part of my Republican colleagues.   The American people are organized against TrumpCare. My constituents called, they emailed, they came to my office and to town halls to share their stories of life before the ACA, and to tell me that they have no interest in going back.  I know that my Republican colleagues heard from their constituents as well—they should listen to them.  Who is this bill meant to help?  The majority of the American people oppose it; groups representing seniors, hospitals, and doctors oppose it; and until two days ago, many Republican House Members opposed it.    If my colleagues are interested in improving healthcare for all Americans, they should work with Democrats to improve upon the progress we have made.  Instead, they have twisted arms to rush this flawed bill to the House floor.  If this bill is signed into law, we all lose, but none more than the working poor and those in chronic need of care. This bill is a truly shameful and unacceptable answer to Americans’ health care needs.","2017-05-04T19:20:07+0000","link","http://www.baltimoresun.com/news/maryland/politics/bs-md-house-vote-ahca-20170504-story.html","291368465380_10158695948085381",NA,468,180,566
"291368465380","Representative Elijah E. Cummings","Moved by Jimmy Kimmel's story. I am working day and night to protect people with pre-existing conditions. We will not go back to days #BeforeTheACA.","2017-05-02T22:13:27+0000","video","https://www.facebook.com/elijahcummings/videos/10158686445785381/","291368465380_10158686445785381",NA,887,94,146
"291368465380","Representative Elijah E. Cummings","There are no ""good shutdowns.""  They hurt our economy, squander taxpayer dollars, and harm millions of Americans who rely on government services.","2017-05-02T20:02:25+0000","link","http://www.nbcnews.com/politics/politics-news/trump-good-shutdown-needed-fix-congress-mess-n753836","291368465380_10158685888625381",NA,355,93,83
"291368465380","Representative Elijah E. Cummings","I will be on Morning Joe this morning at 7:30am to discuss the Flynn documents received by the House Oversight & Government Reform Committee.  Please tune-in.","2017-04-27T10:29:54+0000","status",NA,"291368465380_10158659599090381",NA,252,128,17
"291368465380","Representative Elijah E. Cummings","President Trump’s attempt to withhold funds from sanctuary cities was cruel and misguided, and it undermined the safety of our communities.  I applaud Judge Orrick for blocking this unconstitutional Executive Order and for reminding President Trump that ""the Constitution vests the spending power in Congress, not the President, so the Order cannot constitutionally place new conditions on federal funds.""    President Trump must learn that he cannot govern through fear, and he must learn that our nation’s local police departments should not be doing ICE’s job.  Many mayors and police chiefs nationwide opposed this Executive Order, because they know that when immigrant communities are afraid to speak with law enforcement, it makes us all less safe.  I hope that after this latest defeat in court, President Trump will try to work with Congress to find ways to fix our nation’s broken immigration system and keep our communities safe.","2017-04-25T23:36:10+0000","link","http://www.nbcnews.com/news/us-news/court-blunts-trump-s-sanctuary-cities-crackdown-n750911","291368465380_10158652479675381",NA,1191,321,260
"291368465380","Representative Elijah E. Cummings","I will be on MSNBC’s ""The Rachel Maddow Show"" tonight at 9:15pm to discuss the Flynn documents received by the House Oversight & Government Reform Committee. Please tune-in!","2017-04-25T21:16:13+0000","status",NA,"291368465380_10158651807525381",NA,482,75,58
"291368465380","Representative Elijah E. Cummings","Kicking off tonight's Indivisible Baltimore town hall at The Baltimore War Memorial with Dutch Ruppersberger, Congressman John Sarbanes and Chris Van Hollen.","2017-04-20T23:26:11+0000","photo","https://www.facebook.com/elijahcummings/photos/a.10151331353495381.817309.291368465380/10158627436080381/?type=3","291368465380_10158627436080381",NA,200,19,15
"291368465380","Representative Elijah E. Cummings","Like many in our community, I still mourn the death of Mr. Freddie Gray.  His family, friends and loved ones will always be in my prayers.  Mr. Gray moved many in our City to demand a better Baltimore for all residents and he moved us to act.    I have been proud to see our community, faith, and business leaders take steps to improve our police department, expand economic opportunity for our neighbors living in historically underserved communities, and give more of our young people a chance to become all God meant for them to be.  We must continue to cast our gaze forward as we implement the consent decree for the Baltimore City Police Department and we must continue to work toward becoming a city where all residents are valued, respected and provided the opportunity to thrive and prosper.","2017-04-19T16:56:07+0000","status",NA,"291368465380_10158620521975381",NA,196,18,13
"291368465380","Representative Elijah E. Cummings",NA,"2017-04-18T19:52:34+0000","video","https://www.facebook.com/oversightdems/videos/10155285030159048/","291368465380_10158616147900381","Representative Elijah E. Cummings shared Oversight Dems's video.",305,30,0
"291368465380","Representative Elijah E. Cummings","I sat down with John Heilemann at Waterfront Kitchen last week to share my thoughts on President Trump's first months in office.","2017-04-18T13:37:58+0000","video","https://www.youtube.com/watch?v=zRLxgVymB-E","291368465380_10158614673695381",NA,167,23,60
"291368465380","Representative Elijah E. Cummings","This week the world got a glimpse into the fear and horror that millions of Syrians live with every day.  The Assad regime’s most recent use of chemical weapons against his own people—including many young children—is a crime against humanity.  While last night’s airstrikes in Syria were a proportional response to an unforgivable crime, missiles alone will not resolve the conflict in Syria.  I am calling on President Trump to immediately rescind his ban on Syrian refugees and to share his strategy regarding the civil war in Syria with Congress and with the American people.  We must have an honest, open debate on how to best address this complex issue.  The stakes are too high.","2017-04-07T17:02:12+0000","link","http://www.cnn.com/2017/04/06/politics/donald-trump-syria-military/","291368465380_10158554975275381",NA,286,45,60
"291368465380","Representative Elijah E. Cummings","Today Senator Ben Cardin,  Chris Van Hollen, Dutch Ruppersberger, Congressman John Sarbanes and I issued the following statement on today's ruling:  This ruling is a win for the people of Baltimore.  The Justice Department’s attempt to delay the implementation of the consent decree would have greatly impeded our progress in rebuilding trust between the community and police.  The consent decree has the strong support of both the Mayor and Police Commissioner of Baltimore.”  Last year’s ""pattern or practice"" report on BPD, which detailed years of systemic civil rights violations, was a call to action for everyone in Baltimore.  We are now on the path to much-needed and long-overdue reforms, which we hope will make BPD a model for the nation. The Justice Department and Attorney General Sessions should be supporting our efforts, not seeking to undermine them.","2017-04-05T23:10:13+0000","link","http://www.baltimoresun.com/news/maryland/baltimore-city/bs-md-ci-consent-decree-hearing-20170405-story.html","291368465380_10158544276790381",NA,400,31,81
"291368465380","Representative Elijah E. Cummings","On January 28, President Trump reorganized the NSC to let Steve Bannon serve on the principals committee—a role he was wholly unqualified for—and now the President reportedly has removed him.  We need to know what in the world is going on.  One key question is whether Mr. Bannon was involved in any way with the dealings between NSC staffers and Chairman Nunes or his trip to the White House.  We asked the White House to tell us by this Friday whether National Security Advisor McMaster or White House Counsel McGahn was personally aware of these activities and whether anyone else at the White House was involved.","2017-04-05T16:41:52+0000","link","http://www.nbcnews.com/news/us-news/steve-bannon-removed-national-security-council-n742926","291368465380_10158542483490381",NA,737,121,223
"291368465380","Representative Elijah E. Cummings","I will be on MSNBC’s Morning Joe tomorrow morning (Tuesday) at 7:05am to discuss Russia, Michael Flynn, & Nunes. Please tune-in.","2017-04-04T01:57:24+0000","status",NA,"291368465380_10158534602000381",NA,327,75,25
"291368465380","Representative Elijah E. Cummings","Please join me at my 20th annual job fair this morning.","2017-04-03T14:30:51+0000","link","http://www.baltimoresun.com/business/jobs/bs-md-cummings-job-fair-0403-20170402-story.html","291368465380_10158532020830381","Representative Elijah E. Cummings at Fifth Regiment Armory.",44,8,6
"291368465380","Representative Elijah E. Cummings","Please join me at my 20th annual job fair on Monday, April 3, 2017, from 9AM to 2PM.  More than 70 employers will be present to discuss job opportunities and perform on-the-spot interviews. Click here for a list of employers presenting at the job fair.    You will also be able to participate in workshops to help you compete in the job market.  Click here for the workshop agenda.   Bring plenty of resumes, dress professionally, and be sure to bring your Photo ID as it is required to enter the Armory. Call for more information or if you require special accommodations, a Sign-Language Interpreter, or require language translation. Please call 410.685.9199 by March 31, 2017 to request assistance.  https://cummings.house.gov/about/events/7th-district-20th-annual-job-fair","2017-04-01T06:40:54+0000","link","https://cummings.house.gov/about/events/7th-district-20th-annual-job-fair","291368465380_10158521413305381",NA,159,10,77
"291368465380","Representative Elijah E. Cummings","I sat down with Comcast Newsmakers to discuss my 20th annual job fair.    If you're looking for a job, interested in a career change or looking for a new job, please come to the Fifth Regiment Armory next Monday between 9am and 2pm.  82 employers will be present to discuss job opportunities and perform on-the-spot interviews.","2017-03-29T17:29:51+0000","link","http://comcastnewsmakers.com/2017/03/10/7th-district-career-fair/","291368465380_10158509890280381",NA,70,10,22
"291368465380","Representative Elijah E. Cummings","I will be on NPR’s All Things Considered at 4:30pm today to discuss GAO’s review of President Trump’s security procedures and travels costs at Mar-a-Lago.  Please tune-in.","2017-03-28T16:22:48+0000","status",NA,"291368465380_10158505233060381",NA,287,27,24
"291368465380","Representative Elijah E. Cummings","Walking While Black screening in Howard County","2017-03-26T19:25:36+0000","video","https://www.facebook.com/elijahcummings/videos/10158496405515381/","291368465380_10158496405515381","Representative Elijah E. Cummings was live.",194,34,29
"291368465380","Representative Elijah E. Cummings","Please join me today in Howard County for this important movie screening & community-wide conversation.   1pm. Howard High School.","2017-03-26T12:36:43+0000","photo","https://www.facebook.com/elijahcummings/photos/a.10151331353495381.817309.291368465380/10158494798135381/?type=3","291368465380_10158494798135381","Representative Elijah E. Cummings at Howard High School.",89,5,11
"291368465380","Representative Elijah E. Cummings","Today, tens of millions of Americans can breathe a small sigh of relief as President Trump, Speaker Ryan, and House Republicans failed to eliminate their healthcare coverage—at least for now.","2017-03-24T21:04:25+0000","link","http://www.huffingtonpost.com/entry/house-leaders-cancel-vote-obamacare-repeal_us_58d54cdde4b03692bea5563e","291368465380_10158487001740381",NA,1277,136,220
"291368465380","Representative Elijah E. Cummings",NA,"2017-03-23T19:06:40+0000","video","https://www.facebook.com/oversightdems/videos/10155192128584048/","291368465380_10158482140140381","Representative Elijah E. Cummings shared Oversight Dems's video.",376,60,0
"291368465380","Representative Elijah E. Cummings","It is difficult to overstate how important the Chesapeake Bay is to the entire State of Maryland.  The Bay is an economic engine for our state, supporting generations of watermen and providing recreational opportunities for families throughout the region. After years of hard work, we are finally improving the health of the Chesapeake Bay. The dangerous cuts proposed by President Trump would threaten this progress and severely impact our ability to preserve this most valuable natural resource.","2017-03-22T14:37:58+0000","link","https://www.washingtonpost.com/opinions/the-trump-administrations-attack-on-the-chesapeake-bay/2017/03/21/d7b5f6ec-0db6-11e7-ab07-07d9f521f6b5_story.html?utm_term=.9dbe141b6bd1","291368465380_10158476361485381",NA,229,39,103
"291368465380","Representative Elijah E. Cummings","Please join me this Sunday, 3/26 from 1pm - 5pm at Howard High School for this important screening and conversation.","2017-03-21T19:25:51+0000","event","https://www.facebook.com/events/773913802771628/","291368465380_10158472199760381","Representative Elijah E. Cummings shared Kimberly Pruim's post.",29,12,0
"291368465380","Representative Elijah E. Cummings","Today Democratic Whip Steny Hoyer, Congressman John Sarbanes, Rep. Jamie Raskin and I called on Governor Larry Hogan to stand with Maryland and loudly oppose #Trumpcare.","2017-03-20T21:10:35+0000","link","https://www.washingtonpost.com/local/md-politics/md-congressmen-urge-hogan-to-speak-out-on-affordable-care-act/2017/03/20/5b05cd90-0d78-11e7-9b0d-d27c98455440_story.html?utm_term=.f09708db1393","291368465380_10158468156900381",NA,494,25,52
"291368465380","Representative Elijah E. Cummings","Kicking-off the 50th Birthday Celebration of Columbia, MD","2017-03-19T15:20:55+0000","video","https://www.facebook.com/elijahcummings/videos/10158461970590381/","291368465380_10158461970590381","Representative Elijah E. Cummings was live.",314,36,32
"291368465380","Representative Elijah E. Cummings","Here at the Columbia Mall to celebrate the 50th birthday of Columbia!","2017-03-19T15:18:09+0000","photo","https://www.facebook.com/elijahcummings/photos/a.10151331353495381.817309.291368465380/10158461967520381/?type=3","291368465380_10158461967520381","Representative Elijah E. Cummings at Nordstrom The Mall in Columbia.",79,6,6
"291368465380","Representative Elijah E. Cummings","Sadly, it appears that Director Mulvaney suffers from an empathy deficit. Meals on Wheels America is invaluable.   I have volunteered with Meals on Wheels in the past, and I can tell you that it's about more than food.  It's about a connection with another human being.   I invite Director Mulvaney to come with me to volunteer for Meals on Wheels in my district so he can see the impact it has on people's lives, because when it's all said and done, we will all be measured by our humanity to others.","2017-03-16T23:30:33+0000","link","http://www.politico.com/story/2017/03/mick-mulvaney-donald-trump-budget-meals-on-wheels-236144","291368465380_10158449594600381",NA,1572,384,1260
"291368465380","Representative Elijah E. Cummings","President Trump said he would help America’s forgotten men and women, but his budget does just the opposite.  His budget would devastate working families across this nation while at the same time lavishing extravagant favors on his rich friends.  He proposes draconian cuts to critical job training and housing assistance programs, steep cuts to the National Institutes of Health and drastic reductions in the federal workforce.   The President's budget—together with Paul Ryan's healthcare annihilation bill—make it clear that Republicans’ top priority is giving tax cuts to the wealthiest Americans while taking vital services away from everyone else.","2017-03-16T14:17:49+0000","link","http://www.usatoday.com/story/news/politics/2017/03/16/trump-first-budget-proposal-dramatic-cuts-fund-military-buildup/99212718/","291368465380_10158447406725381",NA,335,151,507
"291368465380","Representative Elijah E. Cummings","Congressman Elijah Cummings is hosting a screening of the newly released film, ""Walking While Black, L.O.V.E. is the Answer,"" followed by community roundtable discussions featuring the StandUp, SpeakUp Howard Planning Committee!   Please join us for this important event & community dialogue, it is free & open to the public.","2017-03-16T10:05:44+0000","event","https://www.facebook.com/events/773913802771628/","291368465380_773913802771628","Representative Elijah E. Cummings added an event.",109,6,0
"291368465380","Representative Elijah E. Cummings","I will be on CNN’s Wolf at 1:00 p.m. today to discuss the CBO report and Trump’s wiretapping claims. Please tune-in.","2017-03-14T15:52:58+0000","status",NA,"291368465380_10158438641565381",NA,176,48,5
"291368465380","Representative Elijah E. Cummings","I will be on ABC with George Stephanopoulos this morning at 9:30am to discuss the meeting with the President, oversight of the Administration, & the ACA repeal. Please tune-in.","2017-03-12T11:53:53+0000","status",NA,"291368465380_10158427317775381",NA,185,42,2
"291368465380","Representative Elijah E. Cummings","Following a series of defeats in court for his first un-American Muslim ban, President Trump is attempting to revise his unconstitutional policy.  But the American people should not be fooled by the President’s second attempt: his policy still bans immigrants only from Muslim-majority countries, it still cruelly blocks refugees, it is still un-American, and it still will harm American national security interests more than help them.","2017-03-06T17:07:27+0000","link","https://www.washingtonpost.com/world/national-security/new-executive-order-bans-travelers-from-six-muslim-majority-countries-applying-for-visas/2017/03/06/3012a42a-0277-11e7-ad5b-d22680e18d10_story.html?utm_term=.a78945e1ff5d","291368465380_10158394350435381",NA,231,73,106
"291368465380","Representative Elijah E. Cummings","Packed house at today's townhall on the ACA.  Congressman John Sarbanes, Dutch Ruppersberger and I are looking forward to hearing from our constituents.","2017-03-05T22:12:17+0000","video","https://www.facebook.com/indivisiblehoco/videos/745949315567861/","291368465380_10158390528990381","Representative Elijah E. Cummings shared IndivisibleHoCoMD Public Page's live video.",385,37,0
"291368465380","Representative Elijah E. Cummings","The White House and the President denied that there were any contacts at all between any Trump advisers and the Russians, but the list keeps growing: first General Flynn was fired for concealing his contacts with the Russian ambassador, then Attorney General Sessions had to recuse himself for concealing his meetings, and now, there are reports about other Trump advisers meeting with the very same Russian ambassador, including Carter Page, J.D. Gordon, and Jared Kushner, the President’s son in law.  What in the world is going on here?  We need a truly independent and bipartisan independent commission.","2017-03-04T17:27:22+0000","video","https://www.facebook.com/elijahcummings/videos/10158384284565381/","291368465380_10158384284565381",NA,650,133,183
"291368465380","Representative Elijah E. Cummings","Proud to celebrate #HowardU150 with Kasim Reed and Fredricka Whitfield CNN.","2017-03-03T02:26:32+0000","photo","https://www.facebook.com/elijahcummings/photos/a.10151331353495381.817309.291368465380/10158375165935381/?type=3","291368465380_10158375165935381","Representative Elijah E. Cummings at National Museum of American History.",75,7,8
"291368465380","Representative Elijah E. Cummings","Today I, and all Members of the Maryland Congressional delegation, urged the U.S. Attorney and the FBI to investigate hate crimes in Maryland.  Bomb threats have disrupted classroom activities as well as events at Jewish community centers, coupled with the rise of neo-Nazi propaganda. These hate-filled threats are intended to strike fear across the country and represent a troubling trend that we must bring to an end.","2017-03-01T23:21:13+0000","photo","https://www.facebook.com/elijahcummings/photos/a.10151331353495381.817309.291368465380/10158370306235381/?type=3","291368465380_10158370308485381","Representative Elijah E. Cummings added 2 new photos.",632,69,87
"291368465380","Representative Elijah E. Cummings","Today is the FAFSA deadline.  If you haven’t already, please register before midnight to find out if you qualify for federal assistance.","2017-03-01T19:30:32+0000","link","https://fafsa.gov/","291368465380_10158369447345381",NA,61,12,33
"291368465380","Representative Elijah E. Cummings","In the 40 days since he was sworn in, President Trump has shown that he will be a champion for Wall Street, not the American people.   By this point in his presidency, President Obama had already signed  legislation to help ensure equal pay for women, expand children’s access to health insurance, and bring our economy back from the brink of collapse.   Instead of building on the progress our nation has made in the last eight years, President Trump is going backwards and returning to the failed trickle-down economic policies of the past.  President Trump has made it easier for Wall Street to prey on Americans’ hard-earned retirement savings; appointed people to key posts in his administration who want to slash Social Security, Medicare and Medicaid; and declared war on Americans’ right to health care.     While he is rolling back our progress, the American people are waiting on President Trump to keep his promises.  Where is his alternative to the Affordable Care Act that will provide even better and more affordable health care for everyone?  Where is his plan to invest in our nation’s infrastructure?  Where is his plan to help Americans living in urban areas like Baltimore?   The President tried to spin these failures as victories tonight, but I see the state of our union every morning as I leave my house.  I see that many of my constituents are fearful and are questioning if they belong in America.  I see families who are wondering what will happen to their health care.  I see seniors who are wondering what will happen to Medicare and Social Security.  And I see immigrant children living in fear of raids that will take away their parents.   It is time for President Trump to start representing all Americans.  He must keep his promises to fight for middle-class families and workers, and he must ensure that all Americans—regardless of their race, gender identity, sexual orientation, religion or ethnicity—know that they are welcome in this country.","2017-03-01T03:39:03+0000","status",NA,"291368465380_10158366790560381",NA,1088,125,266
"291368465380","Representative Elijah E. Cummings","As a proud Howard University graduate, a member of Morgan State University’s Board of Regents and father of two Howard alumni, I know the vital role Historically Black Colleges and Universities play in preparing young people to become leaders in their communities.  I also know that HBCUs need more than empty rhetoric and photo-ops.   While President Trump was posing for photos, his Secretary of Education was appropriating the rich history of these institutions to forward her crusade against public schools.  She called them ‘pioneers when it comes to school choice,’ ignoring the fact that for most of this nation’s history, HBCUs were the only choice for African Americans.   HBCUs were created because racist admission policies refused to admit African American students.  While segregation has ended, structural racism still exists in society today.  That is why HBCUs still matter.  If President Trump is serious about helping HBCUs, he must also be serious about removing the structural barriers African Americans still face, and he should put his money where his pen is by urging his colleagues in Congress to increase federal funding to HBCUs.","2017-03-01T00:26:01+0000","link","http://www.mcclatchydc.com/news/politics-government/white-house/article135562358.html","291368465380_10158366174185381",NA,638,106,381
"291368465380","Representative Elijah E. Cummings","I will be on MSNBC’s Morning Joe at 7:20 a.m. to preview President Trump’s SOTU Address. Tune in if you can!","2017-02-28T11:52:49+0000","status",NA,"291368465380_10158363657265381",NA,132,11,4
"291368465380","Representative Elijah E. Cummings","Almost every day, there is a new and disturbing revelation.  The President and his associates have denied their communications with Russian officials, covered up their relationships, and pressured intelligence and law enforcement officials to help frame the press.  We must have a truly independent commission to investigate the actions of the President, his campaign, his associates, and Russian officials and agents.  The American people will not stand for an investigation that is tainted, that inappropriately shares information with the President's team, or that serves as nothing more than the President's political mouthpiece.","2017-02-25T16:57:09+0000","link","https://www.washingtonpost.com/world/national-security/trump-administration-sought-to-enlist-intelligence-officials-key-lawmakers-to-counter-russia-stories/2017/02/24/c8487552-fa99-11e6-be05-1a3817ac21a5_story.html?utm_term=.c3700c766f30","291368465380_10158351794655381",NA,502,82,258
"291368465380","Representative Elijah E. Cummings","2017 UC/PNC Economic Outlook","2017-02-24T14:26:47+0000","video","https://www.facebook.com/elijahcummings/videos/10158346479140381/","291368465380_10158346479140381","Representative Elijah E. Cummings was live — at Downtown Cincinnati.",273,73,51
"291368465380","Representative Elijah E. Cummings","I strongly condemn President Trump’s cruel mass deportation plan.  For those who held out hope for a compassionate, evidence-based immigration policy, the President’s executive orders on immigration enforcement and these implementation memos confirm their worst fears.  These actions represent a terrifying shift in our nation’s immigration policy, and they fly in the face of our most fundamental American values.  The President’s actions represent a dangerous approach to immigration that will break up families, incite fear, and threaten the public safety of our communities by driving some of our most vulnerable populations into the shadows.  This is an inhumane, irresponsible, and unacceptable approach to immigration enforcement.  We must not let mass deportation policies become our new normal.","2017-02-21T21:04:03+0000","link","http://www.vox.com/2017/2/21/14659652/memos-deportation-detention-asylum","291368465380_10158334982475381",NA,470,94,161
"291368465380","Representative Elijah E. Cummings","I am proud to represent a very diverse district in Maryland.  I have always believed that America is at its best when we view our diversity as our promise, not our problem.    Recent acts of Anti-Semitism, including this incident and numerous anonymous bomb threats made against Jewish Community Centers nationwide, have no place in America.   I welcome President Trump’s statements acknowledging hatred and violence against Jewish Americans, but he must do more to show that hatred against any American on the basis of sexual orientation, race, religion, gender, gender identity or creed is un-American and unacceptable.","2017-02-21T17:23:23+0000","link","http://www.cnn.com/2017/02/21/us/jewish-cemetery-vandalized/","291368465380_10158334241250381",NA,493,68,159
"291368465380","Representative Elijah E. Cummings","I will be appearing on CBS’ Face the Nation tomorrow morning (Sunday). Check your local listings, but it should air around 10:45am!","2017-02-19T02:47:51+0000","status",NA,"291368465380_10158322926025381",NA,489,53,36
"291368465380","Representative Elijah E. Cummings","I have no idea why President Trump would make up a story about me like he did today.  Of course, Senator Schumer never told me to skip a meeting with the President.   I was actually looking forward to meeting with the President about the skyrocketing price of prescription drugs.  What I have been doing for the past several weeks is working closely with my partner on these efforts, Senator Bernie Sanders.  My goal was to finalize our proposal to allow HHS to negotiate lower drug prices so I could present it to the President.  The President has said many times that he supports this proposal, so I wanted to have our bill ready to get his support.   I also sincerely have no idea why the President made this claim in response to an unrelated question about the Congressional Black Caucus.  I am sure members of the CBC can answer these questions for themselves.   The skyrocketing price of prescription drugs is an issue that affects every American family—not just people of color—and I hope the President will make good on his promise to finally allow HHS to negotiate lower drug prices on behalf of American families.  I look forward to meeting with him on this issue and others.","2017-02-16T20:52:07+0000","status",NA,"291368465380_10158309057295381",NA,3502,571,1618
"291368465380","Representative Elijah E. Cummings","Chairman Chaffetz appears to be taking his marching orders directly from President Trump’s tweet yesterday—instead of investigating General Flynn’s lies to the Vice President and the American people, as well as his troubling ties with Russia, the Chairman chose to target those who brought them to light.  Congress should be doing independent oversight of the Executive Branch and protecting whistleblowers, not running interference while the White House conceals their abuses and misleads the American people for weeks.  Chairman Chaffetz said he didn’t want to go on ‘fishing expeditions,’ but that's exactly what he’s doing here.","2017-02-16T14:57:24+0000","link","http://www.huffingtonpost.com/entry/donald-trump-whistleblowers_us_58a59c26e4b037d17d252e28","291368465380_10158307268070381",NA,480,252,442
"291368465380","Representative Elijah E. Cummings","General Flynn was unfit to be the National Security Advisor, and should have been dismissed three weeks ago.   Now, we in Congress need to know who authorized his actions, permitted them, and continued to let him have access to our most sensitive national security information despite knowing these risks.  We need to know who else within the White House is a current and ongoing risk to our national security.","2017-02-14T14:39:45+0000","link","https://www.nytimes.com/2017/02/14/us/politics/donald-trump-administration-michael-flynn-resignation.html?_r=0","291368465380_10158295494950381",NA,1344,601,455
"291368465380","Representative Elijah E. Cummings","It’s ironic that Chairman Chaffetz wants to continue investigating Hillary Clinton—who is now a private citizen—but won’t investigate President Donald Trump.  The public demand for this investigation has been incredible, but Chairman Chaffetz would rather resurrect partisan attacks on Hillary Clinton.","2017-02-13T17:06:23+0000","link","https://www.washingtonpost.com/news/powerpost/wp/2017/02/13/cummings-counters-chaffetz-on-federal-workforce/?utm_term=.257e4b821e75&wpisrc=nl_fed&wpmm=1","291368465380_10158291425515381",NA,1386,349,523
"291368465380","Representative Elijah E. Cummings",NA,"2017-02-11T18:14:00+0000","video","https://www.facebook.com/elijahcummings/videos/10158282650035381/","291368465380_10158282650035381","Representative Elijah E. Cummings was live.",196,62,27
"291368465380","Representative Elijah E. Cummings","Keynote to Volunteering Untapped","2017-02-11T17:55:20+0000","video","https://www.facebook.com/elijahcummings/videos/10158282582290381/","291368465380_10158282582290381","Representative Elijah E. Cummings was live.",191,65,43
"291368465380","Representative Elijah E. Cummings","Today's ruling is a reminder that no one—not even the President—is above the Constitution.  I applaud the Ninth Circuit Court of Appeals for unanimously exercising its power to check President Trump's unconstitutional Muslim and refugee ban.  It is time for Republicans in Congress to follow suit and fulfill their own constitutional responsibilities to act as a check on this President.","2017-02-10T01:18:55+0000","link","http://www.huffingtonpost.com/entry/trump-muslim-ban-appeals-ruling_us_589b49cfe4b09bd304bf279e","291368465380_10158275620525381",NA,919,97,173
"291368465380","Representative Elijah E. Cummings","During an interview on Fox News this morning, Kellyanne Conway, with the official White House seal behind her, urged viewers to ""Go buy Ivanka's stuff.""    This appears to be a textbook violation of government ethics laws, so I wrote Chairman Chaffetz to request that the Oversight Committee refer Ms. Conway for review and potential disciplinary action.","2017-02-09T19:49:32+0000","link","http://www.salon.com/2017/02/09/elijah-cummings-to-house-oversight-committee-chairman-jason-chaffetz-investigate-kellyanne-conway/","291368465380_10158274417305381",NA,2529,430,527
"291368465380","Representative Elijah E. Cummings","Last night, Majority Leader Mitch McConnell attempted to silence not only Senator Elizabeth Warren, but the late Coretta Scott King. It was a shameful attempt to stifle the thorough debate on President Trump’s nominees that the American people expect and deserve.   I applaud Senator Warren and my Democratic colleagues in the Senate for fighting on behalf of the millions of Americans who have demanded that the next U.S. Attorney General be committed to upholding our most fundamental constitutional rights.  In the battles to come, both in Washington and in communities nationwide, I urge my colleagues to follow Senator Warren’s lead—as she persisted last night, so must we.  We do not have the right to remain silent.","2017-02-08T18:15:46+0000","link","http://www.nbcnews.com/politics/congress/sen-elizabeth-warren-barred-speaking-impugning-sen-jeff-sessions-n718166","291368465380_10158269690715381",NA,901,114,340
"291368465380","Representative Elijah E. Cummings","Today, a bipartisan coalition of my House colleagues and I introduced the #MERCYAct, which would prohibit the solitary confinement of juveniles who are tried in the federal system and held in pretrial facilities or juvenile detention facilities.  When our youth are incarcerated, they are often already forced to reckon with the stark reality of the consequences of their actions—such as being separated from their friends and family and grappling with uncertain futures.  Compounding incarceration with solitary confinement can break a young person’s spirit beyond repair, and it can have devastating long-term impacts on their mental and physical health.    The #MERCYAct will take a strong step toward eliminating this barbaric practice, so that we can ensure our youth have a chance to be rehabilitated and become contributing members of their communities.","2017-02-07T22:30:56+0000","link","https://cummings.house.gov/media-center/press-releases/bipartisan-coalition-house-members-introduce-legislation-ban-juvenile","291368465380_10158265765890381",NA,389,34,56
"291368465380","Representative Elijah E. Cummings","Last week I spoke to CQ Roll Call about what Black history means to me as both a U.S. Congressman and the son of two former sharecroppers. Watch","2017-02-07T19:02:34+0000","link","http://www.rollcall.com/video/black_history_and_america_s_capitol","291368465380_10158264918730381",NA,128,8,23
"291368465380","Representative Elijah E. Cummings","I just left the viewing for the six beautiful children of Katie and Bill Malone.  It was an incredibly moving experience.  Katie & Bill and their families were surrounded by so many people who simply wanted them to know that they cared and wanted to show their support.  Katie and Bill shared with me that this is the most pain they have ever experienced but they also said that they are extremely grateful to everyone for giving their time, effort and resources to enable them to walk through this difficult portion of their destiny.  I too say,  THANK YOU!!","2017-02-05T19:33:39+0000","photo","https://www.facebook.com/elijahcummings/photos/a.10151331353495381.817309.291368465380/10158255569325381/?type=3","291368465380_10158255569325381",NA,89,17,7
"291368465380","Representative Elijah E. Cummings","Last  year, Senate Majority Leader Mitch McConnell and Senate Republicans refused to perform their constitutional duty to advise and consent on President Obama’s nominee to the Supreme Court, Judge Merrick Garland.  President Trump had an opportunity to unite our nation around a consensus pick like Judge Garland.  Instead, he has nominated Judge Neil Gorsuch, whose record on the bench puts him outside the legal mainstream.  Now more than ever, our nation needs an independent Supreme Court that will defend the Constitution—not protect the interest of corporations and the powerful.  Judge Gorsuch has consistently sided with corporate interests over working families, and he has spoken publicly and often about his contempt for ‘the Left’ and ‘liberals.’  I am not confident that if confirmed, Judge Gorsuch would defend marginalized communities’ right to equal protection.  This gives me grave concerns.  We cannot allow this to become the new normal.  Before any vote is held on his confirmation, I urge my colleagues in the Senate to examine Judge Gorsuch’s record extremely carefully to ensure that he will defend the Constitution and working families.  The American people deserve nothing less.","2017-02-02T16:03:27+0000","link","https://thinkprogress.org/who-is-neil-gorsuch-17c49a21a17f#.39mgn3axb","291368465380_10158240028165381",NA,294,95,121
"291368465380","Representative Elijah E. Cummings","From Frederick Douglass to #BlackGirlMagic, African American history is American history.  I look forward to Black History Month every year, because it is an opportunity for our nation to celebrate the many ways African Americans have shaped America.  This month, we will tell and retell the stories of African Americans who are too often forgotten.  We will tell the stories of people like Ms. Juanita Mitchell, who worked for the Baltimore NAACP, and helped me and my friends integrate Riverside Pool when I was 10 years old.  I have been proud to see our young people take to the streets to voice their displeasure with the direction of our country in recent weeks.  For generations, countless African Americans have spoken up when they see injustice, and it is in their memory that we fight to protect our progress today.  Not just for ourselves, but for generations yet unborn.","2017-02-01T21:43:33+0000","status",NA,"291368465380_10158236776030381",NA,402,17,25
"291368465380","Representative Elijah E. Cummings","Yesterday, President Trump fired acting Attorney General Sally Yates after she refused to defend his unconstitutional Muslim ban.    There comes a time when people, no matter who may be their boss, they stand upon their principles, so at the end of the day they can look them selves in the mirror and say 'I synchronized my conduct with my conscience.' Sally Yates is such a person. She is a patriot.","2017-01-31T21:52:10+0000","link","http://www.cnn.com/2017/01/30/politics/donald-trump-immigration-order-department-of-justice/","291368465380_10158232267800381",NA,593,85,121
"291368465380","Representative Elijah E. Cummings",NA,"2017-01-29T23:08:09+0000","video","https://www.facebook.com/elijahcummings/videos/10158222250530381/","291368465380_10158222250530381","Representative Elijah E. Cummings was live.",803,389,216
"291368465380","Representative Elijah E. Cummings","I will be on MSNBC's Politics Nation at 8am‎ to discuss Trump's voter fraud claims & other news of the day. Please tune-in!","2017-01-29T12:38:50+0000","status",NA,"291368465380_10158219860245381",NA,290,38,15
"291368465380","Representative Elijah E. Cummings","I can think of few things more un-American than discriminating against people seeking refuge on our shores because of their religion.  This action betrays who we are as a country and makes us less safe.     America has always been at its best when we understand that diversity is our promise—not our problem.  Americans of all faiths—Catholic, Jewish, Muslim, Mormon—oppose this blatant religious discrimination, and I urge President Trump to rescind his order immediately.","2017-01-28T17:34:31+0000","link","https://www.nytimes.com/2017/01/27/world/middleeast/muslims-trump-visa-restrictions-.html?smprod=nytcore-iphone&smid=nytcore-iphone-share","291368465380_10158216511775381",NA,1156,139,484
"291368465380","Representative Elijah E. Cummings","The evidence is mounting and it is clear: Americans don’t want Republicans to #MakeAmericaSickAgain. Will they listen?","2017-01-28T16:20:33+0000","link","https://www.washingtonpost.com/news/the-fix/wp/2017/01/27/republicans-should-be-scared-of-repealing-obamacare-and-this-poll-shows-why/?utm_term=.e693e281b9d0","291368465380_10158216257345381",NA,465,39,104
"291368465380","Representative Elijah E. Cummings","They won't say it publicly, but House Republicans know how bad ACA repeal will be for Americans. Don't #MakeAmericaSickAgain.","2017-01-27T21:21:31+0000","link","https://www.washingtonpost.com/politics/behind-closed-doors-republican-lawmakers-fret-about-how-to-repeal-obamacare/2017/01/27/deabdafa-e491-11e6-a547-5fb9411d332c_story.html?utm_term=.d71acbba1a8e","291368465380_10158213010540381",NA,785,102,300
"291368465380","Representative Elijah E. Cummings","For more than a century, Congress has protected the rights of federal employees to communicate with Congress about waste, fraud, and abuse in the Executive Branch.  President Trump must make clear to all federal employees that they have the right to communicate with Congress and that he and his Administration will not silence or retaliate against whistleblowers.","2017-01-26T18:07:30+0000","link","http://www.politico.com/story/2017/01/elijah-cummings-trump-agencies-law-234222?cmpid=sf","291368465380_10158207615790381",NA,1443,95,1076
"291368465380","Representative Elijah E. Cummings","Last night several Howard County Community Leaders & I met with the new Howard County Public School System's (HCPSS) School Board & the Superintendent Dr. Renee Foose. We discussed HCPSS' response to dealing with 'hate incidents' in our schools and communities and asked for effective & efficient solutions. It was a purposeful meeting.","2017-01-26T14:26:33+0000","photo","https://www.facebook.com/elijahcummings/photos/a.10153258911320381.1073741826.291368465380/10158206808680381/?type=3","291368465380_10158206817950381","Representative Elijah E. Cummings added 4 new photos — at Howard County Board of Education.",111,9,6
"291368465380","Representative Elijah E. Cummings","I will be on MSNBC’s All In w/ Chris Hayes tonight at 8:30 p.m. to discuss Trump’s voter fraud allegations and intimidating federal workers.  Please tune-in!","2017-01-25T22:45:39+0000","status",NA,"291368465380_10158203947880381",NA,297,46,26
"291368465380","Representative Elijah E. Cummings","President Trump wants a major investigation of voter fraud—well now he has one. He continues to be obsessed with false numbers and statistics, but these are not ‘alternative facts,’ and there is no evidence to support these claims.  What is a fact is that Republicans in statehouses across America have passed restrictive laws that impair the ability of legitimate voters to participate, and they use the myth of voter fraud to justify their abuses.  We should be expanding the ability of legitimate voters to exercise their rights—not degrading them.","2017-01-25T19:08:56+0000","link","http://www.marketwatch.com/story/house-democrat-elijah-cummings-says-trump-is-worried-about-the-wrong-sort-of-voter-transgression-2017-01-25","291368465380_10158202909730381",NA,831,106,156
"291368465380","Representative Elijah E. Cummings","If these reports are true, President Trump should immediately and unequivocally state that he is in no way preventing whistleblowers from talking to Congress, because that would be against the law.","2017-01-25T15:53:56+0000","link","http://www.huffingtonpost.com/entry/trump-communication-freeze_us_58878b3ae4b0441a8f7114e2","291368465380_10158202048190381",NA,593,131,399
"291368465380","Representative Elijah E. Cummings","I will be on MSNBC's Morning Joe today at 7:20AM to discuss prescription drug pricing. Don't miss it.","2017-01-25T11:30:26+0000","status",NA,"291368465380_10158200935515381",NA,141,30,6
"291368465380","Representative Elijah E. Cummings","President Trump showed just what kind of a boss he intends to be. On his first day he targeted middle class people who work for the American public, making their lives harder and more stressful. Working families beware: this is a signal to bosses everywhere to do the same.","2017-01-24T16:30:53+0000","link","http://www.baltimoresun.com/business/bs-bz-federal-hiring-freeze-20170123-story.html","291368465380_10158194522310381",NA,247,113,247
"291368465380","Representative Elijah E. Cummings","President Trump is in apparent breach of the lease with the Federal Government for his hotel in Washington, DC.  I have been raising concerns about this issue for months, and I understand that GSA raised my concerns with the Trump transition team directly several weeks ago.   My hope has always been that President Trump would resolve these breach-of-lease and conflict of interest issues prior to being sworn in as President on January 20.    Unfortunately, President Trump has refused to address these concerns, and taxpayer dollars may now be squandered as career public servants are forced to take remedial action to cure this breach.","2017-01-23T18:58:35+0000","link","https://www.buzzfeed.com/aramroston/trumps-dc-hotel-lost-11-million-in-first-two-months-democrat?utm_term=.yqEvE1lpmx#.qdlP1eN7jV","291368465380_10158186655045381",NA,783,123,346
"291368465380","Representative Elijah E. Cummings","This move by President Trump will shut down health clinics around the world, risking lives and limiting access to care and truthful medical information.","2017-01-23T17:02:27+0000","link","http://www.huffingtonpost.com/entry/donald-trump-global-gag-rule_us_58822355e4b070d8cad1f774?2h0qxx9cl5edrc0udi","291368465380_10158186153300381",NA,217,126,660
"291368465380","Representative Elijah E. Cummings","This morning, President Barack Obama left the White House for the last time as our Commander-In-Chief.   Like many of you, I am filled with many emotions—gratitude, respect, sadness and pride.    I am old enough to remember segregation.  When I was 10 years old, my friends and I marched in Baltimore to integrate Riverside Pool.  That experience was the first time in my life that I realized I had rights other people had to respect.  And despite the progress that our nation had made in my lifetime, I did not know if I would live to see a Black president.   All that changed the day then-Senator Obama called me to let me know he was running for President. I asked him, “President of what?” He said, “President of the United States.”  He asked me to create and lead Marylanders for Obama, and I was proud when he won the Maryland Democratic Primary 61 to 36 percent.   In the years that have passed since that phone call, not once have I regretted being an early supporter of President Obama.  The poise, grace and dignity with which he has served our nation has made me proud beyond words.  He has presided over an Administration that has held the highest ethical standards and has been scandal-free for 8 years.    President Obama entered the White House at a perilous time in our nation.  Sometimes, it’s hard to remember just how scary things were.  Due to President George W. Bush’s failed economic policies, our nation’s economy was collapsing; financial institutions were going bankrupt one after another; we were losing more than 700,000 jobs every single month; and unemployment reached a high of 10%.    Despite these seemingly insurmountable odds, President Obama turned our nation around.  Working with Democrats in Congress, he pressed for a stimulus package that halted the bleeding and helped millions of American families.  He signed the Dodd-Frank Act, which brought accountability to our nation’s financial system and created the Consumer Financial Protection Bureau.  He signed the Affordable Care Act, which has helped 20 million Americans get health insurance—many of them for the first time in their lives.  He signed legislation to help students struggling under a mountain of student loan debt, and he saved millions of jobs in our nation’s auto industry.  He has also over seen 75 consecutive months of private sector job growth, and has cut our unemployment rate in half from 10% to 4.7%.   President Obama has managed to do all this with no help from Congressional Republicans.  I served under during the Administrations of Presidents Clinton and Bush before President Obama, and in all my years in Congress, I have never seen a President face as much obstruction.  For 8 years, Republicans have placed their party over their country.  Senate Majority Leader Mitch McConnell said, in 2010, that he and his colleagues’ primary goal was “for President Obama to be a one-term president.”    As we prepare for life under the Trump Administration, we know that we will have to fight to protect our progress.  Congressional Republicans have already set the stage to repeal the Affordable Care Act, and there are reports that the President-Elect’s first budget to Congress will propose drastic cuts to domestic violence shelters and local police departments.   For us to truly honor our great President and his legacy, we must follow his lead.  We must remain focused on what we are fighting for, not who we are fighting against.  We must work hard every day to make America more fair and more equal.  We must work to create an economy that works for all Americans, not just those at the very top.   So today, I am asking you to join me in thanking President Barack Obama.  I thank him, the First Lady and their wonderful daughters for being role models for young people across our nation.  I thank him for bringing our economy back from crisis.  And I thank him for giving us hope and reminding us that our nation is a constant work in progress, and we are all responsible for perfecting it.","2017-01-20T15:12:07+0000","status",NA,"291368465380_10158168469810381",NA,1418,130,281
"291368465380","Representative Elijah E. Cummings","I plan to attend President-Elect Trump’s inauguration.  This is a decision each Member must make for himself or herself.   Like many of my colleagues, I have been fighting my entire life to create a more equal society for all Americans, so I certainly understand why some of them have come to the conclusion that they cannot attend.  There are so many people who came before me who struggled so that African Americans could be full participants in our democracy.  I believe that I honor their sacrifice by asserting my democratic right to attend an inauguration.  The inauguration is bigger than President-Elect Trump.  It is a chance for the world to witness our nation’s greatest ritual:  the peaceful transfer of power.  As millions of Americans witness the event, I want them to know that there will be Members of Congress present who will be vigilant to ensure that the Trump Administration is held to the highest ethical standards.  Our democracy is the strongest in the world because our powerful executive is checked by an equally powerful legislative branch.  All Members of Congress—Republicans and Democrats serving in the House and Senate—swore to uphold the Constitution and protect the American people.  It is our responsibility to do everything in our power to make sure that our federal agencies operate the way they were intended, and in an efficient and effective manner.   In two days, President-Elect Trump will control the world’s most powerful military and largest nuclear arsenal, and he will be the steward of the world’s largest economy.  I fear that during his Administration, our political institutions will suffer a crisis of legitimacy.  Many of our federal agencies, including the CIA and the FBI, will be tested.    Unfortunately, House Republicans have made clear that they have no intention of checking the Trump Administration.  Instead, they have become contortionists in their efforts to avoid doing their jobs and have coordinated with the Trump campaign in their attacks on our nation’s top ethics officials.   Congress cannot sit by as a President fails to rectify his many conflicts of interest and refuses to acknowledge his impending violations of the Emoluments Clause. We must act as the last line of defense for our democracy, press Republicans to do their jobs, and hold President-Elect Trump accountable to the American people and the rule of law.  We must also guard the progress that was made under President Obama by turning our protest into policy, and advancing legislation that will uplift the lives of the American people.","2017-01-18T20:35:03+0000","status",NA,"291368465380_10158160706115381",NA,781,380,138
"291368465380","Representative Elijah E. Cummings","""Repealing major provisions of the Affordable Care Act, while leaving other parts in place, would cost 18 million people their insurance in the first year, a report by the nonpartisan Congressional Budget Office said on Tuesday. A repeal could increase the number of uninsured Americans by 32 million in 10 years, the report said, while causing individual insurance premiums to double over that time.""","2017-01-17T22:22:52+0000","link","https://www.nytimes.com/2017/01/17/us/politics/congressional-budget-office-affordable-care-act.html?src=twr&smid=tw-nytimes&smtyp=cur&_r=0","291368465380_10158156671025381",NA,165,29,135
"291368465380","Representative Elijah E. Cummings","Today, we celebrate Dr. Martin Luther King, Jr.’s life, legacy, and his contributions to creating a more free, more fair America.  We also celebrate the thousands of Americans who joined him in the Civil Rights Movement.     Dr. King’s dream was for every American citizen to have equal access to opportunity, without being hindered by race, gender, or class.  Today, we must take pride in our progress, but we must work to create what Dr. King called the Beloved Community—a community founded on equal opportunity, justice and love for our neighbors.   We must work to ensure that every child in America receives a high-quality education.  We must work to ensure that all women receive equal pay for equal work.  We must work to ensure that all Americans have an opportunity to lift themselves into the middle class.","2017-01-16T17:59:06+0000","status",NA,"291368465380_10158151108030381",NA,753,46,76
"291368465380","Representative Elijah E. Cummings","To my dear friend & Brother, John Lewis: thank you for taking action to make this country better.","2017-01-14T17:18:45+0000","photo","https://www.facebook.com/elijahcummings/photos/a.10151331353495381.817309.291368465380/10158141162430381/?type=3","291368465380_10158141162430381",NA,5063,171,1915
"291368465380","Representative Elijah E. Cummings","I am asking that our entire community pray for my staff member, Katie Malone, and her young family. Katie has worked as a Special Assistant in my Catonsville office for nearly 11 years where she dutifully serves my constituents in the areas of immigration, postal services, and the military, including Service Academy nominations.  I am grateful to the Baltimore City Fire Department and all those who responded quickly to the devastating fire.  My staff is a family and this unimaginable tragedy is shocking and heartbreaking to us all. I again ask for your prayers.  https://www.google.com/amp/www.baltimoresun.com/news/maryland/baltimore-city/bs-md-ci-fire-20170112-story,amp.html","2017-01-12T20:16:25+0000","link","https://www.google.com/amp/www.baltimoresun.com/news/maryland/baltimore-city/bs-md-ci-fire-20170112-story,amp.html","291368465380_10158131493135381",NA,418,316,283
"291368465380","Representative Elijah E. Cummings","Tonight, President Obama exhibited the same poise and steady leadership he has exhibited since he was inaugurated in 2009.   During my entire career in Congress, I have never seen any president face the levels of obstruction that President Obama faced from congressional Republicans.  They have stymied, blocked, and tried to torpedo nearly everything he has tried to do.  Despite these roadblocks, the President kept his focus on who he was fighting for—not who he was fighting against.   In the darkest days of the Great Recession, our nation’s economy was in freefall.  As a result of failed Republican economic policies, financial institutions were going bankrupt one after another, we were losing more than 700,000 jobs per month, and unemployment reached a high of 10%.     I remember very well the hearings we had in the Oversight Committee when Alan Greenspan admitted that he made a mistake by trusting our financial institutions to do the right thing.  We heard testimony from the head of Lehman Brothers, and we heard from the credit rating agencies about the abuses in which they engaged.   President Obama turned our nation around.  He pressed for a stimulus package that halted the bleeding.  Working with a Democratic Congress, he stemmed the losses.  He signed the Dodd-Frank bill, he passed the ACA, he enacted student loan reform, and he saved the auto industry.  Since that time, the unemployment rate declined from 10% to 4.7%.  We have had 75 consecutive months of job growth.  And 20 million Americans now have the security of having health insurance.    President Obama lifted this nation from financial ruins and saved us from another Great Depression.  Millions of Americans are better off today than they were eight years ago.   As President Obama begins his life outside the White House, remaining silent may not be an option when our nation is faced with issues that will affect generations yet unborn.  If those moments arise, I urge him to continue speaking boldly.  I also urge our new leaders to heed the President’s call to action.  We must do all we can to protect our progress so future generations are not fighting the same fights tomorrow that we are today.","2017-01-11T03:09:52+0000","link","https://www.nytimes.com/2017/01/10/us/politics/obama-farewell-address-speech.html?_r=0","291368465380_10158121147815381",NA,2756,153,990
"291368465380","Representative Elijah E. Cummings","Don't miss CNN's Anderson Cooper tonight around 8:30pm. I will be discussing President Obama's legacy. Please tune-in!","2017-01-11T00:58:55+0000","status",NA,"291368465380_10158120779215381","Representative Elijah E. Cummings updated his status.",192,27,10
"291368465380","Representative Elijah E. Cummings","What's standing between Donald Trump and the U.S. Constitution? Learn more about the Emoluments Clause here:","2017-01-10T17:56:53+0000","link","https://www.youtube.com/watch?v=qtVz62r8sSY","291368465380_10158119271215381",NA,316,42,108
"291368465380","Representative Elijah E. Cummings","I was proud to join U.S. Senator Elizabeth Warren and Congresswoman Katherine Clark to introduce legislation to resolve President-elect Trump's conflicts of interest.    President-elect Donald Trump claimed last year he would hold a big press conference to explain to the American people exactly how he planned to resolve his vast conflicts of interest, but he never did it.    Both Republican and Democratic experts have warned repeatedly that President-elect Donald Trump must completely divest his ownership interests in his companies around the world and place the assets in a truly independent blind trust, or else he will breach federal contracts and violate the United States Constitution.","2017-01-10T13:40:09+0000","link","http://www.huffingtonpost.com/entry/elizabeth-warren-trump-conflicts_us_58728387e4b099cdb0fd8845","291368465380_10158118147105381",NA,831,67,134
"291368465380","Representative Elijah E. Cummings","My daughters Adia & Jennifer with the President and First Lady at the White House Christmas Party 2016.","2017-01-09T12:09:39+0000","photo","https://www.facebook.com/elijahcummings/photos/a.10151331353495381.817309.291368465380/10158112485340381/?type=3","291368465380_10158112485340381",NA,3219,130,621
"291368465380","Representative Elijah E. Cummings","As we begin the 115th Congress, I promise to do what I have done since I was first elected to Congress -- I will search for opportunities to uplift my constituents.  Many of the programs that help my constituents get ahead will be under attack during the Trump Administration, and I owe it to the people who sent me to Congress to be their advocate.","2017-01-04T15:13:16+0000","link","http://www.baltimoresun.com/news/maryland/baltimore-county/catonsville/ph-ca-at-elijah-cummings-0104-20170103-story.html","291368465380_10158087266230381",NA,1229,146,117
"291368465380","Representative Elijah E. Cummings","It was a great honor to serve my neighbors in Maryland's Seventh Congressional District in Washington last year. As we begin the 115th Congress, I want to share some highlights from the year.","2017-01-03T18:05:49+0000","photo","https://www.facebook.com/elijahcummings/photos/a.10151331353495381.817309.291368465380/10158082588105381/?type=3","291368465380_10158082589670381",NA,188,21,15
