"from_id","from_name","message","created_time","type","link","id","story","likes_count","comments_count","shares_count"
"160513344045084","John Neely Kennedy","I voted ""no"" because the federal government has to learn to live within its means, period. Tax dollars represent the sweat and hard work of American families, and we owe it to them to pass a balanced budget. I'm not going to stop until we do just that.","2017-05-06T20:06:22+0000","link","http://www.theadvocate.com/baton_rouge/news/politics/article_d78af7d2-31d1-11e7-872f-a3fc4dad6c2f.html","160513344045084_1363619287067811",NA,2080,242,193
"160513344045084","John Neely Kennedy","If you want to start a landscaping business, all you should need is a lawnmower—not a lawnmower, a lawyer, a CPA and a compliance officer.   Federal government regulations cost every American family $15,000 a year.  I am co-sponsoring S:56, The RED Tape Act of 2017, to help our small businesses create jobs.","2017-03-02T23:12:57+0000","status",NA,"160513344045084_1287000678063006",NA,493,134,59
"160513344045084","John Neely Kennedy","Former President Obama leaving Washington, D.C. as a private citizen.","2017-01-25T03:11:33+0000","photo","https://www.facebook.com/JohnKennedyLouisiana/photos/a.160522054044213.35042.160513344045084/1249715911791483/?type=3","160513344045084_1249715911791483",NA,218,99,22
"160513344045084","John Neely Kennedy",NA,"2017-01-25T03:10:06+0000","photo","https://www.facebook.com/JohnKennedyLouisiana/photos/a.253194978110253.55625.160513344045084/1249715278458213/?type=3","160513344045084_1249715308458210","John Neely Kennedy updated their cover photo.",86,63,5
"160513344045084","John Neely Kennedy",NA,"2017-01-20T23:10:04+0000","photo","https://www.facebook.com/JohnKennedyLouisiana/photos/a.1245333035563104.1073741843.160513344045084/1245333072229767/?type=3","160513344045084_1245333072229767","John Neely Kennedy added 4 new photos to the album: Inauguration Day 2017.",233,25,9
"160513344045084","John Neely Kennedy","Folks, a special session of Congress certified the electoral votes today giving us a new President and a better direction for our country. President Trump and Vice-President Pence are our new leaders, and I couldn't be more excited about the possibilities that we now have before us. The people of this great nation are ready and I am too. Now, it's time to make the voters proud!","2017-01-07T02:39:30+0000","status",NA,"160513344045084_1232877000142041",NA,723,84,38
"160513344045084","John Neely Kennedy","A wonderful yet humbling experience today as I was sworn in as a U.S. Senator.  I was thrilled that my family was able to be with me on this day. Tomorrow, we get to work on behalf of the people of Louisiana. I won't let you down.","2017-01-04T00:08:18+0000","photo","https://www.facebook.com/JohnKennedyLouisiana/photos/a.160522054044213.35042.160513344045084/1230070683756006/?type=3","160513344045084_1230070683756006",NA,1863,236,177
"160513344045084","John Neely Kennedy","Have a Happy New Year everyone and please be safe. I'm so grateful and excited to be representing the great people of Louisiana in the United States Senate in 2017. Now, it's time to get to work!","2017-01-01T14:19:33+0000","status",NA,"160513344045084_1227916680638073",NA,425,51,12
