"from_id","from_name","message","created_time","type","link","id","story","likes_count","comments_count","shares_count"
"161729837225622","Madeleine Z. Bordallo","I am very concerned by the proposed cuts to the Office of Insular Affairs contained in the President’s Budget. The Government of Guam and many of our non-profit organizations rely on technical assistance from OIA to modernize equipment, support programming, and provide services in our community, and while relatively small, could have significant impacts on their abilities to carry out their missions.  Additionally I’m concerned that the President’s Budget also eliminates $3 million in discretionary Compact impact. Compact impact continues to be one of the most challenging issues impacting our community, and funding is already inadequate to meet the costs incurred by GovGuam. Over the last several years, I fought to protect this funding and will again work with my colleagues to ensure that we continue to prioritize Compact impact.  I appreciate Secretary Zinke’s recognition of the important role Guam plays in the region and his commitment to working with me to ensure that our issues are addressed. I will continue to advocate for robust funding for Guam and the OIA programs that support our community.","2017-06-22T22:00:00+0000","link","https://bordallo.house.gov/media-center/press-releases/bordallo-addresses-oia-budget-cuts-during-natural-resources-hearing","161729837225622_1385082771556983",NA,4,0,1
"161729837225622","Madeleine Z. Bordallo","As the Ranking Member of the Readiness Subcommittee, I worked diligently with Chairman Wilson and the members of our subcommittee to include provisions that specifically benefit Guam and our community. I am pleased that we included language that would direct the Navy to turn over the old Ship Repair Facility to GEDA, at no cost to the government of Guam. This will allow us to leverage this asset and enhance ship repair capabilities that will benefit our civilian and military communities. I am hopeful that transferring the old SRF will also lead to increased job opportunities for local skilled laborers.  Additionally, I continue my efforts to obtain fact-based information on any use of Agent Orange or other dioxin-based herbicides on Guam. I continue to be dissatisfied with the DoD’s lack of evidence to support their assertion that these toxins were never present on Guam, especially in light of information provided by members of our community and former servicemembers. This provision requires the GAO to review this matter and provide their independent analysis based on available documentation and stakeholder engagement.  I appreciate that there was bipartisan support of these provisions in our subcommittee, and I look forward to them being included in the House bill when it is marked up by the full House Armed Services Committee next week.","2017-06-22T20:47:41+0000","link","https://bordallo.house.gov/media-center/press-releases/readiness-subcommittee-s-fy18-ndaa-mark-includes-bordallo-provisions","161729837225622_1385081894890404",NA,8,1,3
"161729837225622","Madeleine Z. Bordallo","Today, the Foreign Claims Settlement Commission opened the Guam War Claims Program. This program brings us one step closer to recognizing our manamko' for their unwavering loyalty to the United States during World War II. Claims forms can be found on my website at www.bordallo.house.gov and my office is ready to assist. If you have any questions, please call my District Office at 477-4272 or the Commission in Washington, D.C. at (202) 616-6975. Si Yu'os Ma'ase.","2017-06-19T20:00:00+0000","video","https://www.facebook.com/madeleine.bordallo/videos/1378982762166984/","161729837225622_1378982762166984","Madeleine Z. Bordallo with Madeleine Bordallo.",86,17,188
"161729837225622","Madeleine Z. Bordallo","I was honored to attend Philippine National Day reception here in Washington, D.C. to commemorate the 119th anniversary of the Philippines Independence. Our countries are important partners in regional security, economic advancement and humanitarian assistance, and our friendship continues to grow stronger.","2017-06-12T20:59:00+0000","photo","https://www.facebook.com/madeleine.bordallo/photos/a.626505660748035.1073741832.161729837225622/1375395272525733/?type=3","161729837225622_1375395272525733",NA,22,1,0
"161729837225622","Madeleine Z. Bordallo","I stressed to Assistant Secretary Cassidy the importance of the H-2B program on Guam, particularly to the military build-up, which includes hundreds of millions of dollars in military construction. This change was a result of internal decisions, and I believe that DHS can address this situation internally, without legislative action. I asked Assistant Secretary Cassidy to discuss the issue with DHS Secretary Kelly and leadership within DHS. He committed to raising the issue and communicating openly with me and my staff. In the meantime, I continue to work with my colleagues in Congress to address this situation legislatively and provide relief to our island.","2017-06-12T20:52:44+0000","link","https://bordallo.house.gov/media-center/press-releases/bordallo-discusses-h-2b-senior-dhs-official","161729837225622_1375394539192473",NA,7,0,1
"161729837225622","Madeleine Z. Bordallo","I strongly condemn the apparent terrorist attack against Resorts World Manila. The hotel remains on lockdown while authorities work to bring the situation under control. My thoughts and prayers go out to all the guests, employees, and visitors of Resorts World Manila. I know that Resorts World Manila is a favorite location for many foreign visitors, including many from Guam, and my office stands ready to assist any constituents on Guam trying to contact their loved ones in Manila through the U.S. State Department.  This senseless violence cannot continue.","2017-06-01T21:08:54+0000","link","https://bordallo.house.gov/media-center/press-releases/statement-apparent-terrorist-attack-resorts-world-manila","161729837225622_1364532353612025",NA,9,0,2
"161729837225622","Madeleine Z. Bordallo","Over the years, The Congressional Art Competition has become one of my favorite events to host for our community. I am honored every single year, to meet Guam’s young and talented artists who take the time to share their art and showcase Guam’s unique culture and beauty. And for a whole year, I along with millions of visitors to our nation’s Capitol will get to enjoy a little piece of home displayed in the Cannon tunnel connecting the different buildings on Capitol Hill. I congratulate Madison and her family and look forward to seeing many of her art pieces in the future.","2017-05-12T03:44:35+0000","link","https://bordallo.house.gov/media-center/press-releases/madison-orland-simon-sanchez-high-school-wins-2017-congressional-arts","161729837225622_1346571488741445",NA,16,0,0
"161729837225622","Madeleine Z. Bordallo","Despite the President’s and the House Republican Leadership’s efforts appease members of their own party, the bill passed by House Republicans today will cripple health care around the country and force millions of Americans to lose coverage. It is particularly concerning to Guam because the bill does nothing to address the unique health challenges in the territories and does not include important provisions that would make health care more affordable and accessible.   In particular, I believe that we must find ways to remove the disparity between the 50 states and the territories in Medicaid and bring down insurance costs. I continue to advocate for the elimination of our Medicaid cap, providing Medicaid eligibility to Compact migrants, improving the FMAP to give state-like treatment to the territories, and extending eligibility for the territories to participate in high risk pools extended to the states and D.C.    The Affordable Care Act was not perfect but we should work to improve it in a way that advances health care for all Americans. This bill doesn’t do that, and I encourage our colleagues in the Senate to defeat it.","2017-05-04T20:32:40+0000","link","https://bordallo.house.gov/media-center/press-releases/statement-republican-vote-repeal-affordable-care-act","161729837225622_1340376279360966",NA,6,2,3
"161729837225622","Madeleine Z. Bordallo","Today the House of Representatives passed a bill to provide funding for the federal government for the remainder of fiscal year 2017. While the bill is not perfect, it does contain several provisions that are important to Guam and the territories. Most importantly, it keeps the government funded avoiding another costly and unnecessary government shutdown.   I am pleased that the bill increases appropriations by nearly $5 million to the Office of Insular Affairs for assistance to the territories over the previous fiscal year. These funds are critical to promoting priorities in Guam and the other territories, especially in helping to enhance health care, infrastructure, and education. The bill also provides an additional $2.9 million for maintenance assistance, and $750,000 for sustainable energy and coral reef conservation initiatives.","2017-05-04T04:41:56+0000","link","https://bordallo.house.gov/media-center/press-releases/statement-passage-omnibus-appropriations-act-fy-2017","161729837225622_1339627032769224",NA,9,1,1
"161729837225622","Madeleine Z. Bordallo","Alejandro’s appointment to the U.S. Military Academy at West Point is a testament to his hard work as a student and member of NJROTC at Father Duenas Memorial School. Alejandro has worked tirelessly throughout his time in high school and I am confident that he will continue this success at West Point. I congratulate Alejandro and his family on his appointment to West Point and look forward to service as an Army officer.","2017-05-04T04:40:45+0000","link","https://bordallo.house.gov/media-center/press-releases/fajardo-appointed-us-military-academy","161729837225622_1339626482769279",NA,12,1,2
"161729837225622","Madeleine Z. Bordallo","I am proud of Xavier and congratulate him on this offer to attend the U.S. Air Force Academy and serve our nation. Xavier and his family have a lot to look forward to and I wish him luck at the Academy and for his successful completion of courses.  Xavier’s willingness to attend the U.S. Air Force Academy speaks volumes about the untapped potential of our future generations and their desire to serve their country. I know that Xavier will continue to excel and make our island proud.","2017-05-04T04:40:03+0000","link","https://bordallo.house.gov/media-center/press-releases/bordallo-announces-kirksey-appointed-us-air-force-academy","161729837225622_1339626076102653",NA,24,4,2
"161729837225622","Madeleine Z. Bordallo","Today I discussed Guam’s priorities with Leader Schumer and underscored the challenges we are having on Guam with our H-2B program and in maintaining affordable health care on island. I highlighted the progress we are making to move forward with the Marine realignment effort but that our H-2B crisis is significantly harming both the military and civilian communities. I asked Leader Schumer for his assistance in ensuring support in the Senate for language to fix our immediate challenges in the NDAA as well as providing a long-term solution during any negotiations to address comprehensive immigration reform.","2017-05-04T04:39:21+0000","link","https://bordallo.house.gov/media-center/press-releases/bordallo-discusses-guam-priorities-senate-democratic-leader-schumer","161729837225622_1339625846102676",NA,7,0,0
"161729837225622","Madeleine Z. Bordallo","Today I spoke with RDML Chatfield to discuss the Navy’s planned underwater detonation training in Outer Apra Harbor. I relayed to her our community’s concerns and urged her to further communicate with our community about the potential impacts of this exercise. To that end, I appreciate that RDML Chatfield has rescheduled the training to take place on May 18 so that our community’s concerns can be addressed. RDML Chatfield has also reassured me that there will be minimal impact, if any, to our environment, that the Navy will take appropriate safety precautions to protect personnel and marine life, and that in the future, the Navy will communicate more effectively with the public regarding these training exercises. I thanked her for these reassurances and encouraged her to maintain a strong partnership with our civilian community.","2017-04-25T23:06:02+0000","link","https://bordallo.house.gov/media-center/press-releases/bordallo-discusses-navy-explosive-ordnance-disposal-mobile-unit-training","161729837225622_1330563167008944",NA,18,0,3
"161729837225622","Madeleine Z. Bordallo","Tonight I'm delivering my annual Congressional Address to the people of Guam to report on federal issues important to our island. Now more than ever, it is important that we move forward, together to realize the island we envision for our children.","2017-04-19T08:30:00+0000","link","https://bordallo.house.gov/media-center/speeches/congressional-address-2017-moving-forward-together","161729837225622_1322670977798163",NA,26,1,1
"161729837225622","Madeleine Z. Bordallo","I was honored to speak at #Guam's 10th Annual #Autism Awareness Fair. We continue to make strides to increase the awareness of autism spectrum disorders and advocating for effective services and the unique needs of individuals with autism and their families. I join our community in this effort and pledge to #lightitupblue.","2017-04-08T01:03:14+0000","photo","https://www.facebook.com/madeleine.bordallo/photos/a.626505660748035.1073741832.161729837225622/1310914242307170/?type=3","161729837225622_1310914242307170",NA,9,4,1
"161729837225622","Madeleine Z. Bordallo","I share Governor Calvo’s frustrations over the strains the denial of H-2B worker has had on our community, but his reversal to no longer support the build-up is abrupt and may not immediately solve these challenges. I agree that Republicans and the Trump Administration have not demonstrated any willingness or initiative to address the unique challenges of our island. Since the beginning of last year, I have been working diligently with DOD to stress to USCIS the importance of the H-2B program to having an adequate workforce on Guam, and we are working to provide legislative relief in this year’s defense bill. We successfully included this legislation in last year’s bill but it was stripped out by the Republican-led Senate. While the Trump Administration lacks a clear domestic strategy, I have been and continue to work on a broader permanent solution that will address Guam’s unique workforce challenges.  I continue to believe that the buildup will be good for Guam and provide us with opportunities to expand and grow our community—through additional job creation as well as new specialized industries in areas like telecommunications and cyber security. It’s also critical for the continued security of our region, especially in light of growing threats from North Korea. We have invested heavily in supporting this buildup and while there have been challenges along the way, we continue to make progress to ensure that it is good for Guam and our people. Turning back now may jeopardize this progress, which includes significant civilian infrastructure investments and will settle outstanding land use challenges, such as the net-negative commitment which reduces the military footprint on our island.  I hope Governor Calvo is sincere when he says that he wants the buildup to happen, but that the H-2B challenges have forced his hand. I will continue to work with him and our stakeholders to push for an H-2B solution as well as advocate for a military buildup that addresses our community’s concerns and provides opportunities that are good for our people. We have had and will continue to have our challenges, but by working together, we will overcome them.","2017-04-06T06:03:01+0000","link","https://bordallo.house.gov/media-center/press-releases/bordallo-statement-governor-calvo-no-longer-supporting-buildup","161729837225622_1308904785841449",NA,9,3,6
"161729837225622","Madeleine Z. Bordallo","Requiring an electronic system for visitors’ travel to Guam or the CNMI under the regional Guam-CNMI visa waiver program is necessary now more than ever. As entry into the United States has increasingly moved into an electronic form, the Guam-CNMI VWP has been left behind. Our economy relies on a strong and vibrant visitor industry, and long lines at Guam and CNMI’s port of entries are simply unacceptable. If my bill becomes law, a more efficient process will enhance the visitor experience. I have been working diligently with GVB, U.S. Customs and Border Protection, and our other industry stakeholders to address the long wait times and ultimately modernize our systems. This bill will improve the visitor arrival experience and provide a dedicated revenue source for CBP to manage the volume of visitors entering our jurisdictions. My bill would help ensure that federal policy improves and expands economic opportunities and development in our region.  More at: https://bordallo.house.gov/media-center/press-releases/bordallo-reintroduces-modernizing-travel-marianas-act","2017-04-06T06:01:51+0000","photo","https://www.facebook.com/madeleine.bordallo/photos/a.626505660748035.1073741832.161729837225622/1308903052508289/?type=3","161729837225622_1308903449174916","Madeleine Z. Bordallo added 4 new photos.",4,0,0
"161729837225622","Madeleine Z. Bordallo","I am very proud to be able to nominate these students to the various U.S. Military Academies once again this year. These students have maintained excellent academic stranding and leadership skills throughout their high school careers, and I am confident that they will excel at the academies. These students are to be commended for their courage and willingness to serve our country. This is an excellent opportunity for all of Guam’s students and I encourage incoming seniors to consider attending the service academies after high school and serving in our military.","2017-02-28T00:59:30+0000","link","https://bordallo.house.gov/media-center/press-releases/bordallo-nominates-guam-students-military-academies","161729837225622_1273501936048401",NA,67,6,17
"161729837225622","Madeleine Z. Bordallo","Today's wreath laying ceremony was a fitting tribute on behalf of CODEL Bishop honoring those who died and suffered atrocities during World War II. I was deeply humbled by the presence of our war survivors-Guam's greatest generation.","2017-02-24T03:45:14+0000","photo","https://www.facebook.com/madeleine.bordallo/photos/a.691227394275861.1073741834.161729837225622/1270099886388606/?type=3","161729837225622_1270066499725278","Madeleine Z. Bordallo added 6 new photos — at War in the Pacific National Historical Park.",28,0,7
"161729837225622","Madeleine Z. Bordallo","I appreciate my Democratic colleagues’ continued confidence in me to serve as the Readiness Subcommittee’s Ranking Member for the 115th Congress. Our subcommittee provides oversight on critical issues that support our servicemembers’ ability to properly train and maintain equipment needed to fulfill their missions. The subcommittee is also responsible for oversight of operations and maintenance accounts, which enables me to continue to ensure that DOD, as an equitable partner, is being responsive to the needs of Guam. My position as Ranking Member of Readiness, in previous years, has helped to secure funding to address impacts associated with the Marine realignment as well as address workforce and other challenges.  In total, this role has allowed me to look out for our community’s interest in our on-going relationship with the military.  I look forward to continuing our bipartisan work to address the diverse issues before our subcommittee, and I welcome my good friend, Congressman Joe Wilson, as he becomes our new Readiness chairman. Congressman Wilson is a good friend of Guam and his knowledge of issues impacting our island will be invaluable in the years to come.  I also thank former Chairman Rob Wittman for his close partnership over the last four years.    I also look forward to continue serving on the HASC Subcommittee on Seapower and Projection Forces as well as on the Natural Resources Subcommittee on Indian, Insular and Alaska Native Affairs and Subcommittee on Water, Power and Oceans. These committee assignments are important to addressing the many unique issues that impact Guam and our region, and reflect the priorities of our community.","2017-02-08T22:10:09+0000","link","https://bordallo.house.gov/media-center/press-releases/bordallo-reappointed-readiness-subcommittee-ranking-member","161729837225622_1256450441086884",NA,32,6,3
"161729837225622","Madeleine Z. Bordallo","The H-2B visa program has been critical to supporting Guam’s workforce needs and sustaining our healthcare, tourism, and military construction industries. The rash of denials we have seen threatens U.S. military posture in the region and Guam’s economic well-being. I continue to believe that it is within USCIS’s authority to provide administrative relief for this crisis and I hope that Secretary Kelly will exercise his regulatory authority to address our challenges. I also encourage the Administration to consider any negative impacts future executive orders could have on our national security interests and to ensure that future actions on immigration do not have unintended consequences for the U.S. realignment in the region.","2017-02-03T00:01:40+0000","link","https://bordallo.house.gov/media-center/press-releases/bordallo-seeks-h-2b-regulatory-relief-new-dhs-secretary-kelly","161729837225622_1250927838305811",NA,14,2,1
"161729837225622","Madeleine Z. Bordallo","Today I met with senior DoD officials to discuss claims that Agent Orange was used on Guam during the Vietnam War. I appreciate the Department’s quick response in meeting to discuss my concerns. This was an initial meeting to discuss the deep concerns that have been raised in our community, and the DoD has asserted that Agent Orange was not used on, stored or transshipped through Guam during the Vietnam War. I look forward to reviewing their records that support this claim and continuing to engage with the DoD and local stakeholders so that we have all the facts on this issue.","2017-01-18T21:06:26+0000","link","https://bordallo.house.gov/media-center/press-releases/bordallo-meets-dod-officials-agent-orange","161729837225622_1235911463140782",NA,19,4,1
"161729837225622","Madeleine Z. Bordallo","The Navy and Marine Corps have long histories on Guam, and they have been important partners in our community. I have been proud to support our sailors and Marines during my time in Congress, and I thank them for their incredible service to our nation. I am grateful to the Navy and Secretary Mabus for this award. I look forward to working with the Navy and all our services to address their critical readiness issues during the 115th Congress.","2017-01-04T21:06:49+0000","link","https://bordallo.house.gov/media-center/press-releases/bordallo-receives-navy-distinguished-public-service-award","161729837225622_1224896700908925",NA,103,8,8
"161729837225622","Madeleine Z. Bordallo","I once again thank the people of Guam for the trust and confidence they continue to place in me to serve as their representative in Congress. I do not take for granted the incredible responsibility they have entrusted to me to be our island’s voice in Washington, and I will continue to build on the progress that we have made over the last 14 years. As we begin the 115th Congress, there are a are a number of key issues that I will continue to advocate for, especially on issues to build our economy, improve wages and retirement opportunities, advance education, and honor our manamko’.  However, ultimately Republicans plan an aggressive agenda that will attempt to implement their ultra conservative agenda. I will work with the other Delegates to try and address any of our legacy issues should comprehensive tax reform occur or should there be an effort at immigration reform. Further, if the Republicans get serious about replacing Obamacare we will work to ensure the territories are considered fairly and that our Medicaid funding is not arbitrarily cut.","2017-01-03T23:43:03+0000","link","https://bordallo.house.gov/media-center/press-releases/bordallo-begins-eighth-term-congress","161729837225622_1224212170977378",NA,184,16,17
