"from_id","from_name","message","created_time","type","link","id","story","likes_count","comments_count","shares_count"
"23068049436","Mike Enzi","President Trump signed a Department of Veterans Affairs accountability bill into law today, which I cosponsored. These needed reforms brings accountability and transparency to VA facilities by holding employees responsible for misconduct and establishing better protections for whistleblowers within the department.","2017-06-23T16:43:28+0000","link","https://www.enzi.senate.gov/public/index.cfm/news-releases?ID=B2FE370D-F142-46AE-8D82-DE4AF437ECE3","23068049436_10155393089179437",NA,117,32,12
"23068049436","Mike Enzi","The Fish and Wildlife Service announced their decision to delist the grizzly bears within Yellowstone today. I am pleased to see the administration recognizing the recovered status of the grizzly bear in the Yellowstone area. It is good to see management returned to state hands where it belongs. This is great news for Wyoming.","2017-06-22T19:48:58+0000","link","https://www.enzi.senate.gov/public/index.cfm/2017/6/wyoming-delegation-applauds-delisting-of-yellowstone-grizzly-bears","23068049436_10155390410849437",NA,305,46,55
"23068049436","Mike Enzi","After months of hard work, Senate Republicans are proposing solutions to address the challenges to health care created by Obamacare that are affecting millions of hardworking families. Senate Democratic leaders have repeatedly declared they would not be part of getting rid of the current deficient system. Members of the GOP conference discussed many different options. The plan we’ve released today is focused on tackling the problem of skyrocketing premiums while stabilizing the collapsing Obamacare insurance markets that threaten to leave millions of Americans with no affordable options for health care. The proposal is also focused on fixing the challenges facing Medicaid while retaining our commitment to provide health care to our most vulnerable populations. Most importantly though, it repeals the individual and employer mandates freeing the American people from the requirement that forced families to purchase insurance they either did not want or could not afford. I look forward to working with my colleagues on both sides of the aisle to help the nation transition from Obamacare’s broken promises to better care.","2017-06-22T17:21:13+0000","link","http://bit.ly/2sv1gAG","23068049436_10155390016274437",NA,117,242,24
"23068049436","Mike Enzi","Senator John Barrasso, Congressman Liz Cheney and I were pleased to present the Congressional Gold Medal to 24 Wyoming students today at the Capitol. (Only California and Florida had more Gold Medalists.) The Congressional Gold Medal is the highest award bestowed by Congress. With 373 recipients across 39 states, this was the largest class in history. I congratulate these young people for their hard work and dedication. Learn more here: http://bit.ly/2sRzUp2","2017-06-21T21:27:58+0000","photo","https://www.facebook.com/mikeenzi/photos/a.10155387375039437.1073741847.23068049436/10155387375174437/?type=3","23068049436_10155387375174437","Mike Enzi added 27 new photos to the album: 2017 Congressional Gold Medal Awards — with Cassidy Little and 2 others at United States Capitol.",174,16,25
"23068049436","Mike Enzi","No coal = no Netflix? Renewable energy sources are important and we should develop them, but not at the expense of other resources. We need them all to meet our growing needs.","2017-06-18T01:20:00+0000","video","https://www.facebook.com/AmericansForLimitedGovernment/videos/10156156124958942/","23068049436_10155375170824437","Mike Enzi shared Americans for Limited Government's video.",52,55,0
"23068049436","Mike Enzi","If you want to run a successful business, it can help to be innovative. Powerful technology is becoming more accessible to us every day. Ranchers in Wyoming are a perfect example of an industry taking advantage of technological advancements to improve efficiency and marketing. I wrote about it here:","2017-06-16T19:20:22+0000","link","https://medium.com/@SenatorEnzi/what-wyoming-ranchers-can-teach-you-about-innovation-f48423fc6d68","23068049436_10155371014084437",NA,74,14,7
"23068049436","Mike Enzi","The U.S. Senate passed a bipartisan measure today that would allow expanded sanctions against Iran and Russia. This bill would clamp down on Iran’s missile programs and choke off support of terrorism. The bill would also hold Russia accountable for its aggression in Ukraine and Crimea, along with its cyber-attacks, interference in elections and its continuing aggression in Syria.","2017-06-15T17:40:26+0000","link","http://bit.ly/2stB1eb","23068049436_10155367600534437",NA,98,25,11
"23068049436","Mike Enzi","As we celebrate Flag Day today, we celebrate our country’s symbol that stands for liberty and justice. It is a symbol of our values and principles wherever it flies around the world. Every thread represents our belief in freedom and the strength of our citizens. It is a constant reminder of the sacrifices our soldiers have made over the years for those ideals. It embodies the doctrines of our Constitution and the Declaration of Independence, including the belief that we are all endowed with the rights of life, liberty and the pursuit of happiness.","2017-06-14T18:12:21+0000","photo","https://www.facebook.com/mikeenzi/photos/a.97914029436.84314.23068049436/10155364312494437/?type=3","23068049436_10155364312494437",NA,58,11,9
"23068049436","Mike Enzi","In a Senate Budget Committee hearing today, I discussed with U.S. Treasury Secretary Steve Mnuchin the need for his department to address America’s mammoth national debt and boost economic growth. He also agreed with me that family-owned businesses should not face the threat of financial ruin caused by the death tax. It is time we free Americans from that burden, allowing them to preserve the livelihoods for their families and future generations. More info here: http://bit.ly/2sydGIY","2017-06-13T20:38:37+0000","video","https://www.facebook.com/mikeenzi/videos/10155361312089437/","23068049436_10155361312089437",NA,100,37,16
"23068049436","Mike Enzi","After 13 years, China has ended its ban on U.S. beef imports. One of the world’s largest markets is now open for Wyoming beef business. We are proud of our Wyoming ranchers. The opportunity to export our beef to more than a billion people in China could make a real difference for those around the Cowboy state.","2017-06-12T21:59:31+0000","link","https://www.enzi.senate.gov/public/index.cfm/news-releases?ID=FEFA39CB-EE9F-4363-B107-AC503C259B9E","23068049436_10155358584529437",NA,317,30,49
"23068049436","Mike Enzi","On June 7, 1917, Lions Clubs were founded. One hundred years later, Lions Clubs International is the world’s largest service club with more than 1.4 million members who participate across the globe. The Senate passed a resolution this week to commemorate the organization’s 100th anniversary. As a Lion, I was pleased to cosponsor this bipartisan resolution, which recognizes Lions Clubs International for a long history of humanitarian service. More here:","2017-06-09T19:14:47+0000","link","https://www.moran.senate.gov/public/index.cfm/news-releases?ID=42D7E4A9-4E18-4C2A-9853-458EE032386B","23068049436_10155348185789437",NA,13,6,1
"23068049436","Mike Enzi","The “fiduciary rule” that will make it more difficult for many Americans to plan their retirement is set to take effect today. I cosponsored legislation to instead provide common sense rules to ensure that families can plan for the future affordably while feeling secure in the financial advice they receive. The federal government is placing unnecessary hurdles in the way of hardworking American families trying to plan for their retirement. The misguided fiduciary rule will hurt the exact people it is designed to help, putting average American families at a disadvantage by essentially limiting their access to financial advice. Click here for more information:","2017-06-09T17:26:02+0000","link","https://www.isakson.senate.gov/public/index.cfm/news-releases?ID=AD6F4809-D3BA-4583-8AA2-BE0E020C52BD","23068049436_10155347902154437",NA,29,48,8
"23068049436","Mike Enzi","If you are going to be a junior in high school and looking for a truly unique experience, I recommend applying to be a page to the U.S. Senate for the fall session. Along with allowing students a front row seat during debates in the Senate, pages have the opportunity to explore the nation’s capital and interact with students from across the country. Check out the link below to learn more about this great opportunity and how to apply.","2017-06-08T20:38:36+0000","link","http://bit.ly/2rGz3qf","23068049436_10155345295019437",NA,15,6,5
"23068049436","Mike Enzi","I appreciate the tone being set by Interior Secretary Ryan Zinke, who announced today he is reviewing federal land management plans concerning the sage grouse. The state of Wyoming has developed an effective plan to protect the sage grouse within our borders while also allowing for responsible energy development and other land uses, so I was heartened to hear Secretary Zinke say it was important for the federal government to work closely with the states and for the federal government to be a good neighbor. It’s a delicate balance between conservation, industry, state, local and federal concerns and a heavy-handed approach from Washington could upset that balance.","2017-06-08T18:17:35+0000","link","https://www.enzi.senate.gov/public/index.cfm/news-releases?ID=51B8EA9B-7F83-4C96-91B4-ABDA40D5B4BE","23068049436_10155344854619437",NA,41,7,4
"23068049436","Mike Enzi","No matter what else happens, any week you get to spend traveling around Wyoming is a good week. I enjoyed speaking at the Wyoming Association of Municipalities Convention in Gillette and attending Wyoming Boys’ State in Douglas. It was also a pleasure to attend the Lions Clubs International District 15 Convention, and receive the Melvin Jones Fellowship honor, in Cheyenne this weekend.","2017-06-07T15:01:10+0000","photo","https://www.facebook.com/mikeenzi/photos/a.97914029436.84314.23068049436/10155341266014437/?type=3","23068049436_10155341268509437","Mike Enzi added 5 new photos.",97,20,9
"23068049436","Mike Enzi","Today the Senate passed a bipartisan bill that would reform the U.S. Department of Veterans Affairs by allowing the secretary to dismiss bad employees and ensure appropriate due process protections for whistleblowers. I cosponsored the legislation, which would help bring needed accountability to the VA to help ensure our veterans receive the care they deserve.","2017-06-06T22:49:50+0000","link","https://www.enzi.senate.gov/public/index.cfm/news-releases?ID=8C9D1F41-1284-482E-BF6B-3A4843F5DA8A","23068049436_10155339432414437",NA,224,37,40
"23068049436","Mike Enzi","Today we remember those brave Americans who stormed the beaches 73 years ago in order to fight for our freedom. May we never forget their sacrifices. #DDay73","2017-06-06T18:07:17+0000","link","https://media.giphy.com/media/3o6Zthqgss4W4klvZC/giphy.gif","23068049436_10155338495284437",NA,147,12,18
"23068049436","Mike Enzi","If you want to avoid stress when you travel internationally, here is a tip: renew your passport early. The U.S. Department of State expects to handle more than 20 million passport applications this year. There are more passports expiring than usual, so processing time and turnaround could be longer as the State Department deals with the high volume of renewal requests. My office can help with your passport needs, but the longer you wait the more difficult it becomes. Some foreign countries require travelers’ passports to have at least six months of validity. Renewing a passport by mail can take eight weeks or more. An ounce of prevention…don’t wait to renew your passport.","2017-06-02T16:21:03+0000","link","https://giphy.com/gifs/l4FGtJ9gUCr5bS5Ak","23068049436_10155325161749437",NA,29,12,12
"23068049436","Mike Enzi","I applaud President Trump for making the decision to withdraw the United States from the Paris climate agreement. The choice by the former Administration to join the agreement without input from Congress was disingenuous and irresponsible. The Constitution requires the Senate to advise and consent to any treaty made by the president. The Paris agreement demanded too much from our country while letting others, such as China and India, off the hook for years. It was a bad deal for America. I look forward to working with the Trump Administration to continue positive policy reforms that support American energy and our economy.","2017-06-01T20:15:17+0000","link","https://www.enzi.senate.gov/public/index.cfm/news-releases?ID=5DF9FDCF-8099-4A7D-AF4D-D2E442633296","23068049436_10155322769839437",NA,1043,458,164
"23068049436","Mike Enzi","When I became the mayor of Gillette more than 40 years ago, we began efforts to provide more water for Gillette’s growing population. Yesterday, we celebrated as water flowed through the Madison Pipeline for the first time. This 42-mile pipeline expands Gillette’s groundwater sources to improve system delivery and meet the city’s long-term water needs. All of Gillette’s mayors and city leaders over the years have worked hard to make this possible and I was honored to celebrate this accomplishment with them at a ceremony at the Donkey Creek Pump Station yesterday. Today I spoke at the opening of the Wyoming Association of Municipalities convention in Gillette. This weekend I have more events in different parts of the state. The people I speak with are constant reminders of why our state is so special.","2017-06-01T17:36:00+0000","photo","https://www.facebook.com/mikeenzi/photos/a.97914029436.84314.23068049436/10155322386129437/?type=3","23068049436_10155322386129437",NA,126,25,4
"23068049436","Mike Enzi","On this Memorial Day, as on so many others in the past, we join together to remember those who gave their lives over the years so that our nation might be strong and free.  Because of them, we are able to pursue the American Dream and all that it promises and provides to us and our families.","2017-05-29T11:00:00+0000","photo","https://www.facebook.com/mikeenzi/photos/a.97914029436.84314.23068049436/10155304824174437/?type=3","23068049436_10155304824174437",NA,92,13,5
"23068049436","Mike Enzi","Over the last 50 years, our strategy of isolating Cuba hasn’t been very successful. I introduced bipartisan legislation with Senator Amy Klobuchar that would lift the travel restriction to Cuba, providing new opportunities for American businesses, farmers and ranchers. Trade is very powerful. It can be more than just the flow of goods, but also the flow of ideas – ideas of freedom and democracy are the keys to positive change in any nation. It is time we moved on from the failed ideas of the past and tried a new approach to Cuba.","2017-05-26T16:52:53+0000","link","https://www.enzi.senate.gov/public/index.cfm/news-releases?ID=B30E2851-0DAB-49A6-B6A7-9FD467F3CC36","23068049436_10155303930824437",NA,91,52,11
"23068049436","Mike Enzi","I introduced legislation with Rep. Liz Cheney and Senator John Barrasso that would allow states to collect their own federal mineral royalties, protecting money that is rightfully owed to the states.","2017-05-25T22:01:49+0000","link","https://www.enzi.senate.gov/public/index.cfm/news-releases?ID=1C55AB77-C00D-4249-B71D-27732D60ACBF","23068049436_10155301647189437",NA,191,37,17
"23068049436","Mike Enzi","Some people may not like how President Trump balances his budget, but I commend him for trying and I am looking for suggestions. The nation is in the worst fiscal shape since World War II. For more info: http://bit.ly/2rEunSq","2017-05-25T19:25:49+0000","video","https://www.facebook.com/mikeenzi/videos/10155301116684437/","23068049436_10155301116684437",NA,142,142,30
"23068049436","Mike Enzi","Just like hardworking American families, the government can’t continually spend more than it makes. What happens when we run out of financial gimmicks? It is time for Congress and the president to do what every American family has to do, live within our means. I commend the president on proposing a budget that balances, which has not happened in the last eight years. I also applaud the approach contained in the president’s budget to review and reform government programs and agencies to ensure they are both effective and efficient. But the president’s budget is a suggestion. We will take a close look at his budget, but Congress is mandated by the Constitution with key spending responsibilities and will ultimately decide what the nation’s fiscal priorities will be.","2017-05-23T18:10:23+0000","video","https://www.facebook.com/mikeenzi/videos/10155294455244437/","23068049436_10155294455244437",NA,88,64,21
"23068049436","Mike Enzi","My congratulations to the Wyoming Office of Tourism for being a finalist at the OBIE Awards for their ads. Creators were inspired by the question ""Why visit Wyoming?"" I especially like the fly fishing billboard.","2017-05-18T21:16:14+0000","photo","https://www.facebook.com/mikeenzi/photos/a.97914029436.84314.23068049436/10155279487569437/?type=3","23068049436_10155279513154437","Mike Enzi added 3 new photos.",446,23,118
"23068049436","Mike Enzi","It is important for Congress to ask if we are using taxpayer dollars wisely and operating the government as efficiently and effectively as the managers of a private sector company would. I held a Senate Budget Committee hearing on this issue earlier today. We must identify ways the government can operate in a more cost-effective manner. More info here: http://bit.ly/2rsozrz","2017-05-17T21:47:47+0000","video","https://www.facebook.com/mikeenzi/videos/10155276439919437/","23068049436_10155276439919437",NA,75,51,14
"23068049436","Mike Enzi","I voted in committee today to advance legislation that would allow Congress to review key federal regulations. Congress has given far too much power to unaccountable bureaucrats who implement too many regulations, many that are harmful to our country and our economy. The REINS Act & Midnight Rules Relief Act would give Congress new tools to help review and stop bad regulations in their tracks.","2017-05-17T17:10:23+0000","link","http://bit.ly/2pX4hFk","23068049436_10155275762614437",NA,137,60,14
"23068049436","Mike Enzi","Today the National Museum of Wildlife Art in Wyoming is celebrating its 30th anniversary. I am pleased to have helped pass legislative language in 2008 to officially designate it a “national museum.” This is an honor shared by a select group, including the Smithsonian museums. It is a testament to its wonderful collection of art.","2017-05-16T13:42:22+0000","link","http://trib.com/news/state-and-regional/national-museum-of-wildlife-art-celebrates-years/article_d0b1096c-4115-5b2e-9f10-088271f7a38c.html","23068049436_10155272078194437",NA,53,15,4
"23068049436","Mike Enzi","It was an honor to receive the Toy Association’s bipartisan Champion of Play award for dedication to education. Our children deserve to receive the best education our country can provide for them so they can learn what they need to succeed.","2017-05-11T21:09:45+0000","photo","https://www.facebook.com/mikeenzi/photos/a.97914029436.84314.23068049436/10155256890164437/?type=3","23068049436_10155256898654437","Mike Enzi added 2 new photos.",49,35,3
"23068049436","Mike Enzi","“I think we need to be bold in getting the economy going.” Those were the words of former Senator Phil Gramm, who spoke to the Senate Budget Committee today about the importance of growing our economy, and how government policies can either help, or hurt, that process. Whether it is tax rates, regulations or government spending, big policy changes can and do alter the economy. But regardless of growth, our spending still exceeds our income, and that will need to be something our nation addresses.","2017-05-10T22:17:29+0000","video","https://www.facebook.com/mikeenzi/videos/10155254342864437/","23068049436_10155254342864437",NA,54,121,5
"23068049436","Mike Enzi","I introduced bipartisan legislation with Senator Ron Wyden to protect responsible knife owners. With conflicting knife laws across the country, it can be difficult for individuals to know if they are violating the law when they are travelling with a knife. This bill would help fix that by ensuring that if you’re traveling from point A to point C with a knife that is legal in both locations, you shouldn’t have to worry about being charged with a knife possession crime in between at point B.","2017-05-10T21:38:46+0000","link","http://bit.ly/2qUt8yc","23068049436_10155254252019437",NA,101,61,33
"23068049436","Mike Enzi","Join me in celebrating Teacher Appreciation Day. There are more than 7,000 teachers in Wyoming. If you see one today, remember to thank them for everything they do for our students.","2017-05-09T14:34:25+0000","photo","https://www.facebook.com/mikeenzi/photos/a.97914029436.84314.23068049436/10155250439164437/?type=3","23068049436_10155250439164437",NA,71,35,28
"23068049436","Mike Enzi","Today Congress passed a bipartisan spending bill that provides billions in additional funding for our military, the largest border security increase in a decade and support for programs on which communities and families throughout Wyoming rely. All of this was done while staying within the spending limits Congress set. It is virtually impossible to write legislation that makes everyone happy, but I believe this bill does a good job at threading the needle. Click the link below for more details.","2017-05-04T19:13:29+0000","link","https://www.enzi.senate.gov/public/index.cfm/news-releases?ID=514A8955-0451-4224-84FC-E1ECA7E94760","23068049436_10155233696554437",NA,85,81,12
"23068049436","Mike Enzi","It is critical for Congress and the federal government to focus on policies that actually promote private sector growth. I held a Senate Budget Committee hearing on this issue earlier today. We cannot spend our way out of our fiscal challenges. Instead we must look to the private sector to create long-term growth, and often the policies needed to encourage business investment are as simple as getting out of the way.  Regulatory relief, tax reform and simplification, and reducing uncertainty in government policies can promote business investment and private sector growth. More info here: http://bit.ly/2pxXN2R","2017-05-03T19:08:27+0000","video","https://www.facebook.com/mikeenzi/videos/10155230787554437/","23068049436_10155230787554437",NA,78,47,10
"23068049436","Mike Enzi","If you don’t want to call or send a letter, my staff will be holding office hours in Laramie on May 2. I’ll be in DC for votes and committee work, but my staff will be there to listen and pass along to me any comments you have about any issue. Come on by.","2017-05-01T21:12:48+0000","photo","https://www.facebook.com/mikeenzi/photos/a.97914029436.84314.23068049436/10155225554799437/?type=3","23068049436_10155225554799437",NA,29,57,8
"23068049436","Mike Enzi","The U.S. Court of Appeals decided today to delay a ruling regarding the clean power plan lawsuit. By granting the Trump Administration’s request to suspend the lawsuit for 60 days, the court has provided the Environmental Protection Agency with time to review and rescind the program. This is a real victory for Wyoming and for all those who rely on affordable energy. The Clean Power Plan was designed to shut down coal power plants. Hopefully this court decision will instead signal the end of this terrible Obama-era regulation.","2017-04-28T20:51:08+0000","link","https://www.enzi.senate.gov/public/index.cfm/news-releases?ID=34FCAE0D-B118-4FCA-A648-16F96038834D","23068049436_10155216296639437",NA,112,80,24
"23068049436","Mike Enzi","The Marketplace Fairness Act is about supporting jobs and services we have in our towns while ensuring states have the ability to collect taxes they are owed, if they choose to. Right now, thousands of local brick-and-mortar businesses are forced to do business at a competitive disadvantage because they have to collect sales and use taxes while remote sellers do not. This legislation promotes internet fairness by putting Main Street businesses on a level playing field with online retailers. In 2013, the Senate passed this bill with bipartisan support. It’s time to give states the right to enforce their own laws without having to get permission from Washington.","2017-04-27T20:56:55+0000","link","https://www.enzi.senate.gov/public/index.cfm/news-releases?ID=3651AE27-0A85-42B3-A541-7F94CAECBB7C","23068049436_10155213237254437",NA,30,44,7
"23068049436","Mike Enzi","I applaud President Trump for signing an executive order today that requires a study to see where the federal government has unlawfully overstepped in trying to control our children’s education. It is important that we help return authority of our kid's education to where it belongs, with our teachers, parents and those at the local and state level. Congress passed a new law a few years ago to do just that, and this new order can play a role in helping those efforts.","2017-04-27T00:05:20+0000","link","http://www.washingtontimes.com/news/2017/apr/26/donald-trump-pull-feds-out-k-12-education/","23068049436_10155210746939437",NA,298,94,54
"23068049436","Mike Enzi","Even though Wyoming has an exemption, I appreciate the Trump Administration’s willingness to take a look at the National Antiquities Act. Some presidents have abused it.","2017-04-26T20:07:06+0000","link","https://westerncaucus.house.gov/media-center/press-releases/president-trumps-signs-order-to-review-massive-land-grabs-western-caucus","23068049436_10155210151934437",NA,151,108,82
"23068049436","Mike Enzi","Thanks to Mary Turney who wrote me about the Casting for Recovery program in Wyoming. The program is designed to “enhance the quality of life of women with breast cancer through a unique retreat program that combines breast cancer education and peer support with the therapeutic sport of fly fishing,” according to the organization’s website. The Wyoming retreat will be held at the Absaroka Ranch near Dubois in July. (It’s a beautiful place and I commend Budd and Emi Betts for hosting this program.)  Any woman who resides in Wyoming and has received a breast cancer diagnosis is eligible to apply for one of the 14 spots available. The application deadline is May 12.","2017-04-25T13:33:47+0000","link","http://bit.ly/2pONxAr","23068049436_10155206072304437",NA,65,51,9
"23068049436","Mike Enzi","When you are in need of medical attention, you want the service fast no matter where you are. That is where medical air service plays a key role. Got to visit REACH Medical Air Service in Cody and take a ride in their medical helicopter to see how they perform rescue services.","2017-04-22T20:26:59+0000","photo","https://www.facebook.com/mikeenzi/photos/a.10152765234929437.1073741844.23068049436/10155197751064437/?type=3","23068049436_10155197764884437","Mike Enzi added 4 new photos.",40,27,2
"23068049436","Mike Enzi","Enjoyed being in the Powell/Cody region this week. Got to talk with agriculture partners from the area, and toured the manufacturing company Wyoming Completion Technologies, Inc, which designs and manufactures high quality oil tools. Amazing to see their high tech robotic arm at work, nicknamed ""Minion"".","2017-04-22T16:07:19+0000","video","https://www.facebook.com/mikeenzi/videos/10155197018004437/","23068049436_10155197028254437","Mike Enzi added 5 photos and a video.",52,16,7
"23068049436","Mike Enzi","In Laramie earlier this week, I got to hear about the important issues facing the Laramie Airport and was able to see the new Laramie High School. The building is quite impressive and will hopefully provide some great resources for the students to help them succeed.","2017-04-22T03:25:58+0000","photo","https://www.facebook.com/mikeenzi/photos/a.10152765234929437.1073741844.23068049436/10155195606624437/?type=3","23068049436_10155195610644437","Mike Enzi added 8 new photos.",59,17,4
"23068049436","Mike Enzi","The University of Wyoming has done some amazing work on their athletic facilities in order to create a supportive environment for student athletes, and they still have some big plans for the future. Thanks to Wyoming Cowgirls Basketball Coach Joe Legerski, Football Coach Craig Bohl, and Senior Associate Athletics Director Randy Welniak for all the information about their work. Also was great to be able to talk with a few of the Cowboy Basketball players.","2017-04-21T02:49:10+0000","photo","https://www.facebook.com/mikeenzi/photos/a.97914029436.84314.23068049436/10155192529494437/?type=3","23068049436_10155192532114437","Mike Enzi added 9 new photos.",58,18,7
"23068049436","Mike Enzi","Researchers at the University of Wyoming now have access to the one of a kind High Bay Research Facility, which provides state of the art equipment to understand how to maximize unconventional oil and gas recovery. The unique capabilities of the building are truly amazing. #UWYO","2017-04-20T23:30:38+0000","photo","https://www.facebook.com/mikeenzi/photos/a.97914029436.84314.23068049436/10155192069589437/?type=3","23068049436_10155192073189437","Mike Enzi added 4 new photos.",52,15,6
"23068049436","Mike Enzi","I know that from the outside, almost every business looks easy to operate. But once you learn more about them, you realize how much work they take and all the challenges they have to overcome. That is why when I travel around the state, I make sure to get into a few Wyoming businesses to see what they do and how they do it. Brewista in Cheyenne not only designs and manufactures some of the best brewing equipment for baristas around the world, but they have also designed an innovative machine that makes homemade fresh nut milk, such as almond milk. Just add nuts and water, and in minutes you are done. I also went to the Cheyenne Refinery earlier this week to learn more about what they are doing to help provide gasoline, diesel, and other products to the rocky mountain area. The refinery has been around since World War II and has made massive improvements to stay up to date","2017-04-20T00:29:46+0000","photo","https://www.facebook.com/mikeenzi/photos/a.97914029436.84314.23068049436/10155188807284437/?type=3","23068049436_10155188811134437","Mike Enzi added 7 new photos.",66,13,5
"23068049436","Mike Enzi","Got to see the new “Thinking Money” exhibit at the Laramie County Library earlier this week. It strives to teach kids, teens and their parents and educators about financial literacy topics—like saving, spending and avoiding fraud—in a way that is not only understandable, but fun. Motivating visitors to learn more about how money works and how their money decisions are determined is good for the financial security of our citizens.","2017-04-19T21:24:35+0000","photo","https://www.facebook.com/mikeenzi/photos/a.10152765234929437.1073741844.23068049436/10155188341709437/?type=3","23068049436_10155188353229437","Mike Enzi added 4 new photos.",37,9,14
"23068049436","Mike Enzi","The Wind River Job Corps Center in Riverton is doing a spectacular job helping kids across Wyoming and the West get the training and education that can take them far. It was great to see the range of great programs they provide and also talk with the teachers and students on campus. It is clear the Job Corps Center is making a real difference. The center has only been in operation for two years, but already is ranked number one in the country for job placement. It is amazing to see how far it has come after so many years of working to help get the project off the ground.","2017-04-18T22:30:10+0000","photo","https://www.facebook.com/mikeenzi/photos/a.10152765234929437.1073741844.23068049436/10155185313294437/?type=3","23068049436_10155185320639437","Mike Enzi added 7 new photos.",82,6,14
"23068049436","Mike Enzi","Enjoyed touring the National Weather Service Forecast Office in Riverton. It was great to see that they not only work hard to provide an accurate weather forecast, but are involved in communities across the state in order to provide awareness, training and to ensure they are gathering the best information from weather watchers in Wyoming. Thanks to Tim Troutman, Chris Jones, and all those at the National Weather Service Forecast Office in Riverton for all the work you do to help keep Wyoming safe and informed.","2017-04-18T18:57:38+0000","photo","https://www.facebook.com/mikeenzi/photos/a.10152765234929437.1073741844.23068049436/10155184770609437/?type=3","23068049436_10155184773309437","Mike Enzi added 3 new photos.",41,8,3
"23068049436","Mike Enzi","AMAZING Wyoming photos!!!  Last year I asked people if they would submit photos from around Wyoming that could be used to update my website (enzi.senate.gov). We were able to use some on my redesigned webpage, but we got dozens of amazing entries. Here are just a few pictures that truly show the wonderful talent that Wyoming folks have. They have captured the natural beauty of the Cowboy state along with the culture and spirit. Thanks so much for all those who contributed. Feel free to like the photos you think are the best.","2017-04-15T17:04:50+0000","photo","https://www.facebook.com/mikeenzi/photos/a.97914029436.84314.23068049436/10155173975689437/?type=3","23068049436_10155173981989437","Mike Enzi added 33 new photos — with Barbara Cormier and 3 others.",271,27,119
"23068049436","Mike Enzi","It was great to tour the Sinclair refinery and learn not only about how they produce propane, gasoline, jet fuel, diesel and road asphalt, but their work over the last few years to become a world class leader in safety.","2017-04-14T14:50:34+0000","photo","https://www.facebook.com/mikeenzi/photos/a.97914029436.84314.23068049436/10155170104329437/?type=3","23068049436_10155170149494437","Mike Enzi added 4 new photos.",108,18,5
"23068049436","Mike Enzi","Enjoyed the tour of the new Aspen Mountain Medical Center in Rock Springs, and thanks to the staff for showing me around the beautiful facility. Also was able to tour the J.R. Simplot plant, where they are building a new ammonia facility to provide continued investment in the community. Fact of the Day: J.R. Simplot developed the first frozen French fries and made a handshake deal with McDonald founder Ray Kroc to sell them their first frozen fries, which they still provide today.","2017-04-13T17:53:47+0000","photo","https://www.facebook.com/mikeenzi/photos/a.97914029436.84314.23068049436/10155167248499437/?type=3","23068049436_10155167257764437","Mike Enzi added 5 new photos — with Mike Prevedel and Veronica Johnson Donaldson.",50,14,3
"23068049436","Mike Enzi","There is no better reminder about how great Wyoming students are than having a chance to talk with them directly. Thanks to Evanston’s Middle School and High School for the opportunity to share some of my stories, for the great questions that students asked and for the tours of the schools by the student councils.","2017-04-12T21:17:47+0000","photo","https://www.facebook.com/mikeenzi/photos/a.10152765234929437.1073741844.23068049436/10155164150219437/?type=3","23068049436_10155164169084437","Mike Enzi added 7 new photos.",41,9,3
"23068049436","Mike Enzi","It was great to be in Evanston. Nice to talk with the Economic Development Council and attend an Evanston Small Business Network meeting. Also thanks to the city council and Director of Administrative Services Amy Grenfell for giving me a tour of the Evanston Rail Yard Complex. The work they are doing to fix up the old Roundhouse that used to house Union Pacific trains is quite amazing.","2017-04-12T02:09:02+0000","photo","https://www.facebook.com/mikeenzi/photos/a.97914029436.84314.23068049436/10155161409064437/?type=3","23068049436_10155161454279437","Mike Enzi added 10 new photos.",38,14,6
"23068049436","Mike Enzi","Many people have been negatively impacted in Wyoming by coal industry layoffs, especially in northeast Wyoming.  Governor Mead and the Wyoming Department of Workforce Services have announced the availability of some retraining resources.  https://lnks.gd/2/3VmmwH","2017-04-11T22:33:57+0000","status",NA,"23068049436_10155161001509437",NA,36,14,10
"23068049436","Mike Enzi","The Consumer Financial Protection Bureau should not use the IRS as a conduit to solicit Americans’ stories about money. I joined other senators in sending a letter to the Treasury to stop including flyers from the Consumer Financial Protection Bureau with official IRS mailings.","2017-04-11T15:47:23+0000","link","https://www.enzi.senate.gov/public/index.cfm/news-releases?ID=6E1F302C-5199-4C02-B65B-4CD8765C3E85","23068049436_10155159915509437",NA,25,11,2
"23068049436","Mike Enzi","I congratulate Judge Neil Gorsuch on his confirmation to the highest court in the land. He is an admirable choice to serve in this prestigious capacity and I have faith that he will execute his responsibilities with the utmost skill and honor. He has a keen understanding of the rule of law, and as a westerner, will provide a unique perspective to key issues. I believe he will serve the American people well.","2017-04-07T16:05:54+0000","photo","https://www.facebook.com/mikeenzi/photos/a.97914029436.84314.23068049436/10155145898574437/?type=3","23068049436_10155145898574437",NA,252,70,16
"23068049436","Mike Enzi","When you find a place where interests meet, the cooperation can result in positive procedural changes. Ranking Member Bernie Sanders, I-Vt., and I and all the members of the Senate Budget Committee were able to do that recently. We have made considering a budget more orderly, meaningful and transparent.","2017-04-06T21:30:25+0000","link","http://bit.ly/2p5HR4G","23068049436_10155143103419437",NA,39,8,3
"23068049436","Mike Enzi","Before his meeting with Chinese President Xi, we asked President Trump to focus on human rights, security, trade and other issues important to us.","2017-04-06T19:01:08+0000","link","https://www.gardner.senate.gov/newsroom/press-releases/gardner-schatz-lead-colleagues-in-requesting-strategy-and-results-for-first-trump-xi-summit","23068049436_10155142617644437",NA,17,6,2
"23068049436","Mike Enzi","I am confident that Neil Gorsuch is qualified to be a member of the Supreme Court because of his steadfast commitment to the rule of law. His opinions reflect his respect for following the law as it is written, and applying and adhering to judicial precedent.  He is a judge who applies the law to the facts of a case and reaches the conclusion that examination yields, regardless of his own personal beliefs. Learn more here: http://bit.ly/2nYXRGh","2017-04-05T22:13:00+0000","video","https://www.facebook.com/mikeenzi/videos/10155138698009437/","23068049436_10155138698009437",NA,187,63,18
"23068049436","Mike Enzi","I spoke to President Donald Trump’s pick to head the Food and Drug Administration (FDA), Scott Gottlieb, MD, today about aligning drug approval with advances in science, access to drugs, as well as needed improvements in the biosimilar drug approval process.","2017-04-05T21:34:09+0000","link","http://bit.ly/2o4WU11","23068049436_10155138681239437",NA,26,9,3
"23068049436","Mike Enzi","If you don’t want to call or send a letter, my staff will be available to talk to in person. I’ll be in DC for votes and committee work, but my staff will listen and pass on to me any comments you have about any issue. They will be holding office hours in Wright and Gillette on April 6. Come on by.","2017-04-05T20:51:12+0000","photo","https://www.facebook.com/mikeenzi/photos/a.97914029436.84314.23068049436/10155138427824437/?type=3","23068049436_10155138427824437",NA,6,7,8
"23068049436","Mike Enzi","All across the country, faith-based charities and organizations are working hard to find children safe, loving and permanent homes. This is wonderful work, and we should be looking to encourage these organizations, not limiting their efforts because of their religious beliefs. I introduced legislation today to ensure faith-based institutions and individuals can continue to provide services for those who need them.","2017-04-04T21:03:48+0000","link","http://bit.ly/2oz3Rsx","23068049436_10155135122789437",NA,68,23,9
"23068049436","Mike Enzi","Change can be hard sometimes, but switching to a dollar coin could save our country $150 million a year. I introduced legislation with Senator John McCain that would modernize our currency by moving to a $1 dollar coin, reduce the cost of nickel production and suspend the minting of the penny, which currently costs more than one cent to produce. Our country is in a difficult financial position because we didn’t value the cost of the dollars we spent. We can’t afford to keep that up, and these innovative opportunities are a way to save taxpayer money that is really just being wasted with each new dollar we print and penny we mint.","2017-03-29T21:41:47+0000","link","http://bit.ly/2nk83rM","23068049436_10155117548084437",NA,88,35,8
"23068049436","Mike Enzi","If you don’t want to call or send a letter, my staff will be available to talk to in person. I’ll be in DC for votes and committee work, but my staff will listen and pass on to me any comments you have about any issue. They will be holding office hours in Glenrock, Douglas and Lusk on March 30, and in Newcastle and Upton on March 31. Come on by.","2017-03-29T17:28:47+0000","photo","https://www.facebook.com/mikeenzi/photos/a.97914029436.84314.23068049436/10155116903444437/?type=3","23068049436_10155116903444437",NA,7,5,2
"23068049436","Mike Enzi","Borrowers of federal student loans need transparent information when considering loan options and federal student loans should have to be upfront about their true costs. I introduced legislation that would provide more transparency so families can be better informed about their financing options.","2017-03-29T14:37:55+0000","link","http://bit.ly/2nLIS4A","23068049436_10155116568244437",NA,44,16,3
"23068049436","Mike Enzi","Across the country, fraternities and sororities looking to use donations to help construct new buildings or make safety improvements are finding themselves blocked by a major road block, the U.S. tax code. While colleges and universities are able to use charitable deductions to build and maintain student housing, other not-for-profit student housing groups are not allowed to do the same. I introduced legislation with Senator Ben Cardin this week to make the tax system fairer by ending that arbitrary distinction.","2017-03-28T21:07:44+0000","link","http://bit.ly/2mNDcId","23068049436_10155114792844437",NA,121,22,27
"23068049436","Mike Enzi","Today President Trump issued an executive order to review the Clean Power Plan and the moratorium on federal coal leasing. This decision is great for Wyoming and all those who rely on affordable energy. I have opposed the Clean Power Plan and coal leasing moratorium from the very start, and I am pleased to see the president’s actions.","2017-03-28T19:17:26+0000","link","http://bit.ly/2ngeOLx","23068049436_10155114529649437",NA,244,71,29
"23068049436","Mike Enzi","The federal government should be sharing its endangered species data and allowing those most affected by a proposal to review the information. State, local and tribal entities need to have a seat at the table when federal agencies are proposing regulations that could have significant ramifications. We should encourage an open process that relies on the best data available. I introduced legislation that would give the opportunity to verify, dispute, or complement the information federal agencies use in listings species.","2017-03-27T22:19:11+0000","link","http://bit.ly/2naG1Oz","23068049436_10155112261314437",NA,71,16,9
"23068049436","Mike Enzi","After years of delays, this approval of a construction permit for the expansion of the Keystone XL pipeline is a sign that our country is back on the right track. I appreciate that the Trump Administration worked quickly on this issue. America should be focused on encouraging energy development. The construction of the Keystone XL pipeline is not only a job creator, but will play an important role in American energy security and the growth of our economy.","2017-03-24T18:09:03+0000","link","http://bit.ly/2oe8kwM","23068049436_10155102026869437",NA,167,51,25
"23068049436","Mike Enzi","The Wind River Job Corps Center in Riverton is focusing on energy industry training so their job placement is tremendous. I spoke about this and equal pay during the Senate Health, Education, Labor and Pensions Committee hearing on Alex Acosta’s nomination to be the next labor secretary. Learn more here: http://bit.ly/2mwLuns","2017-03-23T16:54:16+0000","video","https://www.facebook.com/mikeenzi/videos/10155099001224437/","23068049436_10155099001224437",NA,40,14,8
"23068049436","Mike Enzi","This week the Senate Judiciary Committee is holding hearings on the nomination of Judge Neil Gorsuch. I believe the U.S. Supreme Court needs a judge like Gorsuch who understands the West. Judiciary Committee Chairman Chuck Grassley said a committee vote is expected April 3.","2017-03-21T21:40:16+0000","link","http://bit.ly/2nO7WWp","23068049436_10155093241024437",NA,118,31,7
"23068049436","Mike Enzi","Last week I was able to learn more about The Range 307, Pronghorn Center & Inspiration Hall, Westwood Engraving class and Rawhide Elementary School all in my hometown of Gillette.","2017-03-20T21:19:45+0000","photo","https://www.facebook.com/mikeenzi/photos/a.97914029436.84314.23068049436/10155090356259437/?type=3","23068049436_10155090368119437","Mike Enzi added 4 new photos.",61,3,3
"23068049436","Mike Enzi","If you don’t want to call or send a letter, my staff will be available to talk to in person. I’ll be in DC for votes and committee work, but  my staff will listen and pass on to me any comments you have about any issue. They will be holding office hours in Star Valley Ranch on March 23. Come on by.","2017-03-17T20:00:29+0000","photo","https://www.facebook.com/mikeenzi/photos/a.97914029436.84314.23068049436/10155081533364437/?type=3","23068049436_10155081533364437","Mike Enzi with Minhaz.",14,15,5
"23068049436","Mike Enzi","I sponsored a resolution declaring March as National Colorectal Cancer Awareness Month to help the fight against the second deadliest form of cancer in America. Regular screenings can help catch the growth early when it is most treatable. As a husband of a colorectal cancer survivor, I know firsthand just how important early treatment is. Everyone deserves a fighting chance against this disease, and regular screenings are the first step to survival.","2017-03-17T16:08:59+0000","photo","https://www.facebook.com/mikeenzi/photos/a.97914029436.84314.23068049436/10155081005019437/?type=3","23068049436_10155081005019437",NA,20,11,3
"23068049436","Mike Enzi","Congrats to the Wyoming Academic Bowl Team of Deaf and Hard-of-Hearing high school students! They finished second in the West Regionals Academic Bowl and for the third consecutive year advanced to the National Academic Bowl, which is scheduled to be held in Washington, D.C. in April.","2017-03-16T13:23:53+0000","link","http://bit.ly/2nt6ok9","23068049436_10155077148774437",NA,88,6,5
"23068049436","Mike Enzi","On March 25 at Cody High School and on April 8 at Natrona County High School, representatives from America’s prestigious military academies will be meeting with Wyoming students and families to talk about the opportunities an academy has to offer, and the many benefits that one can gain from military service. I have the greatest respect for our servicemen and women, and highly encourage anyone interested to come and learn more about the great future a degree from a service academy can provide.","2017-03-15T21:03:52+0000","link","http://bit.ly/2mFxiW6","23068049436_10155075386059437",NA,33,6,6
"23068049436","Mike Enzi","The biggest bank you’ve never heard of is lending out a trillion dollars of taxpayer money while regularly ignoring government regulations and using questionable accounting practices. It’s time we get a look at their books, before it is too late.","2017-03-15T17:40:00+0000","link","http://dailycaller.com/2017/03/14/the-biggest-bank-youve-never-heard-of/#ixzz4bOmDGSsE","23068049436_10155074967694437",NA,35,23,13
"23068049436","Mike Enzi","For a short while this Congress I was 17th in seniority (now 16th) in the Senate, which is the same number Wyoming puts on license plates for Campbell county, my home.","2017-03-14T13:41:40+0000","photo","https://www.facebook.com/mikeenzi/photos/a.97914029436.84314.23068049436/10155071619134437/?type=3","23068049436_10155071619134437","Mike Enzi with Minhaz.",197,14,4
"23068049436","Mike Enzi","On March 12, 1912 Juliette Gordon began the Girl Scouts of America with a troop of just 18 girls. Today, the program has 2 million active members and 59 million alumni. The Girl Scouts help young women become the leaders of the future. In fact, 76 percent of my female coworkers in the Senate are former Girl Scouts! This is a great program that opens doors for young women in every state, and National Girl Scout Week lets us celebrate their success.","2017-03-13T19:40:09+0000","photo","https://www.facebook.com/mikeenzi/photos/a.97914029436.84314.23068049436/10155069499934437/?type=3","23068049436_10155069499934437",NA,32,2,6
"23068049436","Mike Enzi","If you don’t want to call or send a letter, but want to talk with a person face to face, my staff is available. I’ll be in DC for votes and committee work, but  my staff will listen and pass on to me any comments you have about any issue. They will be holding office hours in Moorcroft, Pine Haven and Sundance on March 14. Come on by.","2017-03-10T21:11:25+0000","photo","https://www.facebook.com/mikeenzi/photos/a.97914029436.84314.23068049436/10155057995529437/?type=3","23068049436_10155057995529437",NA,37,12,15
"23068049436","Mike Enzi","This is an outstanding endorsement for Supreme Court Nominee Neil Gorsuch from a very diverse group of people who have known him well for many years. “We are Democrats, Republicans, Libertarians and independents; progressives, conservatives and moderates; religious and non-observant; married, single and divorced; men and women; straight and gay…” I’ve met him on several occasions and also believe him to be an admirable choice. When the Senate begins his consideration, I hope that those who have opposed the new president can admit he got this one right.","2017-03-09T21:15:13+0000","link","http://www.realclearpolitics.com/articles/2017/03/09/why_we_support_neil_gorsuch_for_the_supreme_court_133291.html?mid=83782&rid=13482186","23068049436_10155053740739437",NA,105,22,13
"23068049436","Mike Enzi","The Senate voted today to rescind a Department of Education regulation that directly contradicted a bipartisan education bill Congress passed in 2015, which put control back in the hands of states and parents. The Education Department regulation would allow the federal government to mandate, direct and control state and local school accountability systems. I am glad that Congress took action to stop this regulation in its tracks, because it is states, not the federal government, that should be in charge of school accountability.","2017-03-09T18:08:41+0000","link","http://www.enzi.senate.gov/public/index.cfm/news-releases?ContentRecord_id=BB7F8335-0074-4974-92A2-E66FD1E74E65&ContentType_id=AE7A6475-A01F-4DA5-AA94-0A98973DE620&Group_id=91d2f483-0ad8-44ac-bcc4-fc2c82d75e07","23068049436_10155053247974437",NA,81,17,7
"23068049436","Mike Enzi",NA,"2017-03-09T02:39:27+0000","photo","https://www.facebook.com/johnbarrasso/photos/a.10154862568790943.1073741833.21146775942/10154917048635943/?type=3","23068049436_10155050377299437","Mike Enzi shared John Barrasso's post.",32,8,0
"23068049436","Mike Enzi","The Senate today voted to overturn the BLM’s Planning 2.0 Rule, which implemented sweeping changes to how the BLM develops resource management plans. Overturning this rule would return power back to those who actually live near BLM lands in western states. We should be empowering state and local voices in land management processes, not trying to sideline them. The resolution now goes to the president’s desk, who is expected to sign it into law.","2017-03-07T22:05:25+0000","link","http://bit.ly/2mgalbL","23068049436_10155046142664437",NA,188,31,55
"23068049436","Mike Enzi","A federal appeals court today upheld a U.S. Fish and Wildlife Service decision to remove the gray wolf in Wyoming from the endangered species list. This ruling is a win for Wyoming and all those who have worked so hard to return management of the gray wolf to the state. The state of Wyoming has been working on this issue with local stakeholders and the federal government for years and the courts should have never blocked the delisting in the first place.","2017-03-03T21:28:28+0000","link","http://bit.ly/2mncN2T","23068049436_10155033960064437",NA,331,37,68
"23068049436","Mike Enzi","Last week I ran into the Career Technical Education State Director, Guy Jackson, in line at the grocery store and ended up with an impromptu visit of the Wyoming Department of Education. Great to have a chance to catch up with Superintendent Jillian Balow, Dicky Shanor, Kari Eakins, Brent Bacon and Randall Butt.","2017-03-01T20:15:57+0000","photo","https://www.facebook.com/mikeenzi/photos/a.97914029436.84314.23068049436/10155027894519437/?type=3","23068049436_10155027915999437","Mike Enzi added 5 new photos.",49,9,6
"23068049436","Mike Enzi","I recently sent a letter urging President Trump to end the moratorium on new federal coal leasing that was wrongly initiated by the Obama Administration. The halt to coal leasing jeopardized tens of thousands of jobs directly and indirectly to the coal industry and hurt states and tribes that rely on coal royalties to support critical education, transportation and infrastructure programs.","2017-03-01T17:22:06+0000","link","http://bit.ly/2lzdO3Z","23068049436_10155027537449437",NA,225,38,27
"23068049436","Mike Enzi","The Senate confirmed Representative Ryan Zinke, R- Mont., to be the next secretary of the Interior. Being from a western state, Zinke understands the incredible importance of public land issues to states like Wyoming. With so much of our land managed by the federal government, it is key that they are open for multiple uses such as recreation, agriculture and energy production. I look forward to working with him on the critical issues that matter to Wyoming and other western states.","2017-03-01T16:17:48+0000","link","http://bit.ly/2mtk9lF","23068049436_10155027401789437",NA,158,9,13
"23068049436","Mike Enzi","Today I heard the president deliver a message about the things we as a nation can achieve. Too often in the heat of political battle, we lose track of the bigger picture and the commonalities that bind us. That could mean safety for our families and communities; good jobs to support our loved ones; or the opportunity to make the most of our lives. As Americans, we not only share many of the same goals and desires, we share the responsibility inherent in our democratic system of government to work together to ensure those dreams are within reach.  The president’s speech wasn’t just about what we hope for, it was also about taking action. He laid out an agenda aimed at addressing real problems for real people. The president has a large spotlight which he can shine on the major problems that need to be fixed, but Congress tackles the details of how to fix them. We need to stay true to our values and beliefs and remember that no person, or party, has all the answers. Governing is the art of coming together to find solutions and common ground. I look forward to working with my colleagues and the president to craft those solutions in order to ensure our country is on the path to a better future.","2017-03-01T03:53:30+0000","status",NA,"23068049436_10155026103969437",NA,184,33,16
"23068049436","Mike Enzi","Today’s executive order to review the waters of the United States rule is a good first step for people across the country worried about the EPA’s attempt to regulate every creek and pond. This rule was another attempt by the EPA to control our water and by extension state sovereignty, property rights, communities and individuals. For the sake of farmers, ranchers, manufacturers and small businesses it is time to end this outrageous regulation.","2017-02-28T21:06:36+0000","link","http://bit.ly/2ll9HYx","23068049436_10155025326809437",NA,189,36,24
"23068049436","Mike Enzi","I recently toured the Cheyenne VA Medical Center where I was able to see firsthand how we provide medical care to our veterans who gave so much to this great country of ours.","2017-02-28T15:49:12+0000","photo","https://www.facebook.com/mikeenzi/photos/a.97914029436.84314.23068049436/10155024579984437/?type=3","23068049436_10155024588184437","Mike Enzi added 3 new photos.",60,15,4
"23068049436","Mike Enzi","There are over 45 federal programs that support early learning and child care, but unfortunately many of them are overlapping and fragmented. For years I have worked in a bipartisan fashion to organize these programs in order to get as many resources to states and localities as possible, instead of just supporting federal administrators. I have had some success, but ran into a brick wall with the last Administration. I am hoping Secretaries DeVos and Price share my goal and will help us achieve better results for students and the federal budget.","2017-02-27T21:12:57+0000","link","http://bit.ly/2lP4Qkf","23068049436_10155022701484437",NA,55,20,4
"23068049436","Mike Enzi","I stopped by the Wyoming Legislature recently and thanked them for all they do for the state, especially in these difficult economic times that call for tough choices.","2017-02-25T19:14:00+0000","photo","https://www.facebook.com/mikeenzi/photos/a.97914029436.84314.23068049436/10155014423299437/?type=3","23068049436_10155014424979437","Mike Enzi added 5 new photos.",88,13,4
"23068049436","Mike Enzi","Finishing our series exploring places to visit in each Wyoming’s 23 counties, we have the Kendrick Mansion at the Trail End State Historic Site in Sheridan County. The mansion is a fully furnished historic museum that interprets the time period 1913-1933. Take a tour to see the exhibits and displays utilizing primarily original artifacts from the home. Learn more: http://www.trailend.co/","2017-02-25T14:03:01+0000","photo","https://www.facebook.com/mikeenzi/photos/a.97914029436.84314.23068049436/10154994501919437/?type=3","23068049436_10154994501919437",NA,36,5,8
"23068049436","Mike Enzi","If you would like to let me know about an issue you’re having with the federal government, and you don’t want to call or send a letter, and want to talk to a person face to face, you’re in luck. My state staff will be holding office hours in Shoshoni, Riverton and Lander on February 27. Stop by and share your thoughts.","2017-02-24T20:46:16+0000","photo","https://www.facebook.com/mikeenzi/photos/a.97914029436.84314.23068049436/10155014213699437/?type=3","23068049436_10155014213699437",NA,21,17,6
"23068049436","Mike Enzi","Governor Matt Mead and I kicked off Gro-Biz in Casper, February 22. It’s a great event where Wyoming businesses can make their sales pitch to federal and state government agencies and a good opportunity to bring more work to Wyoming businesses. There is more information on my webpage- enzi.senate.gov .","2017-02-24T17:07:12+0000","video","https://www.facebook.com/mikeenzi/videos/10155013659294437/","23068049436_10155013659294437",NA,25,3,2
"23068049436","Mike Enzi","It was great to tour WESTECH in Casper, a designer and builder of mining truck bodies in the state since 1938. Their custom and innovative designs help mining companies across the world maximize their potential. One of their designs set the Guinness World Record for the largest truck body by volume and was built for use at the North Antelope Rochelle Mine north of Douglas.","2017-02-23T17:58:07+0000","photo","https://www.facebook.com/mikeenzi/photos/a.97914029436.84314.23068049436/10155010990504437/?type=3","23068049436_10155010999034437","Mike Enzi added 3 new photos.",88,7,6
"23068049436","Mike Enzi","I cosponsored a bipartisan resolution designating February as Career and Technical Education Month to encourage learning opportunities so more people have job opportunities in high-skill, high-wage and high-demand fields.","2017-02-21T17:13:25+0000","photo","https://www.facebook.com/mikeenzi/photos/a.97914029436.84314.23068049436/10155005394219437/?type=3","23068049436_10155005394219437",NA,27,5,2
"23068049436","Mike Enzi","I was saddened to hear that former U.S. Congressman John Wold had left us. He has been a part of Wyoming history - in many businesses, local, state and national politics, and philanthropy, all for a long time. I have gotten to learn from him in each of those endeavors. His distinctive voice always grabbed attention. He was notable in anything he did. He was an example of the importance of family. He was a giving person and good example for us to follow. Diana and I send our deepest sympathies to the Wold family.","2017-02-20T22:44:31+0000","link","http://trib.com/business/energy/casper-oil-and-gas-man-john-wold-dies/article_20fc50d4-a57e-5962-b152-e4b67e47cd90.html?utm_content=bufferaeef7&utm_medium=social&utm_source=facebook.com&utm_campaign=LEEDCC","23068049436_10155003199999437",NA,40,3,8
"23068049436","Mike Enzi","I am sharing a new place to visit in each of Wyoming’s 23 counties. Today we are featuring the Campbell County Rockpile Museum. Located in my home county, the museum focuses on local and regional history with an emphasis on the culture and people of Campbell County. Along with a collection of western artifacts, there are many hands-on activities for both children and adults and some great outdoor exhibits. Learn more: https://www.ccgov.net/317/Rockpile-Museum","2017-02-18T14:02:00+0000","photo","https://www.facebook.com/mikeenzi/photos/a.97914029436.84314.23068049436/10154994488464437/?type=3","23068049436_10154994488464437",NA,72,13,5
"23068049436","Mike Enzi","For too long, the Equal Access to Justice Act has been abused by special interest groups in order to push their agendas through the courts. One of the most fundamental problems facing this act is the lack of transparency. I introduced legislation with Senator John Barrasso and Rep. Liz Cheney that would reinstate important reporting requirements in order to track the cost of excessive litigation to the American taxpayer, and make sure the law is working to help the small businesses, seniors, and veterans for whom the law was passed in the first place.","2017-02-17T20:33:44+0000","link","http://www.enzi.senate.gov/public/index.cfm/news-releases?ContentRecord_id=0E9D7F36-C915-4F38-8768-B577E251EBAC","23068049436_10154994225429437",NA,90,25,13
"23068049436","Mike Enzi","Today the Senate confirmed Rep. Mick Mulvaney, R-S.C., as the next director of the White House Office of Management and Budget. This position is crucial to helping the federal government function in what is shaping up to be a very challenging budget environment that requires the attention of every one of us. Learn more here: http://bit.ly/2kNVUdv","2017-02-16T16:31:13+0000","video","https://www.facebook.com/mikeenzi/videos/10154989411574437/","23068049436_10154989411574437",NA,46,19,4
"23068049436","Mike Enzi","Today I met with Susan Fessler from Lander who competes in Special Olympics. These athletes compete in a wide variety of winter and summer sports.","2017-02-15T22:30:17+0000","photo","https://www.facebook.com/mikeenzi/photos/a.97914029436.84314.23068049436/10154986198624437/?type=3","23068049436_10154986198624437",NA,150,12,3
"23068049436","Mike Enzi","Today the Senate passed a resolution of disapproval to protect Social Security beneficiaries from losing their Second Amendment rights without due process. It is now on its way to the president who is expected to sign the legislation.","2017-02-15T21:09:58+0000","link","http://www.washingtontimes.com/news/2017/feb/15/senate-votes-undo-obama-administration-gun-rule/","23068049436_10154985962639437",NA,137,39,29
"23068049436","Mike Enzi","If you are a junior in high school and are looking for a truly unique experience I recommend applying as a page to the U.S. Senate for the summer sessions. The page program allows students to have a front row seat during debates in the Senate. Check out the link below to learn more about this great opportunity and how to apply.","2017-02-15T17:23:46+0000","link","http://bit.ly/2kKigga","23068049436_10154985296674437",NA,33,6,37
"23068049436","Mike Enzi","If you would like to let me know about an issue you’re having with the federal government, and you don’t want to call or send a letter, and want to talk to a person face to face, you’re in luck. My state staff will be holding office hours in Buffalo on February 15. Stop by and share your thoughts.","2017-02-14T17:40:00+0000","photo","https://www.facebook.com/mikeenzi/photos/a.97914029436.84314.23068049436/10154982357699437/?type=3","23068049436_10154982357699437",NA,31,49,26
"23068049436","Mike Enzi","My staff will be at the UW Career and Internship Fair on Tuesday, February 21 at the Rochelle Gateway Center to talk about my internship program that takes place in D.C. An internship provides the unique opportunity to participate directly in the legislative process and witness democracy first-hand. Interns gain valuable experience on Capitol Hill by working on a variety of policy areas from healthcare to finance to energy and much more. Stop on by to learn more!","2017-02-14T16:10:40+0000","link","http://www.uwyo.edu/cacs/career-services/career-events.html","23068049436_10154982160104437",NA,12,4,6
"23068049436","Mike Enzi",NA,"2017-02-14T14:27:20+0000","photo","https://www.facebook.com/johnbarrasso/photos/a.10150091505520943.304058.21146775942/10154846498800943/?type=3","23068049436_10154981894264437","Mike Enzi shared John Barrasso's photo.",53,25,0
"23068049436","Mike Enzi","Earlier today I met with Judge Gorsuch. He has a lot of support from folks in Wyoming from both parties and I believe he has a good understanding of the legal issues that matter to people in my home state. His work itself speaks highly of his understanding of the Constitution and the values that we as Americans hold dear. Gorsuch is an admirable choice to be America’s next Supreme Court justice. Learn more here: http://bit.ly/2ldfWkP","2017-02-13T22:26:16+0000","video","https://www.facebook.com/mikeenzi/videos/10154980129419437/","23068049436_10154980129419437",NA,140,30,6
"23068049436","Mike Enzi","A lot of folks in Wyoming like the change in direction the new Administration is taking, but I understand that a lot of you don’t. Despite some Senate-wide communications difficulties, which should hopefully be behind us, I hear you. I value input from you and appreciate your position even if it is contrary to my own. I hope you can appreciate mine even if you think I’m wrong. I believe we all want what is best for Wyoming. Here’s a video with a little more about what has been happening since the first of the year in the Senate and my take on some of the issues.","2017-02-13T21:04:03+0000","video","https://www.facebook.com/mikeenzi/videos/10154979929169437/","23068049436_10154979929169437",NA,137,79,40
"23068049436","Mike Enzi","As we continue to share a new place to visit in each of Wyoming’s 23 counties, it’s time to recognize Fort Laramie National Historic Site in Goshen County. Come see the largest military outpost of the 1880s! Fort Laramie was a crossroads for American growth and played a key part in the history of the American West. More at: https://www.nps.gov/fola/index.htm","2017-02-12T00:43:17+0000","photo","https://www.facebook.com/mikeenzi/photos/a.97914029436.84314.23068049436/10154974129184437/?type=3","23068049436_10154974129184437",NA,38,7,3
"23068049436","Mike Enzi","Today the Senate confirmed Rep. Tom Price to be the next Health and Human Services secretary. Dr. Price is an ideal candidate for the job. I am pleased to support a friend and someone I’m honored to have worked with for many years. Not only does he know the health care system as a physician, he knows it as a policymaker who has been a thought leader in health care here in Congress.","2017-02-10T07:29:57+0000","video","https://www.facebook.com/mikeenzi/videos/10154968904924437/","23068049436_10154968904924437",NA,80,40,5
"23068049436","Mike Enzi","Today the Senate confirmed U.S. Senator Jeff Sessions to be the next U.S. attorney general. Sessions is a well-educated attorney, accomplished prosecutor and a skilled legislator. I also believe his character, work ethic and temperament make him well-suited to serve as the chief law enforcement officer of the federal government. He has been my friend and colleague for over 20 years and I am proud to support him.","2017-02-09T02:35:00+0000","video","https://www.facebook.com/mikeenzi/videos/10154965779004437/","23068049436_10154965779004437",NA,232,115,17
"23068049436","Mike Enzi","Are you a small business owner interested in growing your business and discovering new tools to help it succeed? Check out the 2017 GRO-Biz Conference and Idea Expo in Casper on February 22 and 23. This is Wyoming’s go-to annual event to learn how government contracting may be the answer for expanding your business.","2017-02-08T22:25:34+0000","link","http://www.enzi.senate.gov/public/index.cfm/news-releases?ContentRecord_id=A3FD1AA0-20E1-4C31-A110-0B8C5DD514D7&ContentType_id=AE7A6475-A01F-4DA5-AA94-0A98973DE620&Group_id=91d2f483-0ad8-44ac-bcc4-fc2c82d75e07","23068049436_10154965311684437",NA,21,5,5
"23068049436","Mike Enzi","I introduced legislation with Senators John Barrasso and Orrin Hatch that would ensure that Wyoming and other states who are already adequately regulating hydraulic fracturing are protected from redundant regulations from Washington. States who are listening to the concerns of local stakeholders and communities shouldn’t see their efforts superseded by some Washington power grab.","2017-02-08T20:33:24+0000","link","http://bit.ly/2lrJN6H","23068049436_10154965019214437",NA,144,36,17
"23068049436","Mike Enzi","I applaud President Trump for taking action to reevaluate the implementation of an Obama Administration rule that would limit access to retirement planning for middle-income American families. If we want to ensure that Americans can properly plan for their retirement, we shouldn’t be putting hurdles in their way.","2017-02-03T22:15:06+0000","link","http://www.enzi.senate.gov/public/index.cfm/news-releases?ContentRecord_id=B63C1986-F27F-476E-B751-A45AC14DCD27&ContentType_id=AE7A6475-A01F-4DA5-AA94-0A98973DE620&Group_id=91d2f483-0ad8-44ac-bcc4-fc2c82d75e07","23068049436_10154950728874437",NA,182,102,24
"23068049436","Mike Enzi","Congress passed its first resolution that would overturn an Obama Administration regulation that was aimed at limiting coal production. The ‘stream protection rule’ is clearly aimed more at stopping coal production than protecting the environment. The Obama Administration took many hasty steps to cement its legacy and the Senate should reverse these regulations which shouldn’t have ever been approved.","2017-02-02T21:36:38+0000","link","http://www.enzi.senate.gov/public/index.cfm/news-releases?ContentRecord_id=0EFB411D-09E4-433C-8A72-27A80403E8DD&ContentType_id=AE7A6475-A01F-4DA5-AA94-0A98973DE620&Group_id=91d2f483-0ad8-44ac-bcc4-fc2c82d75e07","23068049436_10154947641259437",NA,540,110,173
"23068049436","Mike Enzi","Automatic spending programs threaten to bankrupt the country. The Social Security Trust Fund won’t be sufficient to cover benefits in two years, which will result in a $1.6 trillion deficit by 2027.  Medicare will be in the red in three years. Learn more here: http://bit.ly/2kSeP7s","2017-02-01T19:35:38+0000","video","https://www.facebook.com/mikeenzi/videos/10154944326909437/","23068049436_10154944326909437",NA,47,116,33
"23068049436","Mike Enzi","Judge Neil Gorsuch is an admirable choice to be America’s next addition to the Supreme Court. His many years of dedication to the law and service to America’s judicial system clearly qualify him to serve on America’s highest court. His work itself speaks highly of his understanding of the Constitution and the values that we as Americans hold dear. I have met Judge Gorsuch and he has a lot of support from the legal community in Wyoming. As a westerner, he has a good understanding of the issues that matter to our state. He would be a qualified choice under any president.","2017-02-01T01:31:28+0000","link","http://www.enzi.senate.gov/public/index.cfm/news-releases?ContentRecord_id=0B6AA665-C14F-4AF0-B228-26550D0A05A2&ContentType_id=AE7A6475-A01F-4DA5-AA94-0A98973DE620&Group_id=91d2f483-0ad8-44ac-bcc4-fc2c82d75e07","23068049436_10154942210424437",NA,258,83,12
"23068049436","Mike Enzi","The Second Amendment is among our most treasured Constitutional rights. This Social Security Administration rule could unconstitutionally deny certain beneficiaries their Second Amendment rights without due process. That’s unacceptable. I cosponsored this resolution to ensure American citizens their Constitutional rights, no matter their age or if they need help managing their finances.","2017-01-31T22:06:48+0000","link","http://bit.ly/2kdXuG8","23068049436_10154941760744437",NA,115,31,19
"23068049436","Mike Enzi","Wyoming should be able to have the flexibility to implement policies that work for our state. I voted to advance Betsy DeVos’s nomination as Secretary of Education to the full Senate because I believe she will allow states and local public school districts to implement their own plans to improve the educational outcomes for all of our students without burdensome federal intrusion. Mrs. DeVos will not be running our schools, that’s the job of Wyomingites. What I heard directly from Mrs. DeVos and what I see in her record, is someone who seeks more educational opportunities for our children. The U.S. Department of Education should not try to exert top-down control of education from Washington as it has done for the better part of the last decade. It should follow the bipartisan Every Students Succeeds Act. Mrs. DeVos assured me she will follow the law and provide states with the flexibility that they have not had in a long time. If she does, parents and teachers will find themselves more in the education driver’s seat than they have been for years.","2017-01-31T21:11:34+0000","status",NA,"23068049436_10154941632584437",NA,496,1406,267
"23068049436","Mike Enzi","I joined Senator John Barrasso in introducing a resolution of disapproval to overturn the final methane rule from the BLM. It is unnecessary, duplicative and destructive. It is not only harming this country by disrupting America’s energy production, but it’s hurting those folks whose livelihood is based on this industry.","2017-01-30T23:14:21+0000","link","http://bit.ly/2kkLPHF","23068049436_10154938074139437",NA,206,42,28
"23068049436","Mike Enzi","It is wonderful to hear that the U.S. Department of Veterans Affairs has purchased land in Cheyenne to construct Wyoming’s first VA National Cemetery. It will serve 22,000 veterans and their eligible family members to properly honor their courage and sacrifice for this country.","2017-01-30T22:33:03+0000","link","http://bit.ly/2kkTaHp","23068049436_10154937845764437",NA,465,24,64
"23068049436","Mike Enzi","Earlier today President Trump took action to roll back red tape by mandating that for every new regulation issued by a federal agency, at least two previous regulations must be eliminated. Washington has more red tape than they know what to do with and I hope that this new order will force the federal government to take a good look at outdated and overly burdensome regulations.","2017-01-30T22:10:21+0000","link","http://www.foxnews.com/politics/2017/01/30/trump-signs-executive-order-to-drastically-cut-federal-regs.html","23068049436_10154937827364437",NA,205,29,21
"23068049436","Mike Enzi","I joined Senator John Thune in re-introducing a bill to repeal the estate tax, better known as the death tax. Family assets, sometimes built up over generations, should be left in the hands of the family and will be put to better use there in the local community than shipped off to wasteful Washington.","2017-01-24T23:00:26+0000","link","http://www.enzi.senate.gov/public/index.cfm/news-releases?ContentRecord_id=86473A71-68B6-44F1-AEDF-E44D596A5E50","23068049436_10154919189234437",NA,742,65,141
"23068049436","Mike Enzi","I am pleased that President Trump has nominated a fiscal conservative for this key post, the White House Office of Management and Budget. South Carolina Rep. Mick Mulvaney has been a vigilant budget hawk during his six years in Congress, including during his time on the House Budget and Oversight Committees. You can see excerpts from the hearing below. Learn more here: http://bit.ly/2j29InS","2017-01-24T21:22:14+0000","video","https://www.facebook.com/mikeenzi/videos/10154918707884437/","23068049436_10154918707884437",NA,86,26,6
"23068049436","Mike Enzi","I introduced legislation with Senator John Barrasso and Rep. Liz Cheney to approve an expansion of the Fontenelle Reservoir to ensure Wyoming can finally take advantage of the project’s full potential. Access to a good source of water in Wyoming doesn’t always come easy, but it’s vital to our livelihood.","2017-01-24T20:23:45+0000","link","http://bit.ly/2jWaOkg","23068049436_10154918586624437",NA,158,13,19
"23068049436","Mike Enzi","Earlier today President Trump signed executive orders aimed at advancing the Keystone XL and Dakota Access pipelines. It is refreshing to see an administration that is committed to energy production and job creation. These types of infrastructure projects can provide a great benefit to our country and I look forward to working with President Trump to support American energy production across the country.","2017-01-24T19:53:57+0000","link","http://www.enzi.senate.gov/public/index.cfm/news-releases?ContentRecord_id=55D1ED4D-EF56-47D8-9664-7C27B4C172A0&ContentType_id=AE7A6475-A01F-4DA5-AA94-0A98973DE620&Group_id=91d2f483-0ad8-44ac-bcc4-fc2c82d75e07","23068049436_10154918504839437",NA,403,83,35
"23068049436","Mike Enzi","It is always best to lead by example, which is what President Trump and Vice President Pence did with their transition team, which gave 20 percent of the funds allocated to them back to the U.S. Treasury. This is something that I have also done in years past with my office and I am glad they used the same approach. Working together, we will put our country on a better path.","2017-01-23T21:12:01+0000","link","http://insider.foxnews.com/2017/01/19/mike-pence-20-percent-taxpayer-funding-us-treasury-trump-transition","23068049436_10154913926069437",NA,273,20,49
"23068049436","Mike Enzi","The inauguration of a new President and the Administration that takes office with him represents a new beginning – a fresh start. There will be new ideas brought to our deliberations in the Congress and new and different proposals and approaches to our future as a nation. As you watched the ceremony, I am sure that you had a great many thoughts about your children and, for many of us, our grandchildren. They are all looking to us to ensure that we do everything we can to protect their future and ensure they will have things better than we did. It is a responsibility we all take very seriously and that will be our goal in the years to come.","2017-01-20T19:27:05+0000","status",NA,"23068049436_10154902183914437",NA,265,38,19
"23068049436","Mike Enzi","The people who are closest to the areas where wolves are being delisted have the best understanding of how to manage them and should be left to do so. Senator John Barrasso and I joined Senator Ron Johnson, Senator Tammy Baldwin and Senator Amy Klobuchar in introducing bipartisan legislation that would delist the gray wolf in Wyoming and other states. I trust local wildlife managers to manage wildlife better than judges, lawyers and the self-serving administrators and lobbyists of environmental groups in Washington miles away.","2017-01-17T22:41:13+0000","link","http://bit.ly/2k2kB9r","23068049436_10154893939864437",NA,183,36,65
"23068049436","Mike Enzi","Obamacare is not sustainable, the health care system is at a dangerous tipping point. But we aren’t stuck with what we have. Read my column in the Casper Star Tribune to find out why we are on the path to repeal Obamacare and how the new Congress plans to help more Americans access a better, lower cost health care system.","2017-01-17T21:47:20+0000","link","http://bit.ly/2iLx3Zn","23068049436_10154893807394437",NA,96,122,24
"23068049436","Mike Enzi","My friend Senator Lamar Alexander of Tennessee is chairman of the Senate Health, Education, Labor and Pensions Committee. That committee will be one of the leads in working on replacing Obamacare. As Senator Alexander said, the Obamacare bridge is collapsing and we are sending in a rescue team and we will build new bridges to better healthcare.","2017-01-13T21:40:16+0000","link","http://www.help.senate.gov/chair/newsroom/press/alexander-repeal-and-replace-obamacare-simultaneously-concurrently","23068049436_10154881831009437",NA,60,47,8
"23068049436","Mike Enzi","This report by the BLM is just another politically concocted attempt by the outgoing Administration to demonize coal. Wyomingites know the value of coal and the benefits that taxpayers and energy consumers across America receive from coal production. I am optimistic that President-elect Trump’s Administration will have a better understanding of the essential jobs, tax revenue and energy production that coal provides for our nation.","2017-01-12T23:28:06+0000","link","http://trib.com/business/energy/blm-releases-long-awaited-coal-program-review-suggests-raising-coal/article_07683bd8-9835-5a28-8b96-8e5025b378bc.html","23068049436_10154878918154437",NA,56,22,15
"23068049436","Mike Enzi","This morning the Senate passed a resolution that will set the stage for the repeal of Obamacare that Americans have long demanded while ensuring a stable transition in which those with insurance will not lose access to health care coverage. Learn more here: http://bit.ly/2inXsw6","2017-01-12T14:38:00+0000","video","https://www.facebook.com/mikeenzi/videos/10154877380889437/","23068049436_10154877380889437",NA,178,78,27
"23068049436","Mike Enzi","I recently asked President-elect Donald Trump’s pick to head the Department of Homeland Security, retired four-star Marine Corps General John Kelly, how he would go about improving security along the U.S. borders and how he might improve morale among Border Patrol personnel in his confirmation hearing. Check out this video to see his response.","2017-01-11T21:04:14+0000","video","https://www.facebook.com/mikeenzi/videos/10154873389644437/","23068049436_10154873389644437",NA,194,19,28
"23068049436","Mike Enzi","Each week I am sharing a new place to visit in one of Wyoming’s 23 counties. Today I would like to recognize the Anna Miller Museum in Weston County. Relive the American West by visiting the schoolhouse, Jenney Stockade Cabin & homesteader’s house. http://westoncountywyo-museum.org/","2017-01-07T15:40:22+0000","photo","https://www.facebook.com/mikeenzi/photos/a.97914029436.84314.23068049436/10154859016364437/?type=3","23068049436_10154859016364437",NA,38,9,17
"23068049436","Mike Enzi","Every year, Wyoming students demonstrate their patriotism and willingness to serve their country by applying to our service academies. Apart from a quality education, the service academies open doors and provide a unique set of experiences that graduates will carry with them throughout their careers. It’s an honor to nominate these Wyoming students.","2017-01-06T21:51:27+0000","link","http://www.enzi.senate.gov/public/index.cfm/news-releases?ContentRecord_id=4310A7D0-17A7-4632-A6EF-7DC32B604363&ContentType_id=AE7A6475-A01F-4DA5-AA94-0A98973DE620&Group_id=91d2f483-0ad8-44ac-bcc4-fc2c82d75e07","23068049436_10154858922099437",NA,149,21,17
"23068049436","Mike Enzi","For once the EPA made the right decision by not finalizing a rule that would have added unnecessary regulations on uranium mining in Wyoming. I am hopeful that President-elect Trump’s new administration will review the proposed rule carefully to understand the consequences of new red-tape on this vital industry.","2017-01-05T19:58:46+0000","link","http://www.enzi.senate.gov/public/index.cfm/news-releases?ContentRecord_id=8A98314F-7282-48B2-AE23-DA7F021A35AA&ContentType_id=AE7A6475-A01F-4DA5-AA94-0A98973DE620&Group_id=91d2f483-0ad8-44ac-bcc4-fc2c82d75e07","23068049436_10154855924034437",NA,51,12,8
"23068049436","Mike Enzi","Obamacare is on the brink of collapse. Insurance markets are failing. Premiums are soaring. Choice of health plans is dwindling. As chairman of the budget committee, I am playing a key role in passing a resolution that will provide for the repeal of Obamacare while setting the stage for a transition in which those with insurance will not lose access to health care coverage. Our goal is to create a health care system where Washington makes fewer health care decisions, and families are empowered to control their own health care with more choices and lower costs. http://bit.ly/2hRJDT1","2017-01-04T22:01:47+0000","video","https://www.facebook.com/mikeenzi/videos/10154853142534437/","23068049436_10154853142534437",NA,264,246,67
"23068049436","Mike Enzi","Dear President-elect Trump, come visit Wyoming. We have a lot to show you.","2017-01-04T18:03:55+0000","link","http://www.enzi.senate.gov/public/index.cfm/news-releases?ContentRecord_id=B6236138-5ED8-4323-9D12-5F06879C04F5","23068049436_10154852667994437",NA,830,55,196
