"from_id","from_name","message","created_time","type","link","id","story","likes_count","comments_count","shares_count"
"203482063021985","Mike Conaway","Suzanne is my rock, and I consider myself lucky everyday that I get to be her husband. Suzanne, you deserve this and so much more.","2017-06-23T17:37:13+0000","link","http://www.mrt.com/news/local/article/MCRW-honors-wives-of-politicians-awards-11137054.php","203482063021985_1352217151481798",NA,105,8,4
"203482063021985","Mike Conaway","Thanks to Texas Tech University System Chancellor Robert Duncan for stopping by my office to say hi to the two interns in my office who are Texas Tech University #RedRaiders!","2017-06-22T22:00:00+0000","photo","https://www.facebook.com/mike.conaway/photos/a.203542246349300.50628.203482063021985/1351026641600849/?type=3","203482063021985_1351026641600849",NA,107,5,7
"203482063021985","Mike Conaway","One of the surviving sailors of the USS Fitzgerald has been identified as Bruce Adkison, a 2015 graduate of Granbury High School. The navy vessel collided with a Philippine-flagged container ship off the coast of Japan last week, taking the lives of seven men serving our country. I am thankful for the safety of this fourth generation sailor, while my prayers remain with the families who are mourning the loss of their sons taken at sea.  http://hcnews.com/pages/updates/granbury-graduate-survives-naval-ship-crash/","2017-06-22T14:52:03+0000","link","http://hcnews.com/pages/updates/granbury-graduate-survives-naval-ship-crash/","203482063021985_1351018874934959",NA,40,4,12
"203482063021985","Mike Conaway","I am very proud to have been a part of The Congressional Baseball Game for Charity 2017. We raised a record $1.5 million, which will be divided between the Boys & Girls Club, the Washington Literacy Center, the Washington Nationals Dream Foundation and, in support of the shooting, the Capitol Police Memorial Fund. #CongressionalBaseballGame","2017-06-21T18:57:48+0000","link","http://www.cnn.com/2017/06/20/politics/congressional-baseball-game-charity/index.html","203482063021985_1350211685015678",NA,129,6,7
"203482063021985","Mike Conaway","Shortly, Speaker Paul Ryan will give his first major speech of the year on the GOP's plan for transformational tax reform. You can tune in to watch the speech live below:","2017-06-20T16:34:42+0000","link","http://www.speaker.gov/general/tax-reform-more-jobs-higher-wages-and-renewed-confidence","203482063021985_1349144508455729",NA,5,12,1
"203482063021985","Mike Conaway","Happy Father's Day to all my fellow #TX11 fathers!","2017-06-19T00:34:34+0000","status",NA,"203482063021985_1347547345282112",NA,26,1,0
"203482063021985","Mike Conaway","Fort Phantom Hill Historic Site is located just outside #TX11 in Abilene, TX,  and is a part of the Texas Forts Trail, a 650 mile highway tour of historic Texas forts. This fort was built to protect the frontier in the early 1850’s as expansion occurred. It was occupied by the U.S. Army from 1851 to 1854. Shortly after, a fire destroyed the thatched roofs and log walls, wrecking many of the buildings. But today, lots still remains to be explored. There are 3 original stone buildings, a guardhouse, warehouse, and powder magazine. In addition, there are many stone chimneys and foundations. To see the entire Fort only takes about 30 minutes and admission is free. This is one of the best ways to celebrate local history if you’re passing through the area, or if you’re looking for a quick way to get the kids outside and exploring.","2017-06-18T12:25:00+0000","photo","https://www.facebook.com/mike.conaway/photos/a.203542246349300.50628.203482063021985/1345287858841394/?type=3","203482063021985_1345287858841394",NA,39,4,7
"203482063021985","Mike Conaway","Of the ten chicken fried steaks in Texas that will change your life, three are in #TX11!  Mary's Cafe in Strawn, Texas comes in at number one, closely followed by Zentner's Daughter Steak House in San Angelo, Texas and Scotty's Soul Food and BBQ in Midland, Texas.   What's the best chicken fried steak you've ever had?","2017-06-17T11:41:00+0000","link","http://www.wideopeneats.com/top-8-chicken-fried-steaks-must-try-texas/","203482063021985_1344143135622533",NA,84,17,28
"203482063021985","Mike Conaway","I have played in The Congressional Baseball Game for Charity every year since I came to Congress, and it has become one of my favorite traditions. The camaraderie we feel as players transcends party, as we live out our childhood dreams of playing on a major league field.   Tonight, the game will go on. We will play the game we love in honor of Congressman Steve Scalise, Matt Mika, Zach Barth, Special Agent Crystal Griner, and Special Agent David Bailey. We will remain thankful for the heroic actions of Special Agents Griner and Bailey, as well as the other officers who arrived to our aid quickly, without whom the events of yesterday might have turned drastically worse.   Tonight, we will stand together on the field, united in our love for this country.   It's time to play ball.","2017-06-15T16:29:35+0000","photo","https://www.facebook.com/mike.conaway/photos/a.203542246349300.50628.203482063021985/1344004805636366/?type=3","203482063021985_1344004805636366",NA,438,32,67
"203482063021985","Mike Conaway","This morning, a gunman opened fire at the GOP's 2017 Congressional Baseball Game for Charity practice. I am unharmed, but others, including Majority Whip Scalise, were shot. Please keep them in your prayers today.","2017-06-14T13:22:26+0000","status",NA,"203482063021985_1342786772424836",NA,216,81,69
"203482063021985","Mike Conaway","The Midland Reporter-Telegram rounded up all the best summer activities in Midland. What are you most excited to do this summer?","2017-06-13T14:05:44+0000","link","http://www.mrt.com/lifestyles/article/Summer-outlook-Museums-movies-and-more-fill-11176611.php","203482063021985_1341737879196392",NA,4,3,2
"203482063021985","Mike Conaway","When Fort McKavett was first established in 1852, it served as a refuge for settlers being hounded by Indians. Today it is considered one of the best preserved military outposts in Texas. The post was abandoned in 1859, but was later reopened in 1868 due to a reemergence of Comanche Indian hostility after the Civil War. During this time period, the compound also housed a number of Buffalo Soldiers. Fort McKavett was completely abandoned in 1883. If you were to visit Fort McKavett State Historic Site today, you would find a number of restored buildings and the remnants of the commanding officer’s headquarters that burned in 1941. Though the site is remembered for its historical significance, it is also appreciated for its beautiful landscape and abundance of wildflowers.","2017-06-09T15:52:27+0000","photo","https://www.facebook.com/mike.conaway/photos/a.203542246349300.50628.203482063021985/1337835446253302/?type=3","203482063021985_1337835446253302",NA,49,7,8
"203482063021985","Mike Conaway","Risien Park in San Saba, Texas was donated by E. Guy Risien and the Lower Colorado River Authority to create a beautiful park space. There are RV hookups, and places to grill and picnic. This park is unique, because to get to the beautiful Pecan Grove Nestled in the Park, you enter through an old railroad trestle. Throughout the park, trail maps and historical markers help history come to life! Beside Risien Park, the San Saba River Nature Park features two miles of walkways, and space to fish and go birdwatching. If you live in San Saba, it’d be a great place for an afternoon visit, and if you’re travelling from further, it can be the perfect base from which to explore San Saba County.","2017-06-08T20:34:59+0000","photo","https://www.facebook.com/mike.conaway/photos/a.203542246349300.50628.203482063021985/1336922569677923/?type=3","203482063021985_1336922569677923",NA,37,2,5
"203482063021985","Mike Conaway","On this day, in 1944, thousands of Allied troops poured onto the beaches of Normandy, France in one of the most significant military operations in human history. These forces faced a stretch of 200 yards of open sand before any sort of cover from the relentless machine fire and artillery. While they fought their way across the beaches and up the cliffs beyond, thousands of paratroopers that had jumped into the area in the pre-dawn hours battled to destroy German defenses and to secure the roads and bridges that the Nazis could use to reinforce their troops and repel the invasion. The fighting was gruesome and ceaseless, but by the end of the day, Allied forces had their foothold in Europe. Hitler’s “Sea Wall” had been breached.  The D-Day operation was described by Winston Churchill as, “undoubtedly the most complicated and difficult that has ever been endured.” The success of the landings came at a heavy price: over 10,000 Allied casualties. The sacrifice and courage of these men and others beside them gave the Allies the position that they needed to begin the push into Nazi Europe. We will always be indebted to those who have fought and continue to fight for our freedom, and seventy-three years later, we remember the men of Operation Overlord.  “Strengthened by their courage, heartened by their valor, and borne by their memory, let us continue to stand for the ideals for which they lived and died.” – Ronald Reagan, 1984","2017-06-06T16:06:46+0000","photo","https://www.facebook.com/mike.conaway/photos/a.203542246349300.50628.203482063021985/1334268689943311/?type=3","203482063021985_1334268689943311",NA,50,2,16
"203482063021985","Mike Conaway","Have you been to the Ben Hogan Museum in Dublin, Texas? If you're a golf fan, take the chance to stop by the museum next time you're in Dublin- it's on the Travel Channel's bucket list as a can't miss!","2017-06-05T18:49:08+0000","link","http://www.travelchannel.com/interests/sports/photos/10-bucket-list-destinations-for-golf-fans","203482063021985_1333327310037449","Mike Conaway shared Ben Hogan Museum's post.",16,1,0
"203482063021985","Mike Conaway","We visited the San Saba County Courthouse yesterday morning while in San Saba, Texas. Over the last few months, they've gutted it, in order to restore it to its historic look circa early 1900s (approx. 1911). This has been a dream of the community for nearly 20 years.  I look forward to coming back when the renovations are completed next year. #TX11","2017-06-03T09:24:00+0000","photo","https://www.facebook.com/mike.conaway/photos/a.203542246349300.50628.203482063021985/1330966270273553/?type=3","203482063021985_1330145423688971","Mike Conaway added 3 new photos.",25,2,0
"203482063021985","Mike Conaway","Thanks to everyone who came out to one of my three town halls this week in Junction, Texas, Goldthwaite, Texas, and Coleman, Texas. Hope to see you soon at a #TX11 town hall near you!","2017-06-02T19:43:49+0000","photo","https://www.facebook.com/mike.conaway/photos/a.203542246349300.50628.203482063021985/1330084613695052/?type=3","203482063021985_1330085737028273","Mike Conaway added 2 new photos.",16,4,3
"203482063021985","Mike Conaway","The Coleman PCRA Rodeo began in 1936 as a way for locals from Coleman to celebrate the Texas Centennial.  It was such a hit they made it an annual celebration! Initially, the rodeo was held at the Coleman High School Football field, but by 1947, the Coleman Rodeo Association decided it was time to create a real rodeo facility. It grew over time, and today the area features a livestock show barn, perimeter fence, pecan trees, an outdoor dance pavilion, and a horse barn. In an era where we are surrounded by technology, the Annual Coleman Rodeo remains committed to the original traditions of the Texas Rodeo.   This summer, the Rodeo will be held June 8-10, and in addition to the rodeo, it features live music from Sam Riggs, William Clark Green, the Kevin Seale Band, and Koe Wetzel. Advance Rodeo Tickets are $8 for adults and $10 for children. A 3 time nominee for the Rodeo of the Year Honors, the Coleman Rodeo is a great weekend getaway.","2017-06-01T19:05:00+0000","photo","https://www.facebook.com/mike.conaway/photos/a.203542246349300.50628.203482063021985/1322344144469099/?type=3","203482063021985_1322344144469099",NA,25,5,2
"203482063021985","Mike Conaway","When you think of West Texas, you might think of wind; but did you know that there was once a “Windy City” in West Texas? The site of Chicago was established on the Bartow Ranch by W.C. Bishop – a Chicago, Illinois, native. In just a few short years, another community formed down the road. The Chicago post office was moved and Chicago’s name was changed to Stemmons after Walter Stemmons took over the roles of Bartow ranch foreman and postmaster. Years later, Stemmons and Lamesa came into competition for the Dawson county seat. An election took place, and with just five more votes, Lamesa became the official county seat. Today, the town of Chicago no longer exists, but is remembered by a historical marker and a Lamesa street named after the town.","2017-05-31T14:06:00+0000","photo","https://www.facebook.com/mike.conaway/photos/a.203542246349300.50628.203482063021985/1322345114469002/?type=3","203482063021985_1322345114469002",NA,19,2,2
"203482063021985","Mike Conaway","In the 1860s, Texas Ranger Charles Goodnight and pioneer cowboy Oliver Loving took notice of an inadequate supply of beef in New Mexico and parts of Texas. Poor planning caused many soldiers at Ft. Sumner to go to bed hungry, so the two men packed their bags. They took their cattle and headed north, as far Wyoming. This historic journey would create the Goodnight-Loving Trail.   The trail began along the Concho River near the Fort in the area and is often regarded as the most historic cattle trail in the west. The prevalence of the trail led to many settlers moving towards Ft. Concho, and this migration would help begin what is now San Angelo. This story is just another example of the important role that the region has played in not only Texas but America. Charles Goodnight and Oliver Loving were truly pioneers of their time and we are all better today for them.","2017-05-30T11:57:00+0000","photo","https://www.facebook.com/mike.conaway/photos/a.203542246349300.50628.203482063021985/1322340094469504/?type=3","203482063021985_1322340094469504",NA,68,10,9
"203482063021985","Mike Conaway","It was an honor to join in the Memorial Day Exercises at historic Fort Concho in San Angelo this morning to remember our fallen servicemen and servicewomen who gave their lives to protect our republic.","2017-05-29T20:31:47+0000","photo","https://www.facebook.com/mike.conaway/photos/a.203542246349300.50628.203482063021985/1325982234105290/?type=3","203482063021985_1325982234105290","Mike Conaway at Fort Concho National Historic Landmark.",76,6,1
"203482063021985","Mike Conaway","Memorial Day is a day to honor the many men and women who gave the greatest sacrifice they could for our nation. Last week, Congressman Brian Mast spoke on the House floor about what Memorial Day means to him- and it's worth taking a few moments today to listen in and reflect on the incredible significance of the day. Brian, it is an honor to serve with you in Congress.","2017-05-29T12:42:00+0000","video","https://www.facebook.com/mike.conaway/videos/1322349481135232/","203482063021985_1322349481135232",NA,37,3,5
"203482063021985","Mike Conaway","I am proud of these two fine young men, and the five others from #TX11, for their dedication to serving our country. Gregory and Alexander, good luck as you begin your next chapters at the United States Naval Academy and West Point - The U.S. Military Academy.   We have five more outstanding students- Stephanie Choe, Kaleb Nunez, Caelynn Ferguson, Judith Horton, and Kasey Ludwig- who are all headed to the US Air Force Academy (Official).   #MilitaryAcademies #Service","2017-05-26T13:24:00+0000","link","http://www.oaoa.com/news/education/ecisd/article_0774a67e-40c7-11e7-9040-0f4abfa59120.html","203482063021985_1322082647828582",NA,74,6,4
"203482063021985","Mike Conaway","#TBT to 26 years ago today. Happy anniversary, my beautiful bride.","2017-05-25T15:54:10+0000","photo","https://www.facebook.com/mike.conaway/photos/a.203542246349300.50628.203482063021985/1322183257818521/?type=3","203482063021985_1322183257818521",NA,193,37,3
"203482063021985","Mike Conaway","I am really lucky to have Suzanne in DC this week for many reasons, none the least of which was her help as a guest chef for the March of Dimes event last night.  President Roosevelt's personal struggle with polio led him to found March of Dimes, with the mission of preventing birth defects and infant mortality. This organization has worked tirelessly to help keep babies healthy and happy. Thanks to March of Dimes for letting us be a part of the fight!","2017-05-24T13:34:42+0000","photo","https://www.facebook.com/mike.conaway/photos/a.203542246349300.50628.203482063021985/1320934264610087/?type=3","203482063021985_1320934264610087",NA,120,17,2
"203482063021985","Mike Conaway","Great to see #TX11 represented on the list of the top 50 barbecue joints in Texas with Cooper's Old Time Pit Bar-B-Que. What's your favorite spot on the list?","2017-05-22T20:17:41+0000","link","http://www.texasmonthly.com/food/the-list-the-top-50-barbecue-joints-in-texas/","203482063021985_1319968138040033",NA,53,19,2
"203482063021985","Mike Conaway","This #PoliceWeek, don't forget to thank an officer for all that they do to keep our communities safe","2017-05-19T16:45:25+0000","video","https://www.facebook.com/speakerryan/videos/1347873671927822/","203482063021985_1317112624992251","Mike Conaway shared Speaker Paul Ryan's video.",25,5,0
"203482063021985","Mike Conaway","The Stephenville Historical House Museum in Stephenville, Texas, offers a unique opportunity to explore Stephenville’s history. Located in the “Cowboy Capitol of the World,” the museum boasts 12 structures from the 19th Century. The campus spans 3 acres near the Bosque River, and each building contains period furnishings and artifacts. Visit a beautifully preserved schoolhouse, a 2-story Victorian House, a chapel and more! Self-guided and guided tours are available during office hours, 10-5pm Tuesdays through Saturdays, and 1-5pm on Sundays. The free museum is funded by donations, it is a great way to re-live the unique heritage of the Cross Timbers region.","2017-05-19T12:58:38+0000","photo","https://www.facebook.com/mike.conaway/photos/a.203542246349300.50628.203482063021985/1316939615009552/?type=3","203482063021985_1316939615009552",NA,22,4,4
"203482063021985","Mike Conaway","Please join me in wishing my beautiful, kind, intelligent wife Suzanne a very happy birthday!","2017-05-17T20:15:32+0000","photo","https://www.facebook.com/mike.conaway/photos/a.203542246349300.50628.203482063021985/1315440238492823/?type=3","203482063021985_1315440238492823",NA,178,34,3
"203482063021985","Mike Conaway","Happy Mother's Day to all the terrific moms of #TX11!","2017-05-14T19:20:17+0000","photo","https://www.facebook.com/mike.conaway/photos/a.203542246349300.50628.203482063021985/1312900082080172/?type=3","203482063021985_1312900082080172",NA,67,4,0
"203482063021985","Mike Conaway","Today, the ROTC detachment at Angelo State University commissioned 6 cadets as 2nd Lieutenants into the United States Air Force. Congratulations to these 6 outstanding young men:  2nd Lt Peter Lennarson - Cyberspace Officer 2nd Lt Matthew Eddins - RPA Pilot  2nd Lt Todd Duquette - Intelligence Officer 2nd Lt Raul Reyes - Logistics Readiness Officer 2nd Lt Jake Jackson - Aircraft Maintenance Officer 2nd Lt Benjamin Carney - Logistics Readiness Officer","2017-05-12T19:23:44+0000","photo","https://www.facebook.com/mike.conaway/photos/a.203542246349300.50628.203482063021985/1311152952254885/?type=3","203482063021985_1311152952254885",NA,136,18,36
"203482063021985","Mike Conaway","This week, I got to take part in the groundbreaking ceremony for the new Midland Convention Center. CBS7 News / KOSA-TV was there to capture the event:","2017-05-11T16:58:24+0000","video","https://www.facebook.com/mike.conaway/videos/1310140665689447/","203482063021985_1310140665689447",NA,18,3,0
"203482063021985","Mike Conaway","Suzanne is my rock, and I consider myself lucky everyday that I get to call myself her husband. Congratulations, Suzanne. Thank you for all that you do for me and our family.","2017-05-10T23:48:14+0000","link","http://www.mrt.com/news/local/article/MCRW-honors-wives-of-politicians-awards-11137054.php","203482063021985_1309517702418410",NA,116,9,3
"203482063021985","Mike Conaway","On Saturday, I had the pleasure of hosting the 2017 Congressional Art Competition for the 11th District of Texas.  We had 32 students enter the competition from around the district, and I appreciate the students that came to Angelo State University for the presentations of certificates and awards and reception.  Kristen Power of Lee High School in Midland was named the winner of the Art Competition, and her piece will be displayed in the U.S. Capitol for the next year with the other winning pieces from all over the country. Her piece is titled ""Molting of Me"".  Thank you, President Brian May, and ASU for providing the West Texas Collections Gallery as the venue, and I appreciate members of art department serving as judges.","2017-05-08T17:35:34+0000","photo","https://www.facebook.com/mike.conaway/photos/a.842835059086679.1073741832.203482063021985/1307458199291027/?type=3","203482063021985_1307458355957678","Mike Conaway added 2 new photos.",40,4,6
"203482063021985","Mike Conaway","This morning I met with U.S. Environmental Protection Agency Administrator Scott Pruitt, where we discussed the many environmental regulations harming economic growth in Texas. There is work to be done, but I am happy to report that U.S. EPA Administrator Scott Pruitt is committed to addressing the concerns of rural America.","2017-05-03T22:11:44+0000","link","https://www.epa.gov/newsreleases/epa-administrator-pruitt-and-congressman-conaway-discuss-environmental-and-economic","203482063021985_1302583776445136",NA,48,17,8
"203482063021985","Mike Conaway","Congratulations to Evan Thomas, my District Director, for being honored as part of the Odessa Under 40 Class of 2017!","2017-05-01T18:56:09+0000","photo","https://www.facebook.com/odessaunder40/photos/a.806836069455103.1073741828.806583502813693/858140507657992/?type=3","203482063021985_1300334180003429","Mike Conaway shared Odessa Under 40's photo.",74,13,0
"203482063021985","Mike Conaway","In May of 1847, a young German immigrant leader and a powerful Comanche chief signed a mutual defense pact that is believed to be the only unbroken peace treaty between American Indians and U.S. settlers. The German immigrant society had purchased the Fisher-Miller grant, of 3.88 million acres. However, the Comanche had already claimed that area as their hunting grounds. It became the responsibility of John Meusebach, the 33-year-old commissioner-general of the immigrant group, to make peace with the Comanche.   In January, Chief Ketemoczy of the Penetaka Comanche met Meusebach, who explained the immigrants' friendly intentions. Chief Ketemoczy was receptive, and promised to summon the chiefs of the western bands of Comanche to a peace council on the San Saba River.   When the talks concluded with a peace pipe and an agreement, the treaty allowed the colonists to travel freely between the Llano and San Saba rivers. The Comanche could also come into the settlers' towns without fear, and would receive the colonists' support against their enemies.   This was a unique treaty, because the government had no part in it. There were a few infringements over time, but the treaty held the test of time.","2017-04-29T14:17:00+0000","photo","https://www.facebook.com/mike.conaway/photos/a.203542246349300.50628.203482063021985/1297618126941701/?type=3","203482063021985_1297618126941701",NA,51,6,12
"203482063021985","Mike Conaway","Good news this afternoon for President Bush and his family. Praying for a continued speedy recovery for this American hero.","2017-04-28T20:15:05+0000","link","http://www.mrt.com/news/texas/article/George-HW-Bush-released-after-latest-Houston-11106651.php","203482063021985_1297623623607818","Mike Conaway shared The Midland Reporter-Telegram's post.",36,0,0
"203482063021985","Mike Conaway","This week, I had the privilege of presenting a certificate recognizing Shane Smiskol of Granbury, Texas as the winner of #TX11's first Congressional App Challenge in 2016.  The 2017 Challenge will take place from July 26 - Nov 1. High school aged students can work individually or to groups of up to four students to develop an app on any topic. More information can be found here:   #CongressionalAppChallenge","2017-04-22T13:16:01+0000","link","http://conaway.house.gov/studentresources/congressionalappchallenge.htm","203482063021985_1290589157644598",NA,30,4,1
"203482063021985","Mike Conaway","Today is the last chance for #TX11 high school students to submit their artwork for the 2017 Congressional Art Competition! In order to have your piece considered, please submit it to one of the six district offices by the end of the day. All artwork will be displayed, and the winner will be selected and announced at a reception for all participants at Angelo State University on May 6th.   The winner will receive airfare for themselves and a parent to Washington, DC to attend the unveiling ceremony in June, where they will have the opportunity to see their artwork displayed in the U.S. Capitol! #CongressionalArtCompetition","2017-04-21T12:15:09+0000","link","http://conaway.house.gov/constituentservices/art.htm","203482063021985_1290166491020198",NA,14,1,2
"203482063021985","Mike Conaway","I recently had the pleasure of visiting Goodfellow AFB - 17th Training Wing with Senator John Cornyn. Goodfellow's work in intelligence and cyber security is especially critical to our nation's safety. I am incredibly proud to represent this terrific community of servicemembers.","2017-04-20T16:45:07+0000","photo","https://www.facebook.com/mike.conaway/photos/a.203542246349300.50628.203482063021985/1289328234437357/?type=3","203482063021985_1289328234437357",NA,62,23,5
"203482063021985","Mike Conaway","This week is the last chance for high school students to submit their artwork to the #TX11 2017 Congressional Art Competition. This is an incredible chance for students to have their artwork displayed alongside pieces from around the country in the United States Capitol. For more information, including information on submissions, please visit the website here:","2017-04-17T21:31:39+0000","link","http://conaway.house.gov/constituentservices/art.htm","203482063021985_1286568208046693",NA,17,7,6
"203482063021985","Mike Conaway","The Easter season is a joyous occasion, where we celebrate the sacrifices made by one individual for the greater good. Jesus Christ sacrificed himself for our salvation, and for that we take this opportunity to honor him and reflect on those who are following his lead.  Everyday, American men and women continue the tradition by donning the colors of our nation and putting their lives on the line in order to keep us safe. These servicemembers and their families give up spending holidays, birthdays, and major life events together.  To all those who have served and sacrificed for the greater good, thank you. And from my family to yours, Happy Easter.","2017-04-16T20:04:11+0000","status",NA,"203482063021985_1285693961467451",NA,33,8,2
"203482063021985","Mike Conaway","Thanks to all who have made the trek out to one of my town halls this week in Mertzon, Texas, Llano, Texas, Brownwood, Texas, and Dublin, Texas. We haven't always agreed on every issue, but we've had some really terrific conversations as a result and I am continually impressed by the way in which #TX11 constituents are able to express their opinions in a way that is respectful to one another. I appreciate everyone taking the time out of their day to participate and have your voice heard!","2017-04-12T23:56:49+0000","photo","https://www.facebook.com/mike.conaway/photos/a.842835059086679.1073741832.203482063021985/1282155921821255/?type=3","203482063021985_1282161065154074","Mike Conaway added 3 new photos.",39,8,1
"203482063021985","Mike Conaway","Today I met with some really bright high school students who sit on my Congressional Youth Advisory Council. We heard from two U.S. Customs and Border Protection agents, and then had a discussion about our immigration system and what changes could be made to our country's immigration policy. These conversations are not easy, but it's great to see these future leaders getting involved in the process.","2017-04-11T02:21:49+0000","photo","https://www.facebook.com/mike.conaway/photos/a.203542246349300.50628.203482063021985/1280100478693466/?type=3","203482063021985_1280100478693466",NA,34,3,2
"203482063021985","Mike Conaway","Congratulations to the Granbury Rifle Team for their excellent performance at the CMP Regional Championships! The Granbury Team One place 2nd and the Granbury Team Two placed 6th among precision teams, which qualified them to compete at Nationals in June.   Granbury High School was represented by Kayla Hitshew, Trinity Hathaway, Clarissa Layland, Brittney Pinckard, Elizabeth Plecity, Tamara Peters, Allison Henry and Makenize Sheffield. Great job, and good luck at Nationals!","2017-04-08T13:35:00+0000","photo","https://www.facebook.com/mike.conaway/photos/a.203542246349300.50628.203482063021985/1277192132317634/?type=3","203482063021985_1277192132317634",NA,36,5,2
"203482063021985","Mike Conaway","Today, Judge Neil Gorsuch was confirmed to the Supreme Court of the United States of America. Judge Gorsuch is a truly terrific legal mind, with a strong history of defending the Constitution. President Donald J. Trump made a promise during his campaign that he would select a nominee for the Supreme Court to follow the example led by the late Justice Antonin Scalia, and his nomination of Judge Gorsuch proved just that. Congratulations to Judge Gorsuch on this incredible honor. #scotus","2017-04-07T17:51:14+0000","status",NA,"203482063021985_1277245622312285",NA,150,16,1
"203482063021985","Mike Conaway","Last night, I spoke on the House Floor to bring awareness to the religious persecutions of Christians by the Chinese government. Pastor John, who has dedicated his life to spreading the word of Jesus Christ, was arrested and detained while crossing the border between Myanmar and China on his small motorcycle which was loaded with food and medicine. He has crossed the border in this fashion for years without incident, and I believe the inflated charges in this instance are due to the fact that he is a Christian. I have asked the State Department to assist in this case, to stop the aggressive religious persecution of Christians in China.  #FreedomforPastorJohn","2017-04-04T16:08:00+0000","video","https://www.facebook.com/mike.conaway/videos/1274214472615400/","203482063021985_1274214472615400",NA,81,35,22
"203482063021985","Mike Conaway","Thanks to the 10,000+ constituents who joined me for a productive teletown hall last night. To sign up for future teletown halls, please visit conaway.house.gov.","2017-03-29T15:33:57+0000","photo","https://www.facebook.com/mike.conaway/photos/a.203542246349300.50628.203482063021985/1268719396498241/?type=3","203482063021985_1268719396498241",NA,39,18,0
"203482063021985","Mike Conaway","This Thursday from 12-4 PM, UTPB - The University of Texas of the Permian Basin is hosting a job fair for students and alumni. Dozens of companies have already signed up- if you're looking for a job, get your resume ready!","2017-03-28T19:57:51+0000","link","http://www.utpb.edu/academics/undergraduate-success/career-services/upcoming-events","203482063021985_1268054909898023",NA,9,2,2
"203482063021985","Mike Conaway","Every year, I play in The Congressional Baseball Game for Charity and wear the uniform of a team from the 11th District of Texas.  This year I am honored to suit up in a Yellow Jacket uniform from Howard Payne University in Brownwood!  I want to thank HPU President Bill Ellis, Howard Payne University Athletics Athletic Director Hunter Sims, Head Coach Stephen Lynn, and the entire team for presenting the uniform to me between doubleheader games this weekend.  Speaking of, congratulation Howard Payne for sweeping LeTourneau!","2017-03-27T13:34:02+0000","photo","https://www.facebook.com/brownwoodbulletin/photos/a.329058031700.158969.328456191700/10154578802471701/?type=3","203482063021985_1266941453342702","Mike Conaway shared Brownwood Bulletin's photo.",35,7,0
"203482063021985","Mike Conaway","This afternoon, U.S. Army Captain Luis Avila and his wife, Claudia Avila, stopped by my office to say hello and share their story. Luis joined the Army in 2000, became an officer in 2004, and served five combat tours in Iraq and Afghanistan. While leading his team on December 27, 2011, an IED detonated nearby. Three soldiers were killed by the blast, and two others were severely wounded. Luis suffered two strokes, two heart attacks, amputation of his left leg, and a severe head injury that stopped oxygen from getting to his brain. He went into a very long coma, and the doctors pulled Claudia aside and told her that he was not going to make it. She told them, ""you gotta have faith."" A month later, Luis opened his eyes for the first time.   Last November, Luis, Claudia, and their three sons moved into a new smart home, thanks to the Gary Sinise Foundation. The home has many features that allow Luis to be independent, like automatic opening doors, wide pathways, and an elevator. It's also close to Walter Reed Medical Center, where Luis is continuing his therapies.   Luis and Claudia, you are extraordinary examples of faith, love, and sacrifice. Thank you both for sharing your story with me, and for your tremendous service to our country.","2017-03-23T21:09:44+0000","photo","https://www.facebook.com/mike.conaway/photos/a.203542246349300.50628.203482063021985/1263802476989933/?type=3","203482063021985_1263802476989933",NA,100,37,5
"203482063021985","Mike Conaway","Join me right now for a Facebook live town hall on the American Health Care Act","2017-03-21T21:15:43+0000","video","https://www.facebook.com/mike.conaway/videos/1261982153838632/","203482063021985_1261982153838632","Mike Conaway was live.",52,112,22
"203482063021985","Mike Conaway","Later today, I'll be holding a #TX11 Facebook Live Town Hall on the American Health Care Act, the Republican plan to repeal Obamacare and repair the health care system. If you have a question you'd like me to answer, please leave it in the comment section and tune back in to this page at 4:15 PM CT to participate in the town hall.","2017-03-21T15:52:46+0000","status",NA,"203482063021985_1261773640526150",NA,18,20,2
"203482063021985","Mike Conaway","This morning, the House Permanent Select Committee on Intelligence is hearing from FBI – Federal Bureau of Investigation Director Comey and NSA - National Security Agency Director Rogers in an open hearing. As most Intelligence Committee hearings are classified, this is a rare opportunity to get a glimpse into the issues that members of the Intelligence Committee, including myself, see every day. You can watch the hearing live online here:","2017-03-20T14:34:46+0000","link","https://www.youtube.com/watch?v=9xSoCUGmh6s","203482063021985_1260986563938191",NA,19,44,3
"203482063021985","Mike Conaway","Today, I spoke on the House Floor during debate on the Veterans 2nd Amendment Protection Act. This important bill prevents the inaccurate labeling of certain veterans, which automatically puts them on the FBI's NICS list. As I argued during the debate, the determination to label a veteran as ""mentally defective"" should be made by the courts, not government bureaucrats. Just a few minutes ago, I cast my vote in favor of this legislation, and I'm pleased to report that it passed the House of Representatives 240-175.","2017-03-16T22:07:54+0000","video","https://www.facebook.com/mike.conaway/videos/1258014367568744/","203482063021985_1258014367568744",NA,55,11,2
"203482063021985","Mike Conaway","Not too long ago, I mentioned the Bullock Texas State History Museum's #TexasStoryProject. The Texas Story Project is an interactive way to explore Texas history, and participate in Texas History by sharing your story. This story, about The Baker Hotel, Mineral Wells Texas, was submitted by Kevin Pruitt, a Mineral Wells, Texas native, complete with a video that delves into the history of this grand hotel.","2017-03-14T21:06:07+0000","link","http://www.thestoryoftexas.com/discover/texas-story-project/the-baker-hotel","203482063021985_1256335811069933",NA,35,2,1
"203482063021985","Mike Conaway","The devestating Texas Panhandle wildfires have already claimed four lives and destroyed hundreds of thousands of acres of land. One Midland rancher is going above and beyond to help:","2017-03-10T17:55:47+0000","link","http://www.newswest9.com/story/34712625/midland-rancher-donates-30000-worth-of-hay-auctions-hunt-to-help-panhandle","203482063021985_1252636834773164",NA,113,13,139
"203482063021985","Mike Conaway","I'll be joining Craig Anderson on #KWEL LIVE in 5 minutes to discuss what's been happening in DC this week, including the new Republican health care plan. Tune in to AM 1070 or FM 107.1 if you're in the Midland, Texas area, or listen live online here:","2017-03-10T13:26:25+0000","link","http://www.kwel.com/","203482063021985_1252445274792320",NA,16,11,1
"203482063021985","Mike Conaway","Today, the House Committee on Energy and Commerce and Committee on Ways and Means passed the American Health Care Act, the Republican solution for a new health care system. This is the first step towards this legislation passing the House of Representatives.  My colleague Rep. Kevin Brady, fellow Texan and Chairman of the Ways and Means Committee wrote the following column for USA TODAY to detail what this plan will mean for you. Unlike Obamacare, you don't have to wait until it becomes law to read it- it's already posted for anyone to read at ReadTheBill.GOP.","2017-03-09T23:15:13+0000","link","http://www.usatoday.com/story/opinion/2017/03/08/american-health-care-act-editorials-debates/98928198/","203482063021985_1251966094840238",NA,20,16,0
"203482063021985","Mike Conaway","This weekend, my office hosted Academy Day, which we organize annually to educate young men and women about the United States military service academies and the process students must go through to apply for admission.  Our nation's service academies are some of the finest institutions of education in the nation, and I appreciate representatives from the academies coming to West Texas to share this information.","2017-03-06T20:48:06+0000","link","http://conaway.house.gov/constituentservices/serviceacademynominations.htm","203482063021985_1247911968578984",NA,19,5,0
"203482063021985","Mike Conaway","Earlier this week, The American Legion National Headquarters Chaplain Harvey Klee gave the opening prayer for the House of Representatives. Chaplain Klee is a constituent of #TX11, and after he gave the invocation I had the opportunity to show him around the Capitol building. Speaker Paul Ryan and House Chaplain Patrick Conroy even made guest appearances to say hello!","2017-03-03T12:53:01+0000","photo","https://www.facebook.com/mike.conaway/photos/a.203542246349300.50628.203482063021985/1243734775663370/?type=3","203482063021985_1243754005661447","Mike Conaway added 3 new photos.",18,10,2
"203482063021985","Mike Conaway","Happy Texas Independence Day! It's a great day to be a Texan as we celebrate all of the many things that make Texas the extraordinary state that it is. #TexasIndependenceDay","2017-03-02T16:03:00+0000","photo","https://www.facebook.com/mike.conaway/photos/a.203542246349300.50628.203482063021985/1243757538994427/?type=3","203482063021985_1243757538994427",NA,40,4,14
"203482063021985","Mike Conaway","An incredibly touching moment from President Donald J. Trump's #JointAddress honoring Carryn Owens, the widow of a U.S. Navy Special Operator, Senior Chief William ""Ryan"" Owens. Ryan was a true hero to our nation, and as President Trump said last night, Ryan's legacy is etched into eternity.","2017-03-01T19:55:18+0000","video","https://www.facebook.com/mike.conaway/videos/1242905209079660/","203482063021985_1242905209079660",NA,37,5,1
"203482063021985","Mike Conaway","Tomorrow, we will celebrate #TexasIndependenceDay. But did you know that in 1932, the Texas State Legislature passed a resolution to make this entire week Texas Week? Read the full story of #TexasWeek, from Texas Monthly, here:","2017-03-01T12:35:01+0000","link","http://www.texasmonthly.com/the-culture/happy-texas-week-yall/","203482063021985_1242104315826416",NA,57,4,21
"203482063021985","Mike Conaway","President Donald J. Trump is addressing a Joint Session of Congress with his vision for our country right now:","2017-03-01T02:27:30+0000","video","https://www.facebook.com/WhiteHouse/videos/1236547689766295/","203482063021985_1242422125794635","Mike Conaway shared The White House's live video.",50,6,0
"203482063021985","Mike Conaway","Over the past eight years, EPA and the Army Corps of Engineers have repeatedly ignored the concerns of our nation’s farmers and ranchers in their quest to implement the #WOTUS rule. I applaud President Donald J. Trump for taking the first steps to dismantle this egregious example of regulatory overreach.","2017-02-28T21:21:54+0000","link","http://www.agweek.com/policy-and-politics/4226396-ag-groups-applaud-wotus-rollback","203482063021985_1242206485816199",NA,53,8,10
"203482063021985","Mike Conaway","At 11 AM CT, Chaplain Harvey H. Klee of Llano, Texas, will be leading Congress in prayer as the guest Chaplain for today. You'll be able to watch Chaplain Klee's invocation, as well as my remarks of appreciation on his behalf, live on C-SPAN or online at the link below:","2017-02-28T15:12:02+0000","link","https://www.c-span.org/video/?424686-101%2Fus-house-legislative-business","203482063021985_1241957835841064",NA,27,0,1
"203482063021985","Mike Conaway","A beautiful West Texas sunset tonight. I hope everyone had a wonderful Sunday with their loved ones. I was particularly blessed to spend this one with Suzanne.","2017-02-27T01:16:49+0000","photo","https://www.facebook.com/mike.conaway/photos/a.203542246349300.50628.203482063021985/1240174479352733/?type=3","203482063021985_1240174479352733",NA,122,4,0
"203482063021985","Mike Conaway","TX-19 Congressman Jodey Arrington and I had a terrific conversation with young agriculture producers in #Lubbock today. Afterwards, we called in to NewsTalk 710 KGNC AM to talk to James Hunt about all things #agriculture, including the 2018 farm bill.","2017-02-24T21:32:23+0000","photo","https://www.facebook.com/mike.conaway/photos/a.203542246349300.50628.203482063021985/1237759969594184/?type=3","203482063021985_1237760116260836","Mike Conaway added 2 new photos.",30,8,0
"203482063021985","Mike Conaway","Are you a high school student interested in attending a Military Service Academy? Next Saturday, March 4th, my office will be holding Academy Day, an event for students to learn more about applying for a Service Academy, and what life is like at an Academy and beyond. This is a terrific opportunity for prospective students and their families to meet with Academy Liaison Officers and ROTC Representatives.  The event will be held on Saturday, March 4th, from 1:00 to 4:30 p.m. at Angelo State University, MCS Building, Room 100, 2200 Deana Drive in San Angelo. If you have any questions about attending the United States Naval Academy, West Point - The U.S. Military Academy, US Air Force Academy (Official), or United States Merchant Marine Academy, please come to #AcademyDay to learn more!","2017-02-24T15:19:36+0000","link","http://conaway.house.gov/constituentservices/serviceacademynominations.htm","203482063021985_1237485596288288",NA,21,2,6
"203482063021985","Mike Conaway","Had a wonderful time this week in Ballinger, Texas, delivering meals with Meals on Wheels America. Thanks to KTAB for capturing the day's events.","2017-02-23T15:16:37+0000","video","https://www.facebook.com/mike.conaway/videos/1236370819733099/","203482063021985_1236370819733099",NA,40,4,5
"203482063021985","Mike Conaway","This week, I visited a GE O&G facility in Odessa, Texas. This service center helps keep energy equipment running, which keeps our country going. I had the opportunity to not only tour the facility, but to also talk with about 50 employees for a town hall style meeting.","2017-02-22T21:58:57+0000","photo","https://www.facebook.com/mike.conaway/photos/a.203542246349300.50628.203482063021985/1235790679791113/?type=3","203482063021985_1235790679791113",NA,33,4,3
"203482063021985","Mike Conaway","Yesterday, I joined Senator John Cornyn, U.S. Senator Dean Heller, Senator Thom Tillis, Rep. John Carter, and Rep. David Rouzer for a tour of the McAllen, Texas Border Patrol Station, Centralized Processing Center, and a boat tour of the Rio Grande River.  To start the day, we had the opportunity to speak with U.S. Customs and Border Protection officers about their experiences working at the border.  It's incredibly helpful to hear from the folks on the ground about what resources they need to successfully carry out their jobs, as well as the most vulnerable parts of the border.","2017-02-21T17:01:41+0000","photo","https://www.facebook.com/mike.conaway/photos/a.203542246349300.50628.203482063021985/1234315903271924/?type=3","203482063021985_1234315903271924","Mike Conaway at Mcallen Border Patrol Station.",24,5,2
"203482063021985","Mike Conaway","Do you have a neat story about Texas? The Bullock Texas State History Museum is collecting stories of family, history, and life in Texas for their Texas Story Project. You can submit one story or many, and there are prompts to help get you started. The museum has already begun featuring some stories on an interactive map, and #TX11 constituents have already begun participating. If you do decide to #ShareYourStory about our great state, post it here so we can all read it as well!","2017-02-18T13:23:00+0000","link","http://www.thestoryoftexas.com/discover/texas-story-project/get-started","203482063021985_1229892663714248",NA,22,1,1
"203482063021985","Mike Conaway","Penwell, Texas was a typical West Texas oil town from the 1920s. It all started when J. H. Penn, a veteran West Texas Oil operator came in on the railway and drilled the discovery well of the Penwell-Jordan oilfield. On October 7, 1929, the area took off with the drilling of Penn’s well, the R. R. Penn Kloh-Rumsey No. 1. Because it was Penn’s oil well, the town became known as “Pennwell”.   The prospects started the same as any West Texas town that begun during the oil boom. By 1931 the town had nearly 3,000 residents, despite the town being only 2-3 years old. Although population statistics were hard to calculate due to migrant workers,  during the early 1930s the town had six lumberyards, several filling stations, multiple clothing stores, two hotels, a doctor's office, a drugstore, a barbershop, a pool hall, a coffee shop, a dance hall, and a paper, the Penwell News. However, like many oil towns when the work began to dwindle the population migrated to towns with more work. Today, the Joker Coffee Shop is one of the few things left standing. #WestTexas #OilTown","2017-02-17T17:51:29+0000","photo","https://www.facebook.com/mike.conaway/photos/a.203542246349300.50628.203482063021985/1229875243715990/?type=3","203482063021985_1229875243715990",NA,84,4,26
"203482063021985","Mike Conaway","Have you ever heard the remarkable love story of Texas Congressman Sam Johnson and his wife, Shirley? It's a great read for this #ValentinesDay.","2017-02-14T16:02:11+0000","link","http://samjohnson.house.gov/news/documentsingle.aspx?DocumentID=323025","203482063021985_1226530070717174",NA,29,3,6
"203482063021985","Mike Conaway","The opportunity to be a part of a team, and learn from a man like Coach Mayfield, led me to be the man I am today. I am so grateful for the experiences I have had, and all the people I have met along the way.","2017-02-11T14:03:54+0000","link","http://footballmatters.org/football-taught-congressman-mike-conaway-the-meaning-of-self-sacrifice/","203482063021985_1223143824389132",NA,121,10,21
"203482063021985","Mike Conaway","Really great to have Commissioner Wayne Christian, of the Railroad Commission of Texas, at the Team Conaway staff retreat to talk about the future of the oil and gas industry in Texas.","2017-02-09T21:53:37+0000","photo","https://www.facebook.com/mike.conaway/photos/a.203542246349300.50628.203482063021985/1222341691136012/?type=3","203482063021985_1222341691136012",NA,42,2,2
"203482063021985","Mike Conaway","In Texas 11, our farming and ranching roots run deep. If you’re looking for something fun to do with friends and family, the San Angelo Stock Show and Rodeo is going on now through February 19th. Whether you’re cheering on students at the stock show, catching some PRCA action in the coliseum, or taking the kids to the petting zoo and carnival, there is a lot of fun to be had out at the San Angelo Coliseum and Fairgrounds!","2017-02-06T22:02:04+0000","photo","https://www.facebook.com/mike.conaway/photos/a.203542246349300.50628.203482063021985/1219569088079939/?type=3","203482063021985_1219569088079939",NA,56,6,3
"203482063021985","Mike Conaway","This week, over 44 high school seniors from TX-11 made their college plans official on National Signing Day. From Angelo State to Harvard and dozens of schools in between, these seniors and their families have a tremendous amount to be proud of. Do you know a student who's going to be a collegiate athlete come fall?","2017-02-03T16:51:20+0000","status",NA,"203482063021985_1216394155064099",NA,19,4,1
"203482063021985","Mike Conaway","Two years ago, Texas Governor Greg Abbott declared February 2nd to be Chris Kyle Day in Texas. Chris Kyle was a hero, who dedicated his life to protecting our country and helping others. It is also an important reminder that we should honor all our veterans and servicemembers for the sacrifices they have made to keep us free each and every day.","2017-02-02T22:52:39+0000","photo","https://www.facebook.com/mike.conaway/photos/a.203542246349300.50628.203482063021985/1215455981824583/?type=3","203482063021985_1215455981824583",NA,64,0,10
"203482063021985","Mike Conaway","Last night, the Llano, Tx Chamber of Commerce hosted the 93rd annual awards banquet, honoring citizens for their contributions to the community. Toby Fletcher, assistant principal at Llano High School, was named citizen of the year in recognition of all he has done for the children of Llano. Roland Rode was the Llano Hall of Fame recipient, honoring his hard work to better the community.   There were many other citizens honored, including Jerry and Alberta Allred as agriculture producer of the year, David Waters, Jil Dillard, Lori Gray, Karla Van Item, Mary Ellen Halamicck, and Sidone Thornton, as educators of the year. The men and women who serve Llano were also honored at this event. Congratulations to all the recipients of these awards- Llano thanks you for your service to the community!","2017-02-01T23:06:05+0000","photo","https://www.facebook.com/mike.conaway/photos/a.203542246349300.50628.203482063021985/1214510631919118/?type=3","203482063021985_1214510631919118",NA,20,1,3
"203482063021985","Mike Conaway","I am proud to have introduced the Veterans Second Amendment Protection Act, which will correct a bureaucratic failure that is currently preventing veterans who receive help navigating the VA from a fiduciary from exercising their constitutional right to bear arms. You can learn more about this bill from the NRA Institute for Legislative Action here:","2017-01-31T15:41:08+0000","link","https://www.nraila.org/articles/20170127/nra-supports-veterans-2nd-amendment-protection-act","203482063021985_1212770032093178",NA,27,8,7
"203482063021985","Mike Conaway","Last Friday at the Republican retreat, Suzanne and I had the pleasure of hearing from Scott Smiley and his wife Tiffany. His is an incredible story, of a young man who graduated from West Point and was blinded while serving in Iraq. He kept his vision of becoming an Ironman, which he completed even after he was blinded. His message was of courage, faith and teamwork. What an incredible story of strength!","2017-01-28T12:43:00+0000","photo","https://www.facebook.com/mike.conaway/photos/a.203542246349300.50628.203482063021985/1208548812515300/?type=3","203482063021985_1208548812515300",NA,45,4,1
"203482063021985","Mike Conaway","A beautiful celebration of life at today's The March for Life- because every child deserves a chance at life. I am so proud that our nation's leaders attended the march today, including Vice President Pence and Kellyanne Conway.","2017-01-28T00:24:52+0000","link","https://www.google.com/amp/www.breitbart.com/video/2017/01/27/kellyanne-conway-addresses-march-for-life-crowd-this-is-a-new-day-a-new-dawn-for-life/amp/","203482063021985_1208547139182134",NA,51,4,3
"203482063021985","Mike Conaway","It's heartwarming to see the mark these West Texans left on DC while in town for the Inauguration.","2017-01-25T16:59:32+0000","link","http://www.wusa9.com/news/local/dc/customer-leaves-generous-tip-message-of-unity-at-dc-restaurant/392066953","203482063021985_1205450932825088",NA,269,16,69
"203482063021985","Mike Conaway","Great news out of the White House today- President Trump has signed executive actions clearing the way for approval of the Keystone XL Pipeline and the Dakota Access Pipeline. President Obama blocked both these projects and the jobs that they will create for years. I'm looking forward to working with President Trump to see these projects through and keep our economy working.","2017-01-24T17:21:41+0000","link","http://www.usatoday.com/story/news/politics/2017/01/24/trump-signs-five-more-orders-pipelines-steel-and-environment/96988428/","203482063021985_1204197022950479",NA,276,35,43
"203482063021985","Mike Conaway","Today, we are experiencing the cornerstone of our democracy: a peaceful transfer of power from one elected leader to the next. It is an honor to be in attendance at this historic event, to watch Donald J. Trump become the 45th President of the United States of America.   It would be a missed opportunity to not think about our awe-inspiring democracy on this day. Our democracy is the vehicle through which we have had the rights to freedom of speech, to bear arms, and to organize for over 240 years, but our democracy is only as good as its people. I am hopeful that this new Administration will help change the course of our nation for the better, keeping our democracy healthy for generations to come. We are truly blessed to live in this country.  Congratulations to President Donald J. Trump. I can’t wait to get our work started.","2017-01-20T19:46:03+0000","photo","https://www.facebook.com/mike.conaway/photos/a.203542246349300.50628.203482063021985/1200064856697029/?type=3","203482063021985_1200064856697029",NA,191,15,9
"203482063021985","Mike Conaway","I really enjoyed visiting with The Midland Reporter-Telegram earlier this week to discuss the issues that President-elect Donald Trump will need to tackle starting day one.","2017-01-19T16:00:21+0000","link","http://www.mrt.com/news/state/article/Conaway-Trump-has-three-big-areas-to-address-10861141.php","203482063021985_1199179790118869",NA,46,9,5
"203482063021985","Mike Conaway","Peeking out from the brush in Mason County, Spy Rock is considered the lesser known Enchanted Rock. Made of pink granite rock from the Precambrian Age, Spy Rock is accessible to all climbers, but the dome itself is on private property and not accessible. The closest town, Fredonia, Texas, was settled 3 miles away from Spy Rock and the locals used the outcropping as a marker when bringing their livestock and produce to town. Have you ever visited Spy Rock?","2017-01-18T21:59:23+0000","photo","https://www.facebook.com/mike.conaway/photos/a.203542246349300.50628.203482063021985/1198407720196076/?type=3","203482063021985_1198407720196076",NA,35,3,3
"203482063021985","Mike Conaway","Today as my mother held the Bible, U.S. District Judge Robert Junell administered the oath of office during a local swearing-in ceremony. Even though I took the oath of office with my colleagues in DC at the start of this Congress, I think it's incredibly important to hold this ceremony in TX-11 because it is thanks to the people of this district that I have the honor of representing you in Congress.","2017-01-17T22:14:05+0000","photo","https://www.facebook.com/mike.conaway/photos/a.203542246349300.50628.203482063021985/1197593180277530/?type=3","203482063021985_1197593180277530",NA,325,55,15
"203482063021985","Mike Conaway","Looking for the newest fishing hot spot in the 11th District? In a joint effort by the Lake Buchanan Conservation Corp. and Texas Parks and Wildlife, new fish attractors were placed in various places around Lake Buchanan this week. These structures create habitats that attract game fish such as Largemouth Bass and Crappie. I am always excited to see conservation efforts that not only strengthen our natural resources but provide for a great day on the water for anglers of all ages.","2017-01-13T17:33:46+0000","video","https://www.facebook.com/104757433012127/videos/724169114404286/","203482063021985_1194128590623989","Mike Conaway shared Inland Fisheries San Marcos/Austin District - Texas Parks and Wildlife's video.",27,8,1
"203482063021985","Mike Conaway","Next Tuesday, I will be holding two town hall meetings in the district. The first will be in Stanton, Texas at the Martin County-Library, and the second will be in Sterling City, Texas at the First National Bank. I hope you'll join me to discuss the issues that are on your mind!","2017-01-12T16:00:52+0000","link","http://conaway.house.gov/townhalls/","203482063021985_1193265180710330",NA,24,15,1
"203482063021985","Mike Conaway","Thanks to all who joined me for my live teletown hall meeting tonight. Lots of great questions about Obamacare, and our plan to transition to a better healthcare system.","2017-01-11T00:37:45+0000","photo","https://www.facebook.com/mike.conaway/photos/a.203542246349300.50628.203482063021985/1191981624172019/?type=3","203482063021985_1191981624172019",NA,74,15,4
"203482063021985","Mike Conaway","Today, the United States Senate begins confirmation hearings for President-elect Trump's cabinet nominations. Tune in right now to watch Senator Jeff Sessions's confirmation hearing for his nomination to Attorney General:","2017-01-10T16:00:07+0000","link","https://www.c-span.org/video/?420932-1%2Fattorney-general-nominee-jeff-sessions-recuse-clinton-investigations&live","203482063021985_1191709444199237",NA,26,10,1
"203482063021985","Mike Conaway","Thank you to our nation's law enforcement officers who protect and serve our communities today and every day!","2017-01-09T23:42:01+0000","photo","https://www.facebook.com/mike.conaway/photos/a.203542246349300.50628.203482063021985/1191222900914558/?type=3","203482063021985_1191222900914558",NA,35,3,7
"203482063021985","Mike Conaway","This week, I had the honor of being sworn in as a member of the 115th Congress. After taking the Oath of Office with my colleagues on the Floor of the House of Representatives, we each signed the oath and took some time to reflect on the incredible responsibility that this office bestows upon us.   The Oath of Office reads:  I, K. Michael Conaway, do solemnly swear (or affirm) that I will support and defend the Constitution of the United States against all enemies, foreign and domestic; that I will bear true faith and allegiance to the same; that I take this obligation freely, without any mental reservation or purpose of evasion; and that I will well and faithfully discharge the duties of the office on which I am about to enter. So help me God.","2017-01-07T13:44:00+0000","photo","https://www.facebook.com/mike.conaway/photos/a.203542246349300.50628.203482063021985/1188891374481044/?type=3","203482063021985_1188891374481044",NA,123,24,0
"203482063021985","Mike Conaway","Last night, the House of Representatives passed H.Res. 11, to Reject the Anti-Israel UN Resolution. Israel is our strongest ally in an increasingly unstable region, and to allow a resolution to pass the United Nations Security Council that states that Judaism’s holiest sites are an ‘occupied territory’ is absolutely unacceptable.   The United States has a long history of voting down anti-Israel resolutions at the United Nations Security Council- in fact, the United States has vetoed 42 anti-Israel resolutions since 1972. Unfortunately, President Obama and his Administration have chosen to ignore the special relationship between the United States and Israel, which is reprehensible. We must continue our nation’s long tradition of standing with Israel.","2017-01-06T16:14:16+0000","status",NA,"203482063021985_1188648267838688",NA,93,12,6
"203482063021985","Mike Conaway","Congressman Jodey Arrington is the new representative for the congressional district just north of TX-11, which includes Lubbock and Abilene. Please join me in welcoming him to Congress!","2017-01-05T13:15:02+0000","link","http://www.bigcountryhomepage.com/news/main-news/arrington-sworn-in-as-district-19-representative/635647717","203482063021985_1187156641321184",NA,81,6,2
"203482063021985","Mike Conaway","Just two days into the 115th Congress, the feeling on Capitol Hill is different than it has been for the last eight years.","2017-01-04T15:45:48+0000","link","http://kxan.com/2017/01/04/texas-lawmakers-say-this-congressional-session-is-breath-of-fresh-air/","203482063021985_1187146254655556",NA,139,20,9
"203482063021985","Mike Conaway","As we start 2017 and the 115th Congress, here's a brief look back on 2016:","2017-01-03T14:40:52+0000","link","http://conaway.house.gov/uploadedfiles/year_in_review_2016.pdf","203482063021985_1186382721398576",NA,27,5,4
