"from_id","from_name","message","created_time","type","link","id","story","likes_count","comments_count","shares_count"
"367963843082","Pete Sessions","We have heard a lot of talk about Washington’s inability to work together. However, this week, the House passed a bipartisan jobs bill with overwhelming support from both sides of the aisle. This bill underscores our ability to come together to deliver results for the American people by passing legislation that will directly impact American families, our economy, and our labor force.  Read my full statement on the passage of H.R. 2842, Accelerating Individuals into the Workforce Act here: sessions.house.gov/media-center/press-releases/sessions-votes-bridge-gap-put-americans-back-work","2017-06-23T15:35:13+0000","link","http://sessions.house.gov/media-center/press-releases/sessions-votes-bridge-gap-put-americans-back-work","367963843082_10155552524843083",NA,32,13,2
"367963843082","Pete Sessions","Yesterday I was delighted to sit down with North Texas representatives from Charter Communications to discuss the important new developments in the telecommunications industry. This industry has created 2,934 jobs in 32nd Congressional District of Texas alone and has had a $438 million economic impact on our North Texas region. Charter is an example of the success of the free enterprise system and I look forward to continuing to work with them to create jobs for hard working North Texans and grow our local and national economy.","2017-06-21T14:43:27+0000","photo","https://www.facebook.com/petesessions/photos/a.10150139032673083.336455.367963843082/10155545130448083/?type=3","367963843082_10155545130448083",NA,14,14,0
"367963843082","Pete Sessions","As the proud Co-Chair of the Yellow Pages Caucus I was delighted to talk to members of the group this morning. During today's discussion we specifically talked about the potential role of public-private partnerships in infrastructure development.  This caucus is comprised of Members of Congress who believe that we should rely upon the private sector to provide commercially available goods and services to the government and the American people.","2017-06-19T21:28:33+0000","photo","https://www.facebook.com/petesessions/photos/a.10150139032673083.336455.367963843082/10155539611663083/?type=3","367963843082_10155539611663083",NA,11,17,1
"367963843082","Pete Sessions","This morning I was delighted to introduce Secretary Rick Perry  at the SelectUSA Investment Summit hosted by Secretary of Commerce Wilbur Ross. This event underscores our commitment to reinvigorating our local economies and putting Americans back to work.","2017-06-19T16:17:48+0000","photo","https://www.facebook.com/petesessions/photos/a.10150139032673083.336455.367963843082/10155538733363083/?type=3","367963843082_10155538733363083",NA,30,11,3
"367963843082","Pete Sessions","My father was always been my biggest role model. He taught me the importance of giving back to your community through Scouting, serving your country as a public servant, and being the best father I can be to my five sons. I will be forever grateful for the lessons my dad has taught me and the unwavering love he has always showed me. Happy Father's Day!    Watch this video from Roll Call's Heard on the Hill about my relationship with my dad: http://www.rollcall.com/video/lessons_from_dad_house_members_talk_about_their_dads","2017-06-18T15:35:42+0000","link","http://www.rollcall.com/video/lessons_from_dad_house_members_talk_about_their_dads","367963843082_10155534510698083",NA,14,8,2
"367963843082","Pete Sessions","Last night I was proud to come together with all my colleagues, staff members, and Americans to celebrate the age-old tradition of the Congressional Baseball Game. While this has been a difficult week, it was a wonderful night honoring our friend Congressman Steve Scalise with a display of strength, unity, and patriotism.","2017-06-16T18:55:59+0000","photo","https://www.facebook.com/petesessions/photos/a.10150139032673083.336455.367963843082/10155527672453083/?type=3","367963843082_10155527672453083",NA,62,10,5
"367963843082","Pete Sessions","I am horrified by the news of my colleauges being the target of unwarranted violence at the Congressional Baseball practice this morning. My prayers are with my friend Congressman Steve Scalise, his staff, and all who were injured this morning.","2017-06-14T12:24:47+0000","link","http://www.foxnews.com/us/2017/06/14/virginia-gop-baseball-practice-shooting-multiple-people-shot.html","367963843082_10155519993403083",NA,39,38,13
"367963843082","Pete Sessions","Today I proudly voted to send a bill to the President’s desk that makes it clear we are serious about reforming the VA and showing our veterans that we are working to make sure they have the care they need and deserve. This legislation is critical to doing right by our veterans in North Texas and across the nation. I’m proud this bill will imminently be signed into law and remain committed to fighting for our Veterans who have so bravely fought to preserve our freedom.  Read my full statement here: sessions.house.gov/media-center/press-releases/sessions-supports-our-veterans","2017-06-13T21:08:59+0000","link","http://sessions.house.gov/media-center/press-releases/sessions-supports-our-veterans","367963843082_10155518112878083",NA,68,18,3
"367963843082","Pete Sessions","This year I was delighted to nominate 11 young leaders to our nation's Service Academies. These young men and women represent the best and brightest of our community and I am honored to serve as their representative.   Read my full statement here: sessions.house.gov/media-center/press-releases/pete-sessions-announces-appointment-11-north-texas-students-us-service","2017-06-13T16:02:41+0000","photo","https://www.facebook.com/petesessions/photos/a.10150139032673083.336455.367963843082/10155517075263083/?type=3","367963843082_10155517075263083",NA,29,5,1
"367963843082","Pete Sessions","We have a busy week at the Rules Committee. See our schedule below and watch the hearings live here: https://rules.house.gov/.","2017-06-12T19:13:26+0000","link","https://www.facebook.com/RulesReps/posts/961045627369608","367963843082_10155514388218083","Pete Sessions shared House Committee on Rules - Republicans's post.",5,10,0
"367963843082","Pete Sessions","ICYMI: In last week's newsletter I highlighted my votes to roll back onerous Dodd-Frank regulations and to bolster national security.   Read more in The Hill Report here: sessions.house.gov/media-center/weekly-newsletters/hill-report-week-june-12-16-2017","2017-06-12T14:32:39+0000","link","http://sessions.house.gov/media-center/weekly-newsletters/hill-report-week-june-12-16-2017","367963843082_10155513685768083",NA,16,44,3
"367963843082","Pete Sessions","One of my biggest honors as a Member of Congress is appointing young leaders to our nation's Service Academies. This morning I was delighted to celebrate these exceptional students. This event would not have been possible without the hard work and commitment of my Service Academy Liaison, Rachel Garcia. Rachel, it has been an honor to have you on my team and thank you for your years of service in my office.","2017-06-10T16:51:41+0000","photo","https://www.facebook.com/petesessions/photos/a.10150139032673083.336455.367963843082/10155506883803083/?type=3","367963843082_10155506883803083",NA,24,8,1
"367963843082","Pete Sessions","Today the House turned the page on the era of onerous regulations and passed a measure to create real economic growth that allows our free-enterprise system to thrive. Under the leadership of Chairman Jeb Hensarling, this package responsibly rights the wrongs of Dodd-Frank by bringing accountability to the financial services industry, stopping taxpayer bailouts, and providing all Americans, regardless of their circumstances, the opportunity to achieve financial independence. Importantly, this legislative package also repealed the misguided and flawed Department of Labor Fiduciary Rule. I proudly supported this measure to unleash our economic prowess and reinvigorate our American economy.  Read my full statement here: sessions.house.gov/media-center/press-releases/sessions-votes-roll-back-dodd-frank","2017-06-08T21:23:26+0000","link","http://sessions.house.gov/media-center/press-releases/sessions-votes-roll-back-dodd-frank","367963843082_10155497728258083",NA,64,70,12
"367963843082","Pete Sessions","I was pleased to meet with Texans from Experian Murray Johnston, Lee Lundy and Joseph Manna to discuss possible reofrms to the Credit Repair Organizations Act or CROA. Specifically, we discussed a narrow fix designed to address a critical situation that left unattended, will greatly harm families in North Texas and across the nation. I look forward to continuing to work with them to resolve this important issue to avoid disastrous implications for North Texans.","2017-06-08T16:00:31+0000","photo","https://www.facebook.com/petesessions/photos/a.10150139032673083.336455.367963843082/10155495352128083/?type=3","367963843082_10155495352128083",NA,14,6,0
"367963843082","Pete Sessions","Under President Trump's leadership, Secretary Kelly has made a concerted effort to provide the necessary resources to secure our porous borders and uphold our rule of law. However, our border patrol - the most critical resource we have on the ground - is severely understaffed. I proudly voted for H.R. 2213, the Anti-Border Corruption Reauthorization Act of 2017 to appropriately address this problem by allowing already thoroughly vetted candidates to expeditiously go through the  hiring process and begin their important duties of protecting our borders. These individuals are critical to the safety and security of our nation and we must responsibly ensure we have enough officers on the ground to protect our borders.","2017-06-07T22:42:17+0000","status",NA,"367963843082_10155492947268083",NA,30,22,2
"367963843082","Pete Sessions","ICYMI: This morning I joined Fox & Friends friends to discuss important measures to end loopholes and prevent radical terrorists from posing harm to our communities.   Watch the clip here: https://www.youtube.com/watch?v=qtkSnYBrLVU","2017-06-07T16:58:14+0000","video","https://www.youtube.com/watch?v=qtkSnYBrLVU","367963843082_10155492003528083",NA,22,32,3
"367963843082","Pete Sessions","Today marks the 73rd anniversary of D-Day. May we never forget the brave heroes who stormed the beaches of Normandy in the name of freedom.","2017-06-06T14:30:58+0000","photo","https://www.facebook.com/petesessions/photos/a.10150139032673083.336455.367963843082/10155488289868083/?type=3","367963843082_10155488289868083",NA,44,4,8
"367963843082","Pete Sessions","This morning I was delighted to host a congressional briefing with former Secretary of the Navy John Lehman, North Texans representing the Navy League, and policymakers to discuss vital role the United States Navy plays in our national security and why we must seize the opportunity to grow the fleet.","2017-06-05T17:41:12+0000","photo","https://www.facebook.com/petesessions/photos/a.10150139032673083.336455.367963843082/10155485263128083/?type=3","367963843082_10155485263128083",NA,15,6,1
"367963843082","Pete Sessions",NA,"2017-06-02T21:47:04+0000","photo","https://www.facebook.com/petesessions/photos/a.10150139032673083.336455.367963843082/10155475791038083/?type=3","367963843082_10155475791038083","Pete Sessions added a new photo.",6,1,0
"367963843082","Pete Sessions","To stay up to date with my work in the 32nd Congressional District and to receive legislative updates, make sure to sign up for my weekly newsletter, The Hill Report.   Learn more here: https://sessions.house.gov/contact/newsletter","2017-05-30T14:40:29+0000","link","https://sessions.house.gov/contact/newsletter","367963843082_10155464745598083",NA,14,8,0
"367963843082","Pete Sessions","This Memorial Day I am honored to be with the United States Marine Corps to thank them for their service and their unwavering commitment to protecting our great nation.  Watch my Memorial Day message here: https://youtu.be/8_DdnFrCVbA","2017-05-29T19:31:56+0000","video","https://youtu.be/8_DdnFrCVbA","367963843082_10155462260428083",NA,16,1,0
"367963843082","Pete Sessions","As a fiscal conservative, one of my top priorities has always been to scale down our bloated budget and get our fiscal house in order. While I agree with some of the over-arching principles of President Trump's budget proposal - balancing in ten years, increasing spending for our men and women on the front lines, and reducing the deficit - the Constitution squarely places the power of the purse within the control of Congress.  My colleagues are already hard at work to put forth a budget that stimulates economic growth and eliminates wasteful programs. We must pass a budget that ensures our military has the resources they need to protect our nation both at home and abroad as well as fund programs that are critical to our communities. I look forward to working with my colleagues in Congress to responsibly fund our government and wisely use taxpayer dollars to put our nation back on the path towards fiscal stability.","2017-05-23T18:32:06+0000","status",NA,"367963843082_10155441546333083",NA,43,61,5
"367963843082","Pete Sessions","My deepest sympathies go out to the families, victims, and all who were impacted by the horrific attack in Manchester last night. Today and always, America stands hand in hand, heart to heart, with our friends in England. This vicious act further deepens our resolve to eviscerate the evil, immoral radical Islamic terrorists who continue to threaten our friends across the globe and our freedom.","2017-05-23T14:46:36+0000","link","http://www.foxnews.com/world/2017/05/23/isis-claims-responsibility-for-ariana-grande-concert-attack-in-manchester.html","367963843082_10155440924018083",NA,21,1,6
"367963843082","Pete Sessions","ICYMI: Read my weekly newsletter to catch up on the bills that the House passed last week to support our nation's police officers, hear about my meetings with North Texans in Washington, and more.   Read the Hill Report here: sessions.house.gov/media-center/weekly-newsletters/hill-report-week-may-15-19-2017","2017-05-22T14:06:03+0000","link","http://sessions.house.gov/media-center/weekly-newsletters/hill-report-week-may-15-19-2017","367963843082_10155437921903083",NA,15,7,0
"367963843082","Pete Sessions","Former FBI Director Mueller is a well-qualified leader who is more than capable to lead this independent investigation. He has gained overwhelming bipartisan respect for his fidelity to the truth and his commitment to the rule of law. I believe that it is critical that we get to the bottom of this once and for all and Mueller is the person to do exactly that.","2017-05-18T18:37:23+0000","link","http://www.foxnews.com/politics/2017/05/17/robert-mueller-to-oversee-russia-election-probe-as-special-counsel.html","367963843082_10155423273013083",NA,54,32,1
"367963843082","Pete Sessions","It was an honor to have Dr. Bruce Hargrave from Rowlett, Texas lead the United States House of Representatives in prayer as the guest chaplain yesterday morning. As a faith leader, civil servant, and trusted advisor, Bruce plays an integral role in his community and I am honored to have such a fine citizen in the 32nd Congressional District.  https://youtu.be/FZ_ULCh4mfU","2017-05-17T15:18:44+0000","video","https://youtu.be/FZ_ULCh4mfU","367963843082_10155419331258083",NA,33,28,8
"367963843082","Pete Sessions","At 4:00 PM CST I am chairing the House Committee on Rules - Republicans hearing on two bills to support our police officers:  H.R. 115 - Thin Blue Line Act and H.R. 1039 - Probation Officer Protection Act of 2017.   Watch the hearing live here: https://rules.house.gov/video/rules-committee-hearing-hr1039-and-hr-115","2017-05-16T19:19:10+0000","link","https://rules.house.gov/video/rules-committee-hearing-hr1039-and-hr-115","367963843082_10155415943953083",NA,9,13,0
"367963843082","Pete Sessions","The officers of the Dallas Police Department are some of the finest in the nation. It was an honor to welcome two officers from the department to Washington this morning. Their professionalism, bravery, and unwavering commitment to protecting our community has been displayed time and time again and I could not be prouder to represent these fine officers.","2017-05-16T14:59:38+0000","photo","https://www.facebook.com/petesessions/photos/a.10150139032673083.336455.367963843082/10155415190633083/?type=3","367963843082_10155415190633083",NA,22,2,0
"367963843082","Pete Sessions","UPDATE: My staff will hold Mobile Office Hours in Wylie, Monday, May 22, 2017 from 1:00 pm - 5:00 pm at Wylie City Hall, 300 Country Club Dr #100, Wylie, Texas 75098  9:00 AM - 12:30 PM.","2017-05-16T14:16:03+0000","status",NA,"367963843082_10155415066253083",NA,10,12,7
"367963843082","Pete Sessions","This week is dedicated to celebrating the men and women who put their lives on the line each and every day to keep our families safe. I sincerely appreciate their committment and willingness to go above and beyond to protect our communities. #PoliceWeek #BackTheBlue","2017-05-15T15:53:15+0000","photo","https://www.facebook.com/petesessions/photos/a.10150139032673083.336455.367963843082/10155412031643083/?type=3","367963843082_10155412031643083",NA,28,5,1
"367963843082","Pete Sessions","Last week I had the opportunity to visit the Winston School, meet with Richardson Police Officers, discuss health care and education with young professionals in Dallas, and more.   Read more about my meetings last week in my newsletter, the Hill Report: sessions.house.gov/media-center/weekly-newsletters/hill-report-week-may-8-12-2017","2017-05-15T14:43:36+0000","link","http://sessions.house.gov/media-center/weekly-newsletters/hill-report-week-may-8-12-2017","367963843082_10155411871483083",NA,15,11,0
"367963843082","Pete Sessions","Great morning with students from Bishop Lynch, Wylie East and the Dallas Youth Council picking up trash at White Rock Lake.","2017-05-13T16:02:24+0000","photo","https://www.facebook.com/petesessions/photos/a.10150139032673083.336455.367963843082/10155405807103083/?type=3","367963843082_10155405807103083",NA,30,12,0
"367963843082","Pete Sessions","Next week, my staff will be holding Mobile Office Hours in Rowlett, Garland, Wylie, and Sachse. Please come see them if you need help with a federal agency or if you have any questions for them.   Here is the schedule:   Monday, May, 15, 2017   Rowlett  Rowlett City Hall  3901 Main Street  Rowlett, Texas 75088  9:00 AM - 12:30 PM  Garland  Garland City Hall  200 N. 5th Street  Garland, Texas 75040  1:00PM - 5:00PM  Sachse  Sachse City Hall  3815 Sachse Road  Sachse, Texas 75048  1:00 PM - 5:00PM","2017-05-12T19:25:45+0000","status",NA,"367963843082_10155403173133083","Pete Sessions updated their status.",27,20,19
"367963843082","Pete Sessions","For the past ten years I have been honored to partner with the Today Foundation and host North Texas students in Washington, D.C. through the Texas Leadership Forum. I have welcomed hundreds of bright young leaders throughout the years and this afternoon I was delighted to see one of the first students, Ashley Aguilar, at a business round table in Dallas. It is always incredible to see these young leaders grow into influencers in their community. I am immensely proud of Ashley and all that she has accomplished.","2017-05-11T18:58:58+0000","photo","https://www.facebook.com/petesessions/photos/a.10150139032673083.336455.367963843082/10155400023303083/?type=3","367963843082_10155400023303083",NA,26,12,3
"367963843082","Pete Sessions","I had a wonderful morning meeting with students at the The Winston School and touring their exceptional campus. From learning about the completely student built solar powered car that will be raced at Texas Motor Speedway this summer, to listening to the stories of two bright young student ambassadors, to answering questions about my conservation efforts to make North Texas a better place, I had a wonderful time talking with these young leaders and I am proud to have such an exceptional school in the 32nd Congressional District.","2017-05-10T02:11:02+0000","photo","https://www.facebook.com/petesessions/photos/a.10150139032673083.336455.367963843082/10155395026298083/?type=3","367963843082_10155395026298083",NA,45,39,8
"367963843082","Pete Sessions","Obamacare is a discriminatory system that picks winners, creates losers, and oppresses American people who are trying to keep their families healthy.  It is a failing system that restricts choice, makes health care unaffordable for American families, and is a major reason why our economy has seen stagnant growth since 2010.   Although today's vote is a first step to address the failures of the current health care law, we must be deliberate, thoughtful, and responsible in working to produce a sustainable solution to fix our broken healthcare system.  Health care is an issue that impacts every single American.  While this bill is not perfect, I believe it is far superior to the health care system we have now.   It is my hope that my colleagues in the Senate will continue to use this time to develop a better system that brings millions more of Americans to the health care system, not millions less.  We have a real opportunity to effectively fix health care, and I hope we can continue to work together to do so.","2017-05-04T19:02:28+0000","status",NA,"367963843082_10155379025748083",NA,135,587,31
"367963843082","Pete Sessions","Our workforce has changed dramatically over the years. Whether employees are balancing a full time position while attending school or a single parent is working two jobs to provide for their children, the needs of our workforce have evolved. As our workforce changes so must our laws that protect and govern them. Currently, only public sector employees have the ability to choose paid time off instead of cash wages as compensation for working overtime hours.  Employees in both the public and private sector should have the same opportunities to balance their work and personal obligations.  That is why I proudly voted to overhaul this outdated law to provide all members of the 21st century workforce the flexibility they need and deserve.  Read more about H.R. 1180, Working Families Flexibility Act of 2017, the bill that the House just passed here: https://rules.house.gov/bill/115/hr-1180","2017-05-02T23:01:05+0000","link","https://rules.house.gov/bill/115/hr-1180","367963843082_10155373584533083",NA,18,47,4
"367963843082","Pete Sessions",NA,"2017-05-01T17:30:18+0000","photo","https://www.facebook.com/petesessions/photos/a.10150139032673083.336455.367963843082/10155369432683083/?type=3","367963843082_10155369432683083","Pete Sessions added a new photo.",7,10,1
"367963843082","Pete Sessions","ICYMI: Check out my weekly newsletter to learn about legislation that I introduced last week, my meetings with North Texans, and more.","2017-05-01T15:05:47+0000","link","http://sessions.house.gov/media-center/weekly-newsletters/hill-report-week-april-24-28-2017REad","367963843082_10155369097058083",NA,7,6,2
"367963843082","Pete Sessions","As a proud Eagle Scout I am always delighted to celebrate the achievements of young scouts in #TX32. Happy 40th anniversary to Troop 1020 in Rowlett.","2017-04-30T02:22:58+0000","photo","https://www.facebook.com/petesessions/photos/a.10150139032673083.336455.367963843082/10155364472193083/?type=3","367963843082_10155364472193083",NA,37,7,6
"367963843082","Pete Sessions","Tomorrow, Saturday, April 29, 2017, a representative from my office will be joining my North Texas colleagues in hosting a Service Academy forum.  This event provides interested students and their parents with the opportunity to learn more about our nation’s exceptional Service Academies and the important role they have in shaping the future leaders of our community, state, and nation. Hope to see you there.   Saturday, April 29, 2017 8:00 a.m. to 12:00 noon Registration Begins at 7:30 a.m. Mansfield ISD Center for the Performing Arts 1110 W. Debbie Lane Mansfield, Texas 76063","2017-04-28T18:18:31+0000","status",NA,"367963843082_10155360218158083",NA,11,6,1
"367963843082","Pete Sessions","At 4:30 PM CST I will be chairing the Rules Committee hearing on a measure to fund the government through next week as we continue to finalize the long term 2017 funding bill.   Watch the hearing LIVE here: https://rules.house.gov/video/rules-committee-hearing-hj-res-99","2017-04-27T20:13:23+0000","link","https://rules.house.gov/video/rules-committee-hearing-hj-res-99","367963843082_10155357416528083",NA,15,43,0
"367963843082","Pete Sessions","Last night I was delighted to celebrate the talented North Texas high school students who participated in this year's Congressional Art Competition. Each year I am blown away by the sheer talent, dedication, and professionalism of these students and this year was no different. Congratulations to Uriel Lopez from the John Leslie Patton Academic Center for receiving the grand prize for his exceptional piece, ""Preserving Patriot's Dream.""","2017-04-25T16:46:35+0000","photo","https://www.facebook.com/petesessions/photos/a.10150139032673083.336455.367963843082/10155350701008083/?type=3","367963843082_10155350701008083",NA,43,8,4
"367963843082","Pete Sessions","Last week I was delighted to meet with job creators, law enforcement agents, and constituents across North Texas. Read all about these meetings in my weekly newsletter, The Hill Report.","2017-04-17T15:42:24+0000","link","http://sessions.house.gov/media-center/weekly-newsletters/hill-report-week-april-10-14-2017","367963843082_10155324821593083",NA,9,17,0
"367963843082","Pete Sessions",NA,"2017-04-16T17:36:52+0000","photo","https://www.facebook.com/petesessions/photos/a.10150139032673083.336455.367963843082/10155321580923083/?type=3","367963843082_10155321580923083","Pete Sessions added a new photo.",18,1,0
"367963843082","Pete Sessions","Art Competition Update: The submissions are in and we have received incredible artwork from the talented students of the 32nd Congressional District. Check out the pieces and cast your vote for the People's Choice Award here: https://sessions.house.gov/services/congressional-art-competition/2017-peoples-choice-award","2017-04-14T16:32:33+0000","link","https://sessions.house.gov/services/congressional-art-competition/2017-peoples-choice-award","367963843082_10155314109263083",NA,12,10,1
"367963843082","Pete Sessions","As a nation we are facing an unprecedented number of threats ranging from terrorism threatening Americans at home and abroad and the drug epidemic plaguing our communities. This morning I had the opportunity to discuss these important issues with the North Texas Crime Commission and work through solutions to keep our North Texas families safe.","2017-04-13T13:45:56+0000","photo","https://www.facebook.com/petesessions/photos/a.10150139032673083.336455.367963843082/10155309907143083/?type=3","367963843082_10155309907143083",NA,25,20,0
"367963843082","Pete Sessions","This morning I had the opportunity to visit the fusion center in Collin County and meet with stakeholders from across North Texas to discuss security concerns facing the region.","2017-04-12T20:24:25+0000","photo","https://www.facebook.com/petesessions/photos/a.10150139032673083.336455.367963843082/10155307252288083/?type=3","367963843082_10155307252288083",NA,11,13,0
"367963843082","Pete Sessions","I was delighted to present the Save 10 award to these outstanding job creators at the Financial Services Roundtable this morning.","2017-04-11T15:57:54+0000","photo","https://www.facebook.com/petesessions/photos/a.10150139032673083.336455.367963843082/10155303172898083/?type=3","367963843082_10155303172898083",NA,5,2,0
"367963843082","Pete Sessions","Each year I'm delighted to welcome high school students from the 32nd Congressional District to Washington for the Pete Sessions Leadership and Growth Program. I had a great afternoon meeting with this year's participants at the kick off party in Dallas. Special thanks to Herschel Walker for being our key note speaker.","2017-04-08T21:45:10+0000","photo","https://www.facebook.com/petesessions/photos/a.10150139032673083.336455.367963843082/10155293137778083/?type=3","367963843082_10155293137778083",NA,22,15,0
"367963843082","Pete Sessions",NA,"2017-04-07T16:35:10+0000","photo","https://www.facebook.com/petesessions/photos/a.10150139032673083.336455.367963843082/10155288673973083/?type=3","367963843082_10155288673973083","Pete Sessions added a new photo.",55,31,0
"367963843082","Pete Sessions","Yesterday the President made it clear that we will not stand idly by while Bashar al-Assad barbarically uses chemical weapons to take the lives of innocent men, women, and children. President Trump’s decision to launch a targeted airstrike on the airfield where Assad launched the deadly chemical attack on Monday shows a strength and responsibility that we have not seen in eight years. While the complexity of the situation in Syria grows daily, I believe this is a solid first step and I look forward to working with the President and my colleagues in Congress to hold the Assad regime accountable for its heinous actions.","2017-04-07T13:53:08+0000","link","http://www.foxnews.com/world/2017/04/06/us-launches-missiles-into-syria-in-response-to-chemical-weapons-attack.html","367963843082_10155288153973083",NA,94,67,17
"367963843082","Pete Sessions","UPDATE: I have extended the deadline for the Congressional Art Competition to Friday, April 7th at 5 PM. If you are high school student in the 32nd Congressional District of Texas and would like ot participate please visit my website.   sessions.house.gov/services/congressional-art-competition","2017-04-05T15:40:51+0000","status",NA,"367963843082_10155280318508083",NA,6,6,2
"367963843082","Pete Sessions","SSG Travis Mills and David Vobora have an amazing story that has not only inspired those around them but has changed the lives of hundreds of individuals who have suffered life altering injuries. I have had the distinct honor of meeting with these heroes and I am pleased to see that their story and their mission was shared with the rest of the country on the Ellen DeGeneres show.  Watch this clip to learn more about their story:","2017-04-05T14:22:07+0000","video","https://www.youtube.com/watch?v=Z247lkFnOPo","367963843082_10155280086638083",NA,9,1,1
"367963843082","Pete Sessions","This morning I was delighted to welcome members of the Richardson Chamber of Commerce to Washington to discuss critical issues impacting our communities and nation. We had a robust discussion about the importance of staying engaged and involved with what is going on not only in Washington but within our own communitites. This was an exceptional group of thought leaders who will continue to make the city of Richardson and our North Texas community a better place.","2017-04-04T15:22:23+0000","photo","https://www.facebook.com/petesessions/photos/a.10150139032673083.336455.367963843082/10155276747403083/?type=3","367963843082_10155276747403083",NA,14,10,2
"367963843082","Pete Sessions","Each year I am always delighted to host the Congressional Art Competition in the 32nd Congressional District.  This competition invites North Texas high school students to submit a piece of artwork that best reflects their idea of “America the Beautiful” and have their piece displayed in the United States Capitol.  If you would like to participate in this year's competition please submit your artwork by April 4th at 5 PM. Leare more here: https://sessions.house.gov/services/congressional-art-competition","2017-04-03T17:00:19+0000","status",NA,"367963843082_10155273826543083",NA,7,8,2
"367963843082","Pete Sessions","This week I was delighted to meet with an advocate from Dallas from the Alzheimer's Association. I admire her dedication and committment to caregiving and healing. This disease has impacted millions of Americans across the country and I believe it is critical that they have the resources they need to further research for treatments and one day find a cure to #EndAlzheimers.","2017-03-31T14:53:44+0000","photo","https://www.facebook.com/petesessions/photos/a.10150139032673083.336455.367963843082/10155264428833083/?type=3","367963843082_10155264428833083",NA,13,5,1
"367963843082","Pete Sessions","The 2017 County Health Rankings have been released and Collin County — which I’m proud to represent — has been listed as the healthiest county in Texas. The Rankings measure the health of virtually every county in America on 30 factors that impact health, including education, transportation, housing, violent crime, jobs, diet and exercise. Learn more here: http://www.countyhealthrankings.org/app/texas/2017/overview","2017-03-30T15:55:35+0000","link","http://www.countyhealthrankings.org/app/texas/2017/overview","367963843082_10155261441278083",NA,27,26,1
"367963843082","Pete Sessions","As a result of President Obama's onerous regulatory agenda, American jobs and American energy independence were placed on the chopping block. Today, President Trump took a positive step to cut through reams of unnecessary red tape and unleash the power of American energy. This action will eliminate federal overreach, restore economic freedom, and create American jobs. I'm proud to have a president who supports economic freedom and takes an active role in responsibly developing American energy.","2017-03-28T18:46:11+0000","link","http://www.foxnews.com/politics/2017/03/28/trump-set-to-undo-obamas-action-against-global-warming.html","367963843082_10155256105818083",NA,48,81,2
"367963843082","Pete Sessions","This morning I will chair the Rules Committee hearing on the American Health Care Act. We have an historic opportunity to finally repeal and replace Obamacare and fix our broken health care system.   Watch the hearing LIVE on C-SPAN or on rules.house.gov.","2017-03-24T10:16:08+0000","status",NA,"367963843082_10155241924248083",NA,58,177,3
"367963843082","Pete Sessions","This morning at 9:00 AM CST I will chair the hearing on the American Health Care Act. Obamacare has been a disaster and I believe this bill is the first step to fixing our broken health care system and providing Americans with better, more affordable care.   Watch the hearing live on C-SPAN's website or on the Rules Committee's website here: https://rules.house.gov/","2017-03-22T12:37:19+0000","photo","https://www.facebook.com/petesessions/photos/a.10150139032673083.336455.367963843082/10155235717363083/?type=3","367963843082_10155235717363083",NA,30,139,7
"367963843082","Pete Sessions","ICYMI: Yesterday I was on Fox News talking about why I believe the American Health Care Act will help fix our broken healthcare system. Obamacare has been a disaster and this week the House will vote to repeal this awful bill and replace it with a free market based, patient centered solution.   Watch the clip here: https://www.youtube.com/watch?v=7brP4TMzP58","2017-03-20T14:43:23+0000","video","https://www.youtube.com/watch?v=7brP4TMzP58","367963843082_10155229550548083",NA,34,74,7
"367963843082","Pete Sessions","This week I proudly joined my colleagues in passing three different measures to support these brave heroes. These three bills aim to improve the lives of all veterans across the country by protecting their Second Amendment rights, creating a culture of accountability at the VA, and ensuring that the VA hires the best physicians to treat these men and women. While there is still much more that we need to do to provide our veterans with the support that they need and deserve, these important measures are a step in the right direction.","2017-03-17T16:47:15+0000","photo","https://www.facebook.com/petesessions/photos/a.10150139032673083.336455.367963843082/10155220548873083/?type=3","367963843082_10155220548873083",NA,22,10,5
"367963843082","Pete Sessions","I'm getting ready to go on NBC DFW to talk about my Town Hall meeting this Saturday at Richardson High School and discuss the Republican healthcare plan to fix our broken healthcare system.","2017-03-17T11:19:47+0000","photo","https://www.facebook.com/petesessions/photos/a.10150139032673083.336455.367963843082/10155219780453083/?type=3","367963843082_10155219780453083",NA,45,81,4
"367963843082","Pete Sessions","We have heard story after story about  the systemic problems plaguing the VA resulting in less than mediocre care forour nation's veterans. Enough is enough. Tonight I proudly voted for the VA Accountability First Act to ensure that the employees at the VA are held accountable for their actions and that our veterans are treated the way that they deserve.","2017-03-16T23:04:08+0000","photo","https://www.facebook.com/petesessions/photos/a.10150139032673083.336455.367963843082/10155218493923083/?type=3","367963843082_10155218493923083",NA,13,2,3
"367963843082","Pete Sessions","ICYMI: Yesterday during the Rules Committee hearing on three bills to help our nation's veterans I gave a shout out to a wonderful group in North Texas - the Whiskers for Wounded Warriors. These patriots commit their lives to helping our veterans in the North Texas community. I am proud to call them my friends and I am also proud to be their representative. Thank you for all that you do.   Watch the clip here: https://www.youtube.com/watch?v=qDoycT-La08&feature=youtu.be","2017-03-16T14:53:50+0000","status",NA,"367963843082_10155217277943083",NA,23,6,8
"367963843082","Pete Sessions","With a heavy heart I would like to recognize the passing of a true American patriot and a man who was committed to bettering his community and country. Jerry Rehm was a civil servant, a successful businessman, and one of the most passionate advocates for the United States Merchant Marine Academy ALUMNI. Even at age 90 he would walk up and down the halls of Congress to hand out the Academy's Kings Pointer magazines and to meet with Members to further the goals of the Academy. I am deeply honored to have had the privilege to work with such a wonderful man and he will be dearly missed by all who knew and loved him.","2017-03-15T12:54:47+0000","photo","https://www.facebook.com/petesessions/photos/a.10150139032673083.336455.367963843082/10155214068328083/?type=3","367963843082_10155214068328083",NA,18,5,1
"367963843082","Pete Sessions","As a proud Eagle Scout I always look forward to the annual Boy Scouts of America Report to the Nation ceremony where Scouts from across the country gather in our nation's capital to present their update to Members of Congress. Last night I was honored to address these fine young leaders and encourage them to continue to be their best and continue to honorably serve their communities.","2017-03-09T16:21:04+0000","photo","https://www.facebook.com/petesessions/photos/a.10150139032673083.336455.367963843082/10155193355103083/?type=3","367963843082_10155193355103083",NA,45,21,2
"367963843082","Pete Sessions","For the past seven years Obamacare has taken a toll on our economy, raised costs on hard working American families, and has derailed our healthcare system. Republicans have introduced a free market based plan that will ensure that all Americans can have affordable healthcare coverage, keeps consumer protections, and creates a sustainable, non discriminatory healthcare system.   Read more about the bill here: https://housegop.leadpages.co/healthcare/","2017-03-06T23:41:01+0000","link","https://housegop.leadpages.co/healthcare/","367963843082_10155183204083083",NA,37,100,12
"367963843082","Pete Sessions","I enjoyed visiting veterans at the Dallas VA with the Whiskers for Wounded Warriors this morning.","2017-03-06T00:16:58+0000","photo","https://www.facebook.com/petesessions/photos/a.10150139032673083.336455.367963843082/10155179938368083/?type=3","367963843082_10155179938368083",NA,45,7,8
"367963843082","Pete Sessions","Earlier this week President Trump delivered a strong message to the American people that made one thing crystal clear – the days of the Obama Administration’s regulatory regime are over. We have finally turned the page and have started a new chapter for our country. One that unleashes the free-enterprise system, puts hard working Americans back to work, and creates more opportunities for all Americans.  This week the House worked to put this agenda in motion by passing three critical measures that responsibly reform our regulatory system while enforcing measures of accountability, transparency, and integrity. Regulations have run rampant these last eight years but enough is enough. Republicans have made a concerted and focused effort to eliminate unnecessary rules and regulations to give the American people the relief that they need.","2017-03-03T15:50:12+0000","status",NA,"367963843082_10155172052428083",NA,67,60,3
"367963843082","Pete Sessions","Happy Texas Independence Day!","2017-03-02T14:24:33+0000","photo","https://www.facebook.com/petesessions/photos/a.10150139032673083.336455.367963843082/10155168384158083/?type=3","367963843082_10155168384158083",NA,83,12,30
"367963843082","Pete Sessions","I enjoyed meeting with bright young leaders from SMU and discussing my role as Chairman of the Rules Committee, important issues facing our country, and the political climate in Texas and across the nation. It is an honor to represent these students and I'm proud to have such a wonderful university in the 32nd Congressional District.","2017-03-01T16:45:52+0000","photo","https://www.facebook.com/petesessions/photos/a.10150139032673083.336455.367963843082/10155165891118083/?type=3","367963843082_10155165891118083",NA,44,6,3
"367963843082","Pete Sessions","ANNOUNCEMENT: My District Office is moving office locations this week so our phone lines in Dallas will be disconnected tomorrow, Thursday, March 2nd and will be reconnected on Friday, March 3rd. I'm sorry for this inconvenience but if you need any assistance or need to reach anyone in my office please call my staff in Washington, D.C. at 202.225.2231. Thank you for your understanding.","2017-03-01T14:09:19+0000","photo","https://www.facebook.com/petesessions/photos/a.10150139032673083.336455.367963843082/10155165588038083/?type=3","367963843082_10155165588038083",NA,5,1,0
"367963843082","Pete Sessions","Tonight the American people heard from a president who stands by his word, has gotten straight to work, and every day upholds his commitment to fight on behalf of the American people. This new administration brings a renewed sense of strength and opportunity for us to break glass and create more opportunities for Americans across the country. The American people deserve a government that works for them and I believe as a united front we will revive the American Dream and create a safer, stronger, better America.  Read my full statement on President Trump's joint address here: sessions.house.gov/media-center/press-releases/sessions-statement-president-trump-s-first-joint-address-congress","2017-03-01T03:20:03+0000","link","http://sessions.house.gov/media-center/press-releases/sessions-statement-president-trump-s-first-joint-address-congress","367963843082_10155164460293083",NA,174,56,15
"367963843082","Pete Sessions","Last week I was delighted to meet with North Texans across the 32nd Congressional District. Read my weekly newsletter, The Hill Report, to learn more about these meetings, my upcoming Town Hall, and more.","2017-02-27T15:03:17+0000","link","http://sessions.house.gov/media-center/weekly-newsletters/hill-report-week-february-20-24-2017","367963843082_10155160123263083",NA,15,13,4
"367963843082","Pete Sessions","This week I was delighted to join the men and women of Compass Professional Health Services in Dallas to learn more about their innovative approach to finding solutions to rising healthcare costs. By helping to provide transparency to the process, Compass helps benefits managers stretch their company's healthcare dollars by getting better care at lower costs, while ultimately empowering consumers to make better and more informed choices regarding their and their family's healthcare.","2017-02-24T18:01:24+0000","photo","https://www.facebook.com/petesessions/photos/a.10150139032673083.336455.367963843082/10155152133528083/?type=3","367963843082_10155152133528083",NA,25,11,8
"367963843082","Pete Sessions","This morning I had a great discussion with members of the U.S. Chamber of Commerce in Dallas about the legislative state of play in Washington and my continued commitment to reforming our broken healthcare system.","2017-02-22T16:26:39+0000","photo","https://www.facebook.com/petesessions/photos/a.10150139032673083.336455.367963843082/10155146346138083/?type=3","367963843082_10155146346138083",NA,15,13,2
"367963843082","Pete Sessions","On Saturday, March 18, 2017 at 12:30 PM I will be holding a Town Hall Meeting at Richardson High School. To RSVP and learn more about this meeting please visit my website:  https://sessions.house.gov/services/town-hall-meetings.","2017-02-21T18:55:11+0000","photo","https://www.facebook.com/petesessions/photos/a.10150139032673083.336455.367963843082/10155143868913083/?type=3","367963843082_10155143868913083",NA,133,147,437
"367963843082","Pete Sessions","This morning I had a great discussion with North Texas companies and the start up community at a Cyber Security round table in Dallas.","2017-02-21T18:02:49+0000","photo","https://www.facebook.com/petesessions/photos/a.10150139032673083.336455.367963843082/10155143788073083/?type=3","367963843082_10155143788073083",NA,26,12,4
"367963843082","Pete Sessions","Last night I was delighted to speak to nearly 5,000 of the Jewish community's top teen leaders, educators, professionals, and philanthropists at the BBYO International Convention in Dallas.","2017-02-19T17:30:44+0000","photo","https://www.facebook.com/petesessions/photos/a.10150139032673083.336455.367963843082/10155138537233083/?type=3","367963843082_10155138537233083",NA,22,20,0
"367963843082","Pete Sessions","I proudly voted to roll back an Obama-era mandate that forced states to fund abortion providers like Planned Parenthood. By overturning this rule we are restoring states rights and providing them with the opportunity to make their own decisions so they can support family planning and other health services without being forced to fund abortion providers.   Read my full statement here: https://sessions.house.gov/media-center/press-releases/sessions-votes-end-obamas-title-x-abortion-funding-rule","2017-02-17T01:00:27+0000","link","https://sessions.house.gov/media-center/press-releases/sessions-votes-end-obamas-title-x-abortion-funding-rule","367963843082_10155129201743083",NA,165,105,12
"367963843082","Pete Sessions","As a result of an oppressive rule implemented by the Obama Administration, the great state of Alaska has been restricted in its ability to manage its own fish and wildlife refuges. This rule undermines state authority to oversee local wildlife for recreational and subsistence hunting and sets an alarming precedent of federal interference in our wildlife reserves if implemented across the rest of the country. That is why I proudly supported this measure to overturn this restrictive rule and work to restore a cooperative relationship between Alaska and the federal government.","2017-02-16T16:43:57+0000","photo","https://www.facebook.com/petesessions/photos/a.10150139032673083.336455.367963843082/10155127625173083/?type=3","367963843082_10155127625173083",NA,19,23,4
"367963843082","Pete Sessions","This morning I was honored to receive the True Blue award from the Family Research Council for my 100% rating for my unwavering commitment to supporting religious freedom and pro-life measures.","2017-02-16T14:16:50+0000","status",NA,"367963843082_10155127252828083",NA,69,48,3
"367963843082","Pete Sessions","For nearly a century ranchers, farmers, and families along the Red River have lived in a cloud of uncertainty because of the Bureau of Land Management’s failure to appropriately determine the boundary between public and private land.  As a result Texans have been subject to ridiculous and baseless land grabs by federal agencies. That is why I proudly voted for the Red River Gradient Boundary Survey Act to provide them with the certainty they need so they can rightfully protect their land.","2017-02-14T22:22:31+0000","status",NA,"367963843082_10155121349543083",NA,25,12,4
"367963843082","Pete Sessions",NA,"2017-02-13T19:21:10+0000","photo","https://www.facebook.com/petesessions/photos/a.10150139032673083.336455.367963843082/10155117880723083/?type=3","367963843082_10155117880723083","Pete Sessions added a new photo.",1,17,0
"367963843082","Pete Sessions","Today members of my District Office team will be holding Mobile Office Hours in the cities of Sachse, Wylie, Garland, and Rowlett. Please feel free to stop by at any of the locations listed below if you have any questions or need help with a federal agency.   City of Sachse Time: 9:00 am – 1:00 pm Location: City Hall 3815 Sachse Road Sachse, Texas 75048  City of Wylie Time: 1:30 pm – 5:30 pm Location: City Hall 300 Country Club Drive #100 Wylie, Texas 75098  City of Garland Time: 9:00 AM – 1:00 PM Location: Central Library 625 Austin Street Garland, Texas 75040  City of Rowlett Time: 1:30 PM - 3:30 PM Location: City Hall 3901 Main Street Rowlett, Texas 75088","2017-02-13T17:08:00+0000","status",NA,"367963843082_10155117588603083",NA,24,68,38
"367963843082","Pete Sessions","ICYMI: Yesterday I joined The Mark Davis Show on 660 AM The Answer to discuss the Dallas County Commissioner's resolution that endangers our community and completely undermines our nation's rule of law.  Listen here: https://soundcloud.com/the-mark-davis-show/february-9-2017-9am-hour","2017-02-10T15:47:12+0000","link","https://soundcloud.com/the-mark-davis-show/february-9-2017-9am-hour","367963843082_10155108651133083",NA,15,34,0
"367963843082","Pete Sessions","I'm about to go LIVE on NBC DFW to discuss the Dallas County Commissioners unwise and unlawful resolution that poses a direct threat to the safety and security of our community.","2017-02-09T12:35:12+0000","photo","https://www.facebook.com/petesessions/photos/a.10150139032673083.336455.367963843082/10155105529468083/?type=3","367963843082_10155105529468083",NA,58,31,3
"367963843082","Pete Sessions","I rarely ever second guess or comment on decisions made by local officials but I feel that this unwise resolution puts our families and our community in direct harm and demands our immediate attention. It is completely irresponsible to pick and choose which laws to follow especially when it comes to turning a blind eye to the actions of criminal illegal aliens. I refuse to stand idly by and let this misguided, lawless resolution undermine our nation's laws and endanger our families.","2017-02-08T22:21:07+0000","link","http://www.dallasnews.com/news/immigration/2017/02/07/tensions-erupt-sanctuary-cities-dallas-county-commissioners-court","367963843082_10155104146733083",NA,71,71,19
"367963843082","Pete Sessions","ICYMI: Here is my weekly newsletter, the Hill Report.","2017-02-06T15:09:49+0000","link","http://sessions.house.gov/media-center/weekly-newsletters/hill-report-week-january-30-february-2-2017","367963843082_10155097029878083",NA,9,15,0
"367963843082","Pete Sessions","In North Texas a key part of our economic success has stemmed from our robust infrastructure. Bolstering our infrastructure has always been a key priority of mine. I was delighted to meet with the DART Board of Directors this morning to discuss ways we can continue to better our transportation systems in North Texas.","2017-02-04T16:02:06+0000","photo","https://www.facebook.com/petesessions/photos/a.10150139032673083.336455.367963843082/10155091187673083/?type=3","367963843082_10155091187673083",NA,26,50,2
"367963843082","Pete Sessions","This week the I proudly voted to disapprove five unnecessary, harmful rules that were enforced in the waning days of the Obama Administration. These rules saddled employers with ill-conceived and costly requirements drowning them in paperwork and crippling their ability to grow and create jobs, decimated jobs in the coal industry, and restricted the constitutional rights of individuals with disabilities. Washington bureaucrats operating independently of Congressional direction have plagued the American people for far too long and passage of these measures today sends a clear message that enough is enough.","2017-02-03T20:45:11+0000","link","http://sessions.house.gov/media-center/press-releases/sessions-enough-enough","367963843082_10155089038983083",NA,48,60,6
"367963843082","Pete Sessions","This afternoon I had the privilege of speaking at the 2017 Jewish Disability Advocacy Day Luncheon. I was honored to meet with so many passionate advocates for the disabled, and will continue to fight for disability rights in Congress. #JDAD #JDAIM17","2017-02-03T01:00:25+0000","photo","https://www.facebook.com/petesessions/photos/a.10150139032673083.336455.367963843082/10155086566243083/?type=3","367963843082_10155086566243083",NA,24,12,1
"367963843082","Pete Sessions","Today I asked President Trump to immediately announce a delay of Obama’s fiduciary rule. This misguided rule was yet another example of the Obama Administration’s one-size-fits-all approach to governing that allowed unelected bureaucrats to make decisions without fully taking into consideration the impact it would have on American families and businesses. Now that we have a President who is committed to rolling back the flawed regulations of the Obama Administration I believe we must use this opportunity to appropriately address the shortcomings of this ruling.","2017-02-02T19:17:39+0000","link","http://sessions.house.gov/media-center/press-releases/sessions-president-delay-fiduciary-rule-immediately","367963843082_10155085621403083",NA,66,39,5
"367963843082","Pete Sessions","President Trump's nomination of Judge Neil Gorsuch comes at a pivotal time in our country. I believe that Judge Gorsuch is an exceptional choice that will defend the Constitution, preserve the principles of limited government, and uphold our nation's rule of law.   Read my full statement here: sessions.house.gov/media-center/press-releases/sessions-applauds-supreme-court-nominee-announcement","2017-02-01T14:37:56+0000","link","http://sessions.house.gov/media-center/press-releases/sessions-applauds-supreme-court-nominee-announcement","367963843082_10155082033938083",NA,93,34,5
"367963843082","Pete Sessions","As a result of President Obama's illegal and dangerous executive actions on illegal immigration, our laws have been ignored, our borders have blurred, and the safety and security of the American people has been jeopardized and countless lives lost. I am extremely pleased that President Trump has reversed this dangerous course and put a stop to these unwise and unlawful policies. Protecting the American people from criminal illegal aliens and bolstering our border security is one of my highest priorities and I am pleased to see the President take these important steps.","2017-01-25T20:12:29+0000","link","http://www.foxnews.com/politics/2017/01/25/trump-orders-construction-border-wall-targets-sanctuary-cities.html","367963843082_10155062421563083",NA,109,90,23
"367963843082","Pete Sessions","Thousands of Americans from all corners of the country will come to Washington this weekend to march for life. I deeply appreciate their dedication to this important cause because I believe that each and every life is precious, especially the lives of innocent unborn babies. Yesterday I proudly joined my House colleagues in supporting the passage of the No Taxpayer Funding for Abortion Act. While the Hyde Amendment - a critical measure that prevents any federal funding of abortions - has been renewed for the past 41 years, I believe it is time this life-saving amendment becomes permanent law and I am pleased that we took this important step towards that goal.","2017-01-25T16:55:14+0000","link","http://thehill.com/blogs/floor-action/house/315944-house-votes-to-permanently-ban-taxpayer-funds-for-abortion","367963843082_10155061872778083",NA,57,41,5
"367963843082","Pete Sessions","This morning I was honored to join Americans from across the country at our nation’s Capitol to celebrate the peaceful transfer of power to the 45th President of the United States of America, Donald J. Trump.  With this unified government we have an historic opportunity to strengthen our great nation and get our country back on track. From fixing our broken healthcare system, to creating full time jobs, to unleashing the free-enterprise system, to reasserting our strength on the global stage – we have a lot of work to do. While the list is long, I am confident that we will work through these difficult issues thoughtfully, methodically, and effectively.  I look forward to working closely with this new Administration and Members of Congress to bolster our nation’s tradition of excellence and make our country even better, safer, and stronger.","2017-01-20T19:13:22+0000","status",NA,"367963843082_10155041449828083",NA,91,15,2
"367963843082","Pete Sessions","The American people need a healthcare system that works for them, not for Washington. That is why I have introduced a freemarket - based plan that is nondiscriminatory, sustainable, and provides all Americans with the same tax advantage for healthcare.   Watch my interview on CNN to learn more: https://youtu.be/dd78zdb7cgc","2017-01-17T17:34:24+0000","video","https://youtu.be/dd78zdb7cgc","367963843082_10155032549098083",NA,18,27,6
"367963843082","Pete Sessions","These past eight years of overregulation and excessive overreach from unelected federal bureaucrats have taken a toll on our economy and drained our job market.  That’s why in these first weeks of the 115th Congress the House has passed numerous measures to responsibly reform the regulatory process, cut through unnecessary red tape, and give small businesses and American families reprieve from the Obama Administration’s onerous regulatory agenda. I proudly voted for this important measure to put an end to job killing, costly regulations and put Americans back to work.  Read my full statement here: sessions.house.gov/media-center/press-releases/sessions-votes-restore-integrity-administrative-procedure-act","2017-01-12T00:26:48+0000","link","http://sessions.house.gov/media-center/press-releases/sessions-votes-restore-integrity-administrative-procedure-act","367963843082_10155012713713083",NA,24,20,2
"367963843082","Pete Sessions","Congressman Sam Johnson is an American hero who has devoted his life to preserving and protecting our freedom. It has been an honor and a privilege to serve with him in the House of Representatives. While he will be dearly missed once he retires in the 116th Congress, his legacy of patriotism will live on and never be forgotten.","2017-01-09T17:12:43+0000","video","https://www.youtube.com/watch?v=pBEPG8EmMb8","367963843082_10155005285188083",NA,28,2,1
"367963843082","Pete Sessions","I was delighted to congratulate Texas' new 5A D1 state champions, the Highland Park Scots. Proud to represent such a talented group of student athletes.","2017-01-07T22:39:34+0000","photo","https://www.facebook.com/petesessions/photos/a.10150139032673083.336455.367963843082/10155000398038083/?type=3","367963843082_10155000398038083",NA,40,2,2
"367963843082","Pete Sessions","For the past eight years American families and small businesses have been burdened by thousands of regulations costing billions of dollars annually. This week, House Republicans took the first step toward rolling back the Obama Administration's onerous regulatory agenda and restoring responsible regulations and congressional oversight.   Watch the following video to learn more: https://youtu.be/mM4ygeTJKoc","2017-01-06T01:25:56+0000","video","https://youtu.be/mM4ygeTJKoc","367963843082_10154995255983083",NA,13,10,2
"367963843082","Pete Sessions","The American people are looking to Republicans to fix our broken healthcare system. It is critical that we take effective, meaningful action to address the shortcomings of the President's failed healthcare law. I was pleased to join Fox and Friends this morning to discuss my plan to repeal the most onerous parts of ObamaCare and immediately replace it with a free-market based, nondiscriminatory healthcare plan.   Watch the full interview here: https://youtu.be/Yv-vpaneTOo","2017-01-04T20:20:03+0000","video","https://youtu.be/Yv-vpaneTOo","367963843082_10154991530848083",NA,42,26,10
"367963843082","Pete Sessions","Last November the American people entrusted Republicans with the responsibility to represent them and execute their vision for our country.  This Congress we have a historic opportunity to show Americans that they have rightly placed their faith in us to move our country forward. Today’s adoption of the rules package lays the foundation for our work ahead while building upon our continued efforts to increase transparency, improve accountability, and streamline House processes.  Read my full statement on the adoption of the Rules Package for the 115th Congress here: sessions.house.gov/media-center/press-releases/sessions-applauds-adoption-rules-package","2017-01-04T00:18:29+0000","link","http://sessions.house.gov/media-center/press-releases/sessions-applauds-adoption-rules-package","367963843082_10154989319748083",NA,18,9,3
"367963843082","Pete Sessions","Congratulations to our new Dallas County District Attorney, Faith Johnson. Throughout her career she has exhibited the utmost professionalism and a steadfast commitment to upholding our rule of law. I have no doubt that she will thrive in this new position and dedicate herself to protecting the rights of all citizens in the Dallas community.","2017-01-02T17:58:57+0000","link","http://dfw.cbslocal.com/2017/01/02/new-dallas-county-da-set-to-be-sworn-in/","367963843082_10154984975998083",NA,51,6,4
