"from_id","from_name","message","created_time","type","link","id","story","likes_count","comments_count","shares_count"
"20718168936","Pete Olson","Want to know what happened this week in Congress? Check out Repeat the Week with Pete and see for yourself! ↓","2017-06-23T20:00:57+0000","video","https://www.facebook.com/Rep.PeteOlson/videos/10154980323753937/","20718168936_10154980323753937",NA,7,5,0
"20718168936","Pete Olson","Thrilled my good friend Congressman Steve Scalise is out of intensive care! Continued prayers for a full recovery! http://www.foxnews.com/politics/2017/06/23/rep-steve-scalise-out-intensive-care.html","2017-06-23T17:58:25+0000","link","http://www.foxnews.com/politics/2017/06/23/rep-steve-scalise-out-intensive-care.html","20718168936_10154979984293937",NA,90,1,7
"20718168936","Pete Olson","#Congrats to Dr. Dixie Melillo Middle School - Pasadena ISD for being awarded a ""School to Watch"" in 2017! Great meeting the talented principal & staff!","2017-06-22T18:36:23+0000","photo","https://www.facebook.com/Rep.PeteOlson/photos/a.147039078936.109060.20718168936/10154976839183937/?type=3","20718168936_10154976839183937",NA,16,2,4
"20718168936","Pete Olson","In House Committee on Energy and Commerce #SubEnergy we marked up 5 energy infrastructure & energy security bills. Watch my opening statement → http://bit.ly/2sUYC89","2017-06-22T16:18:58+0000","photo","https://www.facebook.com/Rep.PeteOlson/photos/a.147039078936.109060.20718168936/10154976453138937/?type=3","20718168936_10154976453138937",NA,4,1,0
"20718168936","Pete Olson","My Houston Rockets lost to the San Antonio Spurs so I paid up on my bet w/ U.S. Representative Will Hurd. Breakfast tacos for Team Hurd! Hope you enjoyed them! #friendlywager","2017-06-22T15:18:01+0000","photo","https://www.facebook.com/Rep.PeteOlson/photos/a.147039078936.109060.20718168936/10154976296113937/?type=3","20718168936_10154976298228937","Pete Olson added 2 new photos.",68,6,1
"20718168936","Pete Olson","May this Navy hero have fair winds and following seas. God bless him and his family. https://www.facebook.com/USMilitaryPage/posts/925226190951926","2017-06-22T01:32:42+0000","link","http://tribunist.com/military/this-sailor-sacrificed-himself-to-save-20-of-his-shipmates-during-tanker-accident/?utm_medium=facebook&utm_campaign=alt&utm_source=amn","20718168936_10154974661008937",NA,58,3,24
"20718168936","Pete Olson","#Congratulations to the #TX22 The Congressional Award winners for their outstanding community service record! #gold2017","2017-06-21T21:30:22+0000","photo","https://www.facebook.com/Rep.PeteOlson/photos/a.147039078936.109060.20718168936/10154974030108937/?type=3","20718168936_10154974036138937","Pete Olson added 6 new photos.",12,0,0
"20718168936","Pete Olson","Wearing purple on #TheLongestDay to support all those affected by Alzheimer’s disease #EndALZ","2017-06-21T20:48:30+0000","photo","https://www.facebook.com/Rep.PeteOlson/photos/a.147039078936.109060.20718168936/10154973917563937/?type=3","20718168936_10154973917563937",NA,24,8,2
"20718168936","Pete Olson","Keeping the folks at Ellington in our prayers as they respond to this crash. https://twitter.com/NoradNorthcom/status/877581119146905600","2017-06-21T18:41:33+0000","link","https://twitter.com/NoradNorthcom/status/877581119146905600","20718168936_10154973559588937",NA,14,6,7
"20718168936","Pete Olson","Great to meet #Fulshear’s new city council member James Fatheree to discuss local environmental issues!","2017-06-20T21:05:26+0000","photo","https://www.facebook.com/Rep.PeteOlson/photos/a.147039078936.109060.20718168936/10154970659673937/?type=3","20718168936_10154970659673937",NA,12,10,0
"20718168936","Pete Olson","#OTD Audie Murphy was born, the most decorated US solider of #WW2- earning 33 awards & medals for his bravery","2017-06-20T19:54:58+0000","photo","https://www.facebook.com/Rep.PeteOlson/photos/a.147039078936.109060.20718168936/10154970518988937/?type=3","20718168936_10154970518988937",NA,16,4,2
"20718168936","Pete Olson","Check out my op/ed in the Houston Chronicle explaining why President Donald J. Trump was right to pull out of the Paris Agreement → http://bit.ly/2swT5Cf","2017-06-20T19:01:51+0000","photo","https://www.facebook.com/Rep.PeteOlson/photos/a.147039078936.109060.20718168936/10154970399748937/?type=3","20718168936_10154970399748937",NA,6,10,0
"20718168936","Pete Olson","#HappyFathersDay to the man who taught me how to be a dad & always encouraged me to pursue my dreams!","2017-06-18T17:47:23+0000","photo","https://www.facebook.com/Rep.PeteOlson/photos/a.147039078936.109060.20718168936/10154963420943937/?type=3","20718168936_10154963420943937",NA,16,2,0
"20718168936","Pete Olson","Being a father to these two is a blessingevery single day. #HappyFathersDay to all the dads out there!","2017-06-18T16:02:14+0000","photo","https://www.facebook.com/Rep.PeteOlson/photos/a.147039078936.109060.20718168936/10154963067398937/?type=3","20718168936_10154963067398937",NA,52,7,0
"20718168936","Pete Olson","Grateful!!","2017-06-18T00:43:30+0000","link","https://www.facebook.com/RepSteveScalise/posts/10154443518156682","20718168936_10154960970333937","Pete Olson shared Congressman Steve Scalise's post.",26,2,0
"20718168936","Pete Olson","Want to know what happened this week in Congress? Check out Repeat the Week with Pete and see for yourself! ↓","2017-06-16T16:57:20+0000","video","https://www.facebook.com/Rep.PeteOlson/videos/10154956429148937/","20718168936_10154956429148937",NA,5,6,0
"20718168936","Pete Olson","Tonight we honor America & continue prayers for Congressman Steve Scalise & all affected by yesterday's shooting #congressionalbaseballgame #TeamScalise #OneHouse","2017-06-16T00:14:15+0000","photo","https://www.facebook.com/Rep.PeteOlson/photos/a.147039078936.109060.20718168936/10154954046663937/?type=3","20718168936_10154954046663937",NA,52,0,2
"20718168936","Pete Olson","Glad to see the House Committee on Energy and Commerce #SubEnvironment pass my bill #HR806 to improve air quality!","2017-06-15T18:53:45+0000","photo","https://www.facebook.com/Rep.PeteOlson/photos/a.147039078936.109060.20718168936/10154953159643937/?type=3","20718168936_10154953159643937",NA,0,0,1
"20718168936","Pete Olson","Great to meet #TX22 Sartartia Middle student Norah Rami & see her Oveta Culp Hobby documentary, picked for National Endowment for the Humanities' #NationalHistoryDay competition!","2017-06-15T14:04:00+0000","photo","https://www.facebook.com/Rep.PeteOlson/photos/a.147039078936.109060.20718168936/10154952267223937/?type=3","20718168936_10154952273283937","Pete Olson added 2 new photos.",18,2,1
"20718168936","Pete Olson","Eternal gratitude for our United States Capitol Police! http://abcnews.go.com/US/meet-police-officers-prevented-massacre-gop-baseball-practice/story?id=48037013","2017-06-14T22:23:56+0000","link","http://abcnews.go.com/US/meet-police-officers-prevented-massacre-gop-baseball-practice/story?id=48037013","20718168936_10154950292898937",NA,202,6,13
"20718168936","Pete Olson","Wishing U.S. Army a happy 242nd birthday! Thank you for protecting this country!","2017-06-14T19:07:24+0000","photo","https://www.facebook.com/Rep.PeteOlson/photos/a.147039078936.109060.20718168936/10154949809918937/?type=3","20718168936_10154949809918937",NA,30,3,15
"20718168936","Pete Olson","Celebrate this #FlagDay by proudly displaying the American flag! Our flag symbolizes freedom & our nation’s unity.","2017-06-14T18:01:01+0000","photo","https://www.facebook.com/Rep.PeteOlson/photos/a.147039078936.109060.20718168936/10154949643878937/?type=3","20718168936_10154949643878937",NA,4,0,0
"20718168936","Pete Olson","A year ago today #TX22 lost Pearland Police Officer Endy Ekpanya in the line of duty #NeverForget","2017-06-12T20:41:22+0000","photo","https://www.facebook.com/Rep.PeteOlson/photos/a.147039078936.109060.20718168936/10154943527248937/?type=3","20718168936_10154943527248937",NA,15,1,2
"20718168936","Pete Olson","Honored to meet with Sandy Phan-Gillis- an American falsely accused of being a spy & held by the Chinese for 2 years #WelcomeHome","2017-06-08T21:46:43+0000","photo","https://www.facebook.com/Rep.PeteOlson/photos/a.147039078936.109060.20718168936/10154930747408937/?type=3","20718168936_10154930747408937",NA,9,0,0
"20718168936","Pete Olson","Acted to help community banks on Main Street & hold Wall Street accountable by voting for the #CHOICEact → http://bit.ly/2rGacTA","2017-06-08T21:31:33+0000","link","http://bit.ly/2rGacTA","20718168936_10154930718018937",NA,2,10,1
"20718168936","Pete Olson","Great meeting w/ the Future Farmers of America from Ridge Point High School & Jacksonville High School - Jacksonville ISD!","2017-06-08T18:35:05+0000","photo","https://www.facebook.com/Rep.PeteOlson/photos/a.147039078936.109060.20718168936/10154930280823937/?type=3","20718168936_10154930280823937",NA,7,2,0
"20718168936","Pete Olson","Wishing Former First Lady Barbara Bush a happy 92nd birthday!","2017-06-08T17:44:55+0000","photo","https://www.facebook.com/Rep.PeteOlson/photos/a.147039078936.109060.20718168936/10154930137968937/?type=3","20718168936_10154930137968937",NA,19,0,0
"20718168936","Pete Olson","#Congrats to #TX22’s Loral O’Hara of #SugarLand for being selected to join NASA - National Aeronautics and Space Administration 2017 Astronaut Candidate Class! → http://bit.ly/2sh1X1l","2017-06-07T21:38:38+0000","photo","https://www.facebook.com/Rep.PeteOlson/photos/a.147039078936.109060.20718168936/10154927424743937/?type=3","20718168936_10154927424743937",NA,111,7,12
"20718168936","Pete Olson","Pleased U.S. Environmental Protection Agency acted to give states more time to enact ozone rules, but we still need my bill,  #HR806, to help clean air → http://bit.ly/2sgr18t","2017-06-07T21:23:35+0000","link","http://bit.ly/2sgr18t","20718168936_10154927395803937",NA,1,4,0
"20718168936","Pete Olson","The deadly #Manchester terror attack was depraved. I voted for #HRes355 to condemn this evil and support #England in the #WarOnTerror","2017-06-07T20:44:41+0000","status",NA,"20718168936_10154927290948937",NA,4,1,0
"20718168936","Pete Olson","FACT: The #CHOICEact ends bailouts once and for all. #DidYouKnow #DoddFrank regulations have fueled a 21 percent surge in checking fees? The #CHOICEact is a #betterway forward.","2017-06-07T17:55:21+0000","photo","https://www.facebook.com/Rep.PeteOlson/photos/a.147039078936.109060.20718168936/10154926896118937/?type=3","20718168936_10154926896118937",NA,1,8,0
"20718168936","Pete Olson","Great visiting SEVA Clinic, #Pearland’s first nonprofit medical clinic! Learn more about the SEVA Clinic → http://bit.ly/2r2chWp","2017-06-06T21:29:32+0000","photo","https://www.facebook.com/Rep.PeteOlson/photos/a.147039078936.109060.20718168936/10154923970168937/?type=3","20718168936_10154923970603937","Pete Olson added 2 new photos.",12,3,0
"20718168936","Pete Olson","#OTD 73 years ago, US forces & allies stormed the beaches of Normandy to defend our freedom & defeat Nazi Germany #DDay","2017-06-06T19:36:46+0000","photo","https://www.facebook.com/Rep.PeteOlson/photos/a.147039078936.109060.20718168936/10154923594428937/?type=3","20718168936_10154923594428937",NA,4,1,23
"20718168936","Pete Olson","#Congratulations to former U.S. Army Colonel Patrick Forrester for being named NASA - National Aeronautics and Space Administration's Chief of the Astronaut Office!","2017-06-06T18:51:26+0000","photo","https://www.facebook.com/Rep.PeteOlson/photos/a.147039078936.109060.20718168936/10154923471508937/?type=3","20718168936_10154923471508937",NA,9,2,1
"20718168936","Pete Olson","SPC Jarrett Griemel was killed 8 years ago serving his country in Afghanistan #NeverForget","2017-06-03T16:43:09+0000","photo","https://www.facebook.com/Rep.PeteOlson/photos/a.147039078936.109060.20718168936/10154910904803937/?type=3","20718168936_10154910904803937",NA,15,5,2
"20718168936","Pete Olson","Honored to attend the Cancer Survivor Celebration! Survivors like Irma, Sasha & Sue are an inspiration!","2017-06-02T18:18:03+0000","photo","https://www.facebook.com/Rep.PeteOlson/photos/a.10150302369183937.332268.20718168936/10154907755193937/?type=3","20718168936_10154907755243937","Pete Olson added 2 new photos.",12,11,2
"20718168936","Pete Olson","Great meeting w/ SystelUSA & hearing about their innovative technologies made for harsh war zones & extreme climates","2017-06-02T16:59:09+0000","photo","https://www.facebook.com/Rep.PeteOlson/photos/a.10150302369183937.332268.20718168936/10154907474143937/?type=3","20718168936_10154907474213937","Pete Olson added 2 new photos.",1,1,0
"20718168936","Pete Olson","#TX22 HS students apply TODAY to be my Ambassador for 2017-2018! Deadline to apply is TODAY #CYAC → http://bit.ly/2remDXM","2017-06-02T14:36:53+0000","link","http://bit.ly/2remDXM","20718168936_10154907117088937",NA,2,2,0
"20718168936","Pete Olson","Honored to recognize Mr. Lewis Woo Yee and all Chinese Americans for their service in WWII #ThankYou","2017-06-02T13:30:00+0000","photo","https://www.facebook.com/Rep.PeteOlson/photos/a.147039078936.109060.20718168936/10154906941313937/?type=3","20718168936_10154906941313937",NA,25,2,2
"20718168936","Pete Olson","Wishing Pearland Police Department Chief J.C. Doyle a #HappyRetirement! Thank you for protecting #Pearland for 38 years! #BestWishes","2017-06-01T19:12:13+0000","photo","https://www.facebook.com/Rep.PeteOlson/photos/a.147039078936.109060.20718168936/10154904627393937/?type=3","20718168936_10154904627393937",NA,12,1,0
"20718168936","Pete Olson","#TX22 HS students apply TODAY to be my Ambassador for 2017-2018! Deadline is TOMORROW #CYAC → http://bit.ly/2remDXM","2017-06-01T13:47:11+0000","link","http://bit.ly/2remDXM","20718168936_10154903740283937",NA,0,1,0
"20718168936","Pete Olson","Thrilled to attend the #groundbreaking ceremony for #TX22’s Katy Independent School District's 41st elementary school!","2017-05-31T17:21:16+0000","photo","https://www.facebook.com/Rep.PeteOlson/photos/a.147039078936.109060.20718168936/10154900802078937/?type=3","20718168936_10154900803638937","Pete Olson added 2 new photos.",11,0,0
"20718168936","Pete Olson","Houston Fire Department lost 4 brave firefighters 4 yrs ago today, including #TX22’s Anne Sullivan #NeverForget","2017-05-31T16:47:01+0000","photo","https://www.facebook.com/Rep.PeteOlson/photos/a.147039078936.109060.20718168936/10154900651283937/?type=3","20718168936_10154900651283937",NA,16,2,0
"20718168936","Pete Olson","Students want to talk about Congress & current events with me? Apply TODAY to be my #TX22 Ambassador #CYAC → http://bit.ly/2remDXM","2017-05-30T14:01:40+0000","link","http://bit.ly/2remDXM","20718168936_10154896891803937",NA,5,2,1
"20718168936","Pete Olson","Honored to speak at the City of Sugar Land Memorial Day Ceremony #SLremembers #MemorialDay","2017-05-29T16:56:17+0000","photo","https://www.facebook.com/Rep.PeteOlson/photos/a.147039078936.109060.20718168936/10154894105003937/?type=3","20718168936_10154894105003937",NA,26,8,0
"20718168936","Pete Olson","Today we remember the brave men and women who lost their lives serving our country #MemorialDay","2017-05-29T14:57:39+0000","photo","https://www.facebook.com/Rep.PeteOlson/photos/a.147039078936.109060.20718168936/10154893800818937/?type=3","20718168936_10154893800818937",NA,7,0,0
"20718168936","Pete Olson","Summer’s starting & the sun’s out! Learn how to protect your skin → http://bit.ly/2oDFRA6","2017-05-26T15:26:52+0000","photo","https://www.facebook.com/Rep.PeteOlson/photos/a.147039078936.109060.20718168936/10154883183448937/?type=3","20718168936_10154883183448937",NA,3,5,0
"20718168936","Pete Olson","Great to join Bay Area Houston Economic Partnership in support of continued innovative space exploration & human space flight! #CitizensForSpaceExploration","2017-05-25T21:46:36+0000","photo","https://www.facebook.com/Rep.PeteOlson/photos/a.147039078936.109060.20718168936/10154881099188937/?type=3","20718168936_10154881099188937",NA,6,3,0
"20718168936","Pete Olson","Interested students apply to join my #TX22 Congressional Youth Advisory Council as my Ambassador! Deadline June 2nd → http://bit.ly/2remDXM","2017-05-25T18:20:26+0000","link","http://bit.ly/2remDXM","20718168936_10154880539108937",NA,7,5,3
"20718168936","Pete Olson","#TX22 ranks among the top cities for new college grads to move to & find a job! → http://bit.ly/2qcWp7N","2017-05-24T21:21:00+0000","link","http://bit.ly/2qcWp7N","20718168936_10154877725633937",NA,2,5,0
"20718168936","Pete Olson","Loved having a special #TX22 guest on the House floor today! Layla from Sugar Land with a bird’s eye view of Congress.","2017-05-24T19:59:11+0000","photo","https://www.facebook.com/Rep.PeteOlson/photos/a.147039078936.109060.20718168936/10154877498083937/?type=3","20718168936_10154877498083937",NA,10,0,0
"20718168936","Pete Olson","Glad to launch Artificial Intelligence Caucus w/ Congressman John K. Delaney to inform policymakers of AI impacts & innovations→ http://bit.ly/2rUbYNU","2017-05-24T19:28:52+0000","link","http://bit.ly/2rUbYNU","20718168936_10154877427993937",NA,7,2,0
"20718168936","Pete Olson","Amazing story of love from outstanding #TX22 Needville High School seniors dedication after tragedy this year → http://bit.ly/2rLF9mq","2017-05-23T23:30:39+0000","link","http://bit.ly/2rLF9mq","20718168936_10154874694993937",NA,15,6,1
"20718168936","Pete Olson","Pleased the Senate held a hearing on #S263, the companion to my #ozone bill #HR806 to improve air quality → http://bit.ly/2qhdw3C","2017-05-23T21:09:30+0000","link","http://bit.ly/2qhdw3C","20718168936_10154874317598937",NA,3,2,0
"20718168936","Pete Olson","Thrilled to join my amazing wife Nancy as honorary co-chairs today for the ""Our Community Salutes Fort Bend"" event which honors recent high school graduates who have made the decision to enlist in a branch of the U.S. military. We thank all of the recruits and their families for their sacrifice and service!","2017-05-22T01:53:12+0000","photo","https://www.facebook.com/Rep.PeteOlson/photos/a.147039078936.109060.20718168936/10154868683313937/?type=3","20718168936_10154868683313937",NA,39,10,1
"20718168936","Pete Olson","As a former Naval aviator, I want to thank the brave men & women who've served #ArmedForcesDay","2017-05-20T15:10:43+0000","photo","https://www.facebook.com/Rep.PeteOlson/photos/a.147039078936.109060.20718168936/10154863189418937/?type=3","20718168936_10154863189418937",NA,19,5,0
"20718168936","Pete Olson","During #WomensHealthWeek take time to learn how to improve your physical & mental health! → http://bit.ly/2o0JiDN","2017-05-18T20:59:11+0000","photo","https://www.facebook.com/Rep.PeteOlson/photos/a.147039078936.109060.20718168936/10154857714443937/?type=3","20718168936_10154857714443937",NA,4,9,1
"20718168936","Pete Olson","Glad to meet w/ American Hotel & Lodging Association - AHLA & AAHOA about reducing regulatory burdens on the hotel industry","2017-05-18T20:50:12+0000","photo","https://www.facebook.com/Rep.PeteOlson/photos/a.147039078936.109060.20718168936/10154857695883937/?type=3","20718168936_10154857695883937",NA,6,3,0
"20718168936","Pete Olson","Less than a year ago, #TX22 lost Pearland Police Officer Endy Ekpanya #NeverForget #NationalPoliceWeek","2017-05-18T17:01:48+0000","photo","https://www.facebook.com/Rep.PeteOlson/photos/a.147039078936.109060.20718168936/10154857119728937/?type=3","20718168936_10154857119728937",NA,8,0,0
"20718168936","Pete Olson","Pearland, TX & I thank Americans for honoring #TX22’s Pearland Police Officer Endy Ekpanya this #NationalPoliceWeek. Watch NOW ↓","2017-05-17T17:26:26+0000","video","https://www.facebook.com/Rep.PeteOlson/videos/10154854134713937/","20718168936_10154854134713937",NA,49,8,27
"20718168936","Pete Olson","This week we honor our brave men & women in blue who made the ultimate sacrifice on our behalf #NationalPoliceWeek","2017-05-16T19:07:08+0000","photo","https://www.facebook.com/Rep.PeteOlson/photos/a.147039078936.109060.20718168936/10154851361503937/?type=3","20718168936_10154851361503937",NA,15,5,1
"20718168936","Pete Olson","Wishing my mom and all the #TX22 moms a #HappyMothersDay!","2017-05-14T14:57:50+0000","photo","https://www.facebook.com/Rep.PeteOlson/photos/a.147039078936.109060.20718168936/10154842865178937/?type=3","20718168936_10154842865178937",NA,54,4,0
"20718168936","Pete Olson","Great playing with First Colony Dream League and spending time with Fort Bend ISD chair member Kristin Tassin!","2017-05-02T14:04:18+0000","photo","https://www.facebook.com/Rep.PeteOlson/photos/a.147039078936.109060.20718168936/10154805897208937/?type=3","20718168936_10154805899673937","Pete Olson added 2 new photos.",15,23,0
"20718168936","Pete Olson","Congrats to #TX22’s Dulles High School for making it to the TOP 16 in the U.S. Department of Energy's #NationalScienceBowl Competition! Great work showing off your math and science skills!","2017-05-01T15:11:41+0000","photo","https://www.facebook.com/Rep.PeteOlson/photos/a.147039078936.109060.20718168936/10154803076178937/?type=3","20718168936_10154803076178937",NA,28,18,0
"20718168936","Pete Olson","Our current tax code is a complicated mess that hurts families and businesses. We have a #BetterWay https://waysandmeans.house.gov/taxreform/","2017-04-27T21:44:04+0000","link","https://waysandmeans.house.gov/taxreform/","20718168936_10154791788388937",NA,10,29,0
"20718168936","Pete Olson","Pleased some NAMB - The Association of Mortgage Professionals stopped by today to discuss regulations facing mortgage professionals & flood insurance","2017-04-25T20:12:11+0000","photo","https://www.facebook.com/Rep.PeteOlson/photos/a.147039078936.109060.20718168936/10154785757023937/?type=3","20718168936_10154785757023937",NA,14,8,0
"20718168936","Pete Olson","Pres. Obama was wrong on the #IranDeal. This article is more evidence of how dangerous that action was. http://politi.co/2pdeXmq","2017-04-24T14:57:56+0000","link","http://politi.co/2pdeXmq","20718168936_10154782015428937",NA,8,16,8
"20718168936","Pete Olson","I encourage TX-22 budding art students to submit artwork for the Congressional Art Competition. Deadline is May 5th. Learn more here https://olson.house.gov/services/congressional-art-competition","2017-04-19T17:27:57+0000","link","https://olson.house.gov/services/congressional-art-competition","20718168936_10154766459608937",NA,16,2,3
"20718168936","Pete Olson","Wishing all a happy Passover! Chag Sameach!","2017-04-11T00:37:58+0000","photo","https://www.facebook.com/Rep.PeteOlson/photos/a.147039078936.109060.20718168936/10154736753578937/?type=3","20718168936_10154736753578937",NA,11,7,1
"20718168936","Pete Olson","This week we recognize and empower victims and survivors of crime #NationalCrimeVictimsRightsWeek → http://bit.ly/2nwLtiM","2017-04-06T17:23:18+0000","link","http://bit.ly/2nwLtiM","20718168936_10154720158933937",NA,5,7,0
"20718168936","Pete Olson","It’s #FloodSafetyAwarenessWeek! Houston here are some valuable tips to stay safe! → http://bit.ly/1hfYORY","2017-04-05T16:22:58+0000","photo","https://www.facebook.com/Rep.PeteOlson/photos/a.147039078936.109060.20718168936/10154715772338937/?type=3","20718168936_10154715772338937",NA,1,2,0
"20718168936","Pete Olson","Great meeting with my Texas colleagues this morning to kick off a Texas Maritime Caucus Port Roundtable. It was an important update on issues facing our Texas ports!","2017-04-05T14:25:54+0000","photo","https://www.facebook.com/BlakeFarenthold/photos/a.192338194128606.52145.186894244673001/1609638199065258/?type=3","20718168936_10154715471248937","Pete Olson shared Congressman Blake Farenthold's post.",1,4,0
"20718168936","Pete Olson","100 yrs ago, Jeannette Rankin became the 1st woman in Congress. Everyday women break barriers and make history. I’m proud to work with them!","2017-04-04T16:33:58+0000","photo","https://www.facebook.com/Rep.PeteOlson/photos/a.147039078936.109060.20718168936/10154712166098937/?type=3","20718168936_10154712166098937",NA,11,3,0
"20718168936","Pete Olson","Today’s #WorldAutismDay, join thousands in raising autism awareness → http://bit.ly/1FCWnXc","2017-04-02T14:51:27+0000","photo","https://www.facebook.com/Rep.PeteOlson/photos/a.147039078936.109060.20718168936/10154705534683937/?type=3","20718168936_10154705534683937",NA,8,4,1
"20718168936","Pete Olson","One year ago today, we tragically lost Huma Hanif in a car crash due to a defective air bag meant to protect her. She and her family remain in our prayers. Please honor her memory by checking your car for safety recalls. → http://bit.ly/2oHSZon","2017-03-31T20:13:56+0000","photo","https://www.facebook.com/Rep.PeteOlson/photos/a.147039078936.109060.20718168936/10154700057893937/?type=3","20718168936_10154700057893937",NA,5,1,0
"20718168936","Pete Olson","Today Pres. Trump signed the NASA Transition Authorization Act into law, which provides critical funds for NASA. This will allow NASA - National Aeronautics and Space Administration and Houston’s NASA's Johnson Space Center to continue American exceptionalism as a global leader on space exploration!","2017-03-21T19:20:41+0000","photo","https://www.facebook.com/Rep.PeteOlson/photos/a.147039078936.109060.20718168936/10154666683593937/?type=3","20718168936_10154666683593937",NA,15,18,0
"20718168936","Pete Olson","Congrats to #TX22’s San Jacinto College for winning the The Aspen Institute Rising Star Award & being named the nation’s 5th best community college!","2017-03-15T19:31:24+0000","photo","https://www.facebook.com/Rep.PeteOlson/photos/a.147039078936.109060.20718168936/10154646487178937/?type=3","20718168936_10154646487178937",NA,15,4,0
"20718168936","Pete Olson","If you’re a #TX22 high school student, apply TODAY for my Congressional Youth Advisory Council #CYAC Learn more → http://bit.ly/2lY1JKf","2017-03-14T20:28:31+0000","link","http://bit.ly/2lY1JKf","20718168936_10154643237358937",NA,7,4,8
"20718168936","Pete Olson","#HappyBirthday Missouri City, Texas!","2017-03-13T18:25:49+0000","photo","https://www.facebook.com/Rep.PeteOlson/photos/a.147039078936.109060.20718168936/10154639383798937/?type=3","20718168936_10154639383798937",NA,12,7,0
"20718168936","Pete Olson","Today, on #InternationalWomensDay, Pottery Barn is sharing the inspiring stories of women, like #TX22 Mary Sullivan, mom of Anne, fallen Houston Fire Department firefighter. The Anne McCormick Sullivan Elementary School in Sugar Land, TX is named after Mary’s heroic daughter.","2017-03-08T22:28:56+0000","photo","https://www.facebook.com/Rep.PeteOlson/photos/a.147039078936.109060.20718168936/10154619356263937/?type=3","20718168936_10154619356263937",NA,7,5,0
"20718168936","Pete Olson","Meadow Place’s Lillian Cox recently turned 110 & I’ve already made plans to take her out for her 111th birthday! Watch now ↓","2017-03-08T20:32:34+0000","video","https://www.facebook.com/Rep.PeteOlson/videos/10154619043888937/","20718168936_10154619043888937",NA,21,5,5
"20718168936","Pete Olson","Here’s our healthcare plan to fit your needs - NOT Washington’s #ReadTheBill now → readthebill.gop","2017-03-08T18:41:22+0000","photo","https://www.facebook.com/Rep.PeteOlson/photos/a.147039078936.109060.20718168936/10154618734378937/?type=3","20718168936_10154618734378937",NA,6,41,1
"20718168936","Pete Olson","#OnThisDay in 1836, the Alamo fell to Mexican forces #RemembertheAlamo","2017-03-06T16:42:16+0000","photo","https://www.facebook.com/Rep.PeteOlson/photos/a.147039078936.109060.20718168936/10154611166768937/?type=3","20718168936_10154611166768937",NA,20,6,3
"20718168936","Pete Olson","Happy #GoTexanDay! Today’s festivities preserve our proud TX traditions & build awareness of the Houston Livestock Show & Rodeo #LetsRodeo","2017-03-03T19:15:20+0000","photo","https://www.facebook.com/Rep.PeteOlson/photos/a.147039078936.109060.20718168936/10154600510088937/?type=3","20718168936_10154600510088937",NA,27,6,0
"20718168936","Pete Olson","Honored to attend the Shangdong Association Gala last weekend & celebrate the year of the rooster w/ Dr. Jiangwei Feng!","2017-03-03T15:20:30+0000","photo","https://www.facebook.com/Rep.PeteOlson/photos/a.147039078936.109060.20718168936/10154599876408937/?type=3","20718168936_10154599876408937",NA,5,1,0
"20718168936","Pete Olson","Happy birthday to the first Texas president, Sam Houston!","2017-03-02T20:58:56+0000","photo","https://www.facebook.com/Rep.PeteOlson/photos/a.147039078936.109060.20718168936/10154597315798937/?type=3","20718168936_10154597315798937",NA,15,2,3
"20718168936","Pete Olson","Today we celebrate Texas’ independence from Mexico! Happy #TexasIndependenceDay!","2017-03-02T20:08:19+0000","photo","https://www.facebook.com/Rep.PeteOlson/photos/a.147039078936.109060.20718168936/10154597200473937/?type=3","20718168936_10154597200473937",NA,12,1,1
"20718168936","Pete Olson","Congrats to our former TX Governor Rick Perry on being confirmed as U.S. Department of Energy Secretary! He will do a great job.","2017-03-02T19:18:28+0000","status",NA,"20718168936_10154597111153937",NA,42,8,1
"20718168936","Pete Olson","Sarah’s a true inspiration & it was an honor to have her join me for President Trump's #JointAddress! Learn more → http://bit.ly/2mtJ5JW","2017-03-02T19:16:52+0000","photo","https://www.facebook.com/Rep.PeteOlson/photos/a.147039078936.109060.20718168936/10154597106083937/?type=3","20718168936_10154597106083937",NA,8,1,2
"20718168936","Pete Olson",NA,"2017-03-02T18:40:53+0000","video","https://www.facebook.com/Rep.PeteOlson/videos/10154597012923937/","20718168936_10154597012923937",NA,3,0,2
"20718168936","Pete Olson","Glad to see the President of the United States cares about protecting our businesses & farmers by acting to dismantle #WOTUS → http://bit.ly/2llIu7X","2017-02-28T22:38:01+0000","link","http://bit.ly/2llIu7X","20718168936_10154592183753937",NA,25,11,1
"20718168936","Pete Olson","At a young age, Sarah Hughes was diagnosed with Systemic Juvenile Idiopathic Arthritis, a rare, life-threatening disease. She got her life back after receiving high-dose stem cell therapy in Mexico that was processed by Celltex Therapeutics. Today is #NationalRareDiseaseDay and I’m honored to spend it with someone as brave and strong as Sarah.","2017-02-28T21:52:09+0000","photo","https://www.facebook.com/Rep.PeteOlson/photos/a.147039078936.109060.20718168936/10154592071973937/?type=3","20718168936_10154592071973937",NA,64,9,18
"20718168936","Pete Olson","Looking forward to having Sarah Hughes from Fulshear, Texas join me tonight at President of the United States Donald Trump's #JointAddress to Congress → http://bit.ly/2mCH5Lt","2017-02-28T21:03:54+0000","photo","https://www.facebook.com/Rep.PeteOlson/photos/a.147039078936.109060.20718168936/10154591970988937/?type=3","20718168936_10154591970988937",NA,13,5,0
"20718168936","Pete Olson","Prayers for our Houston Police Department officers in the wake of today's shooting. Shelter in place for folks in the vicinity of 8714 Sterlingame. Stay safe! http://bit.ly/2lQ6XGe","2017-02-28T20:03:21+0000","link","http://bit.ly/2lQ6XGe","20718168936_10154591840163937",NA,18,2,2
"20718168936","Pete Olson","Great meeting last week with the #TX22 Congressional Youth Advisory Council, learning about the budget & drafting a mock trial bill!","2017-02-28T19:04:07+0000","photo","https://www.facebook.com/Rep.PeteOlson/photos/a.147039078936.109060.20718168936/10154591708138937/?type=3","20718168936_10154591708138937",NA,10,3,0
"20718168936","Pete Olson","Strongly condemn the unconscionable hate behind the murder of Srinivas Kuchibhotla. I stand & pray w/ my Indo-American friends.","2017-02-28T18:26:50+0000","status",NA,"20718168936_10154591606858937",NA,12,2,1
"20718168936","Pete Olson","Texans aren’t immune to heart disease. Learn more about keeping your heart healthy #HeartMonth → http://bit.ly/2jMlv8D","2017-02-27T21:28:20+0000","photo","https://www.facebook.com/Rep.PeteOlson/photos/a.147039078936.109060.20718168936/10154589357778937/?type=3","20718168936_10154589357778937",NA,2,5,0
"20718168936","Pete Olson","Are you from #TX22? Tell me how #Obamacare has affected you → http://bit.ly/2m4lrU9","2017-02-21T16:07:23+0000","link","http://bit.ly/2m4lrU9","20718168936_10154571816358937",NA,10,43,6
"20718168936","Pete Olson","""Great lives never go out; they go on”- President Benjamin Harrison #HappyPresidentsDay","2017-02-20T17:44:05+0000","photo","https://www.facebook.com/Rep.PeteOlson/photos/a.147039078936.109060.20718168936/10154569198598937/?type=3","20718168936_10154569198598937",NA,9,20,1
"20718168936","Pete Olson","#OnThisDay in 1973, Sam Johnson was reunited with his wife and kids after 7 long years of being a POW #WelcomeHome #MyHero","2017-02-17T17:40:13+0000","photo","https://www.facebook.com/Rep.PeteOlson/photos/a.147039078936.109060.20718168936/10154559600473937/?type=3","20718168936_10154559600473937",NA,22,14,0
"20718168936","Pete Olson","Honored to join Fort Bend County's Commissioner Andy Meyers at his annual breakfast this morning!","2017-02-17T15:28:30+0000","photo","https://www.facebook.com/Rep.PeteOlson/photos/a.147039078936.109060.20718168936/10154559213443937/?type=3","20718168936_10154559213443937",NA,12,15,0
"20718168936","Pete Olson","Enjoy raising corrosion prevention awareness & co-chairing the Corrosion Caucus w/ Elizabeth Esty","2017-02-15T23:38:52+0000","photo","https://www.facebook.com/Rep.PeteOlson/photos/a.10150302369183937.332268.20718168936/10154552576378937/?type=3","20718168936_10154552582338937","Pete Olson added 2 new photos.",3,7,0
"20718168936","Pete Olson","Behind the scenes look at today’s House Committee on Energy and Commerce #SubEnergy hearing. Looking at ways to modernize energy and electricity delivery systems so that Americans have access to affordable energy that is safe, secure and efficient.","2017-02-15T18:05:12+0000","photo","https://www.facebook.com/Rep.PeteOlson/photos/a.147039078936.109060.20718168936/10154551525868937/?type=3","20718168936_10154551525868937",NA,3,2,0
"20718168936","Pete Olson","We need to make sure our energy is always advancing in terms of safety, reliability & efficiency. Watch my full statement ↓","2017-02-15T15:34:15+0000","video","https://www.facebook.com/Rep.PeteOlson/videos/10154551169663937/","20718168936_10154551169663937",NA,5,2,0
"20718168936","Pete Olson","Tune in now to watch House Committee on Energy and Commerce Subcommittee on #Energy hearing on modernizing energy & electricity delivery systems → http://bit.ly/2l8cCpb","2017-02-15T15:17:57+0000","link","http://bit.ly/2l8cCpb","20718168936_10154551132878937",NA,7,3,0
"20718168936","Pete Olson","My four-legged friends win my heart every time! Thanks American Society for the Prevention of Cruelty to Animals for hosting! #Paws4Love","2017-02-14T22:55:58+0000","photo","https://www.facebook.com/Rep.PeteOlson/photos/a.147039078936.109060.20718168936/10154549320188937/?type=3","20718168936_10154549320188937",NA,11,8,2
"20718168936","Pete Olson","Great meeting Indian Ambassador, Navtej Sarna today!","2017-02-14T18:54:14+0000","photo","https://www.facebook.com/Rep.PeteOlson/photos/a.147039078936.109060.20718168936/10154548725658937/?type=3","20718168936_10154548725658937",NA,23,0,0
"20718168936","Pete Olson","Remembering Frederick Douglass, an inspiring leader who worked to influence the role & status of African Americans #HappyBirthday","2017-02-14T17:51:11+0000","photo","https://www.facebook.com/Rep.PeteOlson/photos/a.147039078936.109060.20718168936/10154548551788937/?type=3","20718168936_10154548551788937",NA,7,2,0
"20718168936","Pete Olson","Praying everyone in Brazoria County stays safe during the tornado warnings! Click here for emergency updates & help → http://bit.ly/2lLOCYO","2017-02-14T15:56:43+0000","link","http://bit.ly/2lLOCYO","20718168936_10154548152953937",NA,3,0,0
"20718168936","Pete Olson","Praying everyone in ReadyHarris stays safe during the tornado warnings! Click here for emergency updates & help → http://bit.ly/1FWVgxH","2017-02-14T15:56:20+0000","link","http://bit.ly/1FWVgxH","20718168936_10154548152203937",NA,1,0,0
"20718168936","Pete Olson","Praying everyone in Fort Bend County stays safe during the tornado warnings! Click here for emergency updates & help → http://bit.ly/2l4rogt","2017-02-14T15:55:29+0000","link","http://bit.ly/2l4rogt","20718168936_10154548150903937",NA,5,0,1
"20718168936","Pete Olson","Wishing my two favorite ladies a #HappyValentinesDay!","2017-02-14T14:51:43+0000","photo","https://www.facebook.com/Rep.PeteOlson/photos/a.147039078936.109060.20718168936/10154548012653937/?type=3","20718168936_10154548013843937","Pete Olson added 2 new photos.",68,0,0
"20718168936","Pete Olson","Honoring #Texan Bessie Coleman, first African American woman to receive her pilot’s license #BlackHistoryMonth","2017-02-13T19:56:04+0000","photo","https://www.facebook.com/Rep.PeteOlson/photos/a.147039078936.109060.20718168936/10154545704263937/?type=3","20718168936_10154545704263937",NA,8,2,0
"20718168936","Pete Olson","Great visit to Houston Methodist Physical Therapy Center last week. Saw how different therapies help people with varying needs","2017-02-13T16:24:53+0000","photo","https://www.facebook.com/Rep.PeteOlson/photos/a.147039078936.109060.20718168936/10154545224928937/?type=3","20718168936_10154545224928937",NA,5,1,0
"20718168936","Pete Olson","Wishing my amazing mom the happiest of birthdays!","2017-02-12T21:22:45+0000","photo","https://www.facebook.com/Rep.PeteOlson/photos/a.147039078936.109060.20718168936/10154543037348937/?type=3","20718168936_10154543037348937",NA,28,3,0
"20718168936","Pete Olson","Deemed a ""die-hard,"" my hero Sam Johnson spent 7 years as a POW in the worst conditions in Vietnam. #OnThisDay in 1973, he began his journey home.","2017-02-12T16:29:58+0000","photo","https://www.facebook.com/Rep.PeteOlson/photos/a.147039078936.109060.20718168936/10154542195063937/?type=3","20718168936_10154542195063937",NA,26,1,0
"20718168936","Pete Olson","#OnThisDay, Abraham Lincoln, the fearless president who put freedom and the Constitution first, was born #HappyBirthday","2017-02-12T15:02:21+0000","photo","https://www.facebook.com/Rep.PeteOlson/photos/a.147039078936.109060.20718168936/10154542000993937/?type=3","20718168936_10154542000993937",NA,15,8,0
"20718168936","Pete Olson","Take the time to learn about heart disease & how to keep your heart healthy #HeartMonth → http://bit.ly/2eTcuFT","2017-02-10T15:13:01+0000","photo","https://www.facebook.com/Rep.PeteOlson/photos/a.147039078936.109060.20718168936/10154535743213937/?type=3","20718168936_10154535743213937",NA,2,1,0
"20718168936","Pete Olson","Honored Mayor Tom Reid invited me to do the invocation for City of Pearland - Government State of the City today","2017-02-09T22:03:15+0000","photo","https://www.facebook.com/Rep.PeteOlson/photos/a.147039078936.109060.20718168936/10154533439773937/?type=3","20718168936_10154533439773937",NA,12,9,0
"20718168936","Pete Olson","Glad to see President of the United States Donald Trump working to protect our brave law enforcement officers from inexcusable violence. Learn more → http://bit.ly/2kxytaB","2017-02-09T21:58:02+0000","link","http://bit.ly/2kxytaB","20718168936_10154533421498937",NA,12,7,1
"20718168936","Pete Olson","Planned Parenthood has again revealed their pro-abortion agenda. They need to be stopped → http://bit.ly/2kYlwr2","2017-02-09T21:38:00+0000","link","http://bit.ly/2kYlwr2","20718168936_10154533364573937",NA,22,58,2
"20718168936","Pete Olson","Today we remember #TX22 Needville, TX hero Army Sgt. Joshua Ward, who gave his life in defense of America on February 9, 2009. A grateful nation says thank you and we will #NeverForget his sacrifice.","2017-02-09T15:46:06+0000","photo","https://www.facebook.com/Rep.PeteOlson/photos/a.147039078936.109060.20718168936/10154532108743937/?type=3","20718168936_10154532108743937",NA,22,0,0
"20718168936","Pete Olson","Great meeting Hennessey & learning about the great work happening at K9s4Cops.org!","2017-02-07T22:22:00+0000","photo","https://www.facebook.com/Rep.PeteOlson/photos/a.147039078936.109060.20718168936/10154526773678937/?type=3","20718168936_10154526774348937","Pete Olson added 2 new photos.",11,3,0
"20718168936","Pete Olson","Said goodbye to our inspirational Alyssa Ferguson who used her Make-A-Wish America to bring water to a small African town. Watch now ↓","2017-02-07T20:57:56+0000","video","https://www.facebook.com/Rep.PeteOlson/videos/10154526545453937/","20718168936_10154526545453937",NA,12,3,1
"20718168936","Pete Olson","Texans aren’t immune to heart disease. Learn more about keeping your heart healthy #HeartMonth → http://bit.ly/2jMlv8D","2017-02-07T19:49:01+0000","photo","https://www.facebook.com/Rep.PeteOlson/photos/a.147039078936.109060.20718168936/10154526390803937/?type=3","20718168936_10154526390803937",NA,0,2,0
"20718168936","Pete Olson","Honoring an American legacy #HappyBirthday to an amazing President, Ronald Reagan!","2017-02-06T20:51:46+0000","photo","https://www.facebook.com/Rep.PeteOlson/photos/a.147039078936.109060.20718168936/10154523535533937/?type=3","20718168936_10154523535533937",NA,19,6,3
"20718168936","Pete Olson","Great going behind the scenes of tomorrow's Super Bowl! #SuperBowl51","2017-02-05T01:49:00+0000","photo","https://www.facebook.com/Rep.PeteOlson/photos/a.10150302369183937.332268.20718168936/10154517591708937/?type=3","20718168936_10154517592088937","Pete Olson added 2 new photos.",54,4,0
"20718168936","Pete Olson","Was your Fort Bend County nonprofit damaged in the Tax Day floods last year? The deadline to apply for U.S. Small Business Administration help is 3/3/17 ↓","2017-02-03T22:00:30+0000","photo","https://www.facebook.com/Rep.PeteOlson/photos/a.147039078936.109060.20718168936/10154513912948937/?type=3","20718168936_10154513912948937",NA,1,0,0
"20718168936","Pete Olson","It’s National #WearRedDay! Join me in raising awareness to prevent heart disease #HeartMonth","2017-02-03T17:18:30+0000","photo","https://www.facebook.com/Rep.PeteOlson/photos/a.147039078936.109060.20718168936/10154513227088937/?type=3","20718168936_10154513227088937",NA,54,7,1
"20718168936","Pete Olson","The President of the United States Donald Trump was right to issue #IranSanctions in wake of ballistic missile test. Read more here → http://bit.ly/2l5jBxR","2017-02-03T16:59:03+0000","link","http://bit.ly/2l5jBxR","20718168936_10154513178898937",NA,15,1,0
"20718168936","Pete Olson","Today, we honor a true American hero and incredible Texan, Navy Seal Chris Kyle. His service and sacrifice on behalf of our great nation will never be forgotten! #ChrisKyleDay","2017-02-02T19:06:55+0000","photo","https://www.facebook.com/Rep.PeteOlson/photos/a.147039078936.109060.20718168936/10154510355623937/?type=3","20718168936_10154510355623937",NA,19,0,2
"20718168936","Pete Olson","Excited to work w/ my colleagues to improve air quality, reduce ozone levels & reform U.S. Environmental Protection Agency ozone requirements → http://bit.ly/2jEDESx","2017-02-01T22:45:52+0000","link","http://bit.ly/2jEDESx","20718168936_10154507641963937",NA,8,13,0
"20718168936","Pete Olson","Congratulations to fellow Texan Rex Tillerson on being confirmed to lead the U.S. Department of State!","2017-02-01T20:54:04+0000","status",NA,"20718168936_10154507360993937",NA,33,1,0
"20718168936","Pete Olson","#OnThisDay in 2003, America lost 7 NASA Goddard Space Flight Center pioneers to exploration when Space Shuttle #Columbia disintegrated on re-entry over TX #NeverForget","2017-02-01T15:16:42+0000","photo","https://www.facebook.com/Rep.PeteOlson/photos/a.147039078936.109060.20718168936/10154506498233937/?type=3","20718168936_10154506498233937",NA,7,2,5
"20718168936","Pete Olson","See my statement on @POTUS’s executive order to strengthen American security ↓","2017-01-30T19:29:53+0000","photo","https://www.facebook.com/Rep.PeteOlson/photos/a.147039078936.109060.20718168936/10154500122088937/?type=3","20718168936_10154500122088937",NA,23,25,4
"20718168936","Pete Olson","We need to reform the endangered species process to protect those most at risk. My bill #HR717 will help → http://bit.ly/2kMnQhk","2017-01-30T19:14:47+0000","link","http://bit.ly/2kMnQhk","20718168936_10154500084608937",NA,6,10,0
"20718168936","Pete Olson","Remembering the 7 lives lost in the 1986 Challenger explosion   “The crew of the space shuttle Challenger honored us by the manner in which they lived their lives. We will never forget them, nor the last time we saw them, this morning, as they prepared for the journey and waved goodbye and “slipped the surly bonds of earth” to “touch the face of God.” –Former President Ronald Reagan","2017-01-28T17:46:45+0000","photo","https://www.facebook.com/Rep.PeteOlson/photos/a.147039078936.109060.20718168936/10154493621943937/?type=3","20718168936_10154493621943937",NA,12,1,6
"20718168936","Pete Olson","Happy #ChineseNewYear. Check out the best places to celebrate in Houston → http://bit.ly/2jpZAnE","2017-01-28T17:04:51+0000","photo","https://www.facebook.com/Rep.PeteOlson/photos/a.147039078936.109060.20718168936/10154493489598937/?type=3","20718168936_10154493489598937",NA,6,1,1
"20718168936","Pete Olson","Seeing so many Americans #MarchForLife in DC today brings me hope and pride #ProLife. Learn more → http://bit.ly/2jFrjhG","2017-01-27T17:23:17+0000","photo","https://www.facebook.com/Rep.PeteOlson/photos/a.147039078936.109060.20718168936/10154490581998937/?type=3","20718168936_10154490581998937",NA,32,4,2
"20718168936","Pete Olson","Remembering the 11 million lives lost during the Holocaust #HolocaustMemorialDay","2017-01-27T17:13:10+0000","photo","https://www.facebook.com/Rep.PeteOlson/photos/a.147039078936.109060.20718168936/10154490559193937/?type=3","20718168936_10154490559193937",NA,12,5,8
"20718168936","Pete Olson","Was great seeing my old boss and former Texas Senator Phil Gramm and his wife at the Black Tie & Boots Inaugural Ball last week! #TBT","2017-01-26T21:38:03+0000","photo","https://www.facebook.com/Rep.PeteOlson/photos/a.147039078936.109060.20718168936/10154488337753937/?type=3","20718168936_10154488337753937",NA,101,0,0
"20718168936","Pete Olson","#Obamacare costs more & provides less care for families. Learn more about our #BetterWay plan! → http://bit.ly/2bjqqIN","2017-01-26T18:53:19+0000","link","http://bit.ly/2bjqqIN","20718168936_10154487912563937",NA,18,6,0
"20718168936","Pete Olson","#OnThisDay in 1950, the Indian constitution was enacted, giving citizens the power to govern themselves #IndiaRepublicDay","2017-01-26T16:33:39+0000","photo","https://www.facebook.com/Rep.PeteOlson/photos/a.147039078936.109060.20718168936/10154487580538937/?type=3","20718168936_10154487580538937",NA,2,2,0
"20718168936","Pete Olson","Proud to have this flag represent Texas for the last 178 years #HappyBirthday!","2017-01-25T20:50:37+0000","photo","https://www.facebook.com/Rep.PeteOlson/photos/a.147039078936.109060.20718168936/10154485018423937/?type=3","20718168936_10154485018423937",NA,3,0,0
"20718168936","Pete Olson","Proud to vote for #HR7 to protect taxpayers from being forced to pay for abortions #ProLife. Learn more → http://bit.ly/2jbyxco","2017-01-24T22:10:39+0000","link","http://bit.ly/2jbyxco","20718168936_10154481472923937",NA,27,5,0
"20718168936","Pete Olson","Excited President Trump acted to improve energy security & mobility, while creating jobs by advancing the #KeystoneXL & #DakotaAccess pipelines → http://bit.ly/2jNLcnv","2017-01-24T16:46:19+0000","link","http://bit.ly/2jton7H","20718168936_10154480346103937",NA,31,7,0
"20718168936","Pete Olson","Pleased @POTUS acted to protect the unborn by reinstating the #MexicoCityPolicy! #ProLife Learn more → http://bit.ly/2jRu0zE","2017-01-23T20:38:26+0000","link","http://bit.ly/2jRu0zE","20718168936_10154476070143937",NA,31,11,3
"20718168936","Pete Olson","Congrats to Houston Astros own Jeff Bagwell on his #HOF2017 nomination!! #BagwellHOF","2017-01-19T01:35:32+0000","status",NA,"20718168936_10154458416968937",NA,35,0,1
"20718168936","Pete Olson","Honored to present Michael Riggs w/ his Bronze Star Medal for his service in Vietnam! Learn more → http://bit.ly/2k4NFgi","2017-01-18T18:18:37+0000","photo","https://www.facebook.com/Rep.PeteOlson/photos/a.147039078936.109060.20718168936/10154457416433937/?type=3","20718168936_10154457417373937","Pete Olson added 2 new photos.",27,1,5
"20718168936","Pete Olson","Recently spoke to the Fort Bend Society of Commercial Realtors about upcoming issues affecting the #Houston realty market!","2017-01-18T15:58:36+0000","photo","https://www.facebook.com/Rep.PeteOlson/photos/a.147039078936.109060.20718168936/10154457146963937/?type=3","20718168936_10154457146963937",NA,6,2,0
"20718168936","Pete Olson","Today we remember a man dedicated to unifying Americans #MartinLutherKingJrDay","2017-01-16T16:45:48+0000","photo","https://www.facebook.com/Rep.PeteOlson/photos/a.147039078936.109060.20718168936/10154451804988937/?type=3","20718168936_10154451804988937",NA,15,1,3
"20718168936","Pete Olson","Excited to have Augie sit in on my meeting with the House Committee on Energy and Commerce #Energy Subcommittee Chairman Fred Upton!","2017-01-11T22:20:24+0000","photo","https://www.facebook.com/Rep.PeteOlson/photos/a.147039078936.109060.20718168936/10154436324118937/?type=3","20718168936_10154436324118937",NA,22,5,0
"20718168936","Pete Olson","Discussed restoring constitutional authority & my bill, the Civil Rights Uniformity Act with The Hill","2017-01-11T21:10:31+0000","photo","https://www.facebook.com/Rep.PeteOlson/photos/a.147039078936.109060.20718168936/10154436177528937/?type=3","20718168936_10154436177528937",NA,21,3,2
"20718168936","Pete Olson","Andrea Kulberg, like so many, is asking for a solution to #Obamacare & the “trainwreck of healthcare options, or lack thereof.” Watch now ↓","2017-01-11T16:44:49+0000","video","https://www.facebook.com/Rep.PeteOlson/videos/10154435072158937/","20718168936_10154435072158937",NA,7,10,0
"20718168936","Pete Olson","From Naval aviator to US Congressman, It’s always been my honor to serve & represent my country & #TX22 #TransformationTuesday","2017-01-10T21:58:10+0000","photo","https://www.facebook.com/Rep.PeteOlson/photos/a.147039078936.109060.20718168936/10154433057313937/?type=3","20718168936_10154433057313937",NA,193,14,0
"20718168936","Pete Olson","#OnThisDay in 1901, a geyser of oil exploded at #SpindletopHill, initiating the booming oil production TX provides for US energy security","2017-01-10T20:06:23+0000","photo","https://www.facebook.com/Rep.PeteOlson/photos/a.147039078936.109060.20718168936/10154432866833937/?type=3","20718168936_10154432866833937",NA,16,0,1
"20718168936","Pete Olson","Stories like Martha Gardenier's confirm #Obamacare’s failure. We need a #BetterWay. Watch her story now ↓","2017-01-10T19:28:52+0000","video","https://www.facebook.com/Rep.PeteOlson/videos/10154432803213937/","20718168936_10154432803213937",NA,6,1,1
"20718168936","Pete Olson","Thank you to my House colleagues for passing my bipartisan bill to improve #diabetes care & prevention! #HR309 → http://bit.ly/2jww2FU","2017-01-10T00:14:45+0000","link","http://bit.ly/2jww2FU","20718168936_10154430694958937",NA,36,3,2
"20718168936","Pete Olson","We need a laser-like focus on improving diabetes patient care. That’s why I’m glad the House passed my bill #HR309 ↓","2017-01-09T22:57:53+0000","video","https://www.facebook.com/Rep.PeteOlson/videos/10154430544503937/","20718168936_10154430544503937",NA,20,2,0
"20718168936","Pete Olson","On #LawEnforcementAppreciationDay, we thank the men & women who protect & serve our communities #ThankACop #SupportBlue","2017-01-09T20:32:09+0000","photo","https://www.facebook.com/Rep.PeteOlson/photos/a.147039078936.109060.20718168936/10154429900453937/?type=3","20718168936_10154429900453937",NA,16,0,5
"20718168936","Pete Olson","Great job #Texans!","2017-01-08T04:50:20+0000","photo","https://www.facebook.com/abc13Houston/photos/a.190907674341.127293.42354254341/10154556908459342/?type=3","20718168936_10154425499373937","Pete Olson shared ABC13 Houston's photo.",10,1,0
"20718168936","Pete Olson","Inspired by my friend & hero Sam Johnson! Look forward to our time together during his last congress → http://bit.ly/2iZ3BwW","2017-01-06T20:43:45+0000","photo","https://www.facebook.com/Rep.PeteOlson/photos/a.147039078936.109060.20718168936/10154421719113937/?type=3","20718168936_10154421719113937",NA,11,0,0
"20718168936","Pete Olson","Proud to support the #REINSAct to protect our economy from reckless regulations made by unelected bureaucrats → http://bit.ly/2ijjJbU","2017-01-06T13:52:41+0000","link","http://bit.ly/2ijjJbU","20718168936_10154420786593937",NA,0,1,0
"20718168936","Pete Olson","Loved spreading holiday cheer and volunteering at the ABC13 Houston food drive with Colony Meadows Elementary students last month! #TBT","2017-01-05T22:19:13+0000","photo","https://www.facebook.com/Rep.PeteOlson/photos/a.147039078936.109060.20718168936/10154419104228937/?type=3","20718168936_10154419104228937",NA,13,0,1
"20718168936","Pete Olson","Honored to join my colleagues and read the #Constitution on the House Floor today. I read from Article II, Sec 4","2017-01-05T20:55:17+0000","video","https://www.facebook.com/Rep.PeteOlson/videos/10154418942588937/","20718168936_10154418942588937",NA,16,2,1
"20718168936","Pete Olson","We have our orders; it’s time to go to work. There’s a #BetterWay than #Obamacare ↓","2017-01-05T18:44:12+0000","video","https://www.facebook.com/Rep.PeteOlson/videos/10154418633653937/","20718168936_10154418633653937",NA,56,24,6
"20718168936","Pete Olson","Great news from my good friend Ted Poe!! Prayers are still coming.","2017-01-05T15:57:24+0000","link","http://poe.house.gov/press-releases?ID=443ADE64-03E2-461A-BA56-FFB1489E9402","20718168936_10154418291713937","Pete Olson shared Ted Poe's post.",22,0,0
"20718168936","Pete Olson","Today I voted for #HR21 to block President Obama from issuing politically driven #MidnightRules that hurt Americans → http://bit.ly/2iBX6CG","2017-01-04T22:29:31+0000","photo","https://www.facebook.com/Rep.PeteOlson/photos/a.147039078936.109060.20718168936/10154415355698937/?type=3","20718168936_10154415355698937",NA,23,3,2
"20718168936","Pete Olson","Honored to represent #TX22 in the 115th Congress.","2017-01-03T23:34:41+0000","photo","https://www.facebook.com/Rep.PeteOlson/photos/a.147039078936.109060.20718168936/10154410544298937/?type=3","20718168936_10154410544298937",NA,227,24,4
"20718168936","Pete Olson","Wishing my beautiful daughter, Kate, a happy 20th birthday!","2017-01-03T22:37:54+0000","photo","https://www.facebook.com/Rep.PeteOlson/photos/a.147039078936.109060.20718168936/10154410363513937/?type=3","20718168936_10154410363513937",NA,144,5,0
"20718168936","Pete Olson","‪Wishing everyone a very happy new year! ‬","2017-01-01T16:38:30+0000","photo","https://www.facebook.com/Rep.PeteOlson/photos/a.147039078936.109060.20718168936/10154399178478937/?type=3","20718168936_10154399178478937",NA,22,10,0
