"from_id","from_name","message","created_time","type","link","id","story","likes_count","comments_count","shares_count"
"128735131872","Gene Green","The Domestic Maritime Centers of Excellence Act will improve and expand eligible maritime industry training programs, allowing for more students to receive the training they need for a good-paying job. I'm proud to sponsor this bipartisan legislation with Congressman Wittman of Virginia.  You can learn more about the bill here: http://bit.ly/2pFi3Af","2017-06-24T18:47:00+0000","photo","https://www.facebook.com/RepGeneGreen/photos/a.10150186222036873.342928.128735131872/10155406707971873/?type=3","128735131872_10155406707971873",NA,8,0,1
"128735131872","Gene Green","Today, the Energy & Commerce Subcommittee on Health, the Subcommittee which I serve as Ranking Member, held a hearing to discuss safety net health programs, such as The Children’s Health Insurance Program (CHIP) and Federally Qualified Health Centers (FQHCs).  Funding for both programs expire at the end of the fiscal year, and timely reauthorization is utterly critical. That said, we cannot talk about either without talking about Medicaid and the elephant in the room - Trumpcare. The Republicans attempt to repeal the Affordable Care Act will jeopardize coverage for millions of kids with Medicaid or CHIP coverage.  Given all the uncertainty my colleagues are introducing into insurance programs, clean extension of these two pillars of the health care safety net is of the upmost importance. No child should be left worse off because of Congress’ actions.","2017-06-23T21:45:00+0000","video","https://www.facebook.com/RepGeneGreen/videos/10155406510311873/","128735131872_10155406510311873",NA,41,8,7
"128735131872","Gene Green","It’s appalling that Senate Republicans spent weeks behind closed doors to release a bill that is not meaningfully different than the version that Republicans rammed through the House last month.  This process has been carried out entirely behind closed doors and out of the public eye. The Senate and House Republican Majority have failed to be transparent with their constituents and the American people that this egregious bill affects.   The American people deserve much better. I urge my colleagues to drop this morally bankrupt pursuit to fulfill an empty campaign slogan and work with us to strengthen the Affordable Care Act.","2017-06-22T21:55:00+0000","video","https://www.facebook.com/RepGeneGreen/videos/10155402933211873/","128735131872_10155402933211873",NA,76,25,9
"128735131872","Gene Green","Houston is a welcoming and diverse city. I’m glad to see the Houston City Council voted to support the lawsuit against SB 4.   This week, I sent a letter to the Houston City Council urging they support the litigation challenging Senate Bill 4 (SB 4), commonly known as the “Texas Sanctuary Cities Bill.""  I am concerned that SB 4 will require our state and local law enforcement agencies, including the Houston Police Department and the Harris County Sheriff’s Office, to become directly involved in the application of federal immigration laws. SB 4 will likely jeopardize the civil liberties of communities in our district and throughout the city of Houston, and likely undermine public safety by sowing distrust between local law enforcement officers and immigration communities.","2017-06-21T21:53:00+0000","link","http://www.houstonchronicle.com/news/politics/houston/article/Houston-votes-to-join-litigation-over-SB4-11236037.php#photo-13124956","128735131872_10155399060026873",NA,128,30,13
"128735131872","Gene Green","In the last month, a group of Republican Senators have worked in secrecy on a bill that will repeal the Affordable Care Act and leave millions of Americans uninsured.  Now, they are preparing to vote on this bill next week when there have been no public hearings, no debates, and no open forums. It's shocking that the Senate Majority is moving this quick on a bill that no one has seen.","2017-06-21T16:52:39+0000","video","https://www.facebook.com/RepGeneGreen/videos/10155398433171873/","128735131872_10155398433171873",NA,33,21,15
"128735131872","Gene Green","Last week, I joined almost 200 other Members of Congress and filed a federal lawsuit against President Donald J. Trump for violating one of the Constitution’s critical anti-corruption provisions: the Foreign Emoluments Clause.  We have a duty to oversee any financial transactions the president might have with foreign countries. Simply put, by not allowing us to fulfill our duty, President Trump is in violation of the Constitution.","2017-06-20T21:50:00+0000","video","https://www.facebook.com/RepGeneGreen/videos/10155395852441873/","128735131872_10155395852441873",NA,79,25,17
"128735131872","Gene Green","The Congressional Baseball game is a century-old tradition where Republicans and Democrats come together to enjoy America’s past time and contribute to local charities in Washington, DC.   I’m looking forward to a fun and friendly game this evening as we show support for Congressman Scalise, Capitol Police officers, and staffers that were injured.","2017-06-16T00:14:18+0000","photo","https://www.facebook.com/RepGeneGreen/photos/a.10150186222036873.342928.128735131872/10155378752176873/?type=3","128735131872_10155378752176873",NA,39,3,0
"128735131872","Gene Green","Today marks the 5th anniversary of Deferred Action for Childhood Arrivals (DACA), a program that has changed the lives of U.S. immigrant youth. Since the DACA program was launched in 2012, nearly 790,000 young people have been reviewed and approved by federal officials to receive temporary relief from deportation and work authorization.   Comprehensive immigration reform is long overdue. It is the job of Congress to come to a sensible solution that will fix our broken immigration system and provide a tough, but fair path to legalization and citizenship for the tens of thousands of mixed-status families in Houston and Harris County and throughout our country.","2017-06-15T16:29:41+0000","photo","https://www.facebook.com/RepGeneGreen/photos/a.10150186222036873.342928.128735131872/10155377550236873/?type=3","128735131872_10155377550236873",NA,25,6,4
"128735131872","Gene Green","I spoke with Jose Grinan this afternoon about the shooting that took place this morning in Alexandria, Virginia, where Members of Congress were practicing for the annual Congressional Baseball Game. I'm saddened to hear about the shooting and praying for Congressman Steve Scalise, staff, and officers who were injured.   Thank you to the United States Capitol Police for your service and taking action when it was needed most.","2017-06-14T22:17:27+0000","video","https://www.facebook.com/RepGeneGreen/videos/10155375192956873/","128735131872_10155375192956873",NA,13,3,3
"128735131872","Gene Green","President Trump and the Republican Majority say that the Affordable Care Act is collapsing as a justification for taking away insurance from 23 million people, but the truth is they are taking active measures to drive uncertainty and undermine the law.   Even my friend from Texas, House Ways and Means Chairman Kevin Brady called for the funding of insurer payments in order to help stabilize the insurance market and help lower premiums for Americans who rely on these subsidies.","2017-06-13T22:00:00+0000","video","https://www.facebook.com/RepGeneGreen/videos/10155371726546873/","128735131872_10155371726546873",NA,28,7,5
"128735131872","Gene Green","Yesterday, I and Democratic members of the Texas Delegation submitted a letter to the Texas Health and Human Services Commission opposing the state’s latest attempt to block lower-income patients from accessing care at qualified family planning providers.  If the Centers for Medicare & Medicaid Services (CMS) approves the waiver, it will mark an unprecedented departure from a longstanding federal policy that safeguards Medicaid enrollees’ free choice of provider for family planning services and confidentiality protections.","2017-06-13T17:16:27+0000","link","https://green.house.gov/media-center/press-releases/congressman-gene-green-takes-lead-letter-protect-patient-access-family","128735131872_10155370956996873",NA,41,4,12
"128735131872","Gene Green","Opinion: Why Congress should get behind the bipartisan 'U.S. Call Center Worker and Consumer Protection Act'","2017-06-13T14:15:29+0000","status",NA,"128735131872_10155370400326873","Gene Green published a note.",9,3,0
"128735131872","Gene Green","Senate Republicans don’t seem to have learned a thing from their House colleagues. Right now, they are actively hiding their #Trumpcare bill from the public.   But we know the truth: the Republican majority bill will be a disaster for families of all shapes and sizes right here in Texas and across America.","2017-06-12T23:20:00+0000","link","https://www.axios.com/senate-gop-wrapping-up-health-care-bill-but-wont-release-it-2440345281.html","128735131872_10155368481626873",NA,17,10,12
"128735131872","Gene Green","On Saturday, we held our 23rd annual Citizenship Day. Over 70 folks received assistance with their citizenship application and took their first major step toward becoming a United States citizen.   Also, thank you to all the volunteers for your help. We greatly appreciate your support.","2017-06-12T19:48:39+0000","photo","https://www.facebook.com/RepGeneGreen/photos/a.10152530147646873.1073741827.128735131872/10155368078866873/?type=3","128735131872_10155368078981873","Gene Green added 4 new photos.",53,4,2
"128735131872","Gene Green","Every June for the last 23 years, our office has hosted an annual Citizenship Day event, where eligible permanent residents can receive free assistance on their citizenship applications.   Tomorrow, my staff and I will be helping blended families in our community navigate the immigration system and apply for citizenship. Our district has been the traditional port of entry for immigrants coming to the greater Gulf Region for nearly a century and we have always embraced hard-working immigrants because we believe in the promise of America.  Thank you to all those who called and scheduled an appointment.","2017-06-09T21:53:00+0000","photo","https://www.facebook.com/RepGeneGreen/photos/a.10150186222036873.342928.128735131872/10155356738236873/?type=3","128735131872_10155356738236873",NA,23,4,3
"128735131872","Gene Green","Update: Today, House Majority Republicans passed the Financial CHOICE Act, better known as the #WrongChoiceAct. This bill would roll back the consumer protections that were passed in the wake of the financial crisis and would put the U.S. economy and taxpayers in the same dangerous position as last time.   No one wants to see us return to the days of the financial crisis. Unemployment rose to a terrifying 10%. $13 trillion in wealth disappeared. And most devastating, almost 11 million Americans lost their homes to foreclosure.   I voted NO.","2017-06-08T17:16:54+0000","photo","https://www.facebook.com/RepGeneGreen/photos/a.10150186222036873.342928.128735131872/10155353313831873/?type=3","128735131872_10155353313831873",NA,13,13,6
"128735131872","Gene Green","Today, the House Energy & Commerce Committee held a markup session to examine a package of user fee agreements to reauthorize key FDA capabilities to review and evaluate medical devices, brand and generic drugs, and biosimilar products - also known as the FDA Reauthorization Act of 2017.  I'm pleased that the bipartisan legislation that I introduced with Reps. Walden, Pallone, and Burgess was unanimously reported out of committee. It is critical that these programs be reauthorized in a timely manner. Failure to do so would derail clinical trials, grind research to a halt, and put the new therapy pipeline in jeopardy.","2017-06-07T22:13:47+0000","link","https://green.house.gov/media-center/press-releases/key-fda-legislation-passes-energy-commerce-committee","128735131872_10155350943371873",NA,26,2,3
"128735131872","Gene Green","Alzheimer’s is the most expensive disease in the United States, already at $259 billion annually—and the costs are set to skyrocket. We must fund National Institutes of Health (NIH) research to end this disease.   Share this post to raise awareness during Alzheimer’s & Brain Awareness Month. #ENDALZ","2017-06-06T17:20:00+0000","photo","https://www.facebook.com/RepGeneGreen/photos/a.10150186222036873.342928.128735131872/10155346546506873/?type=3","128735131872_10155346546506873",NA,29,16,26
"128735131872","Gene Green","Did you watch Houston Newsmakers Sunday morning? I had a great conversation with KPRC2 Khambrel Marshall as we discussed my work in the district over the years and the latest on healthcare and immigration.","2017-06-05T16:40:33+0000","link","http://www.click2houston.com/community/houston-newsmakers-june-4-green-on-toxic-dc-whitmire-bettencourt-on-texas-legislature","128735131872_10155343397711873",NA,56,8,2
"128735131872","Gene Green","Six in ten Americans say #Medicaid is important to their families. President Trump's proposal to cut Medicaid funding is heartless and will abandon seniors, people with disabilities, and families in need.","2017-06-03T23:14:00+0000","link","http://www.npr.org/sections/health-shots/2017/05/31/530843602/poll-americans-increasingly-think-their-health-care-will-get-worse","128735131872_10155334203696873",NA,25,9,10
"128735131872","Gene Green","Funding to combat #Zika is about to run out. #TrumpCuts would threaten public health if we aren't proactive.","2017-06-03T18:08:00+0000","link","https://www.usatoday.com/story/news/2017/05/25/kaiser-new-zika-threat-hovers-summers-mosquitoes-get-bzzzy/102153138/","128735131872_10155334193751873",NA,9,1,3
"128735131872","Gene Green","President Trump’s refusal to #ActOnClimate change ignores an issue his Secretary of Defense has identified as a national security threat.","2017-06-02T13:23:04+0000","photo","https://www.facebook.com/RepGeneGreen/photos/a.10150186222036873.342928.128735131872/10155331287261873/?type=3","128735131872_10155331287261873",NA,23,9,3
"128735131872","Gene Green","Until today, the United States has been leading the international community to reduce carbon emissions and protect our planet for future generations. Thanks to innovation, investment, and smart policies, our nation’s carbon emissions have already declined by 11 percent since 2005.   Regardless of President Donald J. Trump's decision, I will continue to work with my colleagues to ensure we address climate change and work toward the goals outlined in the Paris Agreement.","2017-06-01T22:23:20+0000","link","https://green.house.gov/media-center/press-releases/congressman-gene-green-responds-withdrawal-united-states-paris-climate","128735131872_10155331255246873",NA,66,18,11
"128735131872","Gene Green","We are less than two weeks away. If you or someone you know would like to volunteer at this year's Citizenship Day, please call (281) 999-5789.   There's still time to make an appointment if you need help with your citizenship application. Call (281) 999-5789. More information about the event can be found here: http://bit.ly/2qEQHYA","2017-06-01T13:54:25+0000","photo","https://www.facebook.com/RepGeneGreen/photos/a.10150186222036873.342928.128735131872/10155329939011873/?type=3","128735131872_10155329939011873",NA,5,0,3
"128735131872","Gene Green","I spoke with Isiah Carey FOX 26 Friday evening about the budget blueprint that President Donald J. Trump introduced last week. My message: the #TrumpCuts are dead on arrival.","2017-05-31T22:05:00+0000","video","https://www.facebook.com/RepGeneGreen/videos/10155327964136873/","128735131872_10155327964136873",NA,37,6,3
"128735131872","Gene Green","I was grateful to be with our American heroes today at the Houston National Cemetery as we honored those who served our country and protected our freedoms. #MemorialDay","2017-05-29T20:43:42+0000","photo","https://www.facebook.com/RepGeneGreen/photos/a.10152530147646873.1073741827.128735131872/10155322123221873/?type=3","128735131872_10155322123286873","Gene Green added 4 new photos.",74,1,2
"128735131872","Gene Green","On #MemorialDay, we salute all who have bravely served our country & remember those who made the ultimate sacrifice in the name of freedom.","2017-05-29T16:16:00+0000","photo","https://www.facebook.com/RepGeneGreen/photos/a.10150186222036873.342928.128735131872/10155312898596873/?type=3","128735131872_10155312898596873",NA,17,1,2
"128735131872","Gene Green","If you want to apply for citizenship, I encourage you to request an appointment for our annual Citizenship Day on June 10, 2017.  Call: (281) 999-5879","2017-05-28T19:17:00+0000","photo","https://www.facebook.com/RepGeneGreen/photos/a.10150186222036873.342928.128735131872/10155312904106873/?type=3","128735131872_10155312904106873",NA,16,3,12
"128735131872","Gene Green","June 1 marks the start of the 2017 hurricane season. Is your family prepared? Please visit my website for tips.","2017-05-27T22:26:00+0000","link","http://bit.ly/2qC8BOw","128735131872_10155312926226873",NA,27,1,8
"128735131872","Gene Green","Please join me in congratulating Jessy Ortega, this year’s Congressional Art Competition winner. Jessy will travel to Washington, D.C, in June to attend the national ceremony that recognizes the first place winners from across the country. Each young artist will be joined by their Member of Congress and their artwork will be displayed in the U.S. Capitol through May 2018.","2017-05-26T19:51:41+0000","photo","https://www.facebook.com/RepGeneGreen/photos/a.10150186222036873.342928.128735131872/10155312736501873/?type=3","128735131872_10155312736501873",NA,38,5,0
"128735131872","Gene Green","Today, Rep. Cedric Richmond and I introduced the Incentivizing Medicaid Expansion Act. Contrary to efforts by the Republican-controlled Congress to repeal Medicaid expansion, this language will double-down on the federal commitment to this population by giving all states three years of full federal funding when they expand Medicaid under the Affordable Care Act (ACA).","2017-05-25T21:50:00+0000","link","https://green.house.gov/media-center/press-releases/rep-gene-green-introduces-bill-incentivize-medicaid-expansion-states-1","128735131872_10155309011096873",NA,24,3,1
"128735131872","Gene Green","It was great to see a longtime friend, Ronnie Zermeno, and his wife Elizabeth at our United States Capitol yesterday. Ronnie and I played football together at then Jeff Davis High School and we are both looking forward to our 50-year reunion in September.","2017-05-25T14:37:52+0000","photo","https://www.facebook.com/RepGeneGreen/photos/a.10150186222036873.342928.128735131872/10155308680221873/?type=3","128735131872_10155308680221873",NA,51,3,0
"128735131872","Gene Green","The latest numbers released by the CBO this evening doesn’t change the devastating effect this bill will have on millions of Americans across the country. The revised bill will only make it more difficult for sicker people to receive affordable care, including older people with lower income and those with preexisting conditions.","2017-05-24T22:02:41+0000","link","https://green.house.gov/media-center/press-releases/rep-gene-green-statement-new-trumpcare-cbo-score","128735131872_10155306798991873",NA,20,11,6
"128735131872","Gene Green","There is bipartisan, bicameral support for health agencies such as the U.S. Centers for Disease Control and Prevention (CDC) and National Institutes of Health (NIH). Cuts to these agencies will further undermine the great progress made under the bipartisan 21st Century Cures Act that Congress passed last year.","2017-05-23T22:32:37+0000","photo","https://www.facebook.com/RepGeneGreen/photos/a.10150186222036873.342928.128735131872/10155303661346873/?type=3","128735131872_10155303661346873",NA,13,2,2
"128735131872","Gene Green","President Donald J. Trump's 2018 budget proposal is dead on arrival in Congress. This proposal would make savage cuts to our nation’s safety net that will disrupt the well-being of families in Harris County living paycheck to paycheck.","2017-05-23T16:45:00+0000","link","https://green.house.gov/media-center/press-releases/rep-gene-green-responds-president-trump-s-fy18-budget-blueprint","128735131872_10155302458336873",NA,47,7,11
"128735131872","Gene Green","If you have been a permanent resident for the past five years, this is your chance to become a citizen.  Come to the citizenship workshop on Saturday, June 10, at 8:00 a.m. at Houston Community College Northline Campus.   The event is by appointment only.  For more information or to schedule an appointment, please call 281-999-5879.  Si usted ha sido residente permanente por cinco anos, esta es su oportunidad para hacerse ciudadano.  El sábado,  diez de junio, a las ocho de la mañana, venga al taller de la ciudadanía del Congresista Gene Green a Houston Community College Northline Campus.   Se requiere cita para esta evento. Para información llame a (281) 999-5879.","2017-05-22T18:19:11+0000","event","https://www.facebook.com/events/1913806032190537/","128735131872_1913806032190537","Gene Green added an event.",22,9,0
"128735131872","Gene Green","Thank you to all of the volunteers who helped us with today's Eastex, Jensen & Westcott Cemetery Community Cleanup. It was great to see so many folks show up as part of the ""Taking Back Jensen"" collaborative of the Jensen Jubilee Committee.  We also held a Veterans Forum this morning for our community's bravest men and women. During the forum vets asked questions about specific policies and received assistance with benefits and services.","2017-05-20T23:52:12+0000","photo","https://www.facebook.com/RepGeneGreen/photos/a.10152530147646873.1073741827.128735131872/10155293724761873/?type=3","128735131872_10155293726121873","Gene Green added 2 new photos.",31,3,2
"128735131872","Gene Green","Today, the Subcommittee on Health, met in an open markup session to examine a package of user fee agreements to reauthorize key FDA capabilities to review and evaluate medical products, including other legislation that will address congenital heart and sickle cell disease research.  We have had hearings on the underlining agreements and the feedback was overwhelming positive. Much progress has been made since the first user fee agreement was made in 1992 and I’m pleased we are advancing these reauthorizations.","2017-05-18T22:34:00+0000","video","https://www.facebook.com/RepGeneGreen/videos/10155287194816873/","128735131872_10155287194816873",NA,25,1,0
"128735131872","Gene Green","I had a couple questions last night during our tele-townhall regarding veterans care and services. If you are in need of assistance, please visit our Veterans Forum this Saturday.","2017-05-18T13:37:17+0000","link","https://green.house.gov/about/events/veterans-forum-0","128735131872_10155286127116873",NA,22,3,4
"128735131872","Gene Green","The appointment of Robert Mueller as special counsel of the Russian government’s efforts to interfere in the 2016 presidential election is a step in the right direction. As a former F.B.I. Director, Mr. Mueller is a well-respected public servant and will help lead the charge of an important investigation. The American people are concerned and want answers about President Trump and his ties to Russia.","2017-05-17T23:28:23+0000","link","http://www.houstonchronicle.com/news/politics/article/Former-FBI-Director-Mueller-to-lead-Trump-Russia-11154035.php","128735131872_10155284596231873",NA,112,16,18
"128735131872","Gene Green","Make no mistake: President Trump firing James Comey from his post as Director of the FBI is a problem. And if it’s true that President Trump asked Mr. Comey to end the Flynn investigation, I will refuse to sit back and ignore this plain-faced attempt to interfere with the FBI’s investigation of possible collusion between Russia and the Trump campaign.","2017-05-17T16:31:00+0000","photo","https://www.facebook.com/RepGeneGreen/photos/a.10150186222036873.342928.128735131872/10155283567046873/?type=3","128735131872_10155283567046873",NA,142,35,15
"128735131872","Gene Green","In case you missed the latest episode of ""Red, White, and Blue"" on Friday: I joined Gary Polland and David Jones to discuss the state of healthcare in our country, what has changed in Congress since I was a freshman member and much more.","2017-05-16T16:19:00+0000","video","https://youtu.be/A1lrgu46Vbc","128735131872_10155280057506873",NA,17,4,2
"128735131872","Gene Green","If you're a high school student looking for a summer job or a professional considering a career change, today is the day!  Applicants are encouraged to bring resumes and dress professionally. There will be on-sight interviews conducted, apprenticeship opportunities, and job training, as well as interview and resume critiquing with representatives from Workforce Solutions.  A list of companies can be found here: http://bit.ly/2pohdc8","2017-05-16T13:18:50+0000","event","https://www.facebook.com/events/109203539650663/","128735131872_10155280081111873","Gene Green shared their event.",20,4,0
"128735131872","Gene Green","I had a great time speaking with Brandon Rottinghaus and Jay Aiyer,  the new hosts of  Houston Public Media ""Party Politics"" podcast. We discussed current events, my time in the Texas Legislature and House of Representatives, country music and love of cowboy boots.","2017-05-12T21:07:26+0000","link","http://www.houstonpublicmedia.org/articles/news/2017/05/12/200654/party-politics-texas-edition-ep-7-special-guest-congressman-gene-green/","128735131872_10155267744161873",NA,27,2,3
"128735131872","Gene Green","Update on our upcoming North Channel Job Fair in conjunction with Workforce Solutions-Northshore and North Channel Area Chamber of Commerce:  There are over 45 companies from a variety of industries looking to recruit for full-time, part-time, and seasonal jobs. Visit my website to see a list of employers attending: http://bit.ly/2pohdc8  Pass the word!","2017-05-11T15:38:13+0000","event","https://www.facebook.com/events/109203539650663/","128735131872_10155264108961873","Gene Green shared their event.",7,3,0
"128735131872","Gene Green","The timing of Director Comey’s termination is questionable and I am deeply concerned with President Trump’s motive for firing Mr. Comey.  The American people deserve an answer from the President for his justification of Mr. Comey’s termination.","2017-05-10T16:57:00+0000","link","https://green.house.gov/media-center/press-releases/congressman-green-statement-firing-fbi-director-james-comey","128735131872_10155261324666873",NA,78,25,9
"128735131872","Gene Green","Opinion: A reflection on the North American energy renaissance","2017-05-09T16:55:08+0000","status",NA,"128735131872_10155258405631873","Gene Green published a note.",5,5,0
"128735131872","Gene Green","Have you heard the latest episode of Houston Matters? I joined Craig Cohen on Friday to discuss the omnibus government spending bill, the GOP bill to repeal the Affordable Care act, and more.","2017-05-08T22:21:00+0000","link","http://www.houstonmatters.org/segments/segment-a/2017/05/08/rep-gene-green-criticizes-gop-backed-house-health-care-bill","128735131872_10155256145226873",NA,50,13,7
"128735131872","Gene Green","In case you missed it: last week we introduced legislation to expand maritime workforce and education training. You can learn more about the bill here → http://bit.ly/2pFi3Af","2017-05-08T14:04:11+0000","photo","https://www.facebook.com/RepGeneGreen/photos/a.10150186222036873.342928.128735131872/10155247104371873/?type=3","128735131872_10155247104371873",NA,14,2,1
"128735131872","Gene Green","Proud to join millions across the country to promote mental health wellness this May!  Did you know 1 in 5 adults have a mental health condition, but less than half receive treatment? Help end the silence and the stigma. If you or someone you know needs help, call the National Suicide Prevention Life: 1-800-273-TALK (8255).","2017-05-07T21:34:00+0000","photo","https://www.facebook.com/RepGeneGreen/photos/a.10150186222036873.342928.128735131872/10155247041426873/?type=3","128735131872_10155247041426873",NA,54,3,3
"128735131872","Gene Green","Save the date!  Join us for the 15th Annual North Channel Job Fair present by our office, Workforce Solutions, and the North Channel Area Chamber of Commerce. Please bring a resume and dress professionally.","2017-05-06T18:23:00+0000","photo","https://www.facebook.com/RepGeneGreen/photos/a.10150186222036873.342928.128735131872/10155247026011873/?type=3","128735131872_10155247026011873",NA,8,0,2
"128735131872","Gene Green","Penned an op-ed in The Hill this week.  America’s energy security demands an “all-of-the-above” approach to energy policy. In order to provide our nation with the conventional and renewable energy needed to fuel the economy, we need to develop technologies and policies of tomorrow.","2017-05-05T23:43:00+0000","link","http://thehill.com/blogs/pundits-blog/energy-environment/331847-a-reflection-on-the-north-american-energy-renaissance","128735131872_10155247065861873",NA,25,2,5
"128735131872","Gene Green","Thank you to our spring interns, Obi & Laura, who just completed their time in Washington, D.C. Both have been a tremendous help in our Capitol Hill office this semester, and we will miss them as they return home to Texas to complete their final semesters.   We wish them the best of luck in all their future endeavors!","2017-05-05T16:32:15+0000","photo","https://www.facebook.com/RepGeneGreen/photos/a.10150186222036873.342928.128735131872/10155246271356873/?type=3","128735131872_10155246273691873","Gene Green added 2 new photos.",77,5,3
"128735131872","Gene Green","There is an obvious, irresponsible reason why this vote was rammed through without an updated score from the nonpartisan Congressional Budget Office (CBO): Republicans don’t want the American people learning the real-world consequences and the devastation it will mean for American families.","2017-05-04T19:22:16+0000","link","https://green.house.gov/media-center/press-releases/congressman-green-votes-no-bill-repeal-aca","128735131872_10155243676366873",NA,115,35,27
"128735131872","Gene Green","Patient providers & advocates agree — #Trumpcare would allow discrimination against Americans with pre-existing conditions. #VoteNO","2017-05-04T16:26:00+0000","photo","https://www.facebook.com/RepGeneGreen/photos/a.10150186222036873.342928.128735131872/10155243237251873/?type=3","128735131872_10155243238306873","Gene Green added 3 new photos.",18,7,3
"128735131872","Gene Green","TrumpCare is nothing more than broken promises and mean-spirited policy.   It will mean higher health costs, more than 24 million hard-working Americans losing health coverage, key protections gutted, older Americans hung out to dry, the end of Medicaid as we know it, and cuts to Medicare.","2017-05-04T14:55:17+0000","photo","https://www.facebook.com/RepGeneGreen/photos/a.10150186222036873.342928.128735131872/10155243045996873/?type=3","128735131872_10155243045996873",NA,31,10,24
"128735131872","Gene Green","Congressman Gene Green invites veterans to his annual Veterans Forum on Saturday, May 20. During the forum, Congressman Green will discuss new and current federal policies affecting veterans, and local groups and agencies will be available to answer questions about benefits and services.","2017-05-03T21:10:55+0000","event","https://www.facebook.com/events/105726626667060/","128735131872_105726626667060","Gene Green added an event.",2,0,0
"128735131872","Gene Green","After passing a one-week stopgap bill last week, I’m happy my colleagues worked together and reached a compromise that will avert a government shutdown.","2017-05-03T20:40:26+0000","link","https://green.house.gov/media-center/press-releases/representative-green-supports-passage-bipartisan-omnibus-spending-bill","128735131872_10155240844566873",NA,10,1,0
"128735131872","Gene Green","Join us for the 15th Annual Job Fair present by our office, Workforce Solutions, and the North Channel Area Chamber of Commerce.   Please bring a resume and dress professionally.  For a list of employers attending, please visit my website: https://green.house.gov/about/events/15th-annual-job-fair-north-channel-area","2017-05-03T18:44:38+0000","event","https://www.facebook.com/events/109203539650663/","128735131872_109203539650663","Gene Green added an event.",12,0,0
"128735131872","Gene Green","Republicans can try to hide the truth all they want. Here are the facts: • Trumpcare would gut protections for Americans with pre-existing conditions, and drive up costs for millions more.  • The Republicans exempted themselves from Trumpcare’s attacks on protections for people with pre-existing conditions. • Americans across the country and my constituents are against this bill. • #Trumpcare includes $600 BILLION tax break for the rich.","2017-05-03T13:25:00+0000","photo","https://www.facebook.com/RepGeneGreen/photos/a.10150186222036873.342928.128735131872/10155238244836873/?type=3","128735131872_10155238244836873",NA,17,18,12
"128735131872","Gene Green","I am proud to introduce The Domestic Maritime Centers of Excellence Act with Rep. Rob Wittman (R-VA) to help support Maritime Training Programs, such as the one at San Jacinto College.   The industry is continuing to invest and grow along the Port of Houston and Port of Virginia, and we want to make sure that our constituents have the opportunity to fill these high skilled jobs.","2017-05-02T22:02:09+0000","link","https://green.house.gov/media-center/press-releases/reps-green-wittman-introduce-domestic-maritime-centers-excellence-act","128735131872_10155238047116873",NA,30,4,3
"128735131872","Gene Green","I want you all to take a moment to watch this video. Stories like Jimmy’s are why we need to fight to stop #Trumpcare.   While Billy Kimmel is healthy and back home, far too many children with pre-existing conditions wouldn’t have access to health coverage under the Republican plan that will repeal the Affordable Care Act. That’s why I refuse to support a bill that increases costs, guts key protections, and charges older American five times more than younger people.","2017-05-02T16:41:49+0000","video","https://youtu.be/MmWWoMcGmo0","128735131872_10155237266701873",NA,69,11,9
"128735131872","Gene Green","Texas' 29th Congressional District has been a traditional port of entry for millions of immigrants coming to the Gulf Region and we've always embraced their hard work. #MayDay2017","2017-05-02T00:53:27+0000","link","http://www.newamericaneconomy.org/locations/texas/texas-district-29/?test=1","128735131872_10155235545376873",NA,47,6,14
"128735131872","Gene Green","As we observe #MayDay2017 today, my staff and I stand firmly committed to assisting immigrant and blended families in our community navigate the immigration system and apply for citizenship.   Our district has been the traditional port of entry for immigrants coming to the greater Gulf Region for nearly a century and we have always embraced hard-working immigrants because we believe in the promise of America.  Please be assured that I am working in Congress to ensure that the rights of immigrants will be upheld in the United States of America.","2017-05-01T16:44:54+0000","video","https://www.facebook.com/RepGeneGreen/videos/10155234435026873/","128735131872_10155234435026873",NA,78,19,14
"128735131872","Gene Green",NA,"2017-04-28T16:31:15+0000","event","https://www.facebook.com/events/417217008646220/","128735131872_10155225072501873","Gene Green shared their event.",4,2,0
"128735131872","Gene Green","The latest iteration of TrumpCare is even more harmful to Americans than the last bill that failed a few weeks ag.  Letting the States get rid of the Essential Health Benefits - the 10 basic medical care categories plans have to cover, like emergency care, mental health and addiction treatment, and lab tests - is just crazy. The obvious problem with eliminating the Affordable Care Act’s essential health benefits is that it will leave people without access to reasonable-quality health insurance.   I urge my colleagues to scrap this political crusade and work with us to strengthen the ACA.","2017-04-27T16:41:50+0000","video","https://www.facebook.com/RepGeneGreen/videos/10155221186286873/","128735131872_10155221186286873",NA,27,7,11
"128735131872","Gene Green","Once again, House Republicans have confirmed that their approach to fixing health care requires gutting key protecting for people with pre-existing conditions, shortening the life of the Medicare Trust Fund, increasing costs and offering fewer protections.","2017-04-27T00:02:00+0000","photo","https://www.facebook.com/RepGeneGreen/photos/a.10150186222036873.342928.128735131872/10155217816086873/?type=3","128735131872_10155217816086873",NA,15,1,2
"128735131872","Gene Green","You're invited to participate in the 15th Annual North Channel Area Community Clean-Up.  If you'd like to volunteer please call (281) 999-5879 to register.","2017-04-26T13:39:20+0000","event","https://www.facebook.com/events/417217008646220/","128735131872_10155216867676873","Gene Green shared their event.",5,0,0
"128735131872","Gene Green","Join us this Saturday for our 15th Annual North Channel Area Community Clean-up as we beautify the East Freeway, Green Bayou, North Shore Herman Brown Park Nature Walk, and North Channel Areas.  Volunteers are needed. If you'd like to volunteer please call 281) 999-5879.  Kick-off Site:  East Freeway HPD Storefront (next to Burlington Coat Factory) 12001-A East Freeway Houston, Texas 77029  Thank you to our partners: The City of Houston, Keep Houston Beautiful, Department of Neighborhoods, Houston Police Department -NE Division, State Senator Sylvia Garcia, State Rep. Ana Hernandez, Sheriff Ed Gonzalez, Commissioner Rodney Ellis, Constable Chris Diaz, Councilman Robert Gallegos, North Channel Area Chamber of Commerce, Northeast Houston Advisory Council, North East Partners In Power, Inc., E.T.C.P., Holiday Forest, Wood Shadows I, Wood Shadows II Civic Clubs and others.","2017-04-26T13:36:43+0000","event","https://www.facebook.com/events/417217008646220/","128735131872_417217008646220","Gene Green added an event.",0,0,0
"128735131872","Gene Green","Had the pleasure of visiting Houston Can Academy while in the district yesterday evening. We discussed college plans and career paths, and I am confident these junior and seniors have amazing futures in store. Thank you, Can Academy!","2017-04-25T23:00:00+0000","photo","https://www.facebook.com/RepGeneGreen/photos/a.10150186222036873.342928.128735131872/10155215150036873/?type=3","128735131872_10155215150036873",NA,32,2,0
"128735131872","Gene Green","Americans expect Congress to work together and find bipartisan solutions that address real challenges, like discovering cures for the most challenging diseases or rebuilding our aging infrastructure, and not wasting taxpayer’s money on an unnecessary wall.","2017-04-25T18:28:18+0000","link","https://green.house.gov/media-center/press-releases/representative-green-no-need-gop-government-shutdown-pass-bipartisan","128735131872_10155214686701873",NA,32,6,5
"128735131872","Gene Green","If you're considering applying to a military academy or need help with a federal agency, give us a call.","2017-04-22T17:17:00+0000","link","http://bit.ly/2pMZfMW","128735131872_10155203402976873",NA,23,0,5
"128735131872","Gene Green","I would like to give a big thank you to the Communications Workers of America and everyone who came out to show support as we rallied against outsourcing American call center jobs.   Our legislation represents a growing bipartisan consensus that American companies should hire American citizens and reverse American unemployment rates.","2017-04-21T17:24:43+0000","link","https://green.house.gov/media-center/press-releases/congressman-gene-green-cwa-rally-against-offshoring-american-call-center","128735131872_10155202579521873",NA,31,0,5
"128735131872","Gene Green","I am looking forward to meeting with the Communication Workers of America tomorrow as we stand against the outsourcing of American call center jobs.   Since 2005 we have lost over 200,000 call center jobs to Asian and South American countries where contractors pay much lower wages and provide fewer individual and environmental protections. Because of this, consumers’ personal and financial info is at risk, leaving them open to fraud and identity theft.","2017-04-21T00:45:00+0000","photo","https://www.facebook.com/RepGeneGreen/photos/a.10150186222036873.342928.128735131872/10155200111196873/?type=3","128735131872_10155200111196873",NA,17,4,0
"128735131872","Gene Green","It was a pleasure being back in Austin today during the debate on public education legislation and meeting with our Houston state representatives. Thank you for your work in the 85th legislature.","2017-04-19T23:37:32+0000","photo","https://www.facebook.com/RepGeneGreen/photos/a.10150186222036873.342928.128735131872/10155196896146873/?type=3","128735131872_10155196896146873","Gene Green at Texas State Capitol.",62,5,3
"128735131872","Gene Green","If you are undocumented and immigration (ICE) agents knock on your door, know that you have the following rights:","2017-04-19T00:45:00+0000","link","http://bit.ly/2p565Nt","128735131872_10155193159371873",NA,78,13,50
"128735131872","Gene Green","If you haven't completed your 2016 tax returns, here's what you need to know: http://cnnmon.ie/2pxo7rM #TaxDay","2017-04-18T19:10:37+0000","photo","https://www.facebook.com/RepGeneGreen/photos/a.10150186222036873.342928.128735131872/10155193093491873/?type=3","128735131872_10155193093491873",NA,6,0,0
"128735131872","Gene Green","I am very troubled by President Donald J. Trump's unilateral decision to not label China a currency manipulator. There can be no doubt that China’s fixed exchange rate and lavish government subsidies give China an unfair trade advantage, at the cost of our manufacturing base and middle-class jobs.","2017-04-13T18:49:15+0000","link","http://www.houstonchronicle.com/news/politics/article/Trump-says-China-won-t-be-labeled-a-currency-11068972.php","128735131872_10155175475216873",NA,23,6,1
"128735131872","Gene Green","In case you missed it: Congressman Fred Upton and I introduced legislation last week to improve cancer care.   Our bill would ensure cancer patients across the country continue to have access to life-saving treatments and care. H.R. 1920 addresses a flawed Medicare reimbursement formula that results in some providers not being adequately paid for their services.","2017-04-12T13:34:06+0000","link","https://green.house.gov/media-center/press-releases/upton-green-introduce-legislation-improve-cancer-care","128735131872_10155171142451873",NA,37,6,5
"128735131872","Gene Green","This morning, I spoke with parents and students at Stephen F. Austin High School and presented a flag that was flown over our U.S. Capitol and provided information about immigration rights. Families need to know what to do when a loved one is detained by ICE agents and how to petition for the release of the detained family member.   If you are undocumented and immigration (ICE) agents knock on your door, know that you have the following rights: http://bit.ly/2p565Nt","2017-04-11T21:46:01+0000","photo","https://www.facebook.com/RepGeneGreen/photos/a.10150186222036873.342928.128735131872/10155169023851873/?type=3","128735131872_10155169038426873","Gene Green added 2 new photos.",53,9,10
"128735131872","Gene Green","Social Security needs to be strengthened. It is an essential program to many Americans, which is why I'm joining John Larson and introducing the Social Security 2100 Act.","2017-04-06T15:11:06+0000","video","https://www.facebook.com/RepGeneGreen/videos/10155149466731873/","128735131872_10155149466731873","Gene Green was live.",49,13,7
"128735131872","Gene Green","Thank you to the American Association of Clinical Endocrinologists for the 2017 Public Service Award.  I am grateful to be recognized by AACE for the long-standing work I’ve fought for in Congress. Diabetes and other endocrine and metabolic disorders affect too many Americans and Texans in my district. In order to improve our overall health and bend the long-term cost curve, we need endocrinologists and other medical professionals to be able to perform their great work on behalf of patients.   I look forward to continuing to work with AACE, and the full range of health care providers, on legislation to improve care and promote wellness and prevention.","2017-04-05T00:59:00+0000","photo","https://www.facebook.com/RepGeneGreen/photos/a.10150186222036873.342928.128735131872/10155142844616873/?type=3","128735131872_10155142844616873",NA,22,3,0
"128735131872","Gene Green","After being defeated a couple weeks ago, the Republicans are still trying to sabotage the Affordable Care Act.  It is time to move forward for the American people. We must continue our progress to lower costs, improve quality, and expand coverage.","2017-04-04T16:30:18+0000","link","https://apnews.com/735beb3e74314a58b01f22bf5c43c0a5","128735131872_10155142136666873",NA,21,13,5
"128735131872","Gene Green","Today, women on average make 80 cents for every dollar earned by men, amounting to a yearly gap of $10,470 between full-time working men and women. In 2017, it took women more than three months into the year for their wages to catch up to what men were paid in 2016.   One key way to start closing the pay gap is for Congress to pass the Paycheck Fairness Act. I'm happy to be a cosponsor of the Paycheck Fairness Act and fight for equal pay. #EqualPayDay","2017-04-04T13:45:56+0000","photo","https://www.facebook.com/RepGeneGreen/photos/a.10150186222036873.342928.128735131872/10155142085516873/?type=3","128735131872_10155142085516873",NA,27,7,5
"128735131872","Gene Green","Vaccines save lives.","2017-04-03T21:07:42+0000","video","https://www.facebook.com/SeekerMedia/videos/10154833652313387/","128735131872_10155140017001873","Gene Green shared Seeker's video.",28,3,0
"128735131872","Gene Green","Health is important to all of us. Follow the National Public Health Week Twitter Chat Wednesday, April 5th as we share ideas of what we can do to better our community’s health and wellness! #NPHWChat","2017-04-03T13:25:37+0000","photo","https://www.facebook.com/RepGeneGreen/photos/a.10150186222036873.342928.128735131872/10155138934446873/?type=3","128735131872_10155138934446873",NA,7,0,1
"128735131872","Gene Green","In spirit of Chavez & the UFW fight for equality, let us remember his legacy of working together peacefully. ¡Si Se Puede! #CesarChavezDay","2017-03-31T17:15:28+0000","photo","https://www.facebook.com/RepGeneGreen/photos/a.10150186222036873.342928.128735131872/10155130767831873/?type=3","128735131872_10155130767831873",NA,15,0,7
"128735131872","Gene Green","I was honored to receive the 2017 Distinguished Community Health Champion Award today.   Community health centers, such as El Centro de Corazón, are a vital part of our health care safety net and help families that have difficulty finding reliable, affordable health care. This is especially important in the 29th District where we have an underserved community and one of the highest rates of uninsured individuals in the country.","2017-03-29T22:24:09+0000","photo","https://www.facebook.com/RepGeneGreen/photos/a.10150186222036873.342928.128735131872/10155125588076873/?type=3","128735131872_10155125588076873",NA,67,11,6
"128735131872","Gene Green","Although TrumpCare failed, the debate on healthcare is far from over.   I hope that Mr. Ryan will consider reaching across the aisle so that we can improve the Affordable Care Act, a law that works and is more popular now than ever.","2017-03-29T17:23:13+0000","video","https://www.facebook.com/RepGeneGreen/videos/10155125272711873/","128735131872_10155125272711873",NA,41,8,3
"128735131872","Gene Green","I am voting NO on S.J. Res. 34 today. Online privacy is a critical issue for millions in the USA and should not be overturned without public input. #BroadbandPrivacy","2017-03-28T20:15:00+0000","photo","https://www.facebook.com/RepGeneGreen/photos/a.10150186222036873.342928.128735131872/10155122087386873/?type=3","128735131872_10155122087386873",NA,39,5,5
"128735131872","Gene Green","Today is American Diabetes Alert Day.   Learn about the risks and talk about it with your families. Let’s work to treat and prevent this deadly condition.","2017-03-28T16:30:00+0000","photo","https://www.facebook.com/RepGeneGreen/photos/a.10150186222036873.342928.128735131872/10155122060356873/?type=3","128735131872_10155122060356873",NA,5,1,4
"128735131872","Gene Green","It's easy → https://green.house.gov/contact/newsletter-subscription","2017-03-27T23:47:12+0000","photo","https://www.facebook.com/RepGeneGreen/photos/a.10150186222036873.342928.128735131872/10155120121751873/?type=3","128735131872_10155120121751873",NA,16,1,1
"128735131872","Gene Green","In need of assistance with a federal agency or a citizenship application? We can help.","2017-03-25T19:42:00+0000","photo","https://www.facebook.com/RepGeneGreen/photos/a.10150186222036873.342928.128735131872/10155110714901873/?type=3","128735131872_10155110714901873",NA,16,5,2
"128735131872","Gene Green","Today is a victory for the American people and all 24 million Americans who would have lost their health care if TrumpCare was signed into law.   I’ve said before that the ACA is not perfect and there are areas for improvement. As the Ranking Member of the Energy & Commerce Health Subcommittee, I look forward to working with my colleagues on bipartisan solutions to improve the ACA. #ACAWorks","2017-03-24T22:00:38+0000","link","https://green.house.gov/media-center/press-releases/congressman-green-affordable-care-act-remains-law-land","128735131872_10155110490866873",NA,102,22,19
"128735131872","Gene Green","TrumpCare is a direct assault on President Donald J. Trump's promise to the American people. This bill will lead to higher premiums, fewer benefits, and more people uninsured.   Physician groups and hospital associations all oppose this bill and I urge my colleagues to vote no.","2017-03-24T18:47:11+0000","video","https://www.facebook.com/RepGeneGreen/videos/10155109937971873/","128735131872_10155109937971873",NA,44,6,5
"128735131872","Gene Green","Later today, the House of Representatives will vote on the Republican #TrumpCare bill that repeals the Affordable Care Act.   I will vote 'no' because this bill is disastrous for working Americans. 24 million people will lose their insurance, Medicaid and Medicare will be dramatically cut, and key protections like maternity care and drug prescriptions will be gutted by insurance companies. Together, TrumpCare will provide less coverage, fewer protections, and higher costs.","2017-03-24T16:34:26+0000","photo","https://www.facebook.com/RepGeneGreen/photos/a.10150186222036873.342928.128735131872/10155109764246873/?type=3","128735131872_10155109764246873",NA,226,53,42
"128735131872","Gene Green","In just seven years since the Affordable Care Act (ACA) went into effect, the law has delivered on the principle goal of covering tens of millions of Americans for whom health insurance was previously out of reach.   Today, 20 million people have health insurance and the percentage of uninsured Americans is at an all-time low. #ACAWorks","2017-03-23T13:00:00+0000","photo","https://www.facebook.com/RepGeneGreen/photos/a.10150186222036873.342928.128735131872/10155104202546873/?type=3","128735131872_10155104202546873",NA,24,9,0
"128735131872","Gene Green","TrumpCare will take health insurance away from 24 million people. That’s basically the number of people that live in the state of Texas.   From the crushing age tax forcing older Americans to pay premiums five times higher than young adults to the Medicare cuts that will shorten the life of the program by three years, it is hard to find someone this bill helps.","2017-03-23T01:32:00+0000","video","https://www.facebook.com/RepGeneGreen/videos/10155104493691873/","128735131872_10155104493691873",NA,28,5,4
"128735131872","Gene Green","#TrumpCare is not the answer to improving coverage for the American people.    The bill to repeal the Affordable Care Act is opposed by Democrats, many Republicans, hospitals, doctors, and patients because it dumps massive health costs on working families and is a broken promise to the American people.","2017-03-22T20:59:49+0000","photo","https://www.facebook.com/RepGeneGreen/photos/a.10150186222036873.342928.128735131872/10155103467836873/?type=3","128735131872_10155103467836873",NA,33,9,16
"128735131872","Gene Green","It has been seven years since the Affordable Care Act was implemented. Since then, insurers can no longer deny coverage or raise rates because of pre-existing conditions, hard-working Americans can afford premium health care thanks to generous subsidies, and consumers are protected from the worst abuses of the insurance industry.","2017-03-22T16:17:07+0000","photo","https://www.facebook.com/RepGeneGreen/photos/a.10150186222036873.342928.128735131872/10155103409376873/?type=3","128735131872_10155103409376873",NA,24,5,0
"128735131872","Gene Green","This week, Republicans plan to vote on TrumpCare to push 24 million Americans off their health coverage and saddle families across the country with massive health costs.   TrumpCare is an assault on families and is a broken promise to the American people. It will destroy the Medicaid program, increase out-of-pocket costs and allow insurers to charge older Americans five times more than what younger adults pay.","2017-03-21T17:34:55+0000","video","https://www.facebook.com/RepGeneGreen/videos/10155100398736873/","128735131872_10155100398736873",NA,23,14,13
"128735131872","Gene Green","The Republicans #TrumpCare bill will roll back the progress we made under the Affordable Care Act and hurt millions of Americans by increasing the price of insurance and offering less coverage. Americans deserve better than the GOP’s merciless attack on their health care.","2017-03-21T13:36:08+0000","photo","https://www.facebook.com/RepGeneGreen/photos/a.10150186222036873.342928.128735131872/10155099824831873/?type=3","128735131872_10155099824831873",NA,10,5,1
"128735131872","Gene Green","24 million people will be kicked off their health insurance, including 7 million who will lose the insurance they currently have through their employer.   And for the lucky ones who are able to stay insured, coverage will be less available and less affordable for virtually all ages and income groups.","2017-03-19T22:44:00+0000","photo","https://www.facebook.com/RepGeneGreen/photos/a.10150186222036873.342928.128735131872/10155089435151873/?type=3","128735131872_10155089435151873",NA,2,6,4
"128735131872","Gene Green","I refuse to support a bill that forces families into health plans with worse coverage and fewer protections. The plan my Republican colleagues have presented to repeal the Affordable Care Act will increase the cost of care for children, disabled, and older adults.","2017-03-18T18:42:00+0000","link","http://www.npr.org/sections/health-shots/2017/03/17/520266060/texas-braces-for-medicaid-cuts-under-gop-health-plan?utm_campaign=storyshare&utm_source=twitter.com&utm_medium=social","128735131872_10155089429921873",NA,65,20,16
"128735131872","Gene Green","The 25 percent cut in Medicaid, a program that provides insurance to one in five Americans, is both heartless and financially unsound. This repeal bill does not lower premiums and out-of-pocket costs, does not expand access to insurance, and is a huge tax cut poorly disguised as a health care bill.","2017-03-17T19:01:04+0000","photo","https://www.facebook.com/RepGeneGreen/photos/a.10150186222036873.342928.128735131872/10155088718891873/?type=3","128735131872_10155088718891873",NA,11,8,1
"128735131872","Gene Green","For more than seven years, Republicans have promised they would repeal the Affordable Care Act (ACA) and replace it with something better.   Well, here we are and contrary to all the rhetoric, this plan introduced by my Republican colleagues does not offer solutions to expand coverage, make premiums, co-pays and deductibles more affordable, or improve coverage to care.","2017-03-17T13:33:37+0000","video","https://www.facebook.com/RepGeneGreen/videos/10155088399361873/","128735131872_10155088399361873",NA,29,13,7
"128735131872","Gene Green","I find it hard to believe that President Donald J. Trump's ‘America First’ budget puts Americans first when medical researchers will lack funds essential to discovering lifesaving cures, first-generation and low-income college students will struggle to pay for college, and nutrition and housing assistance will be cut.","2017-03-16T21:18:54+0000","link","https://green.house.gov/media-center/press-releases/congressman-green-s-statement-president-trump-s-proposed-budget","128735131872_10155086313801873",NA,28,8,13
"128735131872","Gene Green","This morning I joined Greta Brawner on C-SPAN's ""Washington Journal"" morning news show. We discussed the future of the Affordable Care Act and the devastating impact the Republican's health bill will have if passed into law.  You can watch the rest of the interview here → http://cs.pn/2m0JV11","2017-03-15T20:45:00+0000","video","https://www.facebook.com/RepGeneGreen/videos/10155082737656873/","128735131872_10155082737656873",NA,32,7,3
"128735131872","Gene Green","There are many reasons why the GOP health bill is devastating for all Americans.  Without sufficient funding, it will be more difficult for the CDC to pay for programs that help ensure our nation is prepared against emerging threats such as bioterrorism, Zika virus, Ebola and other infectious diseases.","2017-03-15T00:23:00+0000","link","http://www.chron.com/news/medical/article/GOP-health-bill-would-cut-CDC-s-1B-disease-10990530.php","128735131872_10155080506176873",NA,20,10,15
"128735131872","Gene Green","Yesterday, I had the pleasure of meeting with community leaders to discuss community development and revitalization projects in the Jensen Eastex area. I look forward to the work that will be done to improve family and health care services for disabled and veterans, community centers, facilities for seniors, and neighborhood parks.","2017-03-14T17:52:37+0000","photo","https://www.facebook.com/RepGeneGreen/photos/a.10150186222036873.342928.128735131872/10155079902471873/?type=3","128735131872_10155079902471873",NA,20,2,3
"128735131872","Gene Green","The Republicans' bill that will repeal the Affordable Care Act is dangerous for all Americans. In Texas, lower-income and older folks will be hit the hardest, especially in the rural parts of the state. We will continue to fight tooth and nail against this bill.   Story → bit.ly/2mEqEB4","2017-03-14T13:26:18+0000","photo","https://www.facebook.com/RepGeneGreen/photos/a.10150186222036873.342928.128735131872/10155079146971873/?type=3","128735131872_10155079146971873",NA,50,13,15
"128735131872","Gene Green","The budget analysis that was released by the Congressional Budget Office today confirms why Republicans were so quick to push their bill through the Ways & Means and Energy & Commerce Committees last week.  The CBO analysis released today estimates nearly 24 million people would be uninsured by 2026, including 14 million being uninsured in 2018 alone.","2017-03-13T21:34:14+0000","link","https://green.house.gov/media-center/press-releases/congressman-green-responds-cbo-analysis-gop-bill-repeal-affordable-care","128735131872_10155077273796873",NA,28,11,6
"128735131872","Gene Green","Opinion: Repeal of the ACA, or as I call it: The rodeo that came to Washington","2017-03-13T16:47:51+0000","status",NA,"128735131872_10155076125981873","Gene Green published a note.",38,23,4
"128735131872","Gene Green","Did you watch the KPRC2 / Click2Houston ""Calling Congress"" story this week? I've had the privilege of serving Texas' 29th Congressional District for many years and have met amazing folks who care and know that I will listen to their concerns.","2017-03-11T19:51:00+0000","video","https://www.facebook.com/RepGeneGreen/videos/10155060852216873/","128735131872_10155060852216873",NA,42,11,9
"128735131872","Gene Green","Today is National Women and Girls HIV/AIDS Awareness Day. Only 52% of women & girls living with HIV get the care they need to stay virally suppressed. I know that the best defense is a good offense, which is why I join my colleagues in committing to testing, prevention, and treatment to end the HIV epidemic. #NWGHAAD","2017-03-10T17:35:01+0000","photo","https://www.facebook.com/RepGeneGreen/photos/a.10150186222036873.342928.128735131872/10155059084736873/?type=3","128735131872_10155059084736873",NA,12,1,1
"128735131872","Gene Green","I'm live now talking about the need to #ProtectOurCare by rejecting the Republican #PayMoreForLess health bill.","2017-03-10T14:58:39+0000","video","https://www.facebook.com/RepGeneGreen/videos/10155058566586873/","128735131872_10155058566586873","Gene Green was live.",64,14,15
"128735131872","Gene Green","Hunger is a problem in every community across America, including my district. I was thankful to have the opportunity to testify this afternoon and urge my colleagues to increase funding for The Emergency Food Assistance Program, popularly known as TEFAP.  Without adequate funding for TEFAP, food banks and charities will be hard-pressed to continue providing current levels of food assistance to the 42 million Americans suffering food insecurity.","2017-03-10T00:10:54+0000","photo","https://www.facebook.com/RepGeneGreen/photos/a.10150186222036873.342928.128735131872/10155056366446873/?type=3","128735131872_10155056366446873",NA,23,4,5
"128735131872","Gene Green","Having to worry about visiting a doctor when you're sick or putting off care because you don't have insurance or can't afford insurance is a grim reality too many Americans face.   Thankfully, over 20,000 of my constituents have benefited from the Affordable Care Act. I was happy to share a success story during the markup last night.","2017-03-09T17:50:57+0000","video","https://www.facebook.com/RepGeneGreen/videos/10155055301561873/","128735131872_10155055301561873",NA,34,13,3
"128735131872","Gene Green","The Affordable Care Act was implemented after 79 bipartisan hearings and markups in the House. The House Republicans want to push their bill in ONE day. Americans deserve better.","2017-03-09T00:51:47+0000","photo","https://www.facebook.com/RepGeneGreen/photos/a.10150186222036873.342928.128735131872/10155052433951873/?type=3","128735131872_10155052433951873",NA,68,19,12
"128735131872","Gene Green","My message this morning to the Energy & Commerce Republicans: The repeal bill will not protect patients, will not save money, and will not help working families. In fact, Americans will #PayMoreForLess.","2017-03-08T17:55:00+0000","video","https://www.facebook.com/RepGeneGreen/videos/10155051177671873/","128735131872_10155051177671873",NA,44,11,14
"128735131872","Gene Green","This morning at 10:30 EST, the Energy & Commerce Committee will markup the Republicans' American Health Care Act. This bill was introduced Monday night and has been public for only two days. When the Affordable Care Act was introduced, the American public had 30 days to review the bill.     The bill is certain to provide less coverage, fewer protections, and higher costs.  You can watch live: https://youtu.be/Gf4afl8HQa4","2017-03-08T14:59:04+0000","photo","https://www.facebook.com/RepGeneGreen/photos/a.10150186222036873.342928.128735131872/10155050845266873/?type=3","128735131872_10155050845266873",NA,14,7,3
"128735131872","Gene Green","Thank you to all the students and parents who joined us last night for the paying for college workshop. I hope you all left with useful information that'll prepare you for the FAFSA and scholarship applications.  Congratulations to the students who were winners of the scholarship drawing. Eight scholarships were awarded totaling $5,000!","2017-03-07T23:23:46+0000","photo","https://www.facebook.com/RepGeneGreen/photos/a.10150186222036873.342928.128735131872/10155048773801873/?type=3","128735131872_10155048773801873","Gene Green with Gene Green.",15,0,0
"128735131872","Gene Green","I am deeply disappointed that my colleagues are moving forward with their plan to undo the historic progress we’ve made in expanding health coverage under the Affordable Care Act (ACA) by entirely repealing it and leaving many millions of Americans who gained coverage without a way to maintain it.","2017-03-07T02:02:03+0000","link","https://green.house.gov/media-center/press-releases/congressman-green-statement-republicans-plan-repeal-and-replace","128735131872_10155045967441873",NA,46,17,13
"128735131872","Gene Green","Thank you to the UTHealth physicians who provided free health screenings and consultations today at the W Leo Daniels Towers. I was happy to participate, but I'm even more grateful for your care and in our community.","2017-03-06T22:53:32+0000","photo","https://www.facebook.com/RepGeneGreen/photos/a.10150186222036873.342928.128735131872/10155045553876873/?type=3","128735131872_10155045587836873","Gene Green added 3 new photos.",39,2,0
"128735131872","Gene Green","I hope you can join us Monday at C.E. King High School! #HigherEd","2017-03-04T21:18:00+0000","event","https://www.facebook.com/events/621132581414416/","128735131872_10155039492216873","Gene Green shared their event.",12,4,0
"128735131872","Gene Green","In the last decade, there has been an increase in companies relocating their call centers overseas where foreign workers are known to be notorious scam artists at the costs of dismal labor conditions and cheaper wages. I'm happy to join Rep. David McKinley to deter companies from shipping American jobs overseas and incentivize them to locate in the U.S.","2017-03-02T22:35:26+0000","link","https://green.house.gov/media-center/press-releases/green-mckinley-reintroduce-us-call-center-and-consumer-protection-act","128735131872_10155032604096873",NA,21,5,3
"128735131872","Gene Green","I'm thankful to represent this great state in Congress and proud to be a Texan. How are you celebrating #TexasIndependenceDay today?","2017-03-02T17:50:06+0000","photo","https://www.facebook.com/RepGeneGreen/photos/a.10150186222036873.342928.128735131872/10155031983291873/?type=3","128735131872_10155031983291873",NA,22,2,2
"128735131872","Gene Green","Our duty in Congress is to serve the American people. That being said, we cannot abandon the 20 million Americans who received coverage through the Affordable Care Act. Instead, let us work together to improve and #ProtectOurCare for all.","2017-03-01T22:15:00+0000","video","https://www.facebook.com/RepGeneGreen/videos/10155029667851873/","128735131872_10155029667851873",NA,62,17,8
"128735131872","Gene Green","Repealing the Affordable Care Act (ACA) without putting in place an adequate replacement plan is irresponsible in every way. According to Pew Research Center, 54% of Americans support the ACA.  I urge my colleagues to stop working against the American people. We cannot afford to #MakeAmericaSickAgain.","2017-02-27T15:25:25+0000","photo","https://www.facebook.com/RepGeneGreen/photos/a.10150186222036873.342928.128735131872/10155022928301873/?type=3","128735131872_10155022928301873",NA,30,9,7
"128735131872","Gene Green","Throughout history, scientific trials and research have shown us that vaccines work. We know for a fact that the measles vaccine works, and furthermore, we know that they are the cheapest form of health care we can use because they prevent illnesses that are much more costly to treat than to prevent.","2017-02-24T15:24:39+0000","link","http://www.texasmonthly.com/the-daily-post/texas-might-heading-major-measles-outbreak/","128735131872_10155014590026873",NA,27,7,21
"128735131872","Gene Green","Students and parents, I hope you will join me on Monday, March 6th for a FREE financial aid workshop. Please call my North District Office if you have any questions about the event: (281) 999-5879.","2017-02-22T22:34:31+0000","event","https://www.facebook.com/events/621132581414416/","128735131872_10155010238656873","Gene Green shared their event.",29,2,0
"128735131872","Gene Green","Congressman Gene Green invites Houston-area students and parents to a FREE Financial Aid Workshop on Monday, March 6, 2017, at 7:00 P.M. in the auditorium of C.E. King High School.    During this free seminar, representatives from The Sallie Mae Fund and Project GRAD Houston will speak to families on applying for scholarships, financial aid, and the important factors to consider when selecting the school that fits them. In addition, local colleges and universities will have representatives present with information about their institutions, giving students the chance to speak with them one-on-one. Several universities will award scholarships onsite to attending high school seniors at the end of the college prep PowerPoint presentation.   Participating colleges and universities: University of Houston, UH-Downtown, Texas Southern University, Houston Community College – Northeast, San Jacinto College North, and Lone Star College","2017-02-22T22:30:49+0000","event","https://www.facebook.com/events/621132581414416/","128735131872_621132581414416","Gene Green added an event.",0,0,0
"128735131872","Gene Green","Harris County Sheriff Ed Gonzalez terminated the voluntary U.S. Immigration and Customs Enforcement (ICE) 287 (g) program today. I applaud Sheriff Gonzalez for ending this controversial partnership, which has done more harm than good, and using the resources available to safeguard our homes and families.  Statement: http://bit.ly/2m8j7eE","2017-02-22T17:50:56+0000","photo","https://www.facebook.com/RepGeneGreen/photos/a.10150186222036873.342928.128735131872/10155009560241873/?type=3","128735131872_10155009560241873",NA,123,26,31
"128735131872","Gene Green","A bipartisan group of Senators and Representatives delivered a letter to our colleagues today. Our message: Vaccines save lives. #TX29  Full text of the letter can be read here → http://bit.ly/2m8y0dY","2017-02-21T17:40:05+0000","photo","https://www.facebook.com/RepGeneGreen/photos/a.10150186222036873.342928.128735131872/10155006890906873/?type=3","128735131872_10155006890906873",NA,31,1,2
"128735131872","Gene Green","In Texas more than 272,000 people with serious mental illnesses and substance use disorders have gained health coverage through the Marketplaces – repeal threatens their coverage.    Congress should be fighting for a healthier country, not to #MakeAmericaSickAgain.","2017-02-17T22:35:16+0000","link","http://www.houstonchronicle.com/business/medical/article/ACA-repeal-could-threaten-treatment-for-10935732.php","128735131872_10154996218196873",NA,20,6,6
"128735131872","Gene Green","President Trump’s federal hiring freeze may jeopardize the ability of National Institutes of Health (NIH) to improve human health and spur medical innovation. I joined my colleagues, Congresswoman Diana DeGette and Congressman Frank Pallone Jr., today and sent a letter to President Trump urging him to consider the negative effects that the freeze will have on the NIH.  A copy of the letter to the White House is available here: http://bit.ly/2l8tiwD","2017-02-16T01:33:00+0000","photo","https://www.facebook.com/RepGeneGreen/photos/a.10150186222036873.342928.128735131872/10154986235526873/?type=3","128735131872_10154986235526873",NA,18,5,4
"128735131872","Gene Green","President Trump has signed 12 Executive Orders in his first four weeks in office, and the House majority has said little and taken no action to oversee the Trump Administration’s abuse of power.   I hope my colleagues in the Majority will uphold Congress’s constitutional duties and vigorously scrutinize President Trump’s actions and mounting abuse of power.","2017-02-15T22:05:00+0000","video","https://www.facebook.com/RepGeneGreen/videos/10154986679366873/","128735131872_10154986679366873",NA,90,25,10
"128735131872","Gene Green","Construction on the new Milby High School is now 85 percent complete and on track to open in time for summer school.   I'm looking forward to visiting the new campus and listening to young people tell me about their school. #TX29 h/t Houston Independent School District","2017-02-01T15:00:00+0000","link","http://blogs.houstonisd.org/news/2017/01/27/new-milby-hs-eyes-summer-opening/","128735131872_10154943217996873",NA,73,4,13
"128735131872","Gene Green","There is still time for you & your families to #GetCovered.   Enroll for health insurance before tonight’s deadline at midnight ET --> https://goo.gl/932hBR #ProtectOurCare","2017-01-31T15:37:25+0000","link","https://goo.gl/932hBR","128735131872_10154941914021873",NA,5,3,2
"128735131872","Gene Green","President Trump’s executive order banning refugees and the citizens of Muslim nations dishonors our Constitution and everything our nation stands for. Not only does the order make America less safe, it betrays brave and loyal interpreters and intelligence assets who risked their lives to help American troops fight terrorism.   I vow to uphold our Nation’s values and to fight for immigration policies that honor the promise of America.","2017-01-31T14:15:53+0000","link","http://www.chron.com/news/politics/article/Trump-s-immigration-order-faces-mounting-legal-10894723.php","128735131872_10154941726096873",NA,107,30,11
"128735131872","Gene Green","Negotiating delicate trade deals through the media and governing by fiat is harmful to Texans. At stake is Texas' relationship with our largest trading partner and the business that fuels our state’s economic engine. #TX29","2017-01-27T19:00:00+0000","link","https://green.house.gov/media-center/press-releases/rep-gene-green-statement-trump-border-tax-announcements","128735131872_10154930149971873",NA,54,8,21
"128735131872","Gene Green","The decision to cancel all outreach and ads reminding consumers to sign up for health coverage on Healthcare.gov is wrong and endangers the health and economic security of Americans.   Remember that you have until January 31st to enroll. Simply visit: https://www.healthcare.gov/ #TX29","2017-01-27T15:57:29+0000","link","https://green.house.gov/media-center/press-releases/congressman-gene-green-statement-cancellation-open-enrollment-outreach","128735131872_10154930022916873",NA,24,2,19
"128735131872","Gene Green","I had a great visit with students from Milby High School last week. They had great questions about how our government works and their role as engaged citizens.   Keep up the great work. I can't wait to see you at the grand opening of your new campus.  #TX29","2017-01-26T21:23:55+0000","photo","https://www.facebook.com/RepGeneGreen/photos/a.10152530147646873.1073741827.128735131872/10154927920526873/?type=3","128735131872_10154927933091873","Gene Green added 5 new photos — with Gene Green.",33,2,2
"128735131872","Gene Green","Mr. Trump’s plan to build a wall and target cities who welcome immigrants is wrong, impractical, and expensive on both a human and economic level.   These orders are another example of how this Administration is hastily scraping together plans without taking into account the suffering it will cause to American families. I firmly believe that our laws should protect our people and I will fight for immigration laws that do just that. #TX29","2017-01-26T14:31:47+0000","link","http://www.cnn.com/2017/01/25/politics/donald-trump-build-wall-immigration-executive-orders/index.html","128735131872_10154926896536873",NA,112,34,23
"128735131872","Gene Green","Join us as we discuss why ""Border Business is America's Business"" #BorderBiz","2017-01-23T20:53:08+0000","video","https://www.facebook.com/BetoORourkeTX16/videos/1381004428632073/","128735131872_10154914623276873","Gene Green shared Congressman Beto O'Rourke's live video.",12,0,0
"128735131872","Gene Green","I host Senior Citizens Issues Forums frequently to speak with older adults about the legislative issues affecting them.   Today, we had a great turnout of community members and community partners like the Social Security Administration, Centers for Medicare and Medicaid Services, and the Harris County Area Agency on Aging who all had representatives on hand to answer questions about health care, referral services, and programs for seniors.   You can read our latest update on senior citizens issues in our latest newsletter. #TX29","2017-01-17T21:58:54+0000","photo","https://www.facebook.com/RepGeneGreen/photos/a.10152530147646873.1073741827.128735131872/10154894258296873/?type=3","128735131872_10154894259561873","Gene Green added 4 new photos — with Gene Green at Leon Z. Grayson Community Center.",15,4,2
"128735131872","Gene Green","I was happy to read House Mouse, Senate Mouse to the students at Bonner Elementary and present them with a flag that flew over our nation's Capitol Building. #TX29","2017-01-17T18:06:52+0000","photo","https://www.facebook.com/RepGeneGreen/photos/a.10152530147646873.1073741827.128735131872/10154893684386873/?type=3","128735131872_10154893685251873","Gene Green added 2 new photos — at BonnerElementary.",35,1,1
"128735131872","Gene Green","Let us reflect on Martin Luther King Jr.'s legacy of service and recommit ourselves to the pursuit of justice.","2017-01-16T15:32:20+0000","link","http://www.npr.org/2010/01/18/122701268/i-have-a-dream-speech-in-its-entirety?utm_campaign=storyshare&utm_source=facebook.com&utm_medium=social","128735131872_10154890469381873",NA,47,2,17
"128735131872","Gene Green","HOUSTON, TX – Congressmen Gene Green and Al Green held a health fair and press conference to discuss the successes of the Affordable Care Act (ACA), Medicare, and Medicaid.  Thank you to all of our community partners: Mayor Sylvester Turner, Commissioner Rodney Ellis, State Senator Sylvia Garcia, State Rep. Armando Walle, City Council Member Karla Cisneros, St. Hope Foundation, Enroll Gulf Coast Collaborative, Change Happens, Vecino Health Centers, Gateway to Care, Department of Health and Human Services, Texas Children’s Health Plan, Harris Health System, Texas Organizing Project, Walgreens, Harris County Area Agency on Aging, Houston Food Bank, SRA, Legacy Community Health, and Enroll America.","2017-01-15T20:28:26+0000","photo","https://www.facebook.com/RepGeneGreen/photos/a.10154888019616873.1073741840.128735131872/10154888022451873/?type=3","128735131872_10154888023996873","Gene Green added 9 new photos to the album: Community Health Fair 1.15.2017 — in Houston, Texas.",18,1,5
"128735131872","Gene Green","I hope that you will join us this afternoon for our first community health fair of the year. All medical screenings and flu vaccines will be provided free of charge by community health partners. #TX29","2017-01-15T17:56:02+0000","event","https://www.facebook.com/events/1846984685516727/","128735131872_10154887615451873","Gene Green shared their event.",5,0,0
"128735131872","Gene Green","Before the #ACA stories like these were all too real: ""They told me, 'You can't give her a heart transplant,' which is what she needed,"" said Coulter, the head of women's health at Texas Heart Institute. ""They said we could give her this other device instead, a pump that's implanted in the left ventricle to help the heart continue beating. The insurance company was literally telling us, the physicians, how to proceed with her treatment. It was crazy.""","2017-01-14T21:00:00+0000","link","http://www.houstonchronicle.com/news/houston-texas/houston/article/Houston-woman-denied-insurance-coverage-for-heart-10856877.php?t=296987fbda438d9cbb","128735131872_10154884053326873",NA,24,4,11
"128735131872","Gene Green","Our young people are our nation's greatest resource. And Aldine Independent School District's educators continue to inspire them to be the best they can be. #TX29","2017-01-14T17:30:00+0000","link","http://www.houstonchronicle.com/news/houston-texas/houston/article/All-that-jazz-puts-Houston-teacher-in-Grammy-10854531.php?t=23ac4abed2#photo-12182307","128735131872_10154884041686873",NA,43,1,12
"128735131872","Gene Green","34,200 individuals in our District purchased quality, affordable coverage through the new health insurance marketplace in 2016 and 11,000 young adults were able to retain coverage through their parents’ plans.   Join us this Sunday as we show Houston why the #ACA is important: http://bit.ly/2jbxoVY #TX29","2017-01-14T15:00:31+0000","photo","https://www.facebook.com/RepGeneGreen/photos/a.10150186222036873.342928.128735131872/10154882331766873/?type=3","128735131872_10154882331766873",NA,10,0,3
"128735131872","Gene Green","What has the ACA done for our District? --> 142,000 individuals in the District – including 29,000 children and 54,000 women – now have health insurance that covers preventive services without any co-pays, coinsurance, or deductible.   Our role is to make sure that everyone knows the cost that the American people will bear because of the decision to repeal the #ACA and put politics over the health of our fellow citizens. #TX29","2017-01-14T01:23:05+0000","link","https://www.nytimes.com/2017/01/13/us/politics/affordable-care-act-senate-budget.html?_r=0","128735131872_10154882367951873",NA,29,3,9
"128735131872","Gene Green","Join us this Sunday as we stand up for the success of the #ACA. Case in point, 20,900 individuals in our District who were previously uninsured now have quality, affordable health coverage because of the Affordable Care Act. Details here: http://bit.ly/2jbxoVY #TX29","2017-01-14T01:04:03+0000","event","https://www.facebook.com/events/1846984685516727/","128735131872_10154882328411873","Gene Green shared their event.",8,0,0
"128735131872","Gene Green","Congratulations to Vice President Joe Biden for receiving our country's highest civilian honor, the Presidential Medal of Freedom. A grateful Nation thanks you for your leadership and service to our country.","2017-01-13T14:54:19+0000","video","https://www.facebook.com/cnn/videos/10155900648966509/","128735131872_10154880807186873","Gene Green shared CNN's video.",46,1,0
"128735131872","Gene Green","Our role is to make sure that everyone knows the cost that the American people will bear because of the decision to repeal the #ACA and put politics over the health of our fellow citizens.  What does the ACA repeal mean for you? --> It means that your grandmother has to start paying more for her prescription drugs. #TX29","2017-01-12T20:43:38+0000","video","https://www.facebook.com/RepGeneGreen/videos/10154878106566873/","128735131872_10154878106566873",NA,44,8,14
"128735131872","Gene Green","Every day I work to strengthen and protect the American economy and increase our job base in Houston. That is why I'm proud of the work Lone Star College is doing to train our next generation of skilled workers. #TX29","2017-01-12T19:30:00+0000","link","http://www.houstonchronicle.com/business/outside-the-boardroom/article/Free-education-and-an-instant-job-10848805.php?t=3cb7ff6a3c438d9cbb&cmpid=email-premium","128735131872_10154877651551873",NA,38,0,8
"128735131872","Gene Green","It is an honor to continue to serve in leadership on the Health Subcommittee on behalf our District and all Americans.   Because of our work 20,000 people in our District and 20 million Americans are benefiting from the Affordable Care Act and from other key legislation that is increasing families’ and children’s access to health care. #TX29","2017-01-12T17:11:20+0000","link","https://green.house.gov/media-center/press-releases/rep-gene-green-named-ranking-member-health-subcommittee","128735131872_10154877490746873",NA,25,3,2
"128735131872","Gene Green","Join us this Sunday for a free community health fair. You will have the chance to screen your blood glucose levels, blood pressure, body mass index, receive information on how to enroll in the ACA, Medicaid, CHIP and Medicare, get a flu vaccine, and much more. Find all the details here: http://bit.ly/2jbxoVY #TX29","2017-01-12T15:57:56+0000","photo","https://www.facebook.com/RepGeneGreen/photos/a.10150186222036873.342928.128735131872/10154877255396873/?type=3","128735131872_10154877255396873",NA,14,1,4
"128735131872","Gene Green","A principios de este mes, enviamos un boletín informativo anual con importantes actualizaciones legislativas e información sobre nuestros próximos eventos. Para su conveniencia, el boletín está disponible para que lo veas en nuestro sitio web en inglés o en español.  inglés:http://bit.ly/2idWSTn español: http://bit.ly/2ie9aLh #TX29","2017-01-11T21:03:14+0000","photo","https://www.facebook.com/RepGeneGreen/photos/a.10154873436706873.1073741839.128735131872/10154873436721873/?type=3","128735131872_10154873436721873","Gene Green added 4 new photos to the album: Boletín de Invierno 2017.",6,0,1
"128735131872","Gene Green","Earlier this month we mailed out our annual winter newsletter with important legislative updates and information about our upcoming events. For your convenience, the newsletter is also available for you to view on our website in English or Spanish.   English:http://bit.ly/2idWSTn Spanish: http://bit.ly/2ie9aLh #TX29","2017-01-11T20:58:59+0000","photo","https://www.facebook.com/RepGeneGreen/photos/a.10154873429406873.1073741838.128735131872/10154873429436873/?type=3","128735131872_10154873429436873","Gene Green added 4 new photos to the album: Winter 2017 Newsletter.",9,0,1
"128735131872","Gene Green","Hosted by Congressmen Gene Green & Congressman Al Green.   Health partners will be screening attendees' blood glucose, blood pressure, body mass index, providing information on how to enroll in the ACA, Medicaid, and Medicare, and administering flu vaccines. This is a free event.    This event is being held in collaboration with: Mayor Sylvester Turner, Commissioner Rodney Ellis, State Senator Sylvia Garcia, State Rep. Armando Walle, City Council Member Karla Cisneros, St. Hope Foundation, Enroll Gulf Coast Collaborative, Change Happens, Vecino Health Centers, Gateway to Care, Department of Health and Human Services, Texas Children’s Health Plan, Harris Health System, Texas Organizing Project, Walgreens, Harris County Area Agency on Aging, Houston Food Bank, and Enroll America.","2017-01-11T19:58:38+0000","event","https://www.facebook.com/events/1846984685516727/","128735131872_1846984685516727","Gene Green added an event.",9,0,0
"128735131872","Gene Green","What does the #ACA repeal mean for you? --> It means that your nephew who has both diabetes and cancer no longer has the protection of a cap on his out-of-pocket health expenses.   The Affordable Care Act has improved the lives of people in our District and I will continue to fight for you. #TX29","2017-01-11T18:00:00+0000","link","https://www.hhs.gov/healthcare/facts-and-features/fact-sheets/aca-working-latino-community/index.html?language=es","128735131872_10154872195226873",NA,31,3,9
"128735131872","Gene Green","Thanks to the #ACA your friend's 24-year-old child can stay on her parents’ health plan.  It's for this reason and for the 20,000 people in our District who now have health insurance that I will continue to fight for the #ACA.","2017-01-11T15:47:34+0000","link","http://www.expressnews.com/news/local/article/Dems-battle-to-save-Obamacare-10846075.php","128735131872_10154872131176873",NA,48,5,8
"128735131872","Gene Green","The new Congress may change the ACA but I will fight for our 20,000 constituents who now have health care coverage because of the ACA.   What does the ACA repeal mean for you? --> It means that your niece who does not have access to employer-provided coverage may not be able to find an affordable health plan that includes maternity coverage. #TX29","2017-01-10T19:30:00+0000","link","http://www.houstonchronicle.com/news/politics/us/article/As-GOP-pushes-for-repeal-Democrats-mount-drive-10846003.php?t=14177dce3d438d9cbb&cmpid=email-premium","128735131872_10154869568581873",NA,27,2,4
"128735131872","Gene Green","The U.S. Department of Health and Human Services announced that the Harris County Department of Education would receive a $6 million Head Start continuation grant. The funding will serve more than 1,200 Houston children daily. #TX29","2017-01-10T16:53:42+0000","link","https://green.house.gov/media-center/press-releases/harris-county-department-education-awarded-head-start-grant","128735131872_10154869545546873",NA,36,1,5
"128735131872","Gene Green","Mayor Turner's office, HPD Northeast officers,  and our office organized a cleanup of Westcott Cemetery today, and it just so happened to be the coldest day of the year.  Thanks to Northeast CDC, Jensen Drive Jubilee Committee, Northside Mgt District, Pastors Smith, Lopez, Medina and their congregations, Sunbeam /Curry Civic Club, City of Houston. #TX29","2017-01-07T20:23:46+0000","photo","https://www.facebook.com/RepGeneGreen/photos/a.10150186222036873.342928.128735131872/10154861394511873/?type=3","128735131872_10154861394511873",NA,15,0,0
"128735131872","Gene Green","What does the GOP's ACA repeal plan mean for you? --> It means that the 24-year-old child of your friend can no longer stay on her parents’ health plan.  The majority of Americans believe that repealing the ACA without having a replacement is not the answer. #ACAWorks","2017-01-06T14:49:23+0000","link","http://www.npr.org/sections/health-shots/2017/01/06/508379529/poll-most-americans-say-dont-repeal-obamacare-without-a-replacement","128735131872_10154857700056873",NA,32,6,15
"128735131872","Gene Green","Port Houston is an economic engine that produces jobs and economic prosperity for the local and state economy. Take a look at the lives of the hard-working people who keep our port running. #TX29","2017-01-05T21:30:00+0000","link","https://www.theatlantic.com/photo/2016/12/americans-at-work-port-houston/511973/?platform=hootsuite","128735131872_10154855423031873",NA,13,3,1
"128735131872","Gene Green","No es demasiado tarde: Actualice, compare y cambie de planes hasta el 31 de enero. #ACAWorks #CuidadoDeSalud","2017-01-05T20:06:18+0000","link","https://www.cuidadodesalud.gov/es/blog/January-31-deadline-to-update-2017-health-coverage/","128735131872_10154855638446873",NA,4,0,0
"128735131872","Gene Green","What does the GOP's ACA repeal plan mean for you? --> It means that your friend who has had cancer may once again be denied coverage by her health insurance company because she has a pre-existing condition.  No matter where you get your coverage, you are benefiting from new protections as a result of the ACA. #ACAWorks","2017-01-05T18:29:22+0000","video","https://www.facebook.com/RepGeneGreen/videos/10154855323026873/","128735131872_10154855323026873","Gene Green at United States Capitol.",45,13,26
"128735131872","Gene Green","Today I was sworn into the 115th Congress. I remain committed to the people of the 29th Congressional District and to crafting responsible, fair, and sensible policies that will move our nation forward. #TX29","2017-01-03T21:46:51+0000","link","https://green.house.gov/media-center/press-releases/rep-gene-green-statement-115th-congress","128735131872_10154849468256873",NA,91,14,7
"128735131872","Gene Green","The United States House of Representatives will convene for the election of the speaker of the House, the swearing-in of members of Congress, and the passage of a new rules package governing the chamber during the 115th Congress. You can watch the live C-SPAN coverage here: http://cs.pn/2iErVac.  I look forward to representing the people of Texas 29th District in the 115th Congress. #TX29","2017-01-03T16:49:16+0000","link","https://www.c-span.org/video/?420804-1%2Fus-house-meets-elect-speaker-swear-members","128735131872_10154848216646873",NA,19,0,3
