"from_id","from_name","message","created_time","type","link","id","story","likes_count","comments_count","shares_count"
"313301365382225","Greg Walden","In Case You Missed It:: As we prepare to advance legislation to better utilize hydropower in the Pacific Northwest and across the country, it was great to get a closer look at this renewable energy resource at The Dalles Dam:","2017-06-22T14:02:54+0000","link","http://www.thedalleschronicle.com/news/2017/jun/21/walden-tours-dalles-dam/","313301365382225_1445347265510957",NA,82,29,6
"313301365382225","Greg Walden","People in the most remote parts of our country, including in Oregon and other unserved parts of America, would tell you they’d be happy to have any level of internet connection. Some of them do not have that right now. Today, the Energy and Commerce Committee held a hearing to address this issue, and examine ways to connect the unconnected. Learn more here: https://walden.house.gov/media-center/press-releases/greg-walden-calls-action-improve-broadband-connectivity-rural-oregon","2017-06-21T19:15:34+0000","video","https://www.facebook.com/repgregwalden/videos/1444633228915694/","313301365382225_1444633228915694",NA,114,56,14
"313301365382225","Greg Walden","Great to join the discussion on addiction in America this morning. Very timely conversation as we address the opioid epidemic in Oregon.","2017-06-21T14:41:08+0000","photo","https://www.facebook.com/repgregwalden/photos/a.344279145617780.77317.313301365382225/1444433118935705/?type=3","313301365382225_1444433118935705",NA,42,36,6
"313301365382225","Greg Walden","In Case You Missed It:","2017-06-20T22:58:47+0000","link","http://www.bendbulletin.com/opinion/5384234-151/editorial-good-for-the-forest-service-on-cultus?referrer=top","313301365382225_1443846852327665",NA,83,23,8
"313301365382225","Greg Walden","This is a vital conversation to have across the country and especially in Oregon, where more people die from drug overdoses every year than car accidents. Combatting the opioid epidemic is going to require a team effort from our elected officials, health care experts, and those on the front lines of this fight in our local communities. I look forward to participating in this event and taking our discussion back to Oregon as I continue to work towards putting an end to this crisis in our state. Learn more here:","2017-06-19T22:17:19+0000","link","https://walden.house.gov/media-center/press-releases/greg-walden-lead-panel-combatting-national-opioid-epidemic","313301365382225_1442688849110132",NA,109,91,11
"313301365382225","Greg Walden","Great to tour The Dalles Dam this weekend and see first-hand the technology generating clean hydropower for the Pacific Northwest. I’m leading the effort to pass legislation that would help make use of our nation’s hydro resources to better utilize this renewable energy source.","2017-06-19T13:40:52+0000","photo","https://www.facebook.com/repgregwalden/photos/a.344279145617780.77317.313301365382225/1442283529150664/?type=3","313301365382225_1442283529150664",NA,147,45,1
"313301365382225","Greg Walden","Legislation we passed in the Energy and Commerce Committee today is another important step to improve environmental laws and modernize energy infrastructure for Oregon. Learn more here: https://walden.house.gov/media-center/press-releases/greg-walden-helps-advance-pivotal-legislation-improve-environmental-laws","2017-06-15T19:56:59+0000","video","https://www.facebook.com/repgregwalden/videos/1437800146265669/","313301365382225_1437800146265669",NA,89,24,5
"313301365382225","Greg Walden","Today, I called for answers and voiced my strong concern about the recent closure of Cultus Lake:","2017-06-13T21:12:52+0000","link","https://walden.house.gov/media-center/press-releases/greg-walden-calls-answers-cultus-lake-closure","313301365382225_1435475736498110",NA,134,72,18
"313301365382225","Greg Walden","GOOD NEWS: Today the House passed the VA Accountability and Whistleblower Protection Act. This bill streamlines the process to remove poor performing VA employees, expands whistleblower protections, and holds those who care for our veterans to a higher standard. I’ve heard from veterans throughout Oregon who have told me first-hand about the need to bring accountability to the VA. This legislation is just one important step towards reaching that goal and providing our veterans with the care they deserve. Read more here: https://veterans.house.gov/115th-congress-legislation/accountability.htm","2017-06-13T20:39:05+0000","photo","https://www.facebook.com/repgregwalden/photos/a.344279145617780.77317.313301365382225/1435421566503527/?type=3","313301365382225_1435421566503527",NA,95,27,14
"313301365382225","Greg Walden","Congratulations to Hood River resident, Rachel Harry, on receiving the 2017 Tony Award for Excellence in Theatre Education. Rachel has taught drama at Hood River Valley High School for three decades and was recognized at the 71st annual Tony Awards last night in New York. Congratulations, again, on this much deserved award!","2017-06-12T21:25:18+0000","link","http://koin.com/2017/06/11/hood-river-teacher-honored-at-tony-awards/","313301365382225_1434387636606920",NA,332,15,49
"313301365382225","Greg Walden","ICYMI: Check out my latest newsletter to read about World War II veterans who recently visited their memorial on the National Mall, legislation I am working on in the House of Representatives, and Oregonians I met with recently in the nation’s capital. You can read about all of this and more, and sign up to receive these free, regular updates here:","2017-06-12T14:49:15+0000","link","https://iqconnect.lmhostediq.com/iqextranet/view_newsletter.aspx?id=135946&c=OR02GW","313301365382225_1434097729969244",NA,47,33,1
"313301365382225","Greg Walden","Today 25 World War II veterans arrived in Washington, D.C. to see their memorial on the National  Mall. They came from across Oregon, representing every branch of our country’s military. We can never truly pay the debt of gratitude owed to these heroes. It was a privilege to fly American flags over the Capitol in their honor and pay tribute to each of them and their service in the Congressional Record.  Thank you to the trip organizers, families, friends, and loved ones for making this Honor Flight possible. Thank you, most of all, to the veterans for making this day so special and for your service to our country.","2017-06-09T15:51:09+0000","photo","https://www.facebook.com/repgregwalden/photos/a.344279145617780.77317.313301365382225/1430446827001001/?type=3","313301365382225_1430447380334279","Greg Walden added 5 new photos.",159,24,17
"313301365382225","Greg Walden","Proud to join my colleagues in the Oregon delegation in a moment of silence for the victims of the May 26 tragedy in Portland.","2017-06-07T21:04:48+0000","video","https://www.facebook.com/repgregwalden/videos/1428186150560402/","313301365382225_1428186150560402",NA,69,25,4
"313301365382225","Greg Walden","When Congress can take steps to increase domestic energy output, lower costs for ratepayers, reduce emissions, and create jobs, it should not hesitate to do so. This is especially true if it can be done at little or no cost to taxpayers. That is what we hope to accomplish with today’s slate of bipartisan energy bills advanced in the Energy and Commerce Committee. From measures to facilitate increased generation of clean and affordable hydropower, to wider use of Energy Savings Performance Contracts that cut down on energy use in federal buildings, to programs for reducing energy costs in public schools, these bills all lead us towards the common goal of smarter energy use. These and other projects are also job creators, which is why we also have provisions to update and improve federal job training programs for the energy and manufacturing sectors. Learn more here:","2017-06-07T20:30:20+0000","link","https://walden.house.gov/media-center/press-releases/greg-walden-helps-advance-eleven-energy-infrastructure-and-efficiency","313301365382225_1428164800562537",NA,90,36,3
"313301365382225","Greg Walden","Today we mark the 73rd anniversary of the “great crusade” – when courageous Allied soldiers took to the beaches of Normandy in defense of the free world. General Dwight D. Eisenhower said to the troops just before D-Day, “The eyes of the world are upon you. The hopes and prayers of liberty loving people everywhere march with you.” Each year on June 6, we pause to remember the valor of these men; to reflect upon the bravery of the soldiers fighting in our defense today. View General Eisenhower’s original D-Day message below:","2017-06-06T17:42:27+0000","video","https://www.youtube.com/watch?v=fQ7IKM-jiJI","313301365382225_1426806997364984",NA,124,31,17
"313301365382225","Greg Walden","Congratulations to Josephine County resident and Grants Pass High School senior Liberty Rossel for winning the Congressional Art Competition for Oregon’s Second District! Liberty’s painting “We’ve Seen Too Much” was selected by a panel of local art professors and artists out of 87 entries from students around southern, central, and eastern Oregon. Her art will be showcased in the U.S. Capitol among the best student artwork in the nation, where it will be seen by members of Congress and visitors from around the world. Special thanks to all the art teachers from high schools around the state for encouraging their students to participate, and to this year’s outstanding judges for doing the difficult work of choosing our winner out of so many great entries. Click here for more info on this year’s competition: https://walden.house.gov/artcompetition","2017-06-02T20:42:35+0000","photo","https://www.facebook.com/repgregwalden/photos/a.344279145617780.77317.313301365382225/1421894594522891/?type=3","313301365382225_1421894594522891",NA,126,33,9
"313301365382225","Greg Walden","Improving the care Oregon veterans receive at the VA is certainly a priority of mine and I know that it is for all Oregonians. The House recently passed seven pieces of legislation to take on some of the biggest issues facing our veterans and improve their access to timely care. There is still much work to be done to get veterans access to the care they have earned and deserve in a timely manner. We won’t give up until that is done. Learn more here: https://walden.house.gov/media-center/press-releases/greg-walden-supports-plans-increase-access-quality-timely-care-oregon","2017-05-31T18:31:43+0000","video","https://www.facebook.com/repgregwalden/videos/1419662271412790/","313301365382225_1419662271412790",NA,109,83,7
"313301365382225","Greg Walden","Bringing wireless service into and around Mitchell is long overdue and especially important given the crowds that are expected for the solar eclipse in August.  This is just one step toward a long-term solution to create jobs and improve safety. I am hopeful that this will pave the way for future plans to better connect the local community in this part of rural Oregon with cell phone service.","2017-05-30T16:37:50+0000","link","https://walden.house.gov/media-center/press-releases/greg-walden-applauds-action-bring-cell-service-wheeler-county-during","313301365382225_1418468531532164",NA,81,30,6
"313301365382225","Greg Walden","All that we cherish as Americans is owed to the servicemen and servicewomen who put their lives on the line to serve our nation. Wherever you are on this Memorial Day, please join me in remembering those who gave the ultimate sacrifice to protect our way of life and our freedom.","2017-05-29T14:01:26+0000","video","https://www.facebook.com/repgregwalden/videos/1416910881687929/","313301365382225_1416910881687929",NA,142,44,19
"313301365382225","Greg Walden","Great to see Nils Christofferson of Wallowa Resources today and discuss the work being done in NE Oregon to improve the management and health of our forestlands. Thanks, Nils, for your work and insights as we continue our work here in the House of fixing federal forest policy to move these projects forward, reduce the threat of wildfire and put people back to work in the woods.","2017-05-24T21:38:52+0000","photo","https://www.facebook.com/repgregwalden/photos/a.344279145617780.77317.313301365382225/1411934142185603/?type=3","313301365382225_1411934142185603",NA,95,55,7
"313301365382225","Greg Walden","Check out my latest newsletter on town halls and community meetings I held earlier this month in eastern Oregon, and my recent work as your representative in Washington, D.C. You can read about all of this and more, and sign up to receive these free, regular updates here:","2017-05-23T19:56:03+0000","link","https://iqconnect.lmhostediq.com/iqextranet/view_newsletter.aspx?id=135547&c=OR02GW","313301365382225_1410820975630253",NA,82,103,7
"313301365382225","Greg Walden","Thank you to Jeff Kropf and Steve Buckstein for inviting me to Skype into the Oregon Taxpayers Coalition meeting today. Great discussion on growing jobs, stimulating the economy, and making America's tax code work for Oregonians.","2017-05-19T19:11:56+0000","photo","https://www.facebook.com/repgregwalden/photos/a.344279145617780.77317.313301365382225/1406980512680966/?type=3","313301365382225_1406980512680966",NA,98,70,7
"313301365382225","Greg Walden","Congratulations to Mariners pitcher, OSU grad and Ashland native, Sam Gaviglio on pulling out the ‘W’ last night against the White Sox. Way to represent Oregon well in your first Major League start!","2017-05-19T14:50:06+0000","link","http://www.mailtribune.com/sports/20170519/gaviglio-shines-in-first-seattle-start","313301365382225_1406768896035461",NA,89,12,7
"313301365382225","Greg Walden","We need to make sure that our first responder community, and the citizens they serve and protect, have access to the latest technologies. And we want to make sure that is an evolving force, not something that is simply locked in place. We’ve come a long way since the 1950s with the emergency broadcast system, and now we’re going into a new age. We need to make sure that federal policy doesn’t inhibit technological advancement. We need to make sure that we are providing the help that our first responders, our broadcasters, and cable providers need when it comes to making sure that people are notified in an emergency.","2017-05-17T18:46:22+0000","link","https://walden.house.gov/media-center/press-releases/greg-walden-stresses-importance-modernizing-emergency-alert-systems","313301365382225_1404931646219186",NA,142,97,9
"313301365382225","Greg Walden","During National Police Week, we recognize the men and women in blue who serve our communities every day. Today we mark Peace Officers Memorial Day in honor of those in uniform who’ve fallen in the line of duty. In Oregon and across the country, police officers work tirelessly to keep the peace and to keep us safe. Please join me in showing your gratitude toward these brave men and women, and thank a police officer today.","2017-05-15T21:11:46+0000","photo","https://www.facebook.com/repgregwalden/photos/a.344279145617780.77317.313301365382225/1403024223076595/?type=3","313301365382225_1403024223076595",NA,77,31,7
"313301365382225","Greg Walden","Just turned in my ballot. Make sure your voice is heard in the May elections.","2017-05-10T15:02:36+0000","photo","https://www.facebook.com/repgregwalden/photos/a.344279145617780.77317.313301365382225/1397284803650537/?type=3","313301365382225_1397284803650537",NA,202,151,6
"313301365382225","Greg Walden","The Energy and Commerce Committee has been in contact with the Department of Energy regarding a tunnel cave-in at the Hanford Site. There have been no reports of injuries, and no indication of a release of contamination. As Chairman of the committee, I will continue to monitor the situation as the facts develop.","2017-05-09T22:28:29+0000","status",NA,"313301365382225_1396453813733636",NA,34,32,8
"313301365382225","Greg Walden","Underway here in Burns for my 17th town hall meeting of the year. Looking forward to a good discussion.","2017-05-09T19:39:15+0000","photo","https://www.facebook.com/repgregwalden/photos/a.344279145617780.77317.313301365382225/1396308560414828/?type=3","313301365382225_1396308560414828",NA,89,63,1
"313301365382225","Greg Walden","Thanks to Ken Olson with Old West Federal Credit Union for hosting a community breakfast meeting this morning. It was great to hear from the local community about the important issues affecting John Day.","2017-05-09T17:03:43+0000","photo","https://www.facebook.com/repgregwalden/photos/a.344279145617780.77317.313301365382225/1396116173767400/?type=3","313301365382225_1396116173767400",NA,45,34,1
"313301365382225","Greg Walden","Just wrapped up my 16th town hall of the year. Thank you to everyone who joined in Wallowa for a substantive discussion. Heading to Harney County tomorrow for a town hall in Burns.","2017-05-09T00:13:54+0000","photo","https://www.facebook.com/repgregwalden/photos/a.344279145617780.77317.313301365382225/1395302747182076/?type=3","313301365382225_1395302747182076",NA,65,53,3
"313301365382225","Greg Walden","Thanks to everyone who joined my second town hall of the day in Union County. Now heading to Wallowa.","2017-05-08T21:00:26+0000","photo","https://www.facebook.com/repgregwalden/photos/a.344279145617780.77317.313301365382225/1395179117194439/?type=3","313301365382225_1395179117194439",NA,59,42,1
"313301365382225","Greg Walden","That's a wrap in Baker City. Thanks to all who turned out for the great discussion.","2017-05-08T17:50:34+0000","photo","https://www.facebook.com/repgregwalden/photos/a.344279145617780.77317.313301365382225/1395024277209923/?type=3","313301365382225_1395024277209923",NA,57,36,0
"313301365382225","Greg Walden","Gorgeous morning in Baker City.  Looking forward to my 14th town hall--and second visit to Baker County--this year.","2017-05-08T16:49:50+0000","photo","https://www.facebook.com/repgregwalden/photos/a.344279145617780.77317.313301365382225/1394986103880407/?type=3","313301365382225_1394986103880407",NA,181,79,15
"313301365382225","Greg Walden","Thanks to Mayor Verini, Paul Skeen, and the community leaders in Ontario for updating me on rebuilding efforts after this year's winter. Now heading to Baker County for the first of three town halls today.","2017-05-08T15:20:43+0000","photo","https://www.facebook.com/repgregwalden/photos/a.344279145617780.77317.313301365382225/1394910457221305/?type=3","313301365382225_1394910457221305",NA,50,47,1
"313301365382225","Greg Walden","For seven years, our constituents, patients, friends, and family, have suffered under a one-size-fits-all law that is collapsing under its own weight. The American Health Care Act will put patients, families, and their doctors first.  It will protect those with pre-existing conditions and provides states with the flexibility they need to help meet the unique needs of their citizens.  Simply put, the American people deserve better than what they received under Obamacare and the American Health Care Act delivers on our commitment to rebuild our health insurance markets and provide relief to the American people.  There’s more work to be done, and we know we are up to the task.","2017-05-04T19:53:23+0000","video","https://www.facebook.com/repgregwalden/videos/1390828240962860/","313301365382225_1390828240962860",NA,394,2335,246
"313301365382225","Greg Walden","It was great to meet with EPA Administrator Pruitt today about the wide-ranging issues facing Oregonians. We discussed the need to ensure water quality standards don’t bankrupt rural communities, a concern I heard about at town hall meetings in Ontario, Oregon, and the latest with the Portland Harbor Superfund plan. We can protect the clean air and water we enjoy in Oregon, without further burdening jobs and economic growth in our rural communities. I look forward to working with Administrator Pruitt and his team at the EPA to achieve these goals for Oregonians.","2017-05-03T20:33:05+0000","photo","https://www.facebook.com/repgregwalden/photos/a.344279145617780.77317.313301365382225/1389864011059283/?type=3","313301365382225_1389864011059283",NA,82,260,18
"313301365382225","Greg Walden","Oregon consumers deserve safe, secure and efficient energy that’s affordable and meets the needs of the 21st century economy. The House Committee on Energy and Commerce has already begun work on a pro-domestic energy policy that will improve our America’s energy infrastructure, create jobs, and reduce energy bills in our state and throughout the country:","2017-05-03T14:44:47+0000","link","http://www.washingtontimes.com/news/2017/may/1/energy-goals-jobs-production-modern-infrastructure/","313301365382225_1389562227756128",NA,51,102,3
"313301365382225","Greg Walden","The Personal Care Services program is vital to care for the most vulnerable populations and make the lives of Oregonians and people across this country healthier, brighter and a little easier.  That’s why neglect, fraud, and abuse in this program is outrageous and unacceptable. Today I led a hearing on how to end mismanagement in this critical safety net. States like Oregon have taken concrete steps to ensure safeguards are in place, and we need continued action to protect those who use personal care services . Learn more here: https://walden.house.gov/media-center/press-releases/greg-walden-mismanagement-medicaid-personal-care-services-program","2017-05-02T21:28:59+0000","video","https://www.facebook.com/repgregwalden/videos/1388821341163550/","313301365382225_1388821341163550",NA,78,107,8
"313301365382225","Greg Walden","Throughout our district, I've heard from veterans who are waiting a long time - too long, frankly - to get an appraisal on their VA-backed home loan. Unacceptable wait times in the home loan process have created great uncertainty for Oregon veterans and their families just trying to get a roof over their heads. At a recent hearing of the House Veterans Affairs Committee, I called for action to tackle this issue head-on and make it easier for Oregon veterans to buy a home – not harder. Learn more here: https://walden.house.gov/media-center/press-releases/greg-walden-calls-action-speed-home-loan-process-oregon-veterans","2017-04-25T20:10:44+0000","video","https://www.facebook.com/repgregwalden/videos/1382664251779259/","313301365382225_1382664251779259",NA,89,76,17
"313301365382225","Greg Walden","The opioid crisis has hit every community and knows no bounds – we know that well in Oregon. Combating the epidemic requires an all-hands-on-deck approach, and these critical dollars will play an important role in that effort. At round tables throughout our state, I’ve heard from doctors, patients, and those on the front lines in the fight against opioid abuse. Their stories are a constant reminder of why these resources are vitally important to winning this battle. Oregon families have been devastated by this epidemic, and I’m encouraged by the Trump administration’s renewed focus to tackle this crisis head-on.","2017-04-20T18:38:11+0000","link","https://walden.house.gov/media-center/press-releases/greg-walden-applauds-grant-funding-combat-opioid-addiction-oregon","313301365382225_1377753762270308",NA,83,87,5
"313301365382225","Greg Walden","ICYMI: Our bill will allow VA doctors to do what they do best: take care of veterans. More here -","2017-04-19T14:27:49+0000","link","http://www.ktvz.com/news/walden-bill-aims-to-boost-veterans-va-medical-care/454513709","313301365382225_1376644762381208",NA,102,44,18
"313301365382225","Greg Walden","That's a wrap in Grants Pass. Thanks to all who joined the town hall for a great discussion.","2017-04-14T19:16:38+0000","photo","https://www.facebook.com/repgregwalden/photos/a.344279145617780.77317.313301365382225/1371648859547465/?type=3","313301365382225_1371648859547465",NA,93,61,3
"313301365382225","Greg Walden","This is democracy in action. Thanks to everyone who turned out for my town hall in Bend. Heading to Medford and Grants Pass tomorrow.","2017-04-14T03:58:11+0000","photo","https://www.facebook.com/repgregwalden/photos/a.344279145617780.77317.313301365382225/1370845152961169/?type=3","313301365382225_1370845152961169",NA,252,86,6
"313301365382225","Greg Walden","Kicking off the morning here in Prineville for my first town hall of the day. On to Bend next.","2017-04-13T17:36:44+0000","photo","https://www.facebook.com/repgregwalden/photos/a.344279145617780.77317.313301365382225/1370413963004288/?type=3","313301365382225_1370413963004288",NA,88,35,2
"313301365382225","Greg Walden","Great turnout at my second town hall of the day in Hood River. Thanks to everyone for joining and sharing your thoughts. On to Prineville and Bend tomorrow.","2017-04-12T23:15:31+0000","photo","https://www.facebook.com/repgregwalden/photos/a.344279145617780.77317.313301365382225/1369561283089556/?type=3","313301365382225_1369561283089556",NA,127,61,6
"313301365382225","Greg Walden","Underway here at my town hall meeting in The Dalles. Looking forward to a good discussion.","2017-04-12T18:19:28+0000","photo","https://www.facebook.com/repgregwalden/photos/a.344279145617780.77317.313301365382225/1369313929780958/?type=3","313301365382225_1369313929780958",NA,111,38,3
"313301365382225","Greg Walden","I’m proud to introduce important legislation for veterans all across Oregon that will free up VA doctors to do what they do best: take care of patients. The Veterans Affairs Medical Scribe Pilot Program Act will set up a pilot program to bring scribes in to do paperwork and record-keeping in the VA process. This legislation will free up the providers we have to actually see patients. I’ve heard from leaders at the VA in White City and Bend who’ve told me that implementing a scribes program within the VA system is paramount to improving the care Oregon veterans receive. This makes a lot of sense for our veterans and for the VA, and I look forward to seeing this legislation moving through the Veterans Affairs Committee.","2017-04-05T21:18:51+0000","video","https://www.facebook.com/repgregwalden/videos/1360787140633637/","313301365382225_1360787140633637",NA,97,59,6
"313301365382225","Greg Walden","I’m pleased to announce my next series of town hall meetings around Oregon’s Second District. In April, I’ve scheduled six more town halls, in Hood River, Wasco, Crook, Deschutes, Jackson, and Josephine counties. So far this year I’ve held seven town hall meetings, as well as a telephone town hall with over 4,000 participants. These town halls are how I update my ‘to-do’ list to take back to the nation’s capital. That’s why I held 27 town halls last year – at least one in each county – and have held 137 since 2012. Visit https://walden.house.gov/media-center/press-releases/greg-walden-announces-town-halls-around-oregon for full details, and I look forward to seeing you at these town halls.","2017-04-05T00:35:21+0000","video","https://www.facebook.com/repgregwalden/videos/1359836334062051/","313301365382225_1359836334062051",NA,220,135,100
"313301365382225","Greg Walden","One more post for good luck. Proud to throw the “O” with students from North Middle School in Grants Pass on the Capitol steps this week. We are rooting for you tonight, Ducks!!","2017-04-01T19:36:47+0000","photo","https://www.facebook.com/repgregwalden/photos/a.344279145617780.77317.313301365382225/1356650454380639/?type=3","313301365382225_1356650454380639",NA,54,23,3
"313301365382225","Greg Walden","The road to the National Championship game continues tomorrow.  Oregon’s entire House delegation is looking forward to a win over the North Carolina Tar Heels and moving on to the national title game.  GO DUCKS!!!!!","2017-03-31T16:54:18+0000","photo","https://www.facebook.com/repgregwalden/photos/a.344279145617780.77317.313301365382225/1355438051168546/?type=3","313301365382225_1355438051168546",NA,152,50,11
"313301365382225","Greg Walden","Good article on a vote in Congress this week to roll back the FCC's flawed privacy proposals. Once these rules are reversed, the FCC can again work effectively with the FTC to ensure that our privacy framework allows the internet to flourish while truly protecting consumers.","2017-03-30T19:49:45+0000","link","https://www.forbes.com/sites/larrydownes/2017/03/30/why-congresss-rejection-of-proposed-fcc-data-rules-will-not-affect-your-privacy-in-the-slightest/#4490c6b98b14","313301365382225_1354549437924074",NA,40,127,14
"313301365382225","Greg Walden","Nearly eight years ago, Congress told the Forest Service to complete this land exchange on Mt. Hood, which would help protect the local water source and grow family wage jobs in the community. They still haven’t gotten it done, so we need to pass new legislation to force them to do so. Last month, the House overwhelmingly passed our bill, and I’m glad the Senate moved forward with it today. I hope the full Senate will quickly pass it so we can get it to the President’s desk and get this done—finally.","2017-03-30T18:56:17+0000","link","https://walden.house.gov/media-center/press-releases/greg-walden-applauds-senate-committee-action-bill-force-forest-service","313301365382225_1354517311260620",NA,67,52,14
"313301365382225","Greg Walden","Thank you to the students from North Middle School in Grants Pass for visiting me at the Capitol today. It was great to meet with such a bright group of young students.  Way to represent southern Oregon in such force in Washington, D.C.!","2017-03-29T21:18:09+0000","photo","https://www.facebook.com/repgregwalden/photos/a.344279145617780.77317.313301365382225/1353723031340048/?type=3","313301365382225_1353723031340048",NA,123,112,8
"313301365382225","Greg Walden","We need innovative ideas to reduce traffic fatalities in Oregon and across the country. Self-driving vehicles offer a 21st Century solution to a danger that faces all drivers on America’s roads.","2017-03-28T19:09:37+0000","video","https://www.facebook.com/repgregwalden/videos/1352742538104764/","313301365382225_1352742538104764",NA,44,137,3
"313301365382225","Greg Walden","Thank you to the Oregonians who came to my open house on Capitol Hill today. About 50 Oregonians from across our vast district were in Washington, D.C. for spring break, and it was great to be able to meet with them. I know it is not easy to travel from Oregon to the nation’s capital, so I want to make sure that the experience here is the best it can be. If you are planning a trip to Washington, D.C. be sure to contact me via my website for tours of the Capitol and other attractions. My office is more than happy to help with your visit in any way we can: https://walden.house.gov/washington-dc-tours","2017-03-27T23:20:44+0000","photo","https://www.facebook.com/repgregwalden/photos/a.344279145617780.77317.313301365382225/1352006248178393/?type=3","313301365382225_1352006248178393",NA,104,78,4
"313301365382225","Greg Walden","I will continue to be an advocate for state-based health care reform that provides Oregonians and all Americans with high quality, affordable care.","2017-03-24T21:27:11+0000","video","https://www.facebook.com/repgregwalden/videos/1349087695136915/","313301365382225_1349087695136915",NA,216,463,42
"313301365382225","Greg Walden","Great to join New Day this morning to discuss the American Health Care Act. Watch the interview here:","2017-03-23T15:00:10+0000","video","https://www.youtube.com/watch?v=0vFTbHiL-lQ","313301365382225_1347782928600725",NA,53,333,12
"313301365382225","Greg Walden","We need an all-hands-on-deck effort to put an end to the opioid crisis in Oregon, and combat the deadly substances that are contributing to addiction across the country.","2017-03-21T18:16:09+0000","video","https://www.facebook.com/repgregwalden/videos/1345883485457336/","313301365382225_1345883485457336",NA,92,175,11
"313301365382225","Greg Walden","Underway here at a hearing on how to combat fentanyl, a deadly drug that is accelerating the opioid crisis in Oregon and across the country","2017-03-21T15:04:26+0000","photo","https://www.facebook.com/repgregwalden/photos/a.344279145617780.77317.313301365382225/1345757692136582/?type=3","313301365382225_1345757692136582",NA,45,72,6
"313301365382225","Greg Walden","At the Wee Bit O' Ireland celebrations in Heppner yesterday","2017-03-19T13:43:32+0000","photo","https://www.facebook.com/repgregwalden/photos/a.344279145617780.77317.313301365382225/1343950175650667/?type=3","313301365382225_1343950732317278","Greg Walden added 3 new photos — at Heppner St Patrick's Senior Center.",135,108,7
"313301365382225","Greg Walden","The American Health Care Act will lower premiums and stabilize markets. Earlier I went on HappeningNow to discuss our plan. >> http://bit.ly/2mRcb36","2017-03-17T19:16:20+0000","status",NA,"313301365382225_1342367969142221",NA,76,272,13
"313301365382225","Greg Walden","GOOD NEWS: With my strong support, the House passed legislation today to reform the VA and allow veterans to enjoy the Constitutional rights they’ve fought for. The VA Accountability First Act makes it easier to fire bad VA employees, empowers the VA secretary to take back unearned bonuses, and protects whistleblowers who report abuse, neglect, and mismanagement. We also passed the Veterans 2nd Amendment Protection Act, to prohibit the VA from denying veterans the right to bear arms without due process. Learn more about these bills here: https://veterans.house.gov/115th-congress-legislation","2017-03-16T22:19:26+0000","photo","https://www.facebook.com/repgregwalden/photos/a.344279145617780.77317.313301365382225/1341625065883178/?type=3","313301365382225_1341625065883178",NA,103,44,14
"313301365382225","Greg Walden","Thank you to Josie Prog with the National Psoriasis Foundation for meeting with me yesterday. Josie does great work advocating for research and safe treatments for a disease that affects her and the lives of countless Americans. Thank you also, Josie, for the beautiful picture of Mt. Hood.","2017-03-16T20:33:37+0000","photo","https://www.facebook.com/repgregwalden/photos/a.344279145617780.77317.313301365382225/1341557565889928/?type=3","313301365382225_1341557565889928",NA,69,67,5
"313301365382225","Greg Walden","Met with representatives of the Port of Hood River yesterday. We had a good discussion on transportation priorities for the city and the Columbia Gorge. In 2015, Congress passed a bipartisan, fully-funded transportation plan that included a section that would help replace the Hood River Bridge. Anyone who regularly drives over this bridge knows how important it is that we upgrade it as soon as possible. I’m glad to hear those plans are underway.","2017-03-16T19:28:23+0000","photo","https://www.facebook.com/repgregwalden/photos/a.344279145617780.77317.313301365382225/1341519725893712/?type=3","313301365382225_1341519725893712",NA,39,21,4
"313301365382225","Greg Walden","We need to streamline our nation’s regulatory process to expand the use of hydropower in Oregon, and modernize America’s energy infrastructure.","2017-03-15T22:00:18+0000","video","https://www.facebook.com/repgregwalden/videos/1340761772636174/","313301365382225_1340761772636174",NA,124,71,17
"313301365382225","Greg Walden","Sharing Obamacare stories from Oregon at the House Committee on Energy and Commerce tonight.","2017-03-09T02:34:12+0000","video","https://www.facebook.com/repgregwalden/videos/1332188556826829/","313301365382225_1332188556826829",NA,104,256,34
"313301365382225","Greg Walden","We're proud to put forth a plan that presents a better way for patients, and for families.","2017-03-09T00:00:33+0000","video","https://www.facebook.com/repgregwalden/videos/1332047760174242/","313301365382225_1332047760174242",NA,166,346,47
"313301365382225","Greg Walden","ICYMI: Read my op-ed on our plan to repeal and replace Obamacare:","2017-03-07T15:04:12+0000","link","https://www.wsj.com/articles/the-health-bill-youve-waited-for-1488847444","313301365382225_1330469450332073",NA,63,312,26
"313301365382225","Greg Walden",NA,"2017-03-07T00:48:43+0000","video","https://www.facebook.com/energyandcommerce/videos/10154796529181311/","313301365382225_1329974167048268","Greg Walden shared House Committee on Energy and Commerce's video.",56,66,0
"313301365382225","Greg Walden","At town halls and meetings I’ve held throughout my district, Oregonians have asked for the same things when it comes to their care: greater choice, lower cost, and flexibility to choose the plan that best suits their needs. Our plan provides Oregonians with just that. It maintains important protections for consumers -- including for those with pre-existing conditions and for young adults on their parents’ plans -- and it doesn’t pull the rug out from anyone currently on Medicaid. I’m proud that the plan we’ve put forth today reflects eight years’ worth of conversations with families, patients, and doctors. Simply put, we have a Better Way to deliver solutions that put patients -- not bureaucrats -- first, and we are moving forward united in our efforts to rescue the American people from the mess Obamacare has created. Today is the first step in helping families across this country obtain truly affordable health care, and we’re eager to get this rescue mission started. You can learn more about the plan, and read the full bill at www.readthebill.gop.","2017-03-06T23:30:45+0000","link","https://walden.house.gov/media-center/press-releases/greg-walden-releases-legislation-repeal-and-replace-obamacare","313301365382225_1329932193719132",NA,171,222,40
"313301365382225","Greg Walden","Honor to meet with VFW leaders from Oregon this week to discuss improving veterans’ health care options, and reducing the appeals backlog at the VA. Thank you to these veterans for thier service and dedication to our country.","2017-03-03T19:23:23+0000","photo","https://www.facebook.com/repgregwalden/photos/a.344279145617780.77317.313301365382225/1327111004001251/?type=3","313301365382225_1327111004001251",NA,79,40,3
"313301365382225","Greg Walden","This is a great day for Oregon and the West. My good friend Ryan Zinke will make a tremendous Secretary of the Interior. Together, we have a lot of work to do to improve the health of our forests, increase access to our public lands, clean up our national parks, and boost American energy production. I look forward to working with Secretary Zinke and my colleagues in Congress to accomplish these important goals while creating quality jobs in Oregon and throughout the West.","2017-03-01T16:21:28+0000","link","https://www.washingtonpost.com/news/energy-environment/wp/2017/03/01/senate-confirms-ryan-zinke-as-interior-secretary/?utm_term=.8e89b7c013dd","313301365382225_1325253557520329",NA,158,88,20
"313301365382225","Greg Walden","My reaction to President Trump’s address to Congress tonight:","2017-03-01T03:59:46+0000","video","https://www.facebook.com/repgregwalden/videos/1324842470894771/","313301365382225_1324842470894771",NA,289,135,37
"313301365382225","Greg Walden","Today, the President took the first step to ditch this awful rule. Finally, we have a President who actually listens to rural Oregon communities. This is a big victory for farmers, ranchers, and property owners in rural Oregon and throughout the nation. The flawed WOTUS rule would have expanded federal authority over virtually any water in the nation, including canals, irrigation ditches, vernal pools, and stock ponds. I have long said that this blatant federal overreach would drastically increase uncertainty and threaten jobs and livelihoods throughout the West.","2017-02-28T22:12:14+0000","link","http://www.capitalpress.com/Nation_World/Nation/20170228/trump-to-order-review-of-waters-of-the-us-rule","313301365382225_1324637770915241",NA,388,138,61
"313301365382225","Greg Walden","Athletes around the world deserve our full commitment to protect the integrity of fair competition. Thank you to Michael Phelps and Adam Nelson for your insight and testimony on how we can best tackle this challenging problem. These athletes and others like them push the limits of physical and mental exhaustion in the spirit of competition, and we must ensure that spirit is not tainted by the practice of doping.","2017-02-28T20:55:24+0000","video","https://www.facebook.com/repgregwalden/videos/1324572274255124/","313301365382225_1324572274255124",NA,51,28,2
"313301365382225","Greg Walden","Underway here at an Oversight hearing on strengthening global anti-doping laws with 23-time Olympic gold medalist Michael Phelps.","2017-02-28T15:33:14+0000","photo","https://www.facebook.com/repgregwalden/photos/a.344279145617780.77317.313301365382225/1324351190943899/?type=3","313301365382225_1324351190943899",NA,40,45,1
"313301365382225","Greg Walden","GOOD NEWS: the House today overwhelmingly passed my bill to force the Forest Service to do their job and complete a long-awaited land exchange on Mt. Hood. The Forest Service was first directed to complete the crucial land exchange in 16 months back in 2009. Yet here we are eight years later and they still haven’t finished the job!  This land exchange will help promote economic growth and create family wage jobs in the area, and I urge the Senate to swiftly send this legislation to the President’s desk. The communities around Mt. Hood have waited long enough.","2017-02-28T00:10:23+0000","video","https://www.facebook.com/repgregwalden/videos/1323637057681979/","313301365382225_1323637057681979",NA,214,58,14
"313301365382225","Greg Walden","Great article in The Argus Observer on my recent town hall meeting in Ontario.","2017-02-23T22:30:26+0000","link","http://www.argusobserver.com/news/individual-market-is-in-real-trouble/article_d4c48700-f920-11e6-9f60-a35f36a3ef0b.html","313301365382225_1319294354782916",NA,34,79,4
"313301365382225","Greg Walden","Thanks to Paul Skeen for showing me around Ontario yesterday to see first-hand the damage caused by unprecedented snowfall this year. This is the Navarette Building of Baker Produce – just one business that has felt the brunt of this year’s winter. The record-breaking snow has collapsed dozens of structures, and caused hundreds of millions of dollars in damages and great hardship in Malheur County. I’ve asked the President to act on a disaster declaration so the federal government can provide immediate assistance to the local communities.","2017-02-22T21:41:27+0000","photo","https://www.facebook.com/repgregwalden/photos/a.344279145617780.77317.313301365382225/1318203101558708/?type=3","313301365382225_1318203101558708",NA,31,39,3
"313301365382225","Greg Walden","Thanks to KTVB for covering the town hall meeting in Ontario yesterday.","2017-02-22T17:24:36+0000","link","http://www.ktvb.com/news/politics/rep-greg-walden-holds-town-hall-in-ontario/411510157","313301365382225_1318033974908954",NA,113,51,6
"313301365382225","Greg Walden","Holding a town hall meeting in Ontario this evening after touring local storm damage. About 100 here.","2017-02-22T01:10:49+0000","photo","https://www.facebook.com/repgregwalden/photos/a.344279145617780.77317.313301365382225/1317197168325968/?type=3","313301365382225_1317197168325968",NA,123,69,7
"313301365382225","Greg Walden","Headed out of La Grande, on the way to a town hall meeting in Ontario - my 7th in 2017.","2017-02-21T21:52:31+0000","photo","https://www.facebook.com/repgregwalden/photos/a.344279145617780.77317.313301365382225/1317049711674047/?type=3","313301365382225_1317049711674047",NA,147,84,3
"313301365382225","Greg Walden","I had a great discussion with Transportation Secretary Elaine Chao today on our nation's infrastructure needs and on Oregon’s transportation priorities.  I've known Elaine for years and am confident she will work closely with me on our district's needs. Additionally, she confirmed to me that—contrary to some reports—there is no list of her department’s priorities that excludes Oregon. Period. I look forward to working alongside Secretary Chao as we seek to achieve Oregon’s long-term transportation goals and upgrade America’s vast infrastructure.","2017-02-17T19:58:22+0000","photo","https://www.facebook.com/repgregwalden/photos/a.344279145617780.77317.313301365382225/1312337252145293/?type=3","313301365382225_1312337252145293",NA,89,65,4
"313301365382225","Greg Walden","At town hall meetings around Oregon, I’ve heard a clear message: we need to guarantee our health care system works better for all Oregonians. I am committed to protecting patients living with pre-existing conditions, period. I am committed to patient-centered reforms that increase access to quality, affordable care and guarantee that all Oregonians are protected from unfair, higher premium costs simply due to how healthy or sick they may be.","2017-02-16T22:30:43+0000","link","https://walden.house.gov/media-center/press-releases/walden-introduces-bill-protect-patients-pre-existing-conditions","313301365382225_1311122988933386",NA,123,116,13
"313301365382225","Greg Walden","This is good news. I met with the Chaves’s and their team last week in Baker City. It’s great to see the local community rally to  help make this right.","2017-02-16T18:30:30+0000","link","http://www.bendbulletin.com/localstate/5073268-151/call-center-to-rehire-workers-laid-off-after?referrer=carousel9","313301365382225_1310925582286460",NA,85,21,19
"313301365382225","Greg Walden","For communities in Oregon – like Prineville – a growing demand for electricity should not be hampered by an outdated power grid. We need action to modernize America’s energy infrastructure, so that local economies in Oregon and across the country can reach their full potential.","2017-02-15T18:23:15+0000","video","https://www.facebook.com/repgregwalden/videos/1309782909067394/","313301365382225_1309782909067394",NA,113,59,10
"313301365382225","Greg Walden","Patients and families understand best the need for urgent action to repeal Obamacare. Today’s action represents a clear signal from the Trump administration that patient voices have finally been heard, and that health care markets will get immediate relief. This rule helps move our country beyond the damage of Obamacare to patient-focused solutions to rebuild our health care system and provide fairness for everyone. Many of the actions in this rule directly align with proposed actions before our own committee. From requiring documentation for special enrollment periods and closing a loophole, these changes help protect taxpayers and stabilize markets. Working together, we will continue to get results for people across the country.","2017-02-15T16:18:01+0000","link","https://energycommerce.house.gov/news-center/press-releases/walden-burgess-praise-move-deliver-immediate-obamacare-relief","313301365382225_1309702759075409",NA,97,204,43
"313301365382225","Greg Walden","Join me in wishing a happy birthday to our home, the great state of Oregon. On February 14, 1859, Oregon became the 33rd state to join the union. My ancestors came by wagon train and settled in Oregon 14 years earlier in 1845. Happy 158th birthday, Oregon!","2017-02-14T21:42:05+0000","photo","https://www.facebook.com/repgregwalden/photos/a.344279145617780.77317.313301365382225/1309081855804166/?type=3","313301365382225_1309081855804166",NA,199,53,17
"313301365382225","Greg Walden","We’re continuing our work in the House of Representatives to ensure all Americans have access to affordable health insurance. At today’s House Republican news conference, I provided an update on that work, and our efforts to give states like Oregon flexibility to innovate when it comes to their individual health care systems.","2017-02-14T20:49:46+0000","video","https://www.facebook.com/repgregwalden/videos/1309047612474257/","313301365382225_1309047612474257",NA,113,81,21
"313301365382225","Greg Walden","Check out my latest newsletter on town halls I held throughout our vast district last week, legislation I am working on in the House of Representatives, and Oregonians I met with recently in the nation’s capital. You can read about all of this and more, and sign up to receive these free, regular updates here:","2017-02-13T19:32:39+0000","link","https://iqconnect.lmhostediq.com/iqextranet/view_newsletter.aspx?id=134146&c=OR02GW","313301365382225_1307961542582864",NA,37,35,6
"313301365382225","Greg Walden","Mt. Hood on the climb out from PDX after five town halls and several other meetings over the last three days. Good to see so many people actively engaged in the issues debate.","2017-02-12T18:28:56+0000","photo","https://www.facebook.com/repgregwalden/photos/a.344279145617780.77317.313301365382225/1307125372666481/?type=3","313301365382225_1307125372666481",NA,158,52,7
"313301365382225","Greg Walden","Underway here in Umatilla County for my first town hall of the day. Here I am introducing Hayden Scott, who I've nominated to West Point. Thank you for your desire to serve our country, Hayden.","2017-02-10T20:56:57+0000","photo","https://www.facebook.com/repgregwalden/photos/a.344279145617780.77317.313301365382225/1305546112824407/?type=3","313301365382225_1305546112824407",NA,52,38,2
"313301365382225","Greg Walden","Great town hall meeting in Grant County. Good discussion on health care, fire prevention, travel management.","2017-02-10T12:09:57+0000","photo","https://www.facebook.com/repgregwalden/photos/a.344279145617780.77317.313301365382225/1305185076193844/?type=3","313301365382225_1305185076193844",NA,75,57,14
"313301365382225","Greg Walden","Just wrapped up a town hall in Mitchell. Thanks to all who joined for the great discussion. Now off to Grant County for my second town hall today.","2017-02-09T23:06:30+0000","photo","https://www.facebook.com/repgregwalden/photos/a.344279145617780.77317.313301365382225/1304826402896378/?type=3","313301365382225_1304826402896378",NA,94,59,5
"313301365382225","Greg Walden","Freezing rain. 29 degrees. Packed snow, ice with slush. On way to meeting with Warm Springs Tribes regarding Indian Health Services.","2017-02-09T17:24:47+0000","photo","https://www.facebook.com/repgregwalden/photos/a.344279145617780.77317.313301365382225/1304632776249074/?type=3","313301365382225_1304632776249074",NA,115,27,5
"313301365382225","Greg Walden","Happy 107th Birthday to the Boy Scouts of America! As an Eagle Scout myself, the principles I learned in Scouting so many years ago have served as important guideposts for me throughout my life (that’s me on the far right after becoming an Eagle). Thank you to this tremendously rewarding organization for all you do in developing the next leaders of our country.","2017-02-08T22:22:24+0000","photo","https://www.facebook.com/repgregwalden/photos/a.344279145617780.77317.313301365382225/1303993279646357/?type=3","313301365382225_1303993279646357",NA,95,22,3
"313301365382225","Greg Walden","The House Energy and Commerce Committee has taken an important step forward on two bills to combat waste, fraud, and abuse in the Medicaid program.","2017-02-08T21:39:22+0000","video","https://www.facebook.com/repgregwalden/videos/1303958656316486/","313301365382225_1303958656316486",NA,105,20,7
"313301365382225","Greg Walden","Thanks to everyone who joined yesterday’s telephone town hall event. With over 4,000 Oregonians on the call, we had a great discussion on health care, national security, improving the management of our federal forests, and more. I look forward to holding more of these events this year – as well as in-person town halls throughout our vast district.  Visit www.walden.house.gov to sign up for my next telephone town hall, and sign up for my newsletter to stay up to date on my work as your representative in Congress.","2017-02-07T21:30:31+0000","photo","https://www.facebook.com/repgregwalden/photos/a.344279145617780.77317.313301365382225/1303050523073966/?type=3","313301365382225_1303050523073966",NA,97,50,7
"313301365382225","Greg Walden","It was great to welcome my friend Jake Hurley and his dad, Peter, back to the nation’s capital today. Jake nearly lost his life during the 2008 outbreak of salmonella in products produced by the Peanut Corporation of America. Jake’s story, along with countless others affected by the outbreak, helped bring justice to bad actors at the Peanut Corporation of America who were responsible for the outbreak. After the outbreak, the Energy and Commerce Committee launched an investigation to make sure Peanut Corporation of America – and its leaders like Stewart Parnell – were held accountable for knowingly endangering Oregonians like Jake and Americans across the country. Due in part to Jake’s testimony, Stewart Parnell received a 28-year prison sentence for his role in the outbreak – the toughest penalty for a corporate executive in a food poisoning case. It was good to see you again, Jake, and I’m glad to see that you’re doing well.","2017-02-06T23:28:00+0000","photo","https://www.facebook.com/repgregwalden/photos/a.344279145617780.77317.313301365382225/1302138933165125/?type=3","313301365382225_1302138933165125",NA,80,19,4
"313301365382225","Greg Walden","Great article in The Bulletin. The people of Eastern Oregon deserve answers from the Governor.","2017-02-05T20:30:56+0000","link","http://www.bendbulletin.com/opinion/5036977-151/erik-lukens-column-will-kate-brown-fight-for","313301365382225_1300978336614518",NA,171,154,87
"313301365382225","Greg Walden","Yesterday, we began the important work of laying the foundation to build America’s health care system.  https://walden.house.gov/media-center/press-releases/greg-walden-today-we-begin-important-work-laying-foundation-rebuild","2017-02-03T17:47:26+0000","video","https://www.facebook.com/repgregwalden/videos/1298957196816632/","313301365382225_1298957196816632",NA,183,124,24
"313301365382225","Greg Walden","I’d like to invite you to join me in a live, telephone town hall discussion I will be holding on Monday, February 6, at 10:45am. During the meeting, you’ll get an update on my work to grow the economy and solve the issues confronting Oregonians, and you’ll also have an opportunity to ask questions. I look forward to hearing what issues are on your mind, and have gotten very positive feedback from people who enjoy the substantive discussions, and listening to what others from around our enormous district have to say. These events are a great way for me to stay in touch with Oregonians (along with the 130 in-person town hall meetings I've held since 2012).  To register for the meeting please use the link below. I hope to hear from you on Monday!","2017-02-02T23:13:05+0000","link","https://walden.house.gov/contact-greg/telephone-townhall-signup-form","313301365382225_1298193990226286",NA,90,74,105
"313301365382225","Greg Walden","Check out my thoughts on why things will be different this Congress when it comes to enacting meaningful energy and environment reforms.  ""It’s time we think bigger. It’s time we put consumers first. It’s time we bring greater transparency, accountability and predictability to our energy and environmental laws to meet the needs of consumers in the 21st century. This Congress, things will be different.”","2017-02-01T23:19:35+0000","link","https://energycommerce.house.gov/news-center/news/icymi-walden-hill-time-now-real-energy-reform","313301365382225_1297024223676596",NA,103,108,9
"313301365382225","Greg Walden","I am glad to have joined President Trump, Vice President Pence, and several other key stakeholders in an important discussion to address a major concern for millions of Americans – drug costs that are simply too high. We explored several paths forward and I am confident that we can work together to reform the FDA, spur competition, and bring costs down for the many patients who struggle to afford the medications they need.","2017-01-31T23:44:06+0000","link","http://www.oregonlive.com/politics/index.ssf/2017/01/walden_meets_with_trump_pence.html#incart_river_home","313301365382225_1295661163812902",NA,383,127,32
"313301365382225","Greg Walden","It’s time to rebuild our health care system to provide quality, affordable health care to all Americans. This is no easy task, but one we are committed to doing – and doing right.","2017-01-31T21:41:57+0000","link","https://morningconsult.com/opinions/repealing-obamacare-rebuilding-health-care-system/","313301365382225_1295550820490603",NA,209,119,17
"313301365382225","Greg Walden","How the heck does this happen? Who is responsible?","2017-01-31T19:09:11+0000","link","http://www.bakercityherald.com/news/5020393-151/calling-for-action?referrer=carousel1","313301365382225_1295454367166915",NA,42,75,71
"313301365382225","Greg Walden","GOOD NEWS: I was joined by other Oregon lawmakers to reintroduce the Mt. Hood Cooper Spur Land Exchange Act to get the Forest Service to do their job and complete the land exchange Congress gave them 16 months to complete in 2009. Eight years later, and the Forest Service still hasn’t finished the job, which is why we are once again introducing legislation directing them to do so. This land exchange will help protect the local water source for the City of Hood River, promote economic growth, and create family wage jobs in the area. The communities around Mt. Hood have waited long enough, it’s time for the Forest Service to get this job done:","2017-01-26T19:59:44+0000","link","https://walden.house.gov/media-center/press-releases/oregon-lawmakers-introduce-mt-hood-land-exchange-bill","313301365382225_1288842744494744",NA,121,93,8
"313301365382225","Greg Walden","My newsletter gives you free, regular updates on legislation I’m working on in the House of Representatives, my meetings with Oregonians across our vast district, and services I can provide as your representative in Congress. You can read my latest newsletter and subscribe here:","2017-01-25T20:01:18+0000","link","https://iqconnect.lmhostediq.com/iqextranet/view_newsletter.aspx?id=133866&c=OR02GW","313301365382225_1287665607945791",NA,118,80,9
"313301365382225","Greg Walden","ICYMI: I sat down with KGW-TV this weekend for a great discussion on fixing our health care system, improving care for our nation’s veterans, and starting to work right away with the Trump Administration. Check out the full interview here:","2017-01-23T20:36:48+0000","link","http://www.kgw.com/entertainment/television/programs/straight-talk/straight-talk-the-inauguration-of-donald-trump-pt-2-/391277031","313301365382225_1285033518209000",NA,79,64,9
"313301365382225","Greg Walden","Great story from KOHD on my meeting with the Bend chapter of Oregon Band of Brothers yesterday. Thank you to these remarkable veterans for their service to our country.","2017-01-17T19:08:20+0000","video","https://www.facebook.com/repgregwalden/videos/1278907492154936/","313301365382225_1278907492154936",NA,50,33,6
"313301365382225","Greg Walden","View of Mt. Jefferson on the way from Prineville to meeting in Madras.","2017-01-17T00:30:35+0000","photo","https://www.facebook.com/repgregwalden/photos/a.344279145617780.77317.313301365382225/1278296608882691/?type=3","313301365382225_1278296608882691",NA,190,27,7
"313301365382225","Greg Walden",NA,"2017-01-15T21:54:00+0000","video","https://www.facebook.com/repgregwalden/videos/1277389985640020/","313301365382225_1277389985640020",NA,84,45,7
"313301365382225","Greg Walden","Great town hall meeting in Lakeview today.","2017-01-15T21:48:39+0000","photo","https://www.facebook.com/repgregwalden/photos/a.344279145617780.77317.313301365382225/1277388025640216/?type=3","313301365382225_1277388025640216",NA,68,28,4
"313301365382225","Greg Walden","‪Great to meet with this inspiring group of Southern Oregon students and young leaders nominated to our nation's service academies.","2017-01-15T17:10:21+0000","photo","https://www.facebook.com/repgregwalden/photos/a.344279145617780.77317.313301365382225/1277218685657150/?type=3","313301365382225_1277218685657150",NA,103,13,3
"313301365382225","Greg Walden","Beautiful winter's day on the way from Medford to Klamath Falls!","2017-01-14T23:30:12+0000","photo","https://www.facebook.com/repgregwalden/photos/a.344279145617780.77317.313301365382225/1276558075723211/?type=3","313301365382225_1276558075723211",NA,221,21,18
"313301365382225","Greg Walden","With this designation, the outgoing administration is locking up more of our public lands through a process that cut out many in the surrounding communities. It appears like it was rigged from the beginning. I’ve heard from landowners and county commissioners who were not even consulted in the crafting of the proposal. The Clinton Administration similarly rushed to declare the original Cascade-Siskiyou National Monument at the last minute without the necessary work upfront. As a result, I had to come back and legislate a solution around Soda Mountain. It is unfortunate that the current administration has followed the same failed pattern. I will work with the Trump Administration to do what we can to roll back this midnight expansion.","2017-01-13T16:36:51+0000","link","http://www.capitalpress.com/Oregon/20170112/obama-expands-cascade-siskiyou-national-monument","313301365382225_1275367979175554",NA,222,105,147
"313301365382225","Greg Walden","Good news: the House unanimously passed legislation I introduced to reduce government red tape holding back small businesses across the country. The Small Business Broadband Deployment Act lifts unnecessary regulatory burdens on small internet service providers – who so often serve customers in rural areas like Eastern Oregon. This bill allows these small businesses to focus on the core mission of serving their customers, not complying with onerous reporting requirements. Read more about this legislation here: https://energycommerce.house.gov/news-center/press-releases/house-advances-two-energy-and-commerce-committee-bills","2017-01-11T20:11:45+0000","video","https://www.facebook.com/repgregwalden/videos/1273690846009934/","313301365382225_1273690846009934",NA,198,31,9
"313301365382225","Greg Walden","GOOD NEWS: Just one week into the new session of Congress, we took swift action in the House to rein in costly, burdensome, and overreaching federal regulations. On Wednesday, we passed legislation to make sure departing presidents of either party can’t hand down unnecessary, midnight rules on their way out the door. And yesterday, we passed the REINS Act that requires major regulations be approved by Congress, not just implemented by unelected bureaucrats in D.C. These plans will rein in out of control regulators like the EPA, and help grow the economy and protect small businesses in Oregon.","2017-01-06T19:35:02+0000","video","https://www.facebook.com/repgregwalden/videos/1269815259730826/","313301365382225_1269815259730826",NA,235,101,25
"313301365382225","Greg Walden","I’m proud to report that the Midnight Rules Relief Act passed the House today. All too often, we see last-minute, burdensome and unnecessary regulations implemented in the final days of a presidential administration on their way out the door. This legislation will block these “midnight rules”, and help protect hardworking Oregonians from even more onerous regulations that haven’t been properly vetted.","2017-01-04T22:57:27+0000","photo","https://www.facebook.com/repgregwalden/photos/a.344279145617780.77317.313301365382225/1268310373214648/?type=3","313301365382225_1268310373214648",NA,159,59,19
"313301365382225","Greg Walden","I’m excited to kick off the new session of Congress today and get to work as Chairman of the Energy and Commerce Committee. We will address the real issues holding back job growth and wage growth in America, reform the way our health care is delivered, and take on excessive and unnecessary rules and regulations. This is a new chapter in American history, and I look forward to a lot of work getting done this year for Oregonians and all Americans.","2017-01-03T23:08:27+0000","video","https://www.facebook.com/repgregwalden/videos/1267517389960613/","313301365382225_1267517389960613",NA,151,73,9
