"from_id","from_name","message","created_time","type","link","id","story","likes_count","comments_count","shares_count"
"200227780116038","Congressman Jared Huffman","Yesterday, during a hearing on Capitol Hill, I told Interior Sec. Zinke what Californians think about the Trump administration’s new planning process that could lead to oil and gas drilling on the West Coast: “Let me just save you some trouble when it comes to California and the West Coast. We do not want new leasing off our coastline. The people of California are simply not going to allow it to happen. You will be doing less with less if you attempt to drill for oil off the coast of California.”   Like if you agree that California should be leading the fight to protect our coasts for generations to come.","2017-06-23T19:03:02+0000","video","https://youtu.be/sV_ACyKHvSY","200227780116038_1181940081944798",NA,745,51,100
"200227780116038","Congressman Jared Huffman","Now we know why Republicans in both the House and the Senate have been rushing their Trumpcare votes and keeping the public in the dark: the Senate bill, like the House Trumpcare bill before it, would take health care away from millions of people, make American families across the country pay more for health insurance, and undermine essential health protections. This Senate bill is just as indefensible as the House’s Trumpcare bill that President Trump called “mean” just last week. We still have time to stop it but we need to act fast.","2017-06-22T17:19:32+0000","link","https://www.nytimes.com/2017/06/21/opinion/health-care-bill-senate.html","200227780116038_1181061878699285",NA,50,24,16
"200227780116038","Congressman Jared Huffman","In recognition of #WorldRefugeeDay, I introduced the TORCH Act yesterday to improve refugees’ access to a college education as they make a new life in the United States, allowing them to better integrate into the American fabric of life and contribute back to the country who welcomed them and offered them shelter as they fled violence and persecution. Everyone deserves access to an affordable education, and even in this difficult year, I truly believe that America is still the welcoming nation it always has been.","2017-06-21T15:18:09+0000","link","http://huffman.house.gov/media-center/press-releases/on-world-refugee-day-rep-huffman-introduces-torch-act-to-open","200227780116038_1179774698828003",NA,77,4,11
"200227780116038","Congressman Jared Huffman","Congratulations to Alexandra Weitman, who earned the Congressional Award Silver Medal for her service to our community. She has volunteered for over 300 hours, working with children and their families to make sure they had lunches over the weekends. She hopes to one day raise money to fund a preschool in Nicaragua. Thanks for setting such a great example!","2017-06-20T15:09:14+0000","photo","https://www.facebook.com/RepHuffman/photos/a.243274549144694.1073741827.200227780116038/1178361122302694/?type=3","200227780116038_1178361122302694",NA,179,3,5
"200227780116038","Congressman Jared Huffman","Last night was a good win for the Dems, but more importantly it was a too-rare demonstration that we can set aside our political differences for an evening of bipartisanship and good sportsmanship. Thanks to all who attended and helped raise funds for charity, thanks to my fellow players and coaches, and thanks again to the Capitol Police for all that they do every single day.","2017-06-16T18:01:02+0000","link","http://time.com/4821112/democrats-win-congress-baseball/","200227780116038_1172294379576035",NA,164,5,8
"200227780116038","Congressman Jared Huffman","I’m looking forward to tonight’s Congressional baseball game, where I will be playing for the Democratic team and proudly wearing the Navy blue uniform of the San Rafael Pacifics. But this week’s awful shooting at the Republican team’s daily practice gave us an abrupt reminder that all of us in public service should strive to be playing on the same team, with a higher level of bipartisanship and generosity of spirit than is typical in our politics. We are sending our well wishes and thoughts to Rep. Steve Scalise and others who were injured, and our gratitude to the Capitol Police officers who served heroically yesterday, as they do every single day.   http://www.pressdemocrat.com/news/7098930-181/rep-jared-huffman-reflects-on?artslide=0","2017-06-15T20:00:18+0000","photo","https://www.facebook.com/RepHuffman/photos/a.243274549144694.1073741827.200227780116038/1170804883058318/?type=3","200227780116038_1170804883058318",NA,418,28,14
"200227780116038","Congressman Jared Huffman","JUST IN:  Interior Dept. Secretary Ryan Zinke has recommended that President Trump shrink the Bears Ears National Historic Monument – an unprecedented effort to remove protections that were put in place just last year.   The Antiquities Act, the 1906 law that allows Presidents to protect National Monuments, has long enjoyed widespread and bipartisan public support with good reason: parks and public lands mean business for surrounding communities, drawing tourists from all over the world.  Now that the Trump administration has started to erode those protections, we need to act fast. Check out my column on the importance of National Monuments here:","2017-06-12T21:45:48+0000","link","http://www.pressdemocrat.com/opinion/closetohome/7079085-181/close-to-home-dont-dismantle?artslide=0","200227780116038_1164317730373700",NA,35,17,19
"200227780116038","Congressman Jared Huffman","I’m glad to represent Phyllis Gould in Congress- she has continued to fight tenaciously for Rosie the Riveters across the country. Over the past three years, at Phyllis’ urging, I led my colleagues from across the aisle — and in both the House and the Senate — to propose a National Rosie the Riveter Day to honor the inspiring women who helped the United States win World War II. The changing roles of women in the workforce during the war forced us to look at child care and health care in a new way, and increased the momentum toward equal rights — a fight that continues today. We owe the Rosies a great debt, and must continue to recognize them as the American heroes that they are, which is why I’m so excited that we prevailed in the Senate this year.   Take a listen to my podcast episode with Phyllis here: https://medium.com/@RepHuffman/new-episode-honoring-equal-pay-day-with-phyllis-gould-5473f74b3523","2017-06-09T20:27:25+0000","video","https://www.facebook.com/548490151931030/videos/1296421913804513/","200227780116038_1149689101836563","Congressman Jared Huffman shared Amber Lee's video.",67,7,0
"200227780116038","Congressman Jared Huffman","Happy #WorldOceansDay! Protecting our oceans means protecting jobs, tourism, and recreation – not to mention healthy fish and wildlife. That’s why I wrote the West Coast Ocean Protection Act to permanently protect the California, Oregon, and Washington coasts from the dangers of offshore oil drilling, safeguarding the $44 billion coastal economies of the region that support nearly 650,000 jobs. Read more about this effort – supported by many of my West Coast congressional colleagues -- here: http://huffman.house.gov/media-center/press-releases/rep-huffman-introduces-legislation-to-permanently-ban-offshore-drilling.","2017-06-08T16:00:51+0000","photo","https://www.facebook.com/RepHuffman/photos/a.243274549144694.1073741827.200227780116038/1141993729272767/?type=3","200227780116038_1141993729272767",NA,98,9,14
"200227780116038","Congressman Jared Huffman","Did you miss my “Holding the President Accountable” town hall last month? If so, please check out this week’s episode of “Off the Cuff w. Rep. Huffman” to hear me talk with Rep. John Sarbanes (D-MD) about how Congress, the courts, and the public can respond to the White House’s recklessness and the President’s conflicts of interest.   Hope you enjoy the discussion! https://medium.com/@RepHuffman/new-episode-holding-the-president-accountable-w-rep-sarbanes-965a1c970789","2017-06-05T23:53:18+0000","link","https://medium.com/@RepHuffman/new-episode-holding-the-president-accountable-w-rep-sarbanes-965a1c970789","200227780116038_1127674027371404",NA,80,14,11
"200227780116038","Congressman Jared Huffman","President Trump's decision to withdraw the U.S. from the #ParisAgreement is a devastating abdication of America's leadership role in fighting global climate change and allows others nations to lead on clean energy and job creation.   We cannot take this fight lying down. That's why I joined with Earl Blumenauer, Suzan DelBene, and other West coast members of Congress this week in urging our governors to form a ""green wall"" to maintain climate leadership in the country- and Gov. Brown has already answered this call and made a commitment to not back down in his efforts to combat climate change. If the Trump administration won't lead, our states must.","2017-06-02T14:08:43+0000","link","http://www.cnn.com/2017/06/01/politics/west-coast-leaders-green-wall/index.html","200227780116038_1124974370974703",NA,434,35,55
"200227780116038","Congressman Jared Huffman","President Trump’s budget will have deeply negative effects on working families on the North Coast, and on public health and the environment.   The President’s budget slashes the Earned Income Tax Credit and Child Tax Credit by $40 billion dollars, takes more than $9 billion from public schools, and cuts hundreds of billions from the Children’s Health Insurance Program. And it targets key coastal programs for elimination, too, including several of NOAA’s coast & ocean research efforts, the Pacific Coastal Salmon Recovery Fund, and the Marine Mammal Commission. The list of cuts goes on and on, all to pay for defense spending and tax cuts for the wealthy.","2017-05-24T14:08:38+0000","link","https://thinkprogress.org/broken-promises-trump-budget-47e91f5dd59e","200227780116038_1110526375752836",NA,33,31,29
"200227780116038","Congressman Jared Huffman","This weekend, I went to check on my constituent, Hugo Mejia, an upstanding community member who is being unfairly held in a prison facility far away from his family. Thank you to everyone in the community who has signed the petition or called my office in support of Mr. Mejia.  We need to keep this pressure up on ICE to provide him with his due process rights.","2017-05-22T20:19:46+0000","link","http://www.abc10.com/news/local/sacramento/i-am-an-american-northern-california-ice-detainee-pleas-for-release/441548588","200227780116038_1107096992762441",NA,173,41,27
"200227780116038","Congressman Jared Huffman","Have you heard of the vaquita? It’s the world’s smallest and most rare marine mammal and is only found in the upper Gulf of California. Due entirely to human-related causes, the vaquita is on the verge of extinction with less than 30 remaining in the wild. Thanks to the cooperative efforts of nonprofit organizations working with the United States and Mexico, a “vaquita CPR” plan is underway, but it may not be enough.   Among other things, Vaquitas die from entanglement in illegal gillnets that are used to capture another endangered animal – the totoaba fish. Without a permanent and effective gillnet ban, this species will likely go extinct by 2018.  https://www.nytimes.com/2017/04/27/world/americas/only-captivity-will-save-the-vaquita-experts-say.html","2017-05-19T16:51:22+0000","photo","https://www.facebook.com/RepHuffman/photos/a.243274549144694.1073741827.200227780116038/1099277093544431/?type=3","200227780116038_1099277093544431",NA,47,9,14
"200227780116038","Congressman Jared Huffman","Just announced: $5 million in state funding, an important step towards a long-term solution for Last Chance Grade.","2017-05-18T20:08:00+0000","link","https://www.northcoastjournal.com/NewsBlog/archives/2017/05/17/5m-awarded-for-last-chance-grade-studies","200227780116038_1096661130472694",NA,66,6,9
"200227780116038","Congressman Jared Huffman","Check Out The Arcata High Student’s Digital Art Piece That Won This Year’s Congressional Art Competition Congrats to Maximiliano Gambin of Arcata High School for winning this year’s art competition for the second Congressional district. I’m excited that I’ll be able to see this creative piece in the U.S. Capitol every day. We received so many outstanding submissions this year, and I can’t wait for next year’s competition.","2017-05-18T18:55:49+0000","link","https://lostcoastoutpost.com/2017/may/16/arcata-high-student-wins-congressional-art-competi/","200227780116038_1096657660473041",NA,107,6,25
"200227780116038","Congressman Jared Huffman","Hugo Mejia is an exemplary father, neighbor, employee, and a tax-paying member of the Marin community -- who is now facing a summary deportation. He’s exactly kind of person that Donald Trump once said he would not summarily deport. Our community is banding together to send a clear message that this is wrong. ICE should release Mr. Mejia, period. He is an upstanding family man with no criminal record and is owed due process.   That’s why I’m joining Venetia Valley School Family Center, the Rodef Shalom Congregation, Centro Legal de la Raza, and the larger Marin community in holding a gathering of support for Hugo Mejia at 5 p.m. at the Rodef Shalom Synagogue. Hope to see everyone there.","2017-05-15T15:48:48+0000","link","http://www.marinij.com/social-affairs/20170511/marin-rallies-to-help-san-rafael-father-detained-by-ice","200227780116038_1082038778601596",NA,117,20,32
"200227780116038","Congressman Jared Huffman","Today’s news that President Trump and Scott Pruitt are trying to revive the environmentally and economically devastating Pebble Mine is the latest in their egregious handouts to extractive industry, at the expense of the environment, local jobs, and surrounding communities. Nearly two-thirds of Alaskans, and four out of five Bristol Bay residents, Native communities, and commercial fishermen oppose Pebble Mine for the damaging effects it would have on salmon fisheries, fishing jobs, and the entire watershed. That’s why the Obama administration put a stop to it, and it’s why the Trump administration is wrong to re-open the idea.","2017-05-12T22:03:00+0000","link","https://www.washingtonpost.com/news/energy-environment/wp/2017/05/12/obama-blocked-this-controversial-alaskan-gold-mine-trump-just-gave-it-new-life/?utm_term=.d12545c14042","200227780116038_1066865430118931",NA,49,37,45
"200227780116038","Congressman Jared Huffman","We need to do more for our struggling fisherman. They support our coastal economy and help put food on our table. I’m calling on Congress to look beyond the partisan deadlock and aid a community in need — the state and federal governments have already acknowledged that these people and businesses deserve federal support. The issue won’t just go away, and we’re not going to give up the fight until we get it done.","2017-05-12T14:37:12+0000","link","http://www.northbaybusinessjournal.com/northbay/sonomacounty/6984161-181/salmon-relief-bills-seek-140-million?artslide=0","200227780116038_1064241823714625",NA,103,8,5
"200227780116038","Congressman Jared Huffman","The President’s abrupt firing of FBI Director Comey yesterday certainly appears to be an attempt to derail an ongoing investigation, which is just the latest in a series of highly suspicious events surrounding Trump-Russia ties. This bombshell dropped just before my latest town hall yesterday, on the importance of holding the White House accountable, so I was glad to have the opportunity to talk about the news with our panelists and attendees.   When the House reconvenes, we must be allowed to vote on HR 356 – the Protect Our Democracy Act - to create an outside, independent commission to investigate. Now more than ever, we need a special prosecutor and an independent commission with the objectivity to get to the bottom of the Trump-Russia connection.","2017-05-10T20:23:47+0000","link","http://www.ktvu.com/news/253687615-story","200227780116038_1043697059102435",NA,277,61,28
"200227780116038","Congressman Jared Huffman","Thanks for everyone who came out last night for this lively and vital discussion! If you weren’t able to make it last night, I hope to see you at a town hall soon. Subscribe to my newsletter at huffman.house.gov to stay in the loop on upcoming community events.","2017-05-10T15:55:14+0000","link","http://www.marinij.com/article/NO/20170509/NEWS/170509772","200227780116038_1041769795961828",NA,121,24,5
"200227780116038","Congressman Jared Huffman","Even though the House rushed to vote on #TrumpCare last week, we still don’t have the Congressional Budget Office “score” to tell us the effects. But it’s clear based on earlier versions of the plan that it will take away health coverage from millions of Americans, gut coverage of essential benefits, lead to higher costs, and once again allow discrimination against Americans with pre-existing conditions.   In Del Norte County, you can see the personal impacts of this TrumpCare bill: more than 3,000 of my constituents rely on the health care they receive through the MediCal expansion under the Affordable Care Act and another 600+ have their health costs subsidized by the Affordable Care Act. All of that is at risk from TrumpCare. It’s for these families, and for the seniors whose premiums who would go up, that I voted NO on TrumpCare last week. I’ll keep fighting to protect the health care of my constituents.","2017-05-08T19:28:04+0000","link","http://www.triplicate.com/news/5284938-151/healthcare-district-board-members-ahca-would-hurt-del?referrer=fpblob","200227780116038_1013687538770054",NA,58,18,10
"200227780116038","Congressman Jared Huffman","Despite everything else going on, we’re steadily making progress in building bipartisan support for protecting the Coastal Plain of the Arctic National Wildlife Refuge from damaging activities like oil and gas drilling. This week we picked up our 100th cosponsor, with members from both sides of the aisle. We’re not giving up until we fully protect the intrinsic value that this land holds – for those who live in the region, and for future generations.   http://huffman.house.gov/media-center/press-releases/reps-huffman-fitzpatrick-gallego-lobiondo-introduce-bipartisan","2017-05-05T15:54:36+0000","photo","https://www.facebook.com/RepHuffman/photos/a.243274549144694.1073741827.200227780116038/981664601972348/?type=3","200227780116038_981664601972348",NA,158,13,9
"200227780116038","Congressman Jared Huffman","Today, I voted NO on the disaster that is TrumpCare. While the bill narrowly limped past the finish line in the House, it is far from being law.  Now more than ever, we must to keep up the impressive level of engagement that made it so difficult for President Trump and Congressional Republicans to even have this vote today.   At its core, TrumpCare is a massive tax break for the wealthiest of Americans, with the Republican Congress playing the role of a ‘reverse Robin Hood’: robbing health care from millions of Americans in order to hand out $600 billion in tax breaks to our country’s richest people and largest corporations. The Trumps, Kushners, and Kochs do not need this assistance from Congress. You know who does? The families across my district – and across the country – who rely on Medicaid, and on the health insurance that they purchase, to keep their families healthy and to recover from health crises.","2017-05-04T20:08:37+0000","link","http://bit.ly/2pE7NYi","200227780116038_981159365356205",NA,899,141,179
"200227780116038","Congressman Jared Huffman","Congressional Republicans are working feverishly to resurrect #TrumpCare – with a House vote possible as soon as tomorrow. That means our fight to save health care is more important than ever. I wanted to share a reminder of what’s truly at stake: the children and families across the country who rely on the Affordable Care Act’s protections. We cannot go back to the time where having a pre-existing condition meant you could not afford health insurance or get the life-saving health care you need. I’ll keep fighting to protect affordable health care - and the families who rely on the Affordable Care Act.","2017-05-03T17:57:45+0000","video","https://www.facebook.com/RepHuffman/videos/979952458810229/","200227780116038_979952458810229",NA,225,43,53
"200227780116038","Congressman Jared Huffman","The latest episode of “Off the Cuff w. Rep. Huffman” with my first Republican guest, Congressman Mark Sanford from South Carolina is live! From Trump’s infamous border wall to the Confederate battle flag to how to recover from a political setback, you’re in for an exciting conversation.   As always, please send any and all questions to huffmanpodcast@gmail.com and you can hear my answer on an upcoming episode.   LISTEN HERE: https://medium.com/@RepHuffman/new-episode-bipartisanship-w-rep-mark-sanford-70d5c39bff57","2017-05-03T15:02:13+0000","photo","https://www.facebook.com/RepHuffman/photos/a.243274549144694.1073741827.200227780116038/979850155487126/?type=3","200227780116038_979850155487126",NA,47,9,9
"200227780116038","Congressman Jared Huffman","Important article on all of the damage done to clean water, clean air, and public health by an administration that can’t seem to get almost anything else done.","2017-04-28T20:31:21+0000","link","http://www.latimes.com/politics/la-na-pol-trump-climate-20170428-story.html","200227780116038_975544395917702",NA,38,18,41
"200227780116038","Congressman Jared Huffman","As we approach the 100th day of the Trump presidency, with historically little to show for it, President Trump now wants to undo decades of protections for the environment and our natural heritage. National monuments are critically important to local economies across the country and on the North Coast and if the Trump administration tries to remove their protections, they’ll have a fight on their hands.","2017-04-27T17:38:44+0000","link","http://www.pressdemocrat.com/news/local/6923147-181/trump-move-to-review-national?artslide=0","200227780116038_974611469344328",NA,69,21,22
"200227780116038","Congressman Jared Huffman","According to the Center on Budget and Policy Priorities, the latest version of TrumpCare would take us back to the days when people with pre-existing conditions, like asthma or diabetes, could be charged exorbitant premiums with no recourse. Take a look at this full report and you’ll see why so many of us are fighting this new attempt to discriminate against those with health conditions:","2017-04-26T22:33:43+0000","link","http://www.cbpp.org/research/health/reported-amendment-to-house-aca-repeal-bill-guts-protections-for-people-with-pre","200227780116038_973861389419336",NA,49,26,56
"200227780116038","Congressman Jared Huffman","Friendly reminder that today is the last day to submit your work!","2017-04-26T21:16:55+0000","link","http://www.ukiahdailyjournal.com/article/NP/20170401/FEATURES/170409977","200227780116038_973807779424697",NA,12,0,1
"200227780116038","Congressman Jared Huffman","Parks and national monuments are under attack right now, but Californians know that when we protect our environment and natural heritage, everybody wins. Glad to see the beautiful national parks of Marin serving our communities in so many ways. I’ll keep working to protect our treasured national parks in Marin and beyond!","2017-04-26T19:50:49+0000","link","http://www.marinij.com/business/20170423/report-marins-national-parks-pump-big-bucks-into-economy","200227780116038_973732742765534",NA,222,9,28
"200227780116038","Congressman Jared Huffman","In the face of a White House and a Congress that routinely dismiss the importance of science, I can’t imagine a better way for scientists to spend Earth Day than standing up at marches around the world to call attention to their work.  Without science, and without the EPA, NIH, and other key federal programs, we can’t make responsible policy decisions on a wide range of topics including climate protection, health and medicine, and the future of technology. #defendscience #sciencenotsilence","2017-04-24T21:39:49+0000","link","https://www.nytimes.com/2017/04/22/science/march-for-science.html?emc=edit_nn_20170423&nl=morning-briefing&nlid=79138931&te=1&_r=0","200227780116038_971886416283500",NA,104,15,8
"200227780116038","Congressman Jared Huffman","This just in: Congressional Republicans are writing a TrumpCare 2.0 bill and they may rush it to the House floor for a vote as soon as next week. The reported changes to the bill don’t solve the problems with TrumpCare 1.0 – and in fact now there are new problems: this bill would make Americans pay MUCH more for care, kick millions off their insurance, and could again allow discrimination against individuals with pre-existing conditions.","2017-04-20T19:42:19+0000","link","https://www.washingtonpost.com/blogs/plum-line/wp/2017/04/20/the-gop-has-a-new-plan-to-destroy-obamacare-its-even-crueler-than-the-last-one/?utm_term=.2091885d90b2","200227780116038_967712106700931",NA,29,36,96
"200227780116038","Congressman Jared Huffman",NA,"2017-04-19T20:27:05+0000","link","http://mendocinotv.com/2017/04/13/representative-jared-huffman-will-speak-in-fort-bragg/","200227780116038_966663163472492","Congressman Jared Huffman shared Mendocino TV's post.",31,1,0
"200227780116038","Congressman Jared Huffman","Hope to see you there!   https://www.eventbrite.com/e/town-hall-with-congressman-huffman-in-fort-bragg-tickets-33475576350?aff=efbneb","2017-04-18T21:27:07+0000","photo","https://www.facebook.com/RepHuffman/photos/a.243274549144694.1073741827.200227780116038/965705486901593/?type=3","200227780116038_965705486901593",NA,74,10,19
"200227780116038","Congressman Jared Huffman","Tax Day throwback to 2016 when Americans were rightly concerned that the next President might make decisions ""that would personally benefit him or his cronies financially."" My proposal was to require the IRS to disclose whether an audit was actually underway - closing the ""Liar's Loophole"" since we can't know whose taxes are really being audited.","2017-04-18T19:44:01+0000","link","http://www.sfchronicle.com/politics/article/How-Trump-killed-substance-birth-health-and-9229941.php","200227780116038_965638336908308",NA,48,13,6
"200227780116038","Congressman Jared Huffman","From touring the St. Joseph Hospital Trauma Center to talking with KHSU’s EcoNews Report to holding a packed town hall at Crescent Elk Middle School-  it was a busy couple days in Del Norte county!","2017-04-12T14:31:36+0000","photo","https://www.facebook.com/RepHuffman/photos/a.243274549144694.1073741827.200227780116038/958891150916360/?type=3","200227780116038_958891150916360",NA,54,9,3
"200227780116038","Congressman Jared Huffman","Mr. President, you’re learning the hard way that navigating difficult policy issues from healthcare to foreign policy is actually complicated.  That’s especially true with the myriad of conflicts and crises we face on the world stage.  But you cannot lead the free world by being impulsive, unilateral, and unpredictable.  You have signaled for months that the US doesn’t care about humanitarian and moral issues.  You’ve completely ignored a massive humanitarian crisis in east Africa that threatens starvation and death for 20 million people – in fact, you’ve proposed deep cuts to humanitarian aid that would make it worse.  You’ve turned your back on desperate refugees fleeing Assad’s war crimes in Syria.  You’ve signaled that Russia and Assad are free to do whatever they want because it’s not our fight – almost inviting more atrocities in Syria and beyond.  And now you suddenly change your mind -- but it's not clear if it's just this once, or something more.  Was it the images of dying Syrian babies, even though you ignored prior images of dying Syrian babies and all of the dying African babies?  Was it politics – perhaps your historically low poll numbers and complete lack of accomplishment in your first 11 weeks as President?  Was it the fact that oil prices will now magically go up, a boon to your fossil fuel cronies?  Or was it something else – a head fake vis-à-vis Russia in advance of Tillerson's trip, to provide cover for the sanctions relief your team has been pursuing ever since before the election?  We shouldn't have to ask these questions about our President, but with this President, I'm afraid we do.  We have far more questions than answers after last night's airstrikes.  And it underscores, among other things, why Congress must reassert its authority over war decisions as called for by our Constitution.","2017-04-07T17:47:36+0000","status",NA,"200227780116038_953822284756580",NA,1406,143,966
"200227780116038","Congressman Jared Huffman","A two-part special episode of “Off the Cuff” is live now! Part one features Phyllis Gould, Fairfax resident who’s a real-life “Rosie the Riveter” – she worked on Navy ships as a welder during WWII. In our talk, Phyllis shared her journey for recognition, her reflections on women’s equality in the workforce, and advice for future generations of women – particularly fitting as we observe #equalpayday today.   Part two features highlights from my recent town halls, when thousands of community members came out to engage with the issues that matter to them. Enjoy!","2017-04-04T21:37:06+0000","link","https://medium.com/@RepHuffman/new-episode-honoring-equal-pay-day-with-phyllis-gould-5473f74b3523","200227780116038_947448392060636",NA,33,2,5
"200227780116038","Congressman Jared Huffman","The Coastal Plain of the Arctic National Wildlife Refuge is one of America’s last untouched wild places, and it’s time to come together to protect this unique treasure for future generations. I’m working across the aisle to introduce bipartisan legislation today to designate the Coastal Plain as wilderness, protecting it from damaging activities like oil and gas drilling.","2017-04-04T19:33:57+0000","link","http://bit.ly/2ozBeLA","200227780116038_947097455429063",NA,189,11,26
"200227780116038","Congressman Jared Huffman","Where there is oil drilling, there are spills, and where there are spills, there is the potential for catastrophic environmental damage — that’s why I’m introducing the Stop Arctic Ocean Drilling Act to permanently protect the Arctic Ocean for future generations. Yesterday, President Trump issued an executive order that will boost oil and natural gas drilling and threatens our progress in the climate fight. Congress needs to stand up to this White House that’s by the oil industry, of the oil industry, and for the oil industry.  http://huffman.house.gov/media-center/press-releases/rep-huffman-introduces-stop-arctic-ocean-drilling-act-0","2017-03-29T19:54:06+0000","photo","https://www.facebook.com/RepHuffman/photos/a.243274549144694.1073741827.200227780116038/936118609860281/?type=3","200227780116038_936118609860281",NA,193,25,23
"200227780116038","Congressman Jared Huffman","Today’s executive order is the latest example of President Trump saying one thing and doing the opposite: last month he told Congress that he planned to ‘promote clean air and water,’ but – as we suspected – today we learn he was just blowing hot air. Let’s meet this challenge with the same gusto as we used to save the Affordable Care Act. We will not- and cannot- go back to the days before clean energy and pollution controls, and I know that we can defend against today’s pro-pollution Executive Order if we keep up the level of civil engagement I’ve seen in recent days.","2017-03-28T19:39:27+0000","link","http://bit.ly/2o81xZy","200227780116038_935066729965469",NA,211,28,39
"200227780116038","Congressman Jared Huffman","It's been a busy couple of weeks in Congress and on the North Coast! Stay up to date on what I've been working on by subscribing to my newsletter at huffman.house.gov, and if you missed my most recent newsletter, please take a look below to read about our packed town halls and public meetings, bipartisan actions I’ve been taking in Congress, how I’m pushing for a solution at Last Chance Grade, and much more:","2017-03-28T18:09:40+0000","link","https://iqconnect.lmhostediq.com/iqextranet/view_newsletter.aspx?id=101164&c=CA02JH","200227780116038_935004373305038",NA,39,2,3
"200227780116038","Congressman Jared Huffman","Overlooked in all the health care debate last week, a big thank you to the National Iranian American Council (NIAC) for visiting my office, for your #NoBanNorooz advocacy against the Trump administration’s unconstitutional travel ban... and for helping me prepare for my first ever Norooz dinner!","2017-03-27T21:47:42+0000","video","https://www.facebook.com/NIACouncil/videos/10155280044053938/","200227780116038_934112106727598","Congressman Jared Huffman shared NIAC's video.",81,7,0
"200227780116038","Congressman Jared Huffman","Seeing #Trumpcare pulled from the agenda is a reminder that when the American people raise their voices, we can accomplish great things. I’m grateful to the thousands of constituents who contacted me, and I’m glad to think that all those people might be able to breathe a little easier knowing that Congress isn’t voting to take away their health insurance – or make it meaningless. Now that the political posturing is over, maybe we can move forward to improving the law so that everyone in our country has access to affordable health care.","2017-03-27T13:21:06+0000","link","http://huffman.house.gov/media-center/press-releases/rep-huffman-statement-on-trumpcare","200227780116038_933720783433397",NA,197,35,10
"200227780116038","Congressman Jared Huffman","Wondering what will happen if a TrumpCare plan goes through that “block grants,” and ultimately cuts, Medicaid and Medi-Cal funding? Check out my recent conversation with Gilda Gonzalez of Planned Parenthood Northern California. We talked about the buzz surrounding Planned Parenthood, and we separated fact from fiction on health care more generally.   One fact is this: many women who rely on Planned Parenthood clinics for basic health services rely on Medicaid to pay for those services, meaning the cuts being contemplated to that crucial safety net program would disproportionately threaten their health. And as leading health care groups are now pointing out: one of the provisions in TrumpCare could mean that a new mother who lost her job would lose her Medicaid health care coverage too, unless she could find and begin a new job 60 days after having her baby.","2017-03-24T15:13:47+0000","link","https://medium.com/@RepHuffman/new-episode-separating-planned-parenthood-fiction-from-fact-4bc109908f6#.jck70c6jw","200227780116038_930907147048094",NA,11,8,8
"200227780116038","Congressman Jared Huffman","Newsletter subscribers know that I circulated a survey last month asking about your experiences with health care and health insurance. Over 1,200 people responded, and hundreds of you shared personal stories about how the benefits of the Affordable Care Act has meant essential health care coverage that you couldn’t get otherwise, from maternity and newborn care to coverage for unpredictable emergency health crises. Nearly two thousand of you have called my offices or spoken at a town hall with the same concerns about what TrumpCare might mean for you. Watch my nine-year-old constituent Rhett talk about his experience with health care here:","2017-03-23T22:50:13+0000","video","https://www.facebook.com/RepHuffman/videos/930294910442651/","200227780116038_930294910442651",NA,67,8,3
"200227780116038","Congressman Jared Huffman","A member of House GOP Leadership said yesterday that TrumpCare “has not been sold properly” to people. Makes sense. I have 41,000 constituents who might lose their health insurance due to this TrumpCare plan, and I’d have a very hard time looking them in the eye and “selling” them on taking away their insurance so that the wealthiest people in the country could get a massive tax break. And that was before the awful changes that some proposed to the bill last night that could mean your health insurance might no longer cover prescription drugs, emergency services, or pediatric visits!","2017-03-23T17:26:25+0000","link","http://www.cbpp.org/blog/house-gops-proposed-fix-for-health-bill-prioritizes-tax-cuts-for-richest","200227780116038_930118710460271",NA,141,48,60
"200227780116038","Congressman Jared Huffman","HAPPENING NOW: I’m standing with House Democrats, former Vice President Joe Biden, and the thousands of families who depend on the life-saving care of the ACA. Watch here:","2017-03-22T14:13:20+0000","video","https://www.facebook.com/HouseDemocrats/videos/10155024948928548/","200227780116038_929178400554302","Congressman Jared Huffman shared House Democrats's live video.",150,8,0
"200227780116038","Congressman Jared Huffman","Phyllis Gould (far left) of Marin is one of the countless women who jumped into the workforce during WWII to help her country and push the boundaries of what women could do. In recent years, Phyllis and these other great Americans have been working to earn recognition for all the female workers who supported their country. Those efforts paid off! Today we celebrate National Rosie The Riveter Day, to recognize their contributions to the nation and to rededicate ourselves to the spirit of “We Can Do It.”","2017-03-21T21:18:28+0000","photo","https://www.facebook.com/RepHuffman/photos/a.243274549144694.1073741827.200227780116038/928503507288458/?type=3","200227780116038_928503507288458",NA,51,3,4
"200227780116038","Congressman Jared Huffman","NEW EPISODE: Congresswoman Eleanor Holmes Norton (D-D.C.)  joins this week’s “Off the Cuff w. Rep. Huffman” podcast.  We talk about everything from representing George Wallace in court when she worked at the ACLU Nationwide, to her fight for D.C. statehood, to her interesting personal path to a seat in Congress. Enjoy! As always, please send your questions to huffmanpodcast@gmail.com.","2017-03-21T19:07:36+0000","link","https://medium.com/@RepHuffman/new-episode-civil-rights-and-d-c-statehood-with-rep-eleanor-holmes-norton-d6602ea4d846#.y59twnarn","200227780116038_928419433963532",NA,70,6,10
"200227780116038","Congressman Jared Huffman","Next week, the House will vote on the Trump-Ryan plan to repeal the Affordable Care Act. I spoke on the House floor today about my constituent Rhett Krawitt, who shared what affordable health care has meant to his family at my town hall on Monday. In his words: ""I may be only 9 years old, but I’ve known for a long time that health care is complicated."" I am grateful that Rhett shared his story— and that I got to share it with my colleagues in Congress. That’s why I’ll keep fighting to protect affordable health care - and the families who rely on the Affordable Care Act.","2017-03-17T19:55:32+0000","video","https://www.facebook.com/RepHuffman/videos/925104297628379/","200227780116038_925104297628379",NA,222,32,27
"200227780116038","Congressman Jared Huffman","Missed my health care town hall in San Rafael this week? Please join us at my next community town hall THIS Saturday, 3/18 at 10 AM at College of Marin. This time, we’ll be talking about a range of topics so bring your questions! Hope to see you there.","2017-03-17T13:32:04+0000","link","https://www.eventbrite.com/e/town-hall-with-congressman-huffman-at-college-of-marin-kentfield-campus-tickets-32420931880","200227780116038_924839360988206",NA,63,11,17
"200227780116038","Congressman Jared Huffman","Yesterday’s health care town hall in Marin was an impressive show of civic engagement! Many thanks to the ~2000 attendees who were able to join us on a Monday at noon to voice their concerns about the Republican health care plan, which would take away health insurance from 24 million Americans. I’ll keep working in Congress to protect health care and make sure your voices are heard. http://www.marinij.com/health/20170313/marin-health-specialists-see-ruinous-effects-in-gop-overhaul","2017-03-14T21:26:57+0000","photo","https://www.facebook.com/RepHuffman/photos/a.243274549144694.1073741827.200227780116038/922654744540001/?type=3","200227780116038_922654744540001",NA,197,27,28
"200227780116038","Congressman Jared Huffman","According to news reports President Trump has now sent 400 additional U.S. troops into war in Syria, without congressional authorization, doubling our troop commitment there. This is another instance of the recklessness that has characterized President Trump’s administration. That is why I am cosponsoring bipartisan legislation with Reps. Barbara Lee and Walter Jones to halt any escalation into ground combat in Syria until Congress has had the opportunity to debate and vote on the parameters of military force in the region and why I am cosponsoring bipartisan legislation with Reps. Jim Himes and Walter Jones to explicitly return the power to declare and wage war back to Congress, as the Constitution requires.  President Trump should obtain specific congressional authorization, since this could be the beginning of a slippery slope to an intense, multi-year military intervention — a war — potentially costing American lives and certainly costing American resources.","2017-03-10T19:25:54+0000","link","https://www.nytimes.com/2017/03/09/world/middleeast/us-troops-syria.html","200227780116038_919215164883959",NA,117,37,101
"200227780116038","Congressman Jared Huffman","The situation at Last Chance Grade is becoming increasingly risky. I’ve talked to the state & federal agencies who assure me that they are working on a solution to the immediate problem, but it’s clear that we need to step up the efforts to create durable infrastructure for the long term. I’ll be personally visiting Del Norte County in the coming weeks, and convening meetings and a public town hall to make sure we arrive at the best fix for the highway and ensure we are avoiding catastrophe.","2017-03-09T18:36:52+0000","link","http://www.times-standard.com/general-news/20170308/last-chance-grade-partial-collapse-prompts-response-from-legislators","200227780116038_917979851674157",NA,44,5,15
"200227780116038","Congressman Jared Huffman","There are so many myths swirling around about Planned Parenthood and health care that I wanted to focus the latest episode of “Off the Cuff w. Rep. Huffman” on the reality of Planned Parenthood’s work throughout the North Coast. In this episode of my podcast, I spoke with Gilda Gonzalez, the interim CEO of Planned Parenthood of Northern California to get the facts about the work their organization does. We also talked about the efforts to repeal the Affordable Care Act, which would make it much harder for many women to access essential preventative care and affordable contraception. Check out the latest episode here and as always send any and all questions to huffmanpodcast@gmail.com.","2017-03-07T22:31:00+0000","link","https://medium.com/@RepHuffman/new-episode-separating-planned-parenthood-fiction-from-fact-4bc109908f6#.akt729gtl","200227780116038_916398115165664",NA,162,22,77
"200227780116038","Congressman Jared Huffman","Thanks to all who came out to my Save Our Health Care town hall in Petaluma last night! Hearing your health care stories underscored the deep concerns I have about the cost and impact the GOP’s rushed and secretive repeal strategy. We should be working together to improve the Affordable Care Act, and it’s clear to me that repealing the law without first putting a comprehensive solution into place will be devastating to families and communities across my congressional district.","2017-03-07T21:46:58+0000","link","http://www.politico.com/states/california/story/2017/03/seniors-pack-norcal-town-hall-to-react-to-gop-affordable-care-alternative-110133","200227780116038_916356758503133",NA,98,15,6
"200227780116038","Congressman Jared Huffman","President Trump’s new anti-Muslim, anti-refugee Executive Order is just as un-American and ill-considered as the last one. I opposed the previous Executive Order, which even the Trump administration has now recognized as an unconstitutional policy failure. I plan to fight this new Executive Order with the same diligence and force.","2017-03-07T14:34:57+0000","link","https://www.nytimes.com/2017/03/06/us/politics/travel-ban-muslim-trump.html?_r=0","200227780116038_916076098531199",NA,80,14,4
"200227780116038","Congressman Jared Huffman","Save Our Healthcare Petaluma Town Hall","2017-03-07T00:59:07+0000","video","https://www.facebook.com/RepHuffman/videos/915650431907099/","200227780116038_915650431907099","Congressman Jared Huffman was live.",93,24,29
"200227780116038","Congressman Jared Huffman","It’s great to see all the interest in my town hall meetings, and we are doing our best to find venues to accommodate. Unfortunately, today’s Save Our Health Care Town Hall at the Petaluma Veterans Memorial Hall is currently at capacity and we can’t accommodate any more RSVPs. But, if you won’t be able to join us at this event, don’t worry! You can watch the livestream right here tonight or listen at www.kpca.fm. And, subscribe to my newsletter by clicking below so you can find out about upcoming town halls in your area.","2017-03-06T16:57:11+0000","link","http://huffman.house.gov/","200227780116038_915339818604827",NA,102,15,18
"200227780116038","Congressman Jared Huffman","March is Women’s History Month, where we celebrate the achievements of women who have made this country great.  To kick off the month, I’ve joined with Rep. Jackie Speier and Rep. Brian Fitzpatrick, and a group of bipartisan Senators, to introduce legislation to create a ‘National Rosie the Riveter Day’ and honor the legacy of these truly inspirational women who paved the way for working women in America and helped win World War II.","2017-03-02T20:17:31+0000","link","http://huffman.house.gov/media-center/press-releases/lawmakers-introduce-bipartisan-bicameral-resolution-to-designate","200227780116038_912186678920141",NA,43,9,14
"200227780116038","Congressman Jared Huffman","Yesterday, KMUD News visited my Washington office and I got to talk to them about the Presidential address to a Joint Session of Congress, congressional actions that will affect my congressional district, and the state of federal marijuana policy. Check out the interview here:","2017-03-02T16:46:05+0000","link","https://soundcloud.com/kmudnews/congressman-jared-huffman-responds-to-president-trumps-state-of-the-union-address","200227780116038_912062842265858",NA,62,7,11
"200227780116038","Congressman Jared Huffman","“Trump and his administration may not properly value the ideals enshrined in our Constitution. But I believe the people of this country will not give them away easily. I am heartened as I observe so many other Americans, in Congress on Tuesday night for Trump’s address and around the country, refusing to accept this twisted vision of our future.”- Jason Rezaian. It was such an honor to bring my constituents and friends, Jason Rezaian and his wife Yeganeh, to last night’s Presidential address to a Joint Session of Congress.  Jason’s optimism in the face of all he has been through is truly inspiring and I hope you all will read his piece in today’s Washington Post.","2017-03-01T23:10:26+0000","link","https://www.washingtonpost.com/news/inspired-life/wp/2017/03/01/i-watched-the-2016-state-of-the-union-on-a-prison-tv-in-iran-this-year-i-attended-as-a-free-man-with-reason-to-hop/?utm_term=.e7f62ff8b765","200227780116038_911518255653650",NA,82,6,17
"200227780116038","Congressman Jared Huffman","It’s hard to believe that it has been just a year since we celebrated the return of Jason Rezaian to freedom after his unjust detention for more than 500 days for the ‘crime’ of being a journalist in Iran.This year, I am so proud to announce that Jason and Yegenah Rezaian are attending the president’s speech as my honored guests, fulfilling a promise I made to their family, and giving us another opportunity to celebrate their freedom.Jason and Yegenah are here at the U.S. Capitol at an important moment in our country’s history, when many of the Constitutional guarantees that make America truly great — including the freedom of the press, religious freedom, and equal protection under the law — are under unprecedented attack from the White House. After 18 months of effort, and with the support of literally tens of thousands of people around the world, Jason is free from Iranian prison. Yet in a terrible irony, his family has now been caught up in President Trump’s reckless immigration orders, and his profession of journalism, for which he was jailed in Iran, has been described by the President of the United States as ‘the enemy of the American People.' Jason and his family exemplify the best of what America has to offer the world, and their presence at tonight’s address serves as a reminder of the important American ideals that are today under attack.","2017-03-01T02:01:19+0000","photo","https://www.facebook.com/RepHuffman/photos/a.243274549144694.1073741827.200227780116038/910857532386389/?type=3","200227780116038_910857532386389",NA,154,11,18
"200227780116038","Congressman Jared Huffman","Calling all questions from the North Coast! I want to hear from you- no question is too big or too small. Post your questions below or email me at huffmanpodcast@gmail.com and you could hear my answer on the next episode of “Off the Cuff w. Rep. Huffman.” And, check out my latest episode of the podcast here: https://medium.com/@RepHuffman/new-episode-animal-welfare-advocacy-w-wayne-pacelle-4c234bbef406#.8886f359y","2017-02-27T17:08:50+0000","photo","https://www.facebook.com/RepHuffman/photos/a.243274549144694.1073741827.200227780116038/909986752473467/?type=3","200227780116038_909986752473467",NA,68,39,23
"200227780116038","Congressman Jared Huffman","I am proud to receive a score of 100% from the League of Conservation Voters. http://scorecard.lcv.org/moc/jared-huffman","2017-02-24T15:42:29+0000","photo","https://www.facebook.com/RepHuffman/photos/a.243274549144694.1073741827.200227780116038/907603229378486/?type=3","200227780116038_907603229378486",NA,450,25,30
"200227780116038","Congressman Jared Huffman","The debate about what to do about the Affordable Care Act is about people – how to keep our families healthy at an affordable cost. Recently, I sent a survey to my newsletter subscribers to see how our health care system is working for you- and how it’s not. I heard from families and individuals who are concerned that repealing the law would mean they could once again be denied health insurance as a result of a preexisting condition like asthma or heart disease, and from young adults who could lose their health insurance under their parents’ insurance plan. That’s why I’ll be working to protect your care. #ProtectOurCare","2017-02-18T18:00:05+0000","photo","https://www.facebook.com/RepHuffman/photos/a.243274549144694.1073741827.200227780116038/902144243257718/?type=3","200227780116038_902144243257718",NA,104,26,10
"200227780116038","Congressman Jared Huffman","Congress should be helping Americans save for retirement, but instead the House just voted yesterday to block states like California from establishing retirement savings plans. I’ve introduced the American Savings Act to build on California’s work to ensure that every worker in America has access to high-quality savings options for their retirement.","2017-02-16T16:39:18+0000","link","http://www.mercurynews.com/2017/02/15/jerry-brown-urges-california-delegation-to-vote-no-on-gop-attempt-to-block-state-auto-iras/","200227780116038_900722133399929",NA,91,34,47
"200227780116038","Congressman Jared Huffman","Just spoke on the House floor: what’s happening right now requires real oversight. We need an independent, nonpartisan commission to immediately and thoroughly investigate the full extent of Russian influence in the 2016 election – and at the White House.","2017-02-15T18:22:47+0000","video","https://www.facebook.com/RepHuffman/videos/899698133502329/","200227780116038_899698133502329",NA,1143,215,339
"200227780116038","Congressman Jared Huffman","If you care about animals and their welfare, you’re going to love my latest episode of “Off the Cuff w. Rep.  Huffman!” The CEO of The Humane Society of the United States, Wayne Pacelle, joins me to discuss what we can expect for animals under the Trump Administration, why we may see positive actions in the 115th Congress from both sides of the aisle, and you may even get to hear about Wayne’s favorite animal.   As always, please send all questions, comments, and suggested topics for the next episode of “Off the Cuff w. Rep. Huffman” to me at huffmanpodcast@gmail.com.  Enjoy!","2017-02-15T16:25:33+0000","link","https://medium.com/@RepHuffman/new-episode-animal-welfare-advocacy-w-wayne-pacelle-4c234bbef406#.x3hhzal81","200227780116038_899623226843153",NA,51,6,8
"200227780116038","Congressman Jared Huffman","The Trump administration’s approval of a final easement to build the Dakota Access Pipeline (DAPL), without tribal consultation or a full public environmental review, is an unacceptable handout to the oil and gas industry. When the announcement was made Wednesday night I joined other leading environmental committee colleagues in immediately calling on President Trump to reverse this decision. We have a legal and moral responsibility to uphold tribal rights and environmental law. Read our letter here:","2017-02-10T19:36:30+0000","link","http://huffman.house.gov/media-center/press-releases/rep-huffman-senate-house-natural-resource-leaders-blast-dakota-access","200227780116038_894692237336252",NA,454,73,101
"200227780116038","Congressman Jared Huffman","Sneak peak of the next episode of ""Off the Cuff w. Rep. Huffman!”  This week I recorded a candid conversation with America's favorite animal welfare advocate, Wayne Pacelle of the Humane Society of the United States. From their new partnership with SeaWorld to the secret behind those cute animal photos that Wayne takes, I know you’ll enjoy our discussion. Subscribe here and we'll let you know when this episode is live: https://medium.com/@rephuffman","2017-02-08T18:44:24+0000","photo","https://www.facebook.com/RepHuffman/photos/a.243274549144694.1073741827.200227780116038/892638650874944/?type=3","200227780116038_892638650874944",NA,22,5,0
"200227780116038","Congressman Jared Huffman","It’s disappointing, but not surprising, that the Republican majority in the House Natural Resources Committee today voted against transparency and against congressional oversight into the Trump administration’s conflicts of interest. With lobbyists running the Trump transition effort and campaign donors filling the President’s cabinet, I wish the committee majority had joined us to require Trump administration witnesses to testify in the public interest, not their own financial interest. Here’s my argument for transparency at the committee meeting today:","2017-02-07T22:40:19+0000","video","https://www.youtube.com/watch?v=dHqvquU0T3k","200227780116038_891803887625087",NA,131,79,42
"200227780116038","Congressman Jared Huffman","On climate, what did ExxonMobil and other fossil fuel companies know, and when did they know it? We’re asking our state’s new Attorney General Xavier Becerra to continue the investigative work, started by now-Senator Kamala Harris, into whether leading oil companies including ExxonMobil covered up internal studies on the science of climate change for their own gain. If ExxonMobil and other illegally covered up what they knew about climate change, they need to be held accountable.","2017-02-06T21:18:32+0000","link","http://huffman.house.gov/media-center/press-releases/reps-huffman-lofgren-lieu-desaulnier-ca-members-urge-attorney-general","200227780116038_890692221069587",NA,216,22,26
"200227780116038","Congressman Jared Huffman","The longer we allow the digital divide to persist in rural America and Indian country, the more Americans will be left behind. My new legislation would build on the legacy and success of FDR’s New Deal to finally bring broadband access in rural America into the 21st century.","2017-02-03T18:43:55+0000","link","http://www.times-standard.com/general-news/20170202/huffman-pushes-for-accessible-rural-broadband-service","200227780116038_886707331468076",NA,334,36,23
"200227780116038","Congressman Jared Huffman","President Trump’s ‘one regulation in, two regulations out’ policy sounds more like a Dr. Seuss book than a real word approach to federal standards that protect clean water and ensure healthy fisheries. We cannot allow our president’s reckless policies, inspired by ‘One Fish, Two Fish’, to harm our coastal economies or fishermen -- and bring us to a ‘Cat in the Hat’ level of chaos. That’s why I’m joining Raul M. Grijalva and the fishing industry in urging President Trump to immediately rescind this dangerous executive order that will have real impacts on my constituents’ livelihoods. http://huffman.house.gov/media-center/press-releases/fishing-industry-groups-join-huffman-grijalva-in-opposing-trump-s","2017-02-02T21:46:22+0000","photo","https://www.facebook.com/RepHuffman/photos/a.243274549144694.1073741827.200227780116038/885728501565959/?type=3","200227780116038_885728501565959",NA,125,20,19
"200227780116038","Congressman Jared Huffman","Even though it’s not making national headlines, the assault on Obama-era environmental protections is already well underway in the House of Representatives. Yesterday’s target was the Stream Protection Rule, which protects rivers and streams from coal mining waste. For all the talk about coal jobs, you would think Congress would care a little about protecting the health of these coal miners and their families and communities!","2017-02-02T16:16:01+0000","link","http://thehill.com/policy/energy-environment/317421-house-votes-to-strike-down-two-obama-era-rules","200227780116038_885453601593449",NA,70,48,74
"200227780116038","Congressman Jared Huffman","Be sure to check out the latest episode of “Off the Cuff w. Rep. Huffman” featuring America’s doctor, Dr. Dean Edell. We discussed the health care challenges facing rural communities, the future of the Affordable Care Act, his advocacy for the medical use of cannabis, and much more!   Have a  question for a future episode? Please email huffmanpodcast@gmail.com and you could hear my answer on the show.","2017-02-01T17:08:55+0000","link","https://medium.com/@RepHuffman/new-episode-health-care-and-more-with-dr-dean-edell-9417dbb33c9d#.n2h9jqic3","200227780116038_884357525036390",NA,32,2,4
"200227780116038","Congressman Jared Huffman","Don’t let inadequate coverage ruin your year. Visit www.coveredca.com and www.healthcare.gov for all your health insurance needs. The deadline to sign up is TODAY, January 31st.","2017-01-31T19:13:10+0000","photo","https://www.facebook.com/RepHuffman/photos/a.243274549144694.1073741827.200227780116038/883255138479962/?type=3","200227780116038_883255138479962",NA,54,4,5
"200227780116038","Congressman Jared Huffman","The Trump White House’s actions to deny entry to all refugees and to travellers from certain Muslim countries, including people with visas and lawful permanent residents of the United States, are discriminatory and un-American.  We will be fighting these unconstitutional actions in every venue, and I'll be joining many of my House and Senate colleagues to make our voices heard at the Supreme Court today. The judicial and legislative branches have a responsibility to defend and uphold the Constitution, especially when the White House does not. President Trump must withdraw these executive orders, and those in Congress who are tacitly allowing this injustice to happen will be remembered for their complicity in this disgraceful episode.","2017-01-30T15:44:26+0000","link","https://www.washingtonpost.com/powerpost/democrats-across-the-country-join-protests-against-trump-order/2017/01/29/3146fcd0-e4de-11e6-a547-5fb9411d332c_story.html?utm_term=.18785c6c49ce","200227780116038_881763371962472",NA,497,72,49
"200227780116038","Congressman Jared Huffman",NA,"2017-01-27T02:10:34+0000","video","https://www.facebook.com/RepHuffman/videos/877603062378503/","200227780116038_877680562370753","Congressman Jared Huffman shared their live video.",31,7,0
"200227780116038","Congressman Jared Huffman","Sonoma County Climate Change Forum","2017-01-27T00:39:56+0000","video","https://www.facebook.com/RepHuffman/videos/877603062378503/","200227780116038_877603062378503","Congressman Jared Huffman was live.",126,90,41
"200227780116038","Congressman Jared Huffman","I am honored to have this opportunity to serve in this new leadership role in the House Committee on Natural Resources, especially now that clean air and water are under threat like never before. I’m looking forward to working with my colleagues on both sides of the aisle to protect public health, combat climate change with clean energy, and resolve natural resource conflicts.","2017-01-26T16:01:25+0000","link","http://bit.ly/2koa1X9","200227780116038_877243582414451",NA,402,33,25
"200227780116038","Congressman Jared Huffman","Despite the unmistakable message sent by women around the world this past weekend, President Trump and House Republican leadership are rapidly working to erode women’s rights, here and around the world. President Trump reinstated the Global Gag Rule, also known as the Mexico City Policy, to prevent health organizations from receiving any U.S. aid money merely for providing information about, or referrals for, abortions – even if they do so with non-U.S. funds. This would cut off maternal and child health assistance for families around the world who rely on nonprofit health care providers. Yesterday, House Republicans passed a radical bill designed to permanently ban health insurance coverage for abortions, restricting how American women can spend their own dollars in purchasing health insurance. H.R. 7 is one more attempt to cut off care for women and restrict their right to make their own, safe healthcare choices. I voted against this radical idea in the 113th Congress, in the 114th Congress, and yet again this week in the 115th Congress.","2017-01-25T19:54:00+0000","link","http://www.huffingtonpost.com/entry/republicans-women-march_us_5887b5e1e4b0441a8f716a1e?y0k32lwo0m7u2qpvi","200227780116038_876312572507552",NA,111,49,33
"200227780116038","Congressman Jared Huffman","While today’s attempt by President Trump to revive the Keystone Pipeline and harmful Dakota Access easement is a clear and unwelcome giveaway to the oil and gas industry, it was inspiring to see the crowd here today. It is proof that there are still so many good people in this world who are inspired to fight for what’s right. President Trump will try to bulldoze over our peaceful protests, threaten our fight against climate change, all while endangering tribal rights, but that doesn’t mean we should let him pave the way for his oil and gas drilling spree.  We must fight and stand strong together to protect the environment, sacred tribal lands, freedom of the press, and the right to peaceful assembly.","2017-01-24T23:10:26+0000","photo","https://www.facebook.com/RepHuffman/photos/a.243274549144694.1073741827.200227780116038/875233625948780/?type=3","200227780116038_875233625948780",NA,270,39,28
"200227780116038","Congressman Jared Huffman","What an action-packed and inspiring few days! I joined over 1200 new citizens as they took the Oath of Allegiance to the United States, joined community members at a Habitat for Humanity Project, gathered with members of the interfaith communities in holding a vigil, started the process of cleaning up the Russian River, built and delivered care kits for those in need in Ukiah, and joined volunteers at the Women's march in Sonoma. I challenge everyone in the North Coast and beyond to keep up this level of engagement in the days ahead. Together, we can keep the positivity and forward progress going.","2017-01-22T21:17:54+0000","photo","https://www.facebook.com/RepHuffman/photos/a.243274549144694.1073741827.200227780116038/872801029525373/?type=3","200227780116038_872801029525373",NA,167,24,5
"200227780116038","Congressman Jared Huffman","Coming Together: An Inauguration Day Interfaith","2017-01-21T02:38:33+0000","video","https://www.facebook.com/RepHuffman/videos/870728066399336/","200227780116038_870728066399336","Congressman Jared Huffman was live.",66,27,18
"200227780116038","Congressman Jared Huffman","Today the Senate Finance Committee held hearings with President-elect Trump's Treasury Secretary nominee, Steve Mnuchin. Nobody who earned the nickname the ""Foreclosure King of California"" should be in a position to oversee the nation's finances and financial institutions. Not only are there documented cases of his bank, OneWest, aggressively forcing families from their homes, but fair housing organizations, including Fair Housing Advocates of Northern California, who I am proud to represent, have alleged that OneWest engaged in racially-discriminatory redlining and violated the Fair Housing Act, a bedrock civil rights protection.","2017-01-19T21:50:56+0000","link","http://money.cnn.com/2017/01/19/news/mnuchin-onewest-foreclosure/","200227780116038_869508983187911",NA,50,32,25
"200227780116038","Congressman Jared Huffman","As part of my week of engagement and service, I spoke at a celebration today to welcome over 1200 of our nation's newest citizens, including 40 residents of the second district of California as they took their Oath of Allegiance to the United States of America. Our country is — and has always been — a vibrant collection of different cultures, languages, religions, and beliefs. This diversity is always what has made America great.","2017-01-19T21:31:49+0000","photo","https://www.facebook.com/RepHuffman/photos/a.243274549144694.1073741827.200227780116038/869498399855636/?type=3","200227780116038_869498399855636",NA,129,7,5
"200227780116038","Congressman Jared Huffman","ICYMI: this weekend, I appeared on MSNBC with Kate Snow to discuss why I — and many of my colleagues — will not be attending the Presidential Inauguration ceremonies tomorrow. Normally I would be there, but given the circumstances I feel it is more important to do something positive, and that’s why I’ll be on the North Coast trying to do my part to light a little candle and drive out some of this darkness.","2017-01-19T20:00:19+0000","video","http://on.msnbc.com/2iEYmEw","200227780116038_869446663194143",NA,178,46,10
"200227780116038","Congressman Jared Huffman","In lieu of attending the 2017 Presidential Inauguration, I am spending this week participating in several days of positive engagement and service. One highlight will be tomorrow’s naturalization ceremony, where we will welcome over 1200 new American citizens including 40 residents of California’s second congressional district. I will then join community members in cleaning up the Russian River after the recent flooding, preparing and delivering care kits for homeless people in Ukiah, and joining in an interfaith vigil in San Rafael. If you live in the area, please RSVP to join me in these activities here: https://www.eventbrite.com/o/congressman-jared-huffman-8592754161/ Hope to see you all in the next few days!","2017-01-18T21:34:17+0000","link","https://www.eventbrite.com/o/congressman-jared-huffman-8592754161/","200227780116038_868556643283145",NA,472,116,37
"200227780116038","Congressman Jared Huffman","Yesterday, I had the opportunity to speak at Marin City’s Martin Luther King Jr. Day observance. My message: in today’s new political reality with Donald Trump about to be sworn in as president, it is more important than ever that we heed the words and values of the great Dr. Martin Luther King Jr.:  Register to vote. Engage with the daily decisions of your government. Volunteer for causes you care about.  http://www.marinij.com/social-affairs/20170116/in-marin-city-king-honored-amid-calls-to-action","2017-01-17T20:23:20+0000","photo","https://www.facebook.com/RepHuffman/photos/a.243274549144694.1073741827.200227780116038/867510423387767/?type=3","200227780116038_867510423387767",NA,86,16,2
"200227780116038","Congressman Jared Huffman","The Logan Act bars private citizens from conducting foreign policy without the authorization of the United States. I am leading 34 members of Congress in calling for an independent Special Counsel to investigate President-elect Donald Trump’s apparent violations over the last two months -- including his calls to Taiwan and Egypt, and his ongoing undermining of the U.S. government’s position regarding Russian cyberattacks. Without a Special Counsel, we may never understand the extent to which he and his team have worked with foreign governments during this transition period.","2017-01-13T20:48:18+0000","link","https://huffman.house.gov/media-center/press-releases/huffman-members-of-congress-independent-special-counsel-is-needed-to","200227780116038_863846820420794",NA,766,169,147
"200227780116038","Congressman Jared Huffman","Must listen:  the brand new episode of my “Off the Cuff w. Rep Huffman” podcast is now live, featuring my friend Congressman Tim Ryan (D-OH). Our conversation ranged from how to support working families, to deploying broadband internet to underserved areas, to the value of mindfulness. I enjoyed this conversation and I hope you do too!","2017-01-13T18:47:55+0000","link","https://medium.com/@RepHuffman/new-episode-working-families-and-the-future-of-the-american-economy-w-rep-tim-ryan-990ccc5e95ae#.r82aan6ff","200227780116038_863762433762566",NA,34,5,4
"200227780116038","Congressman Jared Huffman","Would you want to put a nickel mine here? Neither would I! Thank you President Obama for protecting the beautiful Smith River from mining for 20 years. http://huffman.house.gov/media-center/press-releases/huffman-defazio-wyden-merkley-secure-critical-20-year-mining-ban-in","2017-01-13T15:46:25+0000","photo","https://www.facebook.com/RepHuffman/photos/a.243274549144694.1073741827.200227780116038/863644670441009/?type=3","200227780116038_863644670441009",NA,260,12,23
"200227780116038","Congressman Jared Huffman","I have decided that instead of attending the inaugural ceremonies in Washington this month, I’ll spend time in California with my constituents making a positive difference in our community. From helping to build homes for local families to pitching in on cleaning up flood debris to welcoming new U.S. citizens at a naturalization ceremony --- it will be an action-packed couple of days. Stay tuned here for more details.","2017-01-10T18:51:29+0000","link","http://www.pressdemocrat.com/news/local/6526070-181/rep-jared-huffman-says-hell","200227780116038_861532723985537",NA,1435,310,137
"200227780116038","Congressman Jared Huffman","Please stay safe and dry on the North Coast! If you have any storm-related issues, including power outages, please call my office in San Rafael office at 415-258-9657 and my staff will help you to the best of their ability. You can also monitor the storm here:  Marin:http://www.marinsheriff.org/assets/downloads/www.alertmarin.org.html  Sonoma: http://sonomacounty.ca.gov/FES/Emergency-Management/ Humboldt: http://www.humboldtgov.org/356/Office-of-Emergency-Services  Del Norte: http://preparedelnorte.com/index.html Trinity: http://www.trinitycounty.org/index.aspx?page=267","2017-01-09T20:01:25+0000","status",NA,"200227780116038_860928144045995",NA,79,17,11
"200227780116038","Congressman Jared Huffman","My first bill in the 115th Congress is the West Coast Ocean Protection Act: permanent protection for the California, Oregon, and Washington coasts from the dangers of offshore oil & gas drilling. We've got a lot of work to do to keep fossil fuels in the ground and to prevent future oil spills, and I am glad to have more than a dozen coastal colleagues from all three states already supporting this bill. http://huffman.house.gov/media-center/press-releases/rep-huffman-introduces-legislation-to-permanently-ban-offshore-drilling","2017-01-05T22:48:27+0000","photo","https://www.facebook.com/RepHuffman/photos/a.243274549144694.1073741827.200227780116038/858141244324685/?type=3","200227780116038_858141244324685",NA,343,25,74
"200227780116038","Congressman Jared Huffman","A meaningful last meeting with the outgoing Secretary of the Interior, Sally Jewell. From our work on expanding the California Coastal National Monument in Mendocino, to the path forward on tearing down the Klamath dams, she has done so much for natural resources in my district and across the country. She will be sorely missed and we all wish her the best of luck!","2017-01-05T15:24:47+0000","photo","https://www.facebook.com/RepHuffman/photos/a.243274549144694.1073741827.200227780116038/857904267681716/?type=3","200227780116038_857904267681716",NA,106,6,4
"200227780116038","Congressman Jared Huffman","Last week, I was on The  Last Word with Lawrence O’Donnell to discuss my One President at a Time Act, which would make it explicitly clear that the president-elect is just like every other private citizen during the transition period and that they cannot yet conduct U.S. foreign policy. Every previous President-elect has had the common sense -- and the impulse control -- to avoid this dangerous behavior.","2017-01-03T19:34:52+0000","video","http://www.msnbc.com/the-last-word/watch/stopping-future-trumps-with-one-president-at-a-time-act-843214915730","200227780116038_856723951133081",NA,223,39,30
