"from_id","from_name","message","created_time","type","link","id","story","likes_count","comments_count","shares_count"
"186221644739359","Congressman Randy Hultgren","Perfect example of why we need to connect recent high school graduates and returning workers to the jobs needed right now. This week the House passed legislation I cosponsored to boost the certified technical training (CTE) programs carried out at our local community colleges.  From the piece: “The industry’s bind is also tightened by a common misconception that factory work is dirty or inferior to career paths a four-year degree will open...But machinists certified in high school or local technical programs can step into jobs that pay about $50,000 annually — roughly the state’s median wage….The stigma comes from history: People have grandparents who worked in dirty, dingy factories…But that truly is not where our manufacturing is today. The first thing you notice is you can eat off the floors.""","2017-06-23T19:00:47+0000","link","https://www.washingtonpost.com/business/economy/in-this-part-of-the-midwest-the-problem-isnt-china-its-too-many-jobs/2017/06/20/a6646572-5205-11e7-b064-828ba60fbb98_story.html?utm_term=.913b52d56c94","186221644739359_1697401720288003",NA,48,39,10
"186221644739359","Congressman Randy Hultgren","Very proud to announce a record-setting number (13!) of 14th District students will attend our military service academies this coming academic year. These students embody the best of the 14th District and will represent our communities well as they begin their careers at these distinguished institutions.","2017-06-21T14:07:27+0000","photo","https://www.facebook.com/RepHultgren/photos/a.204395242921999.56263.186221644739359/1695003187194523/?type=3","186221644739359_1695003187194523",NA,94,24,4
"186221644739359","Congressman Randy Hultgren","What an inspiring chance to meet with refugees who, following extremely difficult situations abroad, are working hard to make life work in the United States! America has always been about welcoming people who truly have no place to go. One gentleman told me it took his family 10 years(!) to find refuge. There are ways we can ensure the security of the process while working towards an effective, speedy system that ensures the most vulnerable are welcomed.  A big thanks to World Relief Dupage/Aurora and Newly Weds Foods Inc. for helping show me first-hand what it's like to experience persecution and leave home in search of the freedoms America stands for. #WorldRefugeeDay","2017-06-20T14:59:49+0000","photo","https://www.facebook.com/WorldReliefDupageAurora/photos/a.282051581887283.63349.261559490603159/1402704726488624/?type=3","186221644739359_1693981917296650","Congressman Randy Hultgren shared World Relief Dupage/Aurora's post.",66,22,0
"186221644739359","Congressman Randy Hultgren","While the UN Human Rights Council has been inconsistent in its promotion of human rights, Congressman Jim McGovern and I view these weaknesses as opportunities for the United States to strengthen from within the Council’s ability to promote and defend human rights.  In our Tom Lantos Human Rights Commission letter to President Trump and senior members of his Administration, we urge the U.S. to remain on the Council. Engagement remains the best path forward to safeguarding human rights, peace, and security.","2017-06-16T14:24:30+0000","link","https://humanrightscommission.house.gov/news/press-releases/co-chairs-ask-trump-strengthen-united-nations-human-rights-council-within","186221644739359_1689461031082072",NA,34,40,2
"186221644739359","Congressman Randy Hultgren","At Fermilab, out-of-the-box ideas become experiments, experiments become discoveries, and discoveries change our world. It’s why I support robust funding for our national labs. Fermilab has another great 50 years ahead of inspiring discovery and research! #Fermilabs50th","2017-06-15T19:44:36+0000","video","https://www.facebook.com/RepHultgren/videos/1688485991179576/","186221644739359_1688485991179576",NA,107,25,4
"186221644739359","Congressman Randy Hultgren","It's about time. Welcome news.","2017-06-15T17:00:37+0000","link","https://www.washingtonpost.com/news/local/wp/2017/06/15/d-c-police-issue-warrants-for-turkish-presidents-security-personnel-in-may-assault-on-protesters-in-washington/?utm_term=.c269ad93d1fc","186221644739359_1688344167860425",NA,138,23,10
"186221644739359","Congressman Randy Hultgren","My new bipartisan legislation with Gwen S. Moore of Wisconsin strengthens the Federal Home Loan Bank (FHLB) System by preserving access to mortgage credit and affordable housing assistance for millions of Americans. The HOME Act recognizes that FHLB is working, especially for my constituents in Illinois who are purchasing a home.","2017-06-15T13:27:49+0000","link","http://hultgren.house.gov/newsroom/press-releases/hultgren-protects-access-to-affordable-housing","186221644739359_1688109004550608",NA,35,26,1
"186221644739359","Congressman Randy Hultgren","We're all praying together now in the Capitol for our colleagues, staff, Capitol Police, the families and all affected by this senseless shooting in Alexandria. We ask you to join us.","2017-06-14T15:00:40+0000","status",NA,"186221644739359_1686887871339388",NA,131,59,3
"186221644739359","Congressman Randy Hultgren","The jobs of today are vastly different from those of previous generations--many times, jobs workers’ held previously no longer exist or require advanced training.  I support two bills to help more Americans, including from low-income backgrounds, enter the workforce with the knowledge and skills they need to compete for good-paying, in-demand jobs in industries critical to the nation’s economy. MORE ▼","2017-06-09T15:20:22+0000","link","http://hultgren.house.gov/newsroom/press-releases/hultgren-cosponsors-bills-to-educate-workforce-provide-loans-to-low-income","186221644739359_1680804905281018",NA,31,44,2
"186221644739359","Congressman Randy Hultgren","Many Illinois homeowners and businesses rely on the National Flood Insurance Program to protect themselves from disaster after a flood. In committee today I urged reforms to ensure taxpayers are shielded from unnecessary risk. $25 billion of debt, and growing, is unsustainable, irresponsible and unfair to taxpayers.  We also have to make sure flood insurance remains available to those who need it and choose to use it responsibly. Reliable data and accurate mapping are essential to reflect the risks to communities located on flood plains.","2017-06-07T19:26:41+0000","link","http://hultgren.house.gov/newsroom/press-releases/flood-insurance-must-protect-homeowners-and-taxpayers-alike-says-hultgren","186221644739359_1678840438810798",NA,24,32,3
"186221644739359","Congressman Randy Hultgren","Proud to say I voted for and the House passed the Iraq and Syria Relief and Accountability Act (updated H.R. 390 version in the 115th Congress) to provide assistance for victims of genocide and demand accountability for its perpetrators.  I cosponsored this legislation and urge the Senate to act quickly to secure its passage into law.","2017-06-07T17:49:10+0000","link","http://hultgren.house.gov/newsroom/press-releases/hultgren-acts-to-protect-victims-of-isis-perpetrated-genocide-and-assad-war","186221644739359_1678765675484941","Congressman Randy Hultgren shared their post.",34,35,0
"186221644739359","Congressman Randy Hultgren","""This operation is not being planned with any alternatives. This operation is planned as a victory, and that’s the way it’s going to be. We’re going down there, and we’re throwing everything we have into it, and we’re going to make it a success."" – General Dwight D Eisenhower #DDay","2017-06-06T13:26:24+0000","photo","https://www.facebook.com/RepHultgren/photos/a.204395242921999.56263.186221644739359/1677460288948813/?type=3","186221644739359_1677460288948813",NA,63,29,9
"186221644739359","Congressman Randy Hultgren","""The ongoing prohibition of public and online discussion of what transpired...has done more to negatively shape global perceptions of the Chinese government than anything else in your country’s recent history...We respectively ask that your government allow uncensored, public discussions of the Tiananmen protests and to end retaliation against those, like the Tiananmen Mothers, seeking information about family members who died or disappeared on or after June 3 and 4, 1989.""","2017-06-04T19:09:00+0000","link","https://go.usa.gov/xNR7g","186221644739359_1673247562703419","Congressman Randy Hultgren shared Congressional-Executive Commission on China's post.",16,27,0
"186221644739359","Congressman Randy Hultgren","A great opening to a new Gateway Foundation Alcohol & Drug Treatment outpatient treatment center in Gurnee. This new facility helps people in Lake County and the surrounding areas get the treatment and help they need to fight substance abuse. Click to read the Daily Herald story. #recovergateway","2017-06-03T13:37:00+0000","link","http://www.dailyherald.com/news/20170601/new-gateway-outpatient-center-opens-in-gurnee","186221644739359_1673221149372727",NA,42,39,15
"186221644739359","Congressman Randy Hultgren","Fox Valley Molding in Plano employs more than 100 people in #IL14 (in addition to their Texas plant) and has been manufacturing electrical connectors and smart meters to sell to the electrical, electronic and oil industries since 1984.  Manufacturing means jobs, which is why we must continue to support our local businesses and ensure our state and our nation have a friendly business climate that encourages our manufacturers to expand and hire.","2017-06-02T13:11:33+0000","photo","https://www.facebook.com/RepHultgren/photos/a.204395242921999.56263.186221644739359/1672029672825208/?type=3","186221644739359_1672030296158479","Congressman Randy Hultgren added 4 new photos.",44,42,4
"186221644739359","Congressman Randy Hultgren","We are called to be good stewards of the environment, properly using our natural resources for the benefit of humanity and the planet. America has long led the world in developing new, cleaner technologies that protect the environment and help create jobs—regardless of government mandates or country agreements. That tradition of leading in energy innovation and reduction in emissions will continue. This agreement should have required Senate ratification. I look forward to the President continuing to negotiate foreign policy that puts America first and brings treaties before Congress.  In Congress, I will continue encouraging energy solutions that promote good stewardship of the environment, provide Americans with true options and bring jobs back to the United States. Innovation, not regulation, remains the answer for lower emissions. I will continue supporting our national labs like Argonne that are making energy storage a realistic solution for bringing intermittent renewables online in a modern energy system.","2017-06-01T21:03:55+0000","status",NA,"186221644739359_1672310559463786",NA,116,241,20
"186221644739359","Congressman Randy Hultgren","CHS Elburn has served our community for nearly 100 years, supplying Illinois and Wisconsin agricultural producers with agronomy, seed, energy and grain marketing services. During my visit to the cooperative, I was struck by its efficiency and relationships with farmers from all over. Transportation, fuel needs and federal legislation are key issues that we discussed. I’m proud of our farmers and will continue to stand with and for them in Congress.","2017-06-01T14:51:54+0000","photo","https://www.facebook.com/RepHultgren/photos/a.204395242921999.56263.186221644739359/1672009252827250/?type=3","186221644739359_1672010119493830","Congressman Randy Hultgren added 4 new photos.",23,23,2
"186221644739359","Congressman Randy Hultgren","""With malice toward none, with charity for all, with firmness in the right as God gives us to see the right, let us strive on to finish the work we are in, to bind up the nation's wounds, to care for him who shall have borne the battle and for his widow and his orphan..."" --Abraham Lincoln, Second Inaugural Address  #HappyMemorialDay","2017-05-29T09:47:00+0000","photo","https://www.facebook.com/RepHultgren/photos/a.204395242921999.56263.186221644739359/1668408656520643/?type=3","186221644739359_1668408656520643",NA,62,23,8
"186221644739359","Congressman Randy Hultgren","Attention high school students: get your applications in now to join the #STEMScholars program! (Details below)","2017-05-26T14:58:36+0000","video","https://www.facebook.com/RepHultgren/videos/1665977300097112/","186221644739359_1665977300097112",NA,42,33,6
"186221644739359","Congressman Randy Hultgren","Assaulting peaceful protesters may how they deal with dissenters in Turkey, but here in America that’s against the law. It violates our foundational rights of freedom of speech and assembly.  My colleagues and I are calling for justice--all of those involved must be expelled from the United States, or barred from entering if living overseas.","2017-05-25T19:14:29+0000","photo","https://www.facebook.com/RepHultgren/photos/a.204395242921999.56263.186221644739359/1665077866853722/?type=3","186221644739359_1665077866853722",NA,147,71,11
"186221644739359","Congressman Randy Hultgren","Enough veterans have faced collateral damage from delays at the VA. This time, payment delays have placed large and inaccurate medical debts on our veterans while the VA bureaucracy and private providers work through billing issues. This has hurt veterans' credit ratings and their ability to buy a home or a car, or be hired for a new job.  Veterans and their families should not be held liable for the VA’s problems.  Our bipartisan legislation is supported by the Veterans of Foreign Wars (VFW), the Military Officers Association of America (MOAA), the American Legion, Wounded Warrior Project, the Paralyzed Veterans of America, the National Consumer Law Center (on behalf of its low income clients) and the Consumer Federation of America.","2017-05-25T16:14:53+0000","link","http://hultgren.house.gov/newsroom/press-releases/hultgren-delaney-sinema-walorski-file-bipartisan-bill-to-protect-veterans","186221644739359_1664928610201981",NA,44,32,5
"186221644739359","Congressman Randy Hultgren","We're about to begin. Watch the livestream below.  More info: https://humanrightscommission.house.gov/events/hearings/freedom-belief-countering-religious-violence","2017-05-24T17:48:26+0000","video","https://www.youtube.com/watch?v=sJt0DQ2skU0","186221644739359_1663962970298545","Congressman Randy Hultgren shared Tom Lantos Human Rights Commission's post.",9,23,0
"186221644739359","Congressman Randy Hultgren","I commend President Trump for releasing a budget that acknowledges our fiscal crisis and makes a serious effort to address Washington’s out-of-control spending, waste and abuse. While some growth assumptions may be optimistic, it is a good blueprint of the President’s priorities. We face difficult choices as we work to continue to grow jobs, protect our nation, and reduce the deficit and the nearly $20 trillion national debt.  Now it is Congress’ turn, and I look forward to working with my colleagues to crafting a fiscal year 2018 spending package that sets forth our priorities to ensure fiscal accountability while promoting economic growth.","2017-05-23T19:13:51+0000","status",NA,"186221644739359_1662970110397831",NA,152,374,19
"186221644739359","Congressman Randy Hultgren","Every child deserves to have a safe childhood. That’s why we are voting on 8 bills this week to protect our children and punish abusers.","2017-05-23T18:22:00+0000","link","https://judiciary.house.gov/issue/preventing-crimes-against-children/","186221644739359_1662585603769615",NA,37,66,7
"186221644739359","Congressman Randy Hultgren","Religious-based violence is on the rise around the world. Our hearing tomorrow will help us understand why it's increasing, and how to combat it.  If you can't make it in person, click below for the livestream beginning at 12:30 pm CT/1:30 pm ET.","2017-05-23T14:52:15+0000","link","https://humanrightscommission.house.gov/events/hearings/freedom-belief-countering-religious-violence","186221644739359_1662615553766620","Congressman Randy Hultgren shared Tom Lantos Human Rights Commission's post.",15,45,0
"186221644739359","Congressman Randy Hultgren","Thank a police officer today! #NationalPoliceWeek","2017-05-19T14:09:53+0000","video","https://www.facebook.com/RepHultgren/videos/1656423121052530/","186221644739359_1656423121052530",NA,52,47,8
"186221644739359","Congressman Randy Hultgren","Since 1962 #NationalPoliceWeek is a way to honor those law enforcement officers who made the ultimate sacrifice. This week we’ve been voting on several bills designed to honor their sacrifices and ensure that these brave men and women who serve us have the tools needed to do their job and keep the public safe. See comments for the full list.","2017-05-18T20:30:00+0000","photo","https://www.facebook.com/RepHultgren/photos/a.204395242921999.56263.186221644739359/1655194634508712/?type=3","186221644739359_1655194634508712",NA,18,19,2
"186221644739359","Congressman Randy Hultgren","Medela, manufacturer of breast pumps and related breastfeeding products, is an important employer in the 14th District, housing 800 of their 900 employees in their McHenry headquarters. Human milk’s documented health benefits have an exponential impact in reducing long-term medical costs. The company focuses on supporting mothers’ efforts to provide breast milk to their babies for as long as they can.  I recently enjoyed speaking to more than 200 employees at their “employee town hall” to hear what issues are on their minds and talk about my work in Congress. #TBT #ThrowbackThursday","2017-05-18T18:31:22+0000","photo","https://www.facebook.com/RepHultgren/photos/a.204395242921999.56263.186221644739359/1655109151183927/?type=3","186221644739359_1655112917850217","Congressman Randy Hultgren added 4 new photos.",38,53,2
"186221644739359","Congressman Randy Hultgren","The President is meeting with Turkish President Erdogan today. We are urging him to raise a key human rights issue: the unjust imprisonment of Americans and Turkish nationals employed by the United States, including:  • Mr. Andrew Brunson, a pastor working in Turkey since 1993, arrested in October.  • Mr. Serkan Golge, a NASA scientist from Houston, who was vacationing with his family when he was arrested last July.  • Mr. Hamza Uluçay, a Turkish citizen, who has worked for the U.S. Consulate in Adana since 1980, arrested in February.","2017-05-16T14:50:35+0000","link","https://www.csce.gov/international-impact/press-and-media/press-releases/helsinki-commission-leaders-urge-president-trump","186221644739359_1652375161457326","Congressman Randy Hultgren shared U.S. Helsinki Commission's post.",37,92,0
"186221644739359","Congressman Randy Hultgren","Exciting groundbreaking! The two-story, 22,000-square-foot McHenry County College Liebman Science Center will better meet the needs of students, including labs for science work, a cadaver lab, student resource lab, a lecture hall, two prep rooms and a planetarium.  Supported programs include: biology; anatomy and physiology; chemistry; earth science; and physics and engineering.  Northwest Herald story below. #STEM","2017-05-16T14:06:06+0000","link","http://www.nwherald.com/2017/05/15/mcc-breaks-ground-on-16-8-million-science-center-ready-to-start-construction/a9dhcj6/","186221644739359_1652342961460546",NA,22,39,2
"186221644739359","Congressman Randy Hultgren","Numerous reports confirm rising attacks, restrictions and harassment on religious minorities of many faiths by state and non-state actors alike. We must act quickly and with strategic focus to reverse this trend.  A bipartisan group of my colleagues and I are urging specific actions the administration should take immediately to reaffirm our leadership and commitment to vulnerable populations around the globe. CLICK to read more.","2017-05-11T20:20:00+0000","link","http://hultgren.house.gov/newsroom/press-releases/congress-urges-determined-action-on-international-religious-freedom-in-new","186221644739359_1647326705295505",NA,38,75,8
"186221644739359","Congressman Randy Hultgren","This year’s Congressional Art Competition participants didn’t disappoint--their talent was on full display at our reception at Aurora Christian High School. I congratulate Luke (1st) of Wheaton Academy, Ashley (2nd) and Jennifer (3rd) of Oswego High School, and all 41 participants!","2017-05-11T15:19:11+0000","photo","https://www.facebook.com/RepHultgren/photos/a.1647077698653739.1073741882.186221644739359/1647090675319108/?type=3","186221644739359_1647090675319108","Congressman Randy Hultgren added 69 new photos to the album: 2017 Congressional Art Competition.",38,31,4
"186221644739359","Congressman Randy Hultgren","Buildings, roads and bridges: These are the Legos that, when snapped together, create the communities we all call home. In my bipartisan op-ed with Dutch Ruppersberger, we make the case that we must defend a key financing tool for these infrastructure projects that for the past several years has faced growing uncertainty. CLICK to read it at Governing magazine.","2017-05-11T14:22:10+0000","link","http://www.governing.com/gov-institute/voices/col-growing-threat-tax-exempt-municipal-bonds.html","186221644739359_1647050681989774",NA,12,47,1
"186221644739359","Congressman Randy Hultgren","How we get from point A to point B safely and efficiently is on our minds every day in Illinois. At our roundtable with the McHenry County Council of Governments, we tackled pressing issues like securing funding for critical infrastructure improvements, like the Route 47 and 31 expansions. These projects are not only a critical element of economic development but have a significant impact on public safety as both arterial roadways feed the two main hospitals in the county. Given the talks swirling around a potential infrastructure package, we want to make sure Illinois is well-situated for federal resources.","2017-05-09T16:29:30+0000","photo","https://www.facebook.com/RepHultgren/photos/a.204395242921999.56263.186221644739359/1645011615527014/?type=3","186221644739359_1645011615527014",NA,30,81,1
"186221644739359","Congressman Randy Hultgren","Donna Wagnaar of Cortland and her husband adopted four kids from Haiti. Their youngest adopted child, Miriam (pictured), arrived in 2005 on a medical visa due to many unattended medical issues. Since then, Mrs. Wagnaar has been faced with numerous complications acquiring citizenship for her daughter, and because of this Miriam was unable to receive Medicaid to assist with her health issues.  My office was able to resolve the adoption and citizenship issues, and Miriam is on her way to becoming a citizen. #CaseClosed","2017-05-08T20:22:53+0000","photo","https://www.facebook.com/RepHultgren/photos/a.204395242921999.56263.186221644739359/1644118882282954/?type=3","186221644739359_1644118882282954",NA,181,99,12
"186221644739359","Congressman Randy Hultgren","Maintaining the status quo under a failing law is simply unacceptable. I have had great concerns about the American Health Care Act, and expressed those to Speaker Ryan and House leadership. But doing nothing isn't an option, which I why I supported this amended bill as an important next step in the longer process of broader health reform that will benefit Illinois.  The Affordable Care Act’s (ACA) downward spiral is accelerating. This year, three of the seven counties in the 14th Congressional District are left with only one insurance carrier on the ACA exchange, and there are communities in my district that saw premium increases of up to 77.3 percent in 2017. The forecast for next year is more desperate, which is why I support moving a solution forward that does something to protect care for people in the 14th District. Not only are these ACA plans more expensive, but insurers are seriously restricting choice to control escalating costs, refusing coverage for some of the best doctors and hospitals in northern Illinois. Thousands of individuals and families can no longer go to their trusted doctors or get care at their nearest hospital.  I have said repeatedly I will ensure people with pre-existing conditions are protected. Under the American Health Care Act (AHCA), insurance companies can never deny someone coverage based on pre-existing conditions. This legislation requires a state to meet very specific requirements if it chooses a waiver to deliver health care that is better tailored to the needs of its population. What people are forgetting is that this much criticized provision is similar to the State Innovation Waivers already granted by standing ACA law. The AHCA provides several layers of protections for individuals with pre-existing conditions in states that get an approved waiver, with rules in place to make sure those individuals have help affording their premiums and that they maintain continuous coverage to keep their costs down. No one can be charged more if they maintain continuous coverage. Today the House also passed H.R. 2192, which applies state waiver rules to Congress and congressional staff.  The AHCA also increases plan and network choice by encouraging states to use federal funds to promote participation in private insurance outside failing ACA exchanges, encourages Americans to take advantage of preventive care services and reduces costs in the individual market that have increased dramatically since the ACA took effect.  This bill is not the final product—it is not law. It is simply one solution that offers a way out of the restrictive, costly and unsustainable ACA and moves deliberations to the Senate for consideration. I have faith that the Senate will keep their eyes on what matters most for residents of Illinois, including improving access to affordable coverage and high-quality care regardless of health status, income or age. I look forward to working with my Senate colleagues and the Trump administration to improve this legislation on the road ahead.","2017-05-04T18:27:45+0000","status",NA,"186221644739359_1639696249391884",NA,184,1568,91
"186221644739359","Congressman Randy Hultgren","Today, I could not in good conscience vote for the massive $1.1 trillion spending bill with little reforms or reductions to the spending of taxpayer dollars. It does nothing to reverse the growth of our national debt now nearing $20 trillion. Another continuing resolution moves us farther from regular order and the path of meaningful debt reduction. It doesn’t follow through on the promises we made to Americans calling for a change in direction.  Our constituents, our kids and our grandkids deserve better.","2017-05-03T21:01:54+0000","status",NA,"186221644739359_1638812022813640",NA,216,403,13
"186221644739359","Congressman Randy Hultgren","Lots happening this week, including our consideration today of the Financial #CHOICEact in the House Committee on Financial Services. It creates more opportunities for Main Street and ends bailouts for Wall Street.","2017-05-02T13:48:09+0000","video","https://www.facebook.com/RepHultgren/videos/1637196116308564/","186221644739359_1637196116308564",NA,30,117,24
"186221644739359","Congressman Randy Hultgren","Best of luck to all Illinois students and teams as they head to this year's FIRST Robotics World Championships in St. Louis! #STEM #omgrobots","2017-04-26T13:02:50+0000","link","https://www.firstchampionship.org/","186221644739359_1630623780299131",NA,48,38,1
"186221644739359","Congressman Randy Hultgren","Russia’s overt external aggression against countries such as Ukraine, its support for the Assad regime in Syria, and its efforts to disrupt western democracies are made possible by the internal repression of its own people.  Looking forward to joining my fellow commissioners tomorrow in closely examining Russia's human rights record. Tune in.","2017-04-25T18:24:00+0000","link","https://www.csce.gov/international-impact/press-and-media/press-releases/human-rights-abuses-russia-focus-upcoming","186221644739359_1629572360404273","Congressman Randy Hultgren at U.S. Helsinki Commission.",24,58,2
"186221644739359","Congressman Randy Hultgren","On Saturday, the #STEMScholars and I experienced the KEC - Kishwaukee Education Consortium High School Aviation Program firsthand at DeKalb Taylor Municipal Airport. The program is a model for getting high school students excited and engaged in the aviation careers.  We learned about aeronautics and the power of flight, new technologies in aviation and tackled their on-sight flight simulators. Several students that have graduated from this program have gone on to the air force academy or have become commercial pilots, air traffic controllers, aviation mechanics, airport managers or flight instructors. I hope to see #IL14 high school students pursue the many opportunities in this exciting STEM (science, technology, engineering, math) field.  READ about our day here: http://hultgren.house.gov/newsroom/press-releases/stem-scholars-take-simulated-flight-at-dekalb-airport","2017-04-25T13:50:40+0000","photo","https://www.facebook.com/RepHultgren/photos/a.204395242921999.56263.186221644739359/1629417947086381/?type=3","186221644739359_1629418883752954","Congressman Randy Hultgren added 13 new photos.",23,19,3
"186221644739359","Congressman Randy Hultgren","Great turnout for Service Academy Day! (~200 attendees). Missed it? Here's all the info: http://hultgren.house.gov/serving-you/service-academy-nominations","2017-04-24T14:08:58+0000","photo","https://www.facebook.com/RepHultgren/photos/a.204395242921999.56263.186221644739359/1627945073900335/?type=3","186221644739359_1627945073900335","Congressman Randy Hultgren at St. Charles East High School.",24,13,1
"186221644739359","Congressman Randy Hultgren","Thank you all for participating at last night's event! Click to read how it went.","2017-04-19T13:13:05+0000","link","http://www.dailyherald.com/news/20170418/rep-randy-hultgren-gets-jeers-cheers-at-st-charles-forum","186221644739359_1621486104546232",NA,78,77,17
"186221644739359","Congressman Randy Hultgren","Forcing vulnerable children to pick up guns, to kill and to die for others is the most heinous of human rights abuses, and governments must be held accountable.","2017-04-18T14:08:43+0000","link","http://hultgren.house.gov/newsroom/press-releases/hultgren-cosponsors-bipartisan-bill-to-prevent-recruitment-of-child-soldiers","186221644739359_1620125738015602",NA,36,34,2
"186221644739359","Congressman Randy Hultgren","I will be joining a public question-and-answer session hosted by the League of Women Voters at the Arcada Theatre in St. Charles on Tuesday, April 18. Doors open at 6:30 p.m., and the event begins at 7:00 p.m.  I enjoy engaging with constituents to tackle the key issues and challenges of our communities and nation. Many have enjoyed and benefitted from a variety of formats of engagement, including my Coffees with the Congressman, constituent 1-1 meetings, Congressional Conference Calls, Community Leadership Forums and on-site meetings with local small businesses, hospitals, churches, municipalities, county governments, schools, non-profit organizations and more.  I appreciate this invitation from the League of Women Voters and look forward to joining this question-and-answer session to again hear from constituents who live in the 14th District on the issues that are on their minds, and to let them know how I’m working for them in Congress.","2017-04-14T15:29:26+0000","link","http://hultgren.house.gov/newsroom/press-releases/advisory-hultgren-to-join-q-and-a-event-hosted-by-league-of-women-voters","186221644739359_1615075195187323",NA,63,59,48
"186221644739359","Congressman Randy Hultgren","States—not the federal government—should decide where family planning funding should go to best serve the needs of their population. The more than 650 federally qualified health centers in Illinois are uniquely positioned to provide comprehensive health care, especially to women and children.  I’m pleased the President reversed this last-minute rule implemented in the final days of the previous administration.","2017-04-13T20:59:00+0000","link","http://www.upi.com/Top_News/US/2017/04/13/Trump-signs-bill-allowing-states-to-cut-funding-to-abortion-providers/2041492102604/","186221644739359_1614060708622105",NA,86,157,15
"186221644739359","Congressman Randy Hultgren","Fighting human trafficking here requires everyone to be on watch for suspicious activity--students, teachers, hotel workers, truck drivers, law enforcement and you. When up to 25,000 women and girls in Chicagoland are trafficked each year, we can't be complacent. I'm hugely encouraged by the drive and commitment of West Chicago Community High School students to get involved in this issue.","2017-04-13T18:26:33+0000","photo","https://www.facebook.com/RepHultgren/photos/a.204395242921999.56263.186221644739359/1614036268624549/?type=3","186221644739359_1614036268624549","Congressman Randy Hultgren at West Chicago Community High School.",44,18,6
"186221644739359","Congressman Randy Hultgren","It can be difficult for rural Illinoisans to open up a bank account if they live far from a brick-and-mortar branch. The MOBILE Act helps consumers send in a photo of their state ID for verification, while ensuring fraud protection.  Let's get this passed.","2017-04-13T15:22:44+0000","link","http://hultgren.house.gov/newsroom/press-releases/hultgren-sponsors-bipartisan-bill-to-expand-banking-access-in-rural-illinois","186221644739359_1613850388643137",NA,19,25,3
"186221644739359","Congressman Randy Hultgren","Neil Gorsuch is a strong constitutional defender, and will be an excellent addition to the Supreme Court. It is time to restore trust in the Supreme Court through a proper interpretation of the U.S. Constitution and a return to the consistent rule of law. I look forward to Justice Gorsuch’s work with his colleagues on the Court as he carries out his oath to ""faithfully and impartially discharge and perform all the duties…under the Constitution and laws of the United States.""","2017-04-07T17:30:00+0000","link","http://www.chicagotribune.com/news/local/politics/ct-durbin-duckworth-vote-neil-gorsuch-0407-met-20170407-story.html","186221644739359_1605352182826291",NA,117,143,11
"186221644739359","Congressman Randy Hultgren","I condemn Syrian President Bashar al-Assad’s heinous use of chemical weapons against innocent civilians, including children who were left dead, maimed and gasping for air. His wicked actions are a blatant violation of his agreement to dismantle Syria’s chemical weapons arsenal—and they have consequences. The U.S. response was measured, targeted and directed at the military installation from which Assad’s chemical attacks originated. Any further military response should be reviewed by Congress.   Clearly, the 2013 Framework for Elimination of Syrian Chemical Weapons agreed upon by the United States and the Russian Federation, with Syria’s cooperation, has been violated. Investigators charged with monitoring that agreement—and Russia, for that matter—need to provide answers for why it has failed, and what they will do to ensure compliance going forward.   The Syrian civil conflict has resulted in unbelievable carnage, human rights violations and suffering—it must come to an end. There are no easy solutions, but Assad must be held accountable, and his victims must have justice.","2017-04-07T16:38:26+0000","status",NA,"186221644739359_1605341086160734",NA,64,64,7
"186221644739359","Congressman Randy Hultgren","...the Caterpillar plant, which once employed as many as 6,000 people, has been a key part in the growth and development of Kendall County and the surrounding towns since the 1950s.  ""Kendall County and the surrounding communities still hold on to that character,"" the letter said.","2017-04-06T21:14:44+0000","link","http://www.chicagotribune.com/suburbs/aurora-beacon-news/news/ct-abn-caterpillar-letter-st-0407-20170406-story.html","186221644739359_1604366392924870",NA,23,28,4
"186221644739359","Congressman Randy Hultgren","I am concerned at the muted attention the administration has given so far on human rights—from the downplayed release of the State Department’s human rights report to excluding vital human rights discussions with Egypt’s President Sisi this week to neglecting a full response to the human rights violations demonstrated in the chemical weapons attack in Syria. We cannot sit on the sidelines.  Universal human dignity isn’t up for debate. Protecting and advocating for human rights should be at the heart of any foreign policy negotiation and discussion. Promoting trade and economic and military cooperation are all essential to America's future—but these mean little if we ignore the people in countries around the world who are suffering at the hands of their own governments and their rights are being abused.  With Chinese President Xi Jinping in town this week, I hope the administration steps up and condemns the ongoing human rights abuses in that nation which are clear and well-documented. I know President Trump wants America to remain strong—we remain strong when our values are upheld around the world, and when leaders understand we are serious when it comes to defending human rights across any border. We must speak truth to power.","2017-04-05T16:51:34+0000","status",NA,"186221644739359_1602703509757825",NA,103,80,5
"186221644739359","Congressman Randy Hultgren","In light of the announcement that Caterpillar Inc. will be closing its Aurora manufacturing plant and dislocating 800 area jobs, Scott Gryder - Kendall County Board District 2 and I sent a letter to Caterpillar CEO Jim Umpleby urging him to work with our community on taking care of the employees, their families and the future of the facility.  READ the full letter here: http://hultgren.house.gov/newsroom/press-releases/hultgren-local-officials-urge-caterpillar-to-work-with-community-following","2017-04-05T14:23:31+0000","photo","https://www.facebook.com/RepHultgren/photos/a.204395242921999.56263.186221644739359/1602555326439310/?type=3","186221644739359_1602557256439117","Congressman Randy Hultgren added 2 new photos.",24,21,2
"186221644739359","Congressman Randy Hultgren","China’s harsh restrictions surrounding Tibet are well-known. With Xi Jinping in country this week, I joined Senator Marco Rubio, Senator Tammy Baldwin and fellow Tom Lantos Human Rights Commission co-chair Congressman Jim McGovern to introduce the Reciprocal Access to Tibet Act. It remains unacceptable for China’s officials to enjoy access throughout the United States, while our own diplomats, journalists and Tibetan-Americans are restricted from visiting Tibet. It’s time to end the double standard.","2017-04-05T00:24:00+0000","link","http://hultgren.house.gov/newsroom/press-releases/hultgren-rubio-baldwin-mcgovern-introduce-bipartisan-bill-to-hold-china","186221644739359_1601658696528973",NA,29,26,3
"186221644739359","Congressman Randy Hultgren","I am greatly pleased the House today voted 331-87 to pass my bill the Encouraging Employee Ownership Act (EEOA), H.R. 1343, which aims to open up more opportunities for employees to share a stake in the companies they work for every day.  Democrats and Republicans agree: we should applaud employee ownership from the board room to the shop floor!","2017-04-04T21:14:11+0000","link","http://hultgren.house.gov/newsroom/press-releases/house-passes-hultgren-bill-to-expand-company-ownership-for-hardworking","186221644739359_1601609953200514",NA,70,16,4
"186221644739359","Congressman Randy Hultgren","High school students: it's that time of year again. Get your stellar entries in soon for the Congressional Art Competition.  Details and updated dimensions information available here: http://hultgren.house.gov/newsroom/press-releases/hultgren-announces-2017-congressional-art-competition","2017-04-04T14:27:06+0000","photo","https://www.facebook.com/RepHultgren/photos/a.204395242921999.56263.186221644739359/1601155516579291/?type=3","186221644739359_1601155516579291",NA,18,24,4
"186221644739359","Congressman Randy Hultgren","42 community banks and 106 credit unions in Illinois have closed since Dodd-Frank was signed into law in 2010. Too often, Washington bureaucrats have forced these institutions, which did not cause the recent financial crisis, into a one-size-fits all model of lending.  Illinois consumers and small businesses are hurt the most by losing access to their local trusted financial institutions. Click to learn what we're doing in this House Committee on Financial Services to help.","2017-04-03T18:47:34+0000","link","http://ilnews.org/news/economy/illinois-community-banks-hoping-for-dodd-frank-rollback/article_4913a4f2-1874-11e7-b40f-6365a58394c7.html","186221644739359_1600101720018004","Congressman Randy Hultgren shared Illinois News Network's post.",37,85,0
"186221644739359","Congressman Randy Hultgren","This is extremely disappointing news for the 800 workers and their families in and around Aurora. Caterpillar Inc.'s facility has been an integral part of the surrounding communities since the 1950s. We are urging Caterpillar to join us to ensure our workforce and community have opportunities in place before the manufacturing lines in Aurora are shut down.","2017-04-01T16:43:15+0000","link","http://www.chicagotribune.com/business/ct-caterpillar-aurora-closing-0401-biz-20170331-story.html","186221644739359_1597230010305175",NA,11,47,7
"186221644739359","Congressman Randy Hultgren","Successful employers enable successful communities. Manufacturing means jobs, which is why we must continue to support our local businesses and ensure they have the flexibility and access to capital that can help them thrive and expand.","2017-03-30T13:04:59+0000","link","http://www.kendallcountynow.com/2017/03/24/gryder-hultgren-visit-local-manufacturers/ave01l9/","186221644739359_1594648953896614",NA,18,31,3
"186221644739359","Congressman Randy Hultgren","I am strongly committed to protecting the privacy of Americans using the internet. There’s been much discussion and confusion about S.J.Res. 34 which passed the House this week and reverses a recent Federal Communications Commission (FCC) regulation on internet privacy.  When this regulation was promulgated the FCC claimed that the rules would provide broadband customers meaningful choice, greater transparency and strong security protections for their personal information collected by Internet Service Providers (ISPs). ISPs only include a designated number of providers. As these ISPs do not have unique or complete access to consumers’ online activity, the FCC rules arbitrarily treat ISPs differently from the rest of the internet. The most popular search engines like Google and Microsoft’s Bing, as well as third-party companies, were carved out, creating a false sense of privacy that simply doesn’t exist. This left a vast majority of consumer information unprotected and does a great disservice to consumers. That’s why I supported reversing this rule.  I believe the Federal Trade Commission (FTC), which has been focused on protecting consumers since the 1970s, should maintain its jurisdiction over this area. In a bid to expand its own power, the FCC stripped the FTC of its jurisdictional authority and reclassified ISPs as common carriers. The FCC’s power grab created a dual-track system in which the FCC applies its own set of rules for ISPs while the FTC monitors the rest of the internet ecosystem. The FTC has been the “cop on the beat” for decades and the FCC’s decision abandoned a bipartisan privacy protection system to advance its own political clout.  Contrary to some reports, personal health and financial information are already protected under existing regulatory regimes created by the Gramm Leach Biley Act and the Health Insurance Portability and Accountability Act. The FCC’s rule did nothing to expand these protections. Reversing the rule did nothing to diminish them.  Reversing the FCC’s overreaching regulation puts all segments of the internet on equal footing and moves consumer privacy protection back to the FTC where it is best housed. American consumers will be once again provided with a consistent set of privacy rules.","2017-03-29T21:50:28+0000","status",NA,"186221644739359_1593989490629227",NA,47,181,32
"186221644739359","Congressman Randy Hultgren","Join Rep. Peter Roskam, representatives from our five service academies and me to learn about this educational and career opportunity. Service Academy Day provides interested families with essential information as they consider serving our country through military service. (Click for more information)","2017-03-29T13:58:47+0000","link","http://hultgren.house.gov/newsroom/press-releases/hultgren-roskam-to-host-service-academy-day-on-april-22","186221644739359_1593640680664108",NA,19,28,9
"186221644739359","Congressman Randy Hultgren","Beautiful submission from a Geneva resident for my ongoing Facebook photo contest.  Enter here: http://hultgren.house.gov/facebook-cover-photo","2017-03-28T17:43:58+0000","photo","https://www.facebook.com/RepHultgren/photos/a.386438801384308.101174.186221644739359/1592843397410503/?type=3","186221644739359_1592843510743825","Congressman Randy Hultgren updated their cover photo.",43,44,3
"186221644739359","Congressman Randy Hultgren","I have heard loud and clear from thousands of my constituents that they want a healthcare system that is more affordable and works for them. I had great concerns about this bill, and expressed many of those to Speaker Ryan and House leadership. But maintaining the status quo is simply unacceptable. Too many are paying monthly premiums higher than their mortgage. Too many Medicaid recipients who need care can't gain access to a primary care doctor. Too many only have one insurer providing one plan in their area. That is wrong.  Doing nothing isn't an option. We must take steps toward real healthcare reform that will benefit Illinois. If the answer isn't this proposal, then we must return to the drawing board, hold extensive hearings and figure out a different way forward.","2017-03-24T20:33:52+0000","status",NA,"186221644739359_1588431471185029",NA,251,340,26
"186221644739359","Congressman Randy Hultgren","Both my Campton Hills and Washington, D.C. offices are experiencing a high volume of calls right now. My staff is working hard to answer the phones. But I still want to hear from you! Please email me your thoughts: https://hultgren.house.gov/contact/email-randy","2017-03-24T14:49:20+0000","link","https://hultgren.house.gov/contact/email-randy","186221644739359_1588142707880572",NA,65,108,24
"186221644739359","Congressman Randy Hultgren","I sent a letter to Speaker Ryan yesterday urging House leadership to ""seriously consider including provisions"" to the American Health Care Act as it moves through the legislative process ""that would put fairness and parity into the Medicaid formula that underpins funding to states."" I'm also urging them to make ""broader structural reforms to Medicaid that are fair for recipients a top priority.” Click to read the letter.","2017-03-22T16:03:54+0000","link","http://hultgren.house.gov/newsroom/press-releases/hultgren-to-speaker-ryan-new-medicaid-formula-will-hurt-illinois","186221644739359_1585998278095015",NA,77,361,26
"186221644739359","Congressman Randy Hultgren","USA TODAY highlighted my bill to lower tax rates on ""smaller companies that employ nearly half of non-public sector American workers."" I look forward to Bring Small Businesses Back Tax Reform Act being included as we move toward comprehensive tax reform. Take a look!","2017-03-21T17:27:13+0000","link","http://www.usatoday.com/story/money/2017/03/16/small-firms-seek-level-playing-field-tax-reform/99206114/","186221644739359_1584920928202750",NA,43,41,1
"186221644739359","Congressman Randy Hultgren","Good hands-on meeting this week with the Farm Credit Council Board advocating for rural America and agricultural producers. With the Farm Bill up for reauthorization, it is important Illinois borrowers have access to affordable capital. #thankafarmer","2017-03-17T19:16:14+0000","photo","https://www.facebook.com/RepHultgren/photos/a.204395242921999.56263.186221644739359/1580826808612162/?type=3","186221644739359_1580827121945464","Congressman Randy Hultgren added 3 new photos.",23,42,2
"186221644739359","Congressman Randy Hultgren","Help my staff and me serve the 14th District this summer. Details inside!","2017-03-17T15:10:35+0000","link","http://hultgren.house.gov/newsroom/press-releases/hultgren-accepting-intern-applications-for-summer-2017","186221644739359_1580653015296208",NA,51,32,15
"186221644739359","Congressman Randy Hultgren","America’s veterans deserve the highest quality medical care possible. The vast majority of employees at VA are honest and hardworking, and it’s unfair to the good employees when VA refuses to or cannot hold bad actors accountable. This bill will ensure these bad actors are accountable while improving and keeping intact important whistleblower protections.","2017-03-16T20:38:37+0000","photo","https://www.facebook.com/RepHultgren/photos/a.204395242921999.56263.186221644739359/1579939198700923/?type=3","186221644739359_1579939198700923",NA,30,32,8
"186221644739359","Congressman Randy Hultgren","Fraudsters like Bernie Madoff have fooled major U.S. regulators because many are still using 1930s pen and paper technology to fight 21st century problems. We need regulators to use searchable, open data to improve transparency and reduce the time consumers and businesses spend each year on unnecessary paperwork. #TransparencyAct","2017-03-16T18:23:15+0000","link","http://hultgren.house.gov/newsroom/press-releases/hultgren-supports-financial-transparency-act","186221644739359_1579845782043598",NA,27,34,4
"186221644739359","Congressman Randy Hultgren","At midnight, the federal government will hit its debt ceiling. With spending continuing to spiral out of control, deficits projected to grow, and the national debt on target to hit $30 trillion in ten years, it’s time for Washington to bring its fiscal house in order.","2017-03-15T22:30:00+0000","video","https://www.facebook.com/RepHultgren/videos/1579058685455641/","186221644739359_1579058685455641",NA,45,71,7
"186221644739359","Congressman Randy Hultgren","I am proud to cosponsor the Blue Water Navy Vietnam Veterans Act (H.R. 299) to ensure that our brave Vietnam #veterans get the healthcare that they need to treat Agent Orange-linked diseases. In addition, this week the House will be voting on several pieces of legislation to improve accountability and the effectiveness of the VA to serve our veterans.  ICYMI, we tackled VA healthcare/benefits issues at the recent forum at the American Legion: http://www.kendallcountynow.com/2017/03/06/sandwich-vfw-commander-shares-concerns-at-veterans-forum/ay4f4r4/","2017-03-15T18:04:04+0000","photo","https://www.facebook.com/RepHultgren/photos/a.204395242921999.56263.186221644739359/1578927555468754/?type=3","186221644739359_1578927555468754",NA,39,20,4
"186221644739359","Congressman Randy Hultgren","Took a minute on the House floor to congratulate the Geneva High School girls basketball team for winning the state championship. Go Vikings!","2017-03-10T15:18:00+0000","video","https://www.facebook.com/RepHultgren/videos/1573245826036927/","186221644739359_1573245826036927",NA,69,39,5
"186221644739359","Congressman Randy Hultgren","Illinois small businesses employ>2.4 million workers. When I travel throughout my district, owners tell me that high taxes remain a central obstacle to expanding and hiring. In any comprehensive tax reform, we must #smallbiz the freedom, means and flexibility to expand and create jobs. My bill is a step in that direction.","2017-03-09T19:50:00+0000","link","http://hultgren.house.gov/newsroom/press-releases/hultgren-reintroduces-bring-small-businesses-back-tax-reform-act","186221644739359_1572296372798539",NA,45,41,5
"186221644739359","Congressman Randy Hultgren","156 Members of Congress agree: Municipal bonds are a lifeline to local communities looking to expand a hospital, improve drinking water systems or repair their infrastructure (like St. Charles did with the Red Gate Bridge). These tools of ‘fiscal federalism’ allow municipalities to raise their own funds tax-free, using their own expertise and avoiding the heavy bureaucracy of the federal government. As Congress considers comprehensive tax reform, we should preserve this Main Street financing tool for municipalities intimately connected to the needs of their communities.  (Photo Benesch)","2017-03-09T16:17:11+0000","link","http://hultgren.house.gov/newsroom/press-releases/hultgren-ruppersberger-joined-by-more-than-150-in-bipartisan-effort-to","186221644739359_1572264446135065",NA,20,20,5
"186221644739359","Congressman Randy Hultgren","Raising pay and benefits for the troops and ensuring readiness are key components of this year’s military spending bill which passed the House. I supported it. See comments for more details.","2017-03-09T11:01:45+0000","photo","https://www.facebook.com/RepHultgren/photos/a.204395242921999.56263.186221644739359/1571908452837331/?type=3","186221644739359_1571908452837331",NA,21,27,4
"186221644739359","Congressman Randy Hultgren","Accountability and delays in applications and payments topped the list of concerns I heard from residents and administrators at Heritage Woods of Batavia during my #ImprovingHealthcare work session over the weekend. While Illinois has many challenges, it excels at supportive living and is a model for other states. Supportive living saves money and provides a more individualized kind of care for our seniors. Our seniors deserve respectful and dignified living situations.  Concerns mentioned that I am committed to addressing:  -Accountability: What does Illinois do with the federal money it receives? How and when can providers like Heritage Woods expect to receive their funds from the state?  -Delays: Applications sent to the Centers for Medicare and Medicaid Services are to be approved within 45 days. Yet often this stretches out months. Payments to doctors are way behind as well. We can't have patients left in a state of limbo before getting the care they need.  In any Affordable Care Act/ACA/Obamacare replacement plan, I will fight to ensure Medicare is protected and preserved for our seniors, and I will continue to uphold my promise to maintain traditional Medicare as an option for seniors and oppose any changes to beneficiaries 55 years or older.","2017-03-08T19:01:13+0000","photo","https://www.facebook.com/RepHultgren/photos/a.204395242921999.56263.186221644739359/1571117822916394/?type=3","186221644739359_1571120472916129","Congressman Randy Hultgren added 3 new photos.",29,37,3
"186221644739359","Congressman Randy Hultgren","Lots happening this week, but wanted to let you know I have reintroduced the bipartisan Encouraging Employee Ownership Act. This bill would open up more opportunities for employees to be rewarded for pouring sweat into their jobs every day.  We should be applauding employee ownership in businesses from the board room to the shop floor. Learn more at the link below.","2017-03-07T15:09:36+0000","link","http://hultgren.house.gov/newsroom/press-releases/hultgren-reintroduces-encouraging-employee-ownership-act","186221644739359_1569725849722258",NA,18,53,5
"186221644739359","Congressman Randy Hultgren","On my #ImprovingHealthcare work session over the weekend, I met with Bob Tanner, President and CEO of Greater Elgin Family Care Center, whose network serves more than 11,000 patients from its two #IL14 clinics. Federally Qualified Health Centers (FQHC) like Family Health in Sycamore provide care for our communities, including our most needy residents on Medicaid. And they are working on expanding their geographic footprint and the services they provide which include well child care, physicals and immunizations, chronic disease management, free pregnancy testing, preventive care services, diagnostic testing, behavioral health and prenatal care, among others.  I have supported annual appropriations and Medicaid reimbursements to ensure these health centers are adequately funded to ensure continued care.","2017-03-06T20:42:34+0000","photo","https://www.facebook.com/RepHultgren/photos/a.204395242921999.56263.186221644739359/1568950813133095/?type=3","186221644739359_1568951046466405","Congressman Randy Hultgren added 2 new photos.",20,41,4
"186221644739359","Congressman Randy Hultgren","The federal government omits the APR when presenting the cost of a loan to young borrowers and families. That's not transparent and does families a gross disservice as they make plans for future payments. Students and families deserve all the facts when borrowing for school.  Learn more about my bipartisan legislation via the link.","2017-03-06T17:18:36+0000","link","http://hultgren.house.gov/newsroom/press-releases/give-students-and-families-all-the-facts-with-the-transparency-in-student","186221644739359_1568795576481952",NA,26,29,1
"186221644739359","Congressman Randy Hultgren","Packed house! At the Veterans Assistance Commission of Kane County forum, our veterans and their families raised concerns about the distance required to travel to VA clinics, denied benefits, claims backlogs and more. It's time to go above and beyond what's needed to serve the brave women and men who have served our country.  I was honored to be joined by Hughes Turner of the VA Regional office (Chicago), Dr. Steve Braverman Edward Hines, Jr. VA hospital and Jake Zimmerman of the Kane VAC.","2017-03-05T13:17:12+0000","photo","https://www.facebook.com/RepHultgren/photos/a.204395242921999.56263.186221644739359/1567592156602294/?type=3","186221644739359_1567595843268592","Congressman Randy Hultgren added 4 new photos.",35,29,2
"186221644739359","Congressman Randy Hultgren","A son heading off to college almost didn't make the first day because of IRS delays. My office pushed for their refund check, and it came just in time. #CaseClosed  I take great joy in the less-well-known but extremely important part of my job: helping many #IL14 residents navigate the confusing and often inept federal bureaucracy.","2017-03-04T15:38:01+0000","photo","https://www.facebook.com/RepHultgren/photos/a.204395242921999.56263.186221644739359/1565744870120356/?type=3","186221644739359_1565744870120356",NA,47,39,3
"186221644739359","Congressman Randy Hultgren","Great read on mHUB Chicago, the city's newest manufacturing incubator, which connects industry, academia, the non-profit sector and government to help educate the workforce of tomorrow. mHUB’s mission is to create a vibrant, inventive community that will create breakthrough products and boost the local economy.  It was funded through legislation I helped reauthorize, the Regional Innovation Program.","2017-03-03T16:12:44+0000","link","http://www.istcoalition.org/blog/inside-mhub-chicagos-newest-manufacturing-incubator/","186221644739359_1565642566797253",NA,18,22,1
"186221644739359","Congressman Randy Hultgren","I came out of tonight's bold, positive speech encouraged by a bipartisan call to work together to tackle our nation's challenges. #JointAddress","2017-03-01T04:02:18+0000","video","https://www.facebook.com/RepHultgren/videos/1563068783721298/","186221644739359_1563068783721298",NA,207,146,20
"186221644739359","Congressman Randy Hultgren","Anticipating the President's #jointaddress to Congress tonight. Stay tuned for my thoughts post-speech. Feel free to leave yours here: What issues and topics do you hope he addresses tonight?","2017-02-28T20:36:01+0000","photo","https://www.facebook.com/RepHultgren/photos/a.204395242921999.56263.186221644739359/1562746307086879/?type=3","186221644739359_1562746307086879",NA,25,100,6
"186221644739359","Congressman Randy Hultgren","Every time I visit one of the many flourishing manufacturers in the 14th District, I am amazed by the innovation that’s taking place right here in Illinois. Aurora Specialty Textiles Group, Inc. has a rich history of manufacturing and continued job creation and expansion in the Yorkville area. We must continue to support our manufacturers and their ability to expand and hire more workers through smart legislation.","2017-02-23T20:12:00+0000","link","http://www.kendallcountynow.com/2017/02/17/rep-hultgren-visits-aurora-textiles-plant-in-yorkville/aj65x8k/","186221644739359_1556274271067416",NA,48,102,7
"186221644739359","Congressman Randy Hultgren","I'm answering your most pressing healthcare questions from your recent phone calls, emails and meetings with me. Take a look.","2017-02-22T21:29:09+0000","video","https://www.facebook.com/RepHultgren/videos/1556274761067367/","186221644739359_1556274761067367",NA,79,295,52
"186221644739359","Congressman Randy Hultgren","The word is getting out—coding jobs are growing: “The national average salary for IT jobs is about $81,000...the field is set to expand by 12 percent from 2014 to 2024, faster than most other occupations. Across the country, people are seizing this opportunity, particularly in states hit hardest by deindustrialization.”   And guess what, Silicon Valley only employs 8% of coders.  #STEM","2017-02-21T23:03:00+0000","link","https://www.wired.com/2017/02/programming-is-the-new-blue-collar-job/","186221644739359_1555425751152268",NA,47,61,18
"186221644739359","Congressman Randy Hultgren","I look forward to joining our local veterans, their families and key representatives from the VA at a March 3rd forum to discuss and address ongoing issues and concerns with VA healthcare, disability, pensions, survivor’s benefits, job-seeking assistance and other services for veterans.","2017-02-21T18:24:18+0000","link","http://hultgren.house.gov/newsroom/press-releases/hultgren-to-join-veterans-forum-at-geneva-american-legion","186221644739359_1555257354502441",NA,43,47,23
"186221644739359","Congressman Randy Hultgren","Happy Presidents' Day! Here is one of the many excellent statements made by our first president:  ""Your love of liberty - your respect for the laws - your habits of industry - and your practice of the moral and religious obligations, are the strongest claims to national and individual happiness."" --George Washington, Letter, October 27, 1789","2017-02-20T13:12:05+0000","photo","https://www.facebook.com/RepHultgren/photos/a.204395242921999.56263.186221644739359/1554025357958974/?type=3","186221644739359_1554025357958974",NA,48,62,8
"186221644739359","Congressman Randy Hultgren","A son of Illinois and a war hero who landed at Utah Beach on D-Day, Bob was a giant in public service for decades. He will be missed, and I join with his family in mourning their loss and celebrating his rich life.","2017-02-17T19:40:03+0000","link","http://www.chicagotribune.com/news/obituaries/ct-bob-michel-dead-20170217-story.html","186221644739359_1550980698263440",NA,25,8,1
"186221644739359","Congressman Randy Hultgren","Manufacturing facilities employ more than 27,000 workers across our district, and they are ready for the challenge of increasing engagement in our global and technology-based economy. My bipartisan, bicameral bill updates decades-old policies governing a key tool that manufacturers use to expand operations and hire more workers. Let's get this into law!","2017-02-17T18:58:00+0000","link","http://hultgren.house.gov/newsroom/press-releases/hultgren-reintroduces-legislation-to-modernize-manufacturing-bonds-to-0","186221644739359_1550949864933190",NA,27,31,1
"186221644739359","Congressman Randy Hultgren","I was extremely disturbed by the actions of National Security Advisor Flynn—he had to go. His misleading statements to Vice President Pence compromised the trust required of someone serving in such a critical position, undermining his ability to perform his job effectively. I remain very concerned over accusations of Russian involvement and interference in American affairs. We cannot and will not let this stand, and I will be actively working with my colleagues in Congress to look into this matter thoroughly.","2017-02-16T17:03:15+0000","status",NA,"186221644739359_1549433421751501",NA,195,175,19
"186221644739359","Congressman Randy Hultgren","Our community college presidents know that we must put students first, and that includes ensuring adequate funding as they focus on workforce training. I was very glad to host more members of my Higher Education Advisory Committee in Washington, including Presidents Jerry Weber of College of Lake County, Dr. Christine Sobek of Waubonsee Community College and Dr. Ann Rondeau of College of DuPage, as well as several trustees from each.","2017-02-16T15:49:59+0000","photo","https://www.facebook.com/RepHultgren/photos/a.204395242921999.56263.186221644739359/1549356278425882/?type=3","186221644739359_1549356568425853","Congressman Randy Hultgren added 3 new photos.",26,24,3
"186221644739359","Congressman Randy Hultgren","Hey China, it's time to free democracy activist Zhu Yufu from his unjust imprisonment, it's time to free the hundreds of others just like him, and it's time to support fundamental freedoms of thought and belief.   cc: Tom Lantos Human Rights Commission, United States Commission on International Religious Freedom, Amnesty International USA, Congressional-Executive Commission on China","2017-02-15T20:50:10+0000","video","https://www.facebook.com/RepHultgren/videos/1548380471856796/","186221644739359_1548380471856796",NA,57,49,2
"186221644739359","Congressman Randy Hultgren","New report--> Our community has made some good progress fighting the heroin and opioid plague since our Community Leadership Forum in 2014, but more work needs to be done. Last summer I brought together issue and patient advocates, law enforcement, treatment centers and government officials.  Click to learn where we are, what’s working and where we go from here.","2017-02-15T17:07:37+0000","link","http://hultgren.house.gov/heroin","186221644739359_1548161571878686",NA,23,43,4
"186221644739359","Congressman Randy Hultgren","Our community colleges are essential training grounds for our future workers in digital manufacturing, nursing, construction, aerospace, dentistry, computing programming and much more. Representatives from Joliet Junior College and Elgin Community College—members of my Higher Education Advisory Committee—visited my office to discuss key programs including Pell grants, Perkins Loans, and MAP grants.","2017-02-14T22:30:00+0000","photo","https://www.facebook.com/RepHultgren/photos/a.204395242921999.56263.186221644739359/1547417088619801/?type=3","186221644739359_1547417855286391","Congressman Randy Hultgren added 2 new photos.",44,49,3
"186221644739359","Congressman Randy Hultgren","Visiting the DMDII digital manufacturing institute with our #STEMScholars was exciting and inspiring. Click to learn more about this state-of-the-art facility pushing the boundaries of manufacturing careers.  We learned: • Digital manufacturing is breaking outdated stereotypes. It is occurring in safer, cleaner, state-of-the art facilities. • Running digital simulations before production is saving time and money in the manufacturing process. • Minute surface digital fingerprinting allows manufacturers to keep track of parts in the field • Visual light guided assembly is helping to retrain the workforce and reduce errors in the assembly process. • Portable technology aids, such as tablets and live feeds, are used by technicians to repair equipment and verify services performed.","2017-02-14T19:28:35+0000","link","http://hultgren.house.gov/newsroom/press-releases/hultgren-stem-scholars-inspired-at-digital-manufacturing-institute-in","186221644739359_1547350761959767",NA,25,22,5
"186221644739359","Congressman Randy Hultgren","Transportation and infrastructure were big topics at my Mayor's Breakfast today featuring local leaders from across the 14th District. Their much-needed guidance and experience helps me serve our communities in Congress.   Discussion included: How do we support regional approaches to big projects? How do we reduce wait times to complete needed road and bridge repairs and improvements? How do we find steady funding? #IL14","2017-02-10T16:42:08+0000","photo","https://www.facebook.com/RepHultgren/photos/a.204395242921999.56263.186221644739359/1543424025685774/?type=3","186221644739359_1543425232352320","Congressman Randy Hultgren added 3 new photos.",35,75,3
"186221644739359","Congressman Randy Hultgren","Great coordinated effort by law enforcement, including our own Lake County IL Sheriff's Office:  The annual Super Bowl sex trafficking sting netted a super number of arrests -- 752 -- including 723 sex buyers (“johns”) and 29 pimps or sex traffickers. The operation involved nearly 30 law enforcement agencies around the country, including Cook and Lake Counties.  Cumulative numbers from the nationwide Super Bowl johns operation included: 29 sex trafficking arrests 723 sex solicitation arrests (sex buyers) $1,118,557 in minimum possible fines 86 adult victims recovered 6 juveniles rescued","2017-02-09T18:07:30+0000","link","http://patch.com/illinois/oswego/s/g0yyo/super-bowl-sex-trafficking-sting-snags-more-than-100-arrests-in-illinois","186221644739359_1542403269121183",NA,76,26,13
"186221644739359","Congressman Randy Hultgren","#TBT to another fantastic meeting with my high school #STEMScholars at local employer and innovator Cain Tubular. Did you know a local business contracts with NASA to help launch their RS-25 Rocket Engine? NASA's Space Launch System could carry our astronauts to Mars!  The students and I were very excited to see their work in action.  #NASA #STEM #IL14 #MarsOrBust","2017-02-09T14:49:00+0000","photo","https://www.facebook.com/RepHultgren/photos/a.204395242921999.56263.186221644739359/1541573335870843/?type=3","186221644739359_1541575555870621","Congressman Randy Hultgren added 5 new photos.",32,32,9
"186221644739359","Congressman Randy Hultgren","I have cosponsored H.R. 628, the Guaranteed Health Coverage for Pre-Existing Conditions Act of 2017. Please click to learn more.","2017-02-07T18:15:16+0000","link","http://hultgren.house.gov/newsroom/press-releases/hultgren-supports-bill-to-protect-americans-with-pre-existing-conditions","186221644739359_1540451139316396",NA,176,90,30
"186221644739359","Congressman Randy Hultgren","Did you know: Groundhog Day was filmed in Woodstock, Illinois 25 years ago? A great city to feature!  #HappyGroundhogDay #IL14","2017-02-02T19:17:01+0000","link","http://www.dailyherald.com/article/20170130/news/170139914/","186221644739359_1535060029855507",NA,65,47,13
"186221644739359","Congressman Randy Hultgren","I am deeply honored to help lead a key bipartisan human rights panel in the House. Now more than ever we need Congress to be a strong voice for the vulnerable, oppressed and marginalized everywhere.  The Commission has a fascinating history and is named after the only Holocaust survivor to serve in Congress. Click to learn more.","2017-02-02T14:38:11+0000","link","http://hultgren.house.gov/newsroom/press-releases/hultgren-appointed-as-tom-lantos-human-rights-commission-co-chairman","186221644739359_1534994746528702",NA,77,57,7
"186221644739359","Congressman Randy Hultgren","I commend President Trump for his strong pick for the Supreme Court in Judge Neil Gorsuch. Judge Gorsuch’s demonstrated defense of life and religious liberty is encouraging, and his record shows he is a strong defender of the Constitution.  In 2006, he was confirmed by the Senate to a seat on the Tenth Circuit of Appeals without a single vote of opposition—neither in committee nor in the full chamber. Not a single Democratic Chair or leader opposed him.  I look forward to the Senate vetting and confirming Judge Gorsuch swiftly. Obstructing his confirmation would be partisan politics at its worst.","2017-02-01T15:52:01+0000","status",NA,"186221644739359_1533941409967369",NA,208,205,23
"186221644739359","Congressman Randy Hultgren","Our nation has a strong and principled tradition as a beacon of hope for the vulnerable and oppressed. Given the nature of the threats we face in the 21st century, I believe it is prudent to once again review and strengthen our visa screening processes to ensure those we let into our country have American interests at heart. I believe we can and must continue to strive for that balance of compassion and security.  I have consistently fought for strengthening our security policies. I believe that the vetting within the refugee program is already extensive and thorough—it is currently the most difficult and lengthy process to get into the United States, typically taking 18 months or more for a vulnerable family to survive while they wait approval to enter our country. I expect the rigor of the vetting process to be confirmed during the 120-day review of our current visa policies regarding refugees. I also urge recommendations that will increase collaboration and the sharing of information between our international partners, federal law enforcement agencies and local communities.  Unfortunately, the President's executive order is overly broad and its interpretation has been inconsistent and confused. This has led to unintended consequences, like the barring of legal permanent residents and the rejection of Syrian Christians at the airport, a religious minority that was supposed to be protected by the executive order.  Keeping America First means keeping our principles first—both compassion and security. To remain the world's shining city on a hill and beacon of hope to many, we should have our arms open to those who are fleeing oppression and seeking safety, not turning them away at the door.","2017-01-30T20:46:52+0000","status",NA,"186221644739359_1532064863488357",NA,202,182,38
"186221644739359","Congressman Randy Hultgren","ICYMI: In addition, U.S. Representative Randy Hultgren (IL-14) attended the event to support his son’s 4-H Robotics team, and he spoke to the crowd about the importance of STEM education, opportunities and careers.  “We need to do everything we can to prepare young people to fill these roles,” said Hultgren...“There are amazing opportunities out there in our communities. We are so grateful for 4-H and Extension.”","2017-01-29T16:03:00+0000","link","http://buglenewspapers.com/tri-county-4-h-teams-take-home-awards-life-lessons-from-5th-annual-bridge-bust","186221644739359_1526632634031580",NA,47,85,2
"186221644739359","Congressman Randy Hultgren","What a day! Thousands coming to Washington to stand up for unborn children and their mothers, including Illinois residents from the Rockford Diocese, VP Mike Pence who spoke at the rally, my fellow colleagues in Congress and many more. #WhyWeMarch","2017-01-27T21:17:24+0000","photo","https://www.facebook.com/RepHultgren/photos/a.204395242921999.56263.186221644739359/1529041183790725/?type=3","186221644739359_1529041753790668","Congressman Randy Hultgren added 5 new photos.",186,211,29
"186221644739359","Congressman Randy Hultgren","An exciting, inspiring (windy) day at the The March for Life! #WhyWeMarch","2017-01-27T21:09:14+0000","video","https://www.facebook.com/RepHultgren/videos/1529030767125100/","186221644739359_1529030767125100",NA,202,72,25
"186221644739359","Congressman Randy Hultgren","I want to ensure my constituents in Illinois have affordable access to insurance that minimizes the federal government’s role and taxpayer exposure. This is especially true for the Fox River, Fox Lake, Crystal Lake and other communities which have been prone to flooding. In addition, I want to ensure Illinois continues to have a healthy insurance market that helps families affordably plan for unforeseen life events.  I also believe we need to make long overdue reforms to Fannie and Freddie that ensure affordable access to the housing market without risking taxpayers will be subject to future bailouts. The housing crisis hurt every community across the state of Illinois, and Congress has a responsibility to ensure government enterprises do more good than harm.","2017-01-26T20:10:34+0000","link","http://hultgren.house.gov/newsroom/press-releases/congressman-hultgren-named-to-housing-and-insurance-subcommittee-overseeing","186221644739359_1528019143892929",NA,47,32,8
"186221644739359","Congressman Randy Hultgren","And I'll keep pushing until we make sure countries stop turning a blind eye to policies that encourage the sale of human lives. We've got some real bipartisan momentum this Congress--click to read the Daily Herald story!","2017-01-25T15:56:37+0000","link","http://www.dailyherald.com/article/20170119/news/170118697/","186221644739359_1526635910697919",NA,125,36,17
"186221644739359","Congressman Randy Hultgren","Majorities of Americans—women and men alike—agree that no one should be forced to pay for someone else’s abortion. I'm voting for H.R. 7 today which takes provisions that have had bipartisan support for decades and makes them permanent and government-wide. (My floor statement included in the link)","2017-01-24T19:00:43+0000","link","http://hultgren.house.gov/newsroom/press-releases/hultgren-no-taxpayer-should-be-forced-to-pay-for-abortion","186221644739359_1525491657479011",NA,344,228,36
"186221644739359","Congressman Randy Hultgren","What a view! Humbled and honored to stand here on behalf of the people I represent from the 14th Congressional District, some of whom are here today. #inauguration2017","2017-01-20T16:50:07+0000","photo","https://www.facebook.com/RepHultgren/photos/a.204395242921999.56263.186221644739359/1520645424630301/?type=3","186221644739359_1520645424630301",NA,421,70,6
"186221644739359","Congressman Randy Hultgren","We are used to it happening every 4 or 8 years, but let's never take for granted one of the greatest events in human history:  ""What is most important of this grand experiment, the United States? Not the election of the first president but the election of its second president. The peaceful transition of power is what will separate this country from every other country in the world."" --George Washington","2017-01-20T14:47:25+0000","photo","https://www.facebook.com/CSPAN/photos/a.10150101497660579.303006.21472760578/10155204434120579/?type=3","186221644739359_1520548341306676","Congressman Randy Hultgren shared C-SPAN's post.",66,16,0
"186221644739359","Congressman Randy Hultgren","We're gearing up for #Inauguration2017 as constituents stop by to pick up tickets for the big day tomorrow. Of course, anyone can watch the inauguration from the National Mall. Stop by Rayburn 2455 if you're in the area--we'd love to have you!","2017-01-19T14:54:21+0000","photo","https://www.facebook.com/RepHultgren/photos/a.204395242921999.56263.186221644739359/1519649031396607/?type=3","186221644739359_1519649438063233","Congressman Randy Hultgren added 4 new photos.",87,19,1
"186221644739359","Congressman Randy Hultgren","Worth a read:  In addition, U.S. Rep. Randy Hultgren, R-Plano, attended the event to support his son’s 4-H Robotics team, and he spoke to the crowd about the importance of STEM education, opportunities and careers.   “We need to do everything we can to prepare young people to fill these roles,” said Hultgren, who also is co-chair of the Science, Space and Technology Committee. “There are amazing opportunities out there in our communities. We are so grateful for 4-H and Extension. They are a wonderful resource we should be supporting and taking advantage of.”   “The more we can have these available, the better chance we have to help kids find their passion and encourage them to pursue their dreams,” he added.","2017-01-14T20:13:00+0000","link","http://www.kendallcountynow.com/2017/01/09/kendall-county-teams-earn-top-honors-at-5th-annual-bridge-bust/akpiqhr/?page=1","186221644739359_1512977615397082",NA,33,13,1
"186221644739359","Congressman Randy Hultgren","The ACA was not repealed today, but the vote for budget reconciliation begins the process of replacing the law with more affordable and accessible health care solutions for Americans.  I do not believe in simply repealing the ACA and walking away. If repeal is to happen, I will work with my colleagues to replace the law gradually over time with a system that offers Americans more and better choices for health insurance. Any replacement of the law must improve plan choice, provider choice and affordability for people in the 14th District, or I won’t support it.  Health insurance coverage should be accessible and affordable for all Americans, but Obamacare has delivered on none of these promises. The ACA has created a marketplace with more expensive and fewer insurance options, and fewer doctor and hospital networks for everyone.  Statewide, Illinois residents have had to pay some of the highest premium increases and have faced some of the fewest plan, doctor and hospital options in the country. I have heard countless stories from my constituents who have lost insurance plans, been shut out of doctor networks they rely on for care and faced an effective pay cut with new high-deductible plans. Many in Illinois cannot go to their nearest hospital for care.  I supported this measure because I believe we need to do better by people in Illinois and the 14th District.  Click here to read more of what I want to see in a comprehensive replacement plan (under Principles for Reform): http://hultgren.house.gov/newsroom/press-releases/hultgren-supports-budget-tool-beginning-health-reform-process","2017-01-13T21:18:06+0000","status",NA,"186221644739359_1513264822035028",NA,113,188,25
"186221644739359","Congressman Randy Hultgren","Human trafficking is nothing less than modern day slavery, and the evidence is clear that where markets for commercial sex exist, human trafficking proliferates as well. Tolerating commercial sex means tolerating sex slavery. (click for info)  That's why I am proud to reintroduce my legislation to push nations to clamp down on the demand for commercial sex within their borders. No longer can national governments pay lip service to fighting trafficking but wink at one of its root causes.","2017-01-12T18:20:36+0000","link","http://hultgren.house.gov/newsroom/press-releases/hultgren-reintroduces-bipartisan-bill-to-stifle-demand-for-sex-slavery","186221644739359_1512030718825105",NA,78,15,91
"186221644739359","Congressman Randy Hultgren","Our children and young women are tomorrow’s working Americans, and we need to ensure that they are prepared in order to be successful and have every opportunity available to them. Mentorships with NASA scientists and astronauts are just one way to help do this. #STEM","2017-01-10T21:41:41+0000","link","http://hultgren.house.gov/newsroom/press-releases/inspire-women-act-passage-to-encourage-women-and-girls-to-enter-stem-careers","186221644739359_1509685862392924",NA,33,8,3
"186221644739359","Congressman Randy Hultgren","Today I'm looking forward to passing this legislation again this new Congress. New businesses are responsible for 2 out of 3 new jobs. Early access to capital is key to turning an entrepreneur’s idea into jobs and profits--that's what the HALOS Act is all about.","2017-01-10T17:51:08+0000","link","http://hultgren.house.gov/newsroom/press-releases/hultgren-angel-investors-are-key-to-successful-business-startups","186221644739359_1509522205742623","Congressman Randy Hultgren shared their post.",26,10,0
"186221644739359","Congressman Randy Hultgren","I am honored to be named Vice-Chairman of a key subcommittee on the House Committee on Financial Services. In this leadership position I look forward to continuing the fight for job growth, retirement security and economic opportunity for all.","2017-01-09T15:18:57+0000","link","http://hultgren.house.gov/newsroom/press-releases/congressman-hultgren-elevated-to-leadership-position-on-financial-services","186221644739359_1508421632519347",NA,111,25,5
"186221644739359","Congressman Randy Hultgren","The adventure begins today! Looking forward to a great robotics season for our local teams and #STEMScholars participating in FIRST Robotics competitions. Already planning for the World Championships! #FIRSTchamp #omgrobots #frc #firstrobotics","2017-01-07T13:01:00+0000","photo","https://www.facebook.com/RepHultgren/photos/a.204395242921999.56263.186221644739359/1505867469441430/?type=3","186221644739359_1505867849441392","Congressman Randy Hultgren added 3 new photos.",37,5,1
"186221644739359","Congressman Randy Hultgren","The U.S. Constitution is the road map and rule book for government. Today, Republicans and Democrats are reading through that document that we swore to defend. (Watch to the end to see what section I was privileged to read.)","2017-01-05T17:17:18+0000","video","https://www.facebook.com/RepHultgren/videos/1504666982894812/","186221644739359_1504666982894812","Congressman Randy Hultgren at United States Capitol.",91,47,21
"186221644739359","Congressman Randy Hultgren","Happy New Year and Happy 115th Congress! I'm excited to continue working for you in the House.  Let me know your thoughts about the upcoming year: http://hultgren.house.gov/contact","2017-01-03T17:53:23+0000","photo","https://www.facebook.com/RepHultgren/photos/a.204395242921999.56263.186221644739359/1502749616419882/?type=3","186221644739359_1502749616419882",NA,50,25,3
