"from_id","from_name","message","created_time","type","link","id","story","likes_count","comments_count","shares_count"
"82737208404","John Lewis","I often think of the words of President Kennedy, “One person can make a difference, and everyone should try.”","2017-05-30T15:07:28+0000","status",NA,"82737208404_10155237397413405",NA,2790,63,382
"82737208404","John Lewis","The fight to save Title II Net Neutrality protection is about guaranteeing every citizen’s right to dissent. Never has there been a more important time to guarantee that each voice can freely speak up and speak out. We cannot allow a few powerful companies to control what you see and do on the Internet. During the Civil Rights Movement, we didn’t have a website, we didn’t have a cell phone, or even a fax machine. We used what we had to bring about a nonviolent revolution in America. And there is another revolution coming. We have seen dark days in our democracy, but the path to a brighter future is paved with the protections of a free and open public dialogue. Simply put, attempting to end Title II Net Neutrality protection is wrong. It is yet another attack on those attempting to bring about the beloved community.","2017-05-18T19:42:04+0000","status",NA,"82737208404_10155201661288405","John Lewis updated his status.",1898,52,426
"82737208404","John Lewis","Join me on Monday, May 15th at 5:30pm for a meet and greet at the Georgia International Convention Center.","2017-05-12T18:53:28+0000","link","https://www.eventbrite.com/e/georgias-5th-congressional-district-meet-and-greet-with-john-lewis-tickets-34001221569","82737208404_10155181158318405",NA,1061,56,91
"82737208404","John Lewis","Never have I seen legislative action that reveals such clear disdain for the human dignity of the most vulnerable among us.","2017-05-04T19:52:52+0000","link","https://johnlewis.house.gov/media-center/press-releases/rep-john-lewis-condemns-trumpcare-bill-despicable","82737208404_10155157788663405",NA,10935,449,5135
"82737208404","John Lewis","56 years ago today, I was one of 13 original participants who set out on the Freedom Rides to end segregated buses in America. #goodtrouble","2017-05-04T16:07:54+0000","photo","https://www.facebook.com/RepJohnLewis/photos/a.10150906420278405.438298.82737208404/10155157109048405/?type=3","82737208404_10155157109048405",NA,9310,412,1550
"82737208404","John Lewis","It was good to participate in the Inman Park Parade today and see many of my young and not so young constituents.","2017-04-29T19:05:00+0000","photo","https://www.facebook.com/RepJohnLewis/photos/a.10152286605518405.1073741825.82737208404/10155142195588405/?type=3","82737208404_10155142195638405","John Lewis added 3 new photos.",2431,37,47
"82737208404","John Lewis","We have a mission, a mandate, and a moral obligation to leave this little planet we call Earth a little cleaner and a little greener for generations yet unborn. #EarthDay","2017-04-22T18:49:18+0000","status",NA,"82737208404_10155122092703405",NA,3651,45,290
"82737208404","John Lewis","Pleased to join the National Park Service and National Park Foundation in celebrating National Park Week. How will you get out and #FindYourPark in Georgia?","2017-04-21T15:49:34+0000","photo","https://www.facebook.com/RepJohnLewis/photos/a.10150906420278405.438298.82737208404/10155118602293405/?type=3","82737208404_10155118602293405",NA,331,8,26
"82737208404","John Lewis","Join me on Wednesday April 12th at 2:30pm for the #FutureForum Student Town Hall at the Rialto Center for the Arts. #goodtrouble","2017-04-07T14:53:14+0000","photo","https://www.facebook.com/RepJohnLewis/photos/a.10150906420278405.438298.82737208404/10155072296373405/?type=3","82737208404_10155072296373405",NA,197,15,43
"82737208404","John Lewis","50 years ago today at Riverside Church, I watched Dr. Martin Luther King, Jr. give one of the most powerful speeches against the Vietnam War.","2017-04-04T15:34:21+0000","link","http://kingencyclopedia.stanford.edu/encyclopedia/documentsentry/doc_beyond_vietnam/","82737208404_10155060975918405",NA,2755,54,367
"82737208404","John Lewis","Mr. Speaker, today my heart breaks for the disabled, for women, for seniors, and working families.  My heart aches for those who are living paycheck-to-paycheck.  My heart mourns for innocent, little children whose very life depends on if their families can pay the bills. This is the right and wrong of it.  This is the heart and soul of the matter.   We cannot abandon our principles. Mr. Speaker, we cannot forget our values.    I have fought too hard and too long to back down now.  I will fight any bill that turns the clock back to a darker time.  I will fight every single attempt to turn a deaf ear, a blind eye, and a cold shoulder to the sick, to our seniors, and to working families.  Mr. Speaker, I will fight every day, every hour, every minute, and every second.  I will oppose this bill with every breath and every bone in my body.    We must not give up.  We cannot – I will not -- give in.  Not today, not tomorrow, and never ever.  On this bill, there is only one option – and that option is to vote NO.  You can do better.  Mr. Speaker, you must do better.   Vote no on this bill!","2017-03-24T18:49:31+0000","link","http://youtu.be/4D_omlSbW4s","82737208404_10155030674193405",NA,6654,541,1532
"82737208404","John Lewis","Wishing everyone a happy #NationalPuppyDay","2017-03-24T01:44:35+0000","photo","https://www.facebook.com/RepJohnLewis/photos/a.10152286605518405.1073741825.82737208404/10155028836923405/?type=3","82737208404_10155028836983405","John Lewis added 2 new photos.",10762,171,757
"82737208404","John Lewis","52 years ago today, I joined Dr King, Rev Abernathy, and more than 3000 people to begin our 3rd attempt to march from Selma to Montgomery.","2017-03-21T17:12:14+0000","photo","https://www.facebook.com/RepJohnLewis/photos/a.10150906420278405.438298.82737208404/10155020977798405/?type=3","82737208404_10155020977798405",NA,7071,178,1125
"82737208404","John Lewis","What does it profit a great nation to reward millionaires and billionaires but lose its soul? The President’s budget is mean-spirited and cruel.","2017-03-16T22:51:52+0000","status",NA,"82737208404_10155006875608405",NA,13972,519,3976
"82737208404","John Lewis","Rep. King’s statement is bigoted and racist.  It suggests there is one cultural tradition and one appearance that all of humanity should conform to.  These ideas have given rise to some of the worst atrocities in human history, and they must be condemned.","2017-03-13T17:43:37+0000","link","https://johnlewis.house.gov/media-center/press-releases/rep-john-lewis-criticizes-rep-king-s-comments-need-homogeneous-america","82737208404_10154996874783405",NA,5977,267,1721
"82737208404","John Lewis","This amendment is simple but very important. It says that the Republican health bill will not go into effect unless we can certify that no person will lose his or her health insurance coverage.","2017-03-08T21:38:05+0000","video","https://www.youtube.com/watch?v=PafshIqDsBk","82737208404_10154979534153405",NA,2352,82,266
"82737208404","John Lewis","52 years ago today, we set out to march from Selma to Montgomery to dramatize to the nation that people of color were denied the right to vote.","2017-03-07T19:39:57+0000","photo","https://www.facebook.com/RepJohnLewis/photos/a.10150906420278405.438298.82737208404/10154973635263405/?type=3","82737208404_10154973635263405",NA,6287,405,3107
"82737208404","John Lewis","My opening statement today in the Ways & Means Oversight Subcommittee Hearing on the Social Security Representative Payee Program.","2017-02-07T16:07:32+0000","link","https://johnlewis.house.gov/media-center/press-releases/rep-john-lewis-opening-statement-oversight-hearing-social-security","82737208404_10154891002488405",NA,793,97,85
"82737208404","John Lewis","I am deeply concerned to hear that permanent residents of the state of Georgia and dozens of others who have immigrated legally to this country—submitting to all the laws, rules and regulations required—were detained at the Hartsfield-Jackson Airport in Atlanta today.  Apparently, they had visited relatives who remained in their native land, and one day after an executive order issued from the White House blocked access to this country, lawful permanent residents have been detained.  People immigrate to America because they are inspired by our commitment to justice and democracy.  To treat as strangers these law-abiding immigrants, to whom we as a nation have seen fit to grant permanent status, is a stain on the integrity of our country and threatens the democratic principles this nation stands for.  This is a dark hour for America.  We must all be vigilant in this time and work persistently without ceasing to ensure that fairness, freedom, and justice prevail in the United States of America.","2017-01-29T01:26:16+0000","status",NA,"82737208404_10154862556853405",NA,21588,1024,5910
"82737208404","John Lewis","Dr. Martin Luther King, Jr. was my friend, my mentor; he was like a big brother. Dr. King taught us to recognize the dignity and worth of every human being. He was the moral compass of our nation. He marched for us. He protested for us. He went to jail for us. He gave his life for us. We honor Dr. King’s legacy through service to our community and adherence to the philosophy and discipline of nonviolence. Our nation has, at times, created and enforced unjust laws. It is up to people of conscience to expose such injustice through nonviolent means.","2017-01-16T15:33:37+0000","photo","https://www.facebook.com/RepJohnLewis/photos/a.10150906420278405.438298.82737208404/10154820638058405/?type=3","82737208404_10154820638058405",NA,53481,2815,20295
"82737208404","John Lewis","We need someone as Attorney General who is going to look out for all of us, not just some of us.","2017-01-11T19:57:25+0000","video","https://www.youtube.com/watch?v=OUeX0vPKvVw&feature=youtu.be","82737208404_10154804033308405",NA,8282,2490,1331
"82737208404","John Lewis","We must never, ever give up the right to protest for what is right, what is good, and what is necessary. #goodtrouble","2017-01-03T21:32:08+0000","link","https://www.youtube.com/watch?v=f-PocIiB8AU&feature=youtu.be","82737208404_10154781440258405",NA,7534,923,1168
