"from_id","from_name","message","created_time","type","link","id","story","likes_count","comments_count","shares_count"
"367444640018564","Rep. Luke Messer","GREAT NEWS: With President Donald J. Trump's signature today, we delivered on our promise to restore accountability at the VA and ensure those who fought for our country get the quality care they need and deserve.  http://www.cnn.com/2017/06/23/politics/trump-veterans-reform-bill-signing/index.html","2017-06-23T16:46:53+0000","link","http://www.cnn.com/2017/06/23/politics/trump-veterans-reform-bill-signing/index.html","367444640018564_1339621182800900",NA,110,18,16
"367444640018564","Rep. Luke Messer","Great to see some 6th District friends at the White House picnic tonight. Very proud of the Pence family!","2017-06-23T00:00:36+0000","photo","https://www.facebook.com/RepLukeMesser/photos/a.369647176464977.85559.367444640018564/1339027316193620/?type=3","367444640018564_1339027316193620",NA,533,39,12
"367444640018564","Rep. Luke Messer","The best government is closest to the people it serves. Enjoyed hearing from state and local officials today as part of our bipartisan task force to combat federal overreach.  https://messer.house.gov/media-center/press-releases/rep-messer-joins-task-force-to-reduce-size-of-federal-gov-t-empower","2017-06-22T19:42:46+0000","link","https://messer.house.gov/media-center/press-releases/rep-messer-joins-task-force-to-reduce-size-of-federal-gov-t-empower","367444640018564_1338874232875595",NA,47,33,10
"367444640018564","Rep. Luke Messer","This morning, we're talking about reigning in federal government and empowering states during the first hearing of the Task Force on Intergovernmental Affairs.   You can watch the hearing live here https://youtu.be/oV0h1F32aM8","2017-06-22T14:37:22+0000","link","https://youtu.be/oV0h1F32aM8","367444640018564_1338672976229054",NA,25,7,1
"367444640018564","Rep. Luke Messer","Today’s announcements confirm what most Hoosiers already knew: Obamacare is broken beyond repair. Now, tens of thousands of Hoosiers will be left with few options on the exchange, and some counties may be left with no options at all. Despite the rhetoric of Obamacare's supporters, we must act now to repeal this failed law and rescue Indiana's consumers. I urge my colleagues in the Senate to quickly send legislation back to the House so that we can finally provide relief.  http://fox59.com/2017/06/21/anthem-to-exit-indianas-obamacare-marketplace-in-2018/","2017-06-21T20:12:22+0000","link","http://fox59.com/2017/06/21/anthem-to-exit-indianas-obamacare-marketplace-in-2018/","367444640018564_1337967782966240",NA,156,114,132
"367444640018564","Rep. Luke Messer","Great to be with the Southwest Indiana Chamber of Commerce this morning in Evansville, giving an update from the Capitol and talking about Hoosier workforce needs.","2017-06-19T16:25:21+0000","photo","https://www.facebook.com/RepLukeMesser/photos/a.369647176464977.85559.367444640018564/1335915849838100/?type=3","367444640018564_1335915849838100",NA,50,20,1
"367444640018564","Rep. Luke Messer","Happy Father's Day! Nothing more fun or important than time spent with those you love. Hope you have a great day!","2017-06-18T17:34:08+0000","photo","https://www.facebook.com/RepLukeMesser/photos/a.549110278518665.1073741835.367444640018564/1335084506587901/?type=3","367444640018564_1335084543254564","Rep. Luke Messer added 3 new photos.",183,12,0
"367444640018564","Rep. Luke Messer","As President Donald J. Trump announced the Apprenticeship and Workforce of Tomorrow Initiatives today, I introduced the ""You're HIRED Act"" to encourage more apprenticeships and on-the-job training programs. These specialized programs can help match workers with in-demand jobs, bridge the skills gap, and provide an alternative to a traditional degree: http://bit.ly/2t6eB0D","2017-06-15T20:30:00+0000","link","http://bit.ly/2t6eB0D","367444640018564_1332271570202528",NA,98,25,15
"367444640018564","Rep. Luke Messer","It was an honor to talk with WORLD Magazine about faith, family and public service today. Refreshing and humbling conversation after a tough few days.   I was reminded of one of my favorite lines of scripture from 1 Thessalonians 5:18 - ""Be thankful in all circumstances, for this is God's will for you who belong to Jesus Christ.""","2017-06-15T18:44:45+0000","photo","https://www.facebook.com/RepLukeMesser/photos/a.369647176464977.85559.367444640018564/1332240066872345/?type=3","367444640018564_1332240066872345",NA,68,18,2
"367444640018564","Rep. Luke Messer","The 6th District has some of the best and brightest young minds in the country! I recently presented 8th Grade Scholar Awards to several local students at our annual ceremony in Batesville. Click the link to check out all the photos from the event: http://bit.ly/2ssTtUl","2017-06-15T14:00:02+0000","photo","https://www.facebook.com/RepLukeMesser/photos/a.369647176464977.85559.367444640018564/1331990323563986/?type=3","367444640018564_1331993106897041","Rep. Luke Messer added 6 new photos.",51,9,3
"367444640018564","Rep. Luke Messer","Please join me in sending thoughts and prayers to my friend Congressman Steve Scalise, staff of Roger Williams, Capitol police and all other victims and their families.","2017-06-14T13:38:22+0000","status",NA,"367444640018564_1331019670327718",NA,200,26,17
"367444640018564","Rep. Luke Messer","GREAT NEWS: The House voted to reform the VA so that our veterans can get the care they need and deserve. Our military men and women – our Hoosier heroes – fought to protect us. The least we can do is fight for them to ensure they get quality care. Learn more: http://bit.ly/2sluuT8","2017-06-13T21:19:53+0000","video","https://www.facebook.com/RepLukeMesser/videos/1330314997064852/","367444640018564_1330314997064852",NA,306,26,33
"367444640018564","Rep. Luke Messer","It's important that we continue to recognize the significant impact farming has on the American economy. Simply put, agriculture is a really big deal in Indiana and the Hoosier farmer does all the heavy lifting.","2017-06-12T18:16:28+0000","video","https://www.facebook.com/RepLukeMesser/videos/1329306517165700/","367444640018564_1329306517165700",NA,78,23,9
"367444640018564","Rep. Luke Messer","“Dodd-Frank has been great for federal regulators and big banks, but it has been very bad for Hoosier consumers. The Financial Choice Act changes that by ending ‘too-big-to-fail’ and enabling Hoosier financial institutions to escape the one-size-fits-all regulatory regime of Dodd-Frank.” Learn more: http://bit.ly/2sk9w7n","2017-06-08T21:55:27+0000","video","https://www.facebook.com/RepLukeMesser/videos/1325680417528310/","367444640018564_1325680417528310",NA,67,33,12
"367444640018564","Rep. Luke Messer","Our border patrol is critically understaffed, putting our national security at risk and contributing to illegal immigration. The House passed a common-sense fix to help steer us back to rule of law, secure our border and finally address illegal immigration in this country. https://messer.house.gov/media-center/press-releases/rep-messer-votes-to-streamline-hiring-of-us-border-patrol-agents","2017-06-08T16:45:36+0000","link","https://messer.house.gov/media-center/press-releases/rep-messer-votes-to-streamline-hiring-of-us-border-patrol-agents","367444640018564_1325466990882986",NA,65,22,7
"367444640018564","Rep. Luke Messer","On the 50th anniversary of the reunification of Jerusalem, we reaffirm our strong commitment to Israel. May the Jewish State remain a beacon of light, representing democracy and freedom. And may peace and prosperity reign for its people.","2017-06-07T23:30:00+0000","video","https://www.facebook.com/RepLukeMesser/videos/1324698724293146/","367444640018564_1324698724293146",NA,71,10,7
"367444640018564","Rep. Luke Messer","Happy to welcome our Indiana State Senator Doug Eckerty to the Capitol! Indiana Senate GOP","2017-06-07T18:12:56+0000","photo","https://www.facebook.com/RepLukeMesser/photos/a.369647176464977.85559.367444640018564/1324574977638854/?type=3","367444640018564_1324574977638854",NA,55,6,0
"367444640018564","Rep. Luke Messer","Wishing a Happy Birthday to my good friend and predecessor in the 6th Congressional District, Vice President Mike Pence! We are so proud of the work you're doing in the White House on behalf of Hoosiers and all Americans!","2017-06-07T16:50:25+0000","photo","https://www.facebook.com/RepLukeMesser/photos/a.549110278518665.1073741835.367444640018564/1324514577644894/?type=3","367444640018564_1324515037644848","Rep. Luke Messer added 2 new photos.",226,33,6
"367444640018564","Rep. Luke Messer","73 years ago today, Allied troops stormed the beaches in Normandy, France. Meeting Hoosier veterans, like D-Day survivor Bush White of Rising Sun, is something I will always cherish. We will never forget the sacrifice and bravery of America's greatest generation. #dday","2017-06-06T14:30:15+0000","photo","https://www.facebook.com/RepLukeMesser/photos/a.369647176464977.85559.367444640018564/1323238494439169/?type=3","367444640018564_1323239331105752","Rep. Luke Messer added 3 new photos.",106,13,8
"367444640018564","Rep. Luke Messer","I got the chance to tour Batesville Airport today. This impressive local company is helping drive economic development in our community and connect Southeast Indiana to the world! #IN06","2017-06-05T21:19:35+0000","photo","https://www.facebook.com/RepLukeMesser/photos/a.549110278518665.1073741835.367444640018564/1322660374496981/?type=3","367444640018564_1322660441163641","Rep. Luke Messer added 3 new photos — at Batesville Aviation Services.",64,12,7
"367444640018564","Rep. Luke Messer","Encouraged to see more Hoosiers voice support for an effort I’m working on to ensure tax credits aren’t rewarding illegal immigration. Federal tax benefits should go to low and middle-income American families who work hard and play by the rules, not to those who break them.  http://www.therepublic.com/2017/05/31/letter_support_congressmans_proposal_in_budget/","2017-06-01T15:10:59+0000","link","http://www.therepublic.com/2017/05/31/letter_support_congressmans_proposal_in_budget/","367444640018564_1318753481554337",NA,91,36,7
"367444640018564","Rep. Luke Messer","I’m looking forward to exploring new ways to empower states and limit federal overreach alongside colleagues from both sides of the aisle. By teaming up with state and local governments, this bipartisan task force will identify ways to reduce some of the federal government’s unnecessary burdens it places on our communities.  http://www.indianachamberblogs.com/rep-messer-appointed-to-task-force-on-reigning-in-federal-government-empowering-states/","2017-05-31T16:10:06+0000","link","http://www.indianachamberblogs.com/rep-messer-appointed-to-task-force-on-reigning-in-federal-government-empowering-states/","367444640018564_1318026028293749",NA,72,41,3
"367444640018564","Rep. Luke Messer","Jennifer and I were honored to join the Greensburg American Legion for their Memorial Day Remembrance Ceremony this morning. It was a wonderful way to pay tribute to our veterans.","2017-05-29T16:23:21+0000","photo","https://www.facebook.com/RepLukeMesser/photos/a.369647176464977.85559.367444640018564/1316521175110901/?type=3","367444640018564_1316523225110696","Rep. Luke Messer added 6 new photos.",140,12,5
"367444640018564","Rep. Luke Messer","Great day at the Indianapolis 500 yesterday with family and friends. Now we remember the reason we get to celebrate... thank you to our military members, veterans and especially our fallen service members. I'm proud to join the Greensburg American Legion this morning to honor those who made the ultimate sacrifice for our freedom.","2017-05-29T13:47:42+0000","link","http://www.greensburgdailynews.com/news/local_news/memorial-day-ceremony-to-remember-those-who-gave-all/article_6e83eb19-69e5-5e07-b709-08c4f486906c.html","367444640018564_1316412488455103",NA,79,6,2
"367444640018564","Rep. Luke Messer","Gentleman...(and ladies!) start your engines! The Messer family just arrived at the Indianapolis Motor Speedway. it's going to be a great day!","2017-05-28T14:35:01+0000","photo","https://www.facebook.com/RepLukeMesser/photos/a.369647176464977.85559.367444640018564/1315650855197933/?type=3","367444640018564_1315650855197933",NA,248,30,1
"367444640018564","Rep. Luke Messer","As we head into the holiday weekend to enjoy time with family and friends, let's all remember the reason we get to celebrate. It’s all thanks to the men and women who have put their lives on the line so that we can be free.  We are proud of our military men and women in Indiana. Thank you for your service!","2017-05-26T23:18:32+0000","video","https://youtu.be/XN4yO2G78VE","367444640018564_1314308248665527",NA,50,11,4
"367444640018564","Rep. Luke Messer","I spoke on House Floor today in support of legislation to protect young athletes from sexual abuse.   Over the course of the past couple of years, countless stories of young athletes being abused - including in Indiana - have revealed glaring inadequacies in our law. These stories, many about coaches, doctors, trainers, and other adults who have abused their positions of authority and trust to exploit young athletes, are appalling. Every one of these kids deserves better.  That's why the House passed legislation today to strengthen reporting requirements for suspected child abuse in athletic organizations. Read more here http://bit.ly/2rmfIM8.","2017-05-25T19:34:57+0000","video","https://youtu.be/YdhaMHgwkN8","367444640018564_1313389568757395",NA,32,18,3
"367444640018564","Rep. Luke Messer","More Hoosiers are at the Capitol today! Thanks for stopping by St Bartholomew School.","2017-05-24T18:33:06+0000","photo","https://www.facebook.com/RepLukeMesser/photos/a.369647176464977.85559.367444640018564/1312535912176094/?type=3","367444640018564_1312539902175695","Rep. Luke Messer added 4 new photos.",70,12,2
"367444640018564","Rep. Luke Messer","GOOD NEWS --> President Donald J. Trump's budget request includes my proposal to close a loophole that allows billions of dollars in Child Tax Credits to be claimed by illegal immigrants.   Hoosiers are tired of our broken tax and immigration systems that reward people who come here illegally. Federal tax benefits should go to low and middle-income American families who work hard and play by the rules, not to those who break them.","2017-05-23T19:16:47+0000","link","https://messer.house.gov/media-center/press-releases/potus-budget-includes-messer-s-proposal-to-end-billions-of-dollars-in","367444640018564_1311569052272780",NA,259,76,27
"367444640018564","Rep. Luke Messer","Our nation's thoughts and prayers are with the victims of last night’s senseless attack, along with their families, friends and the people of Manchester. Targeting children and teens is yet another unconscionable and cowardly act of terror. May this steel our resolve to stand strong against radical Islamic terrorism.","2017-05-23T15:20:41+0000","link","http://www.foxnews.com/world/2017/05/23/isis-claims-responsibility-for-ariana-grande-concert-attack-in-manchester.html","367444640018564_1311309548965397",NA,38,19,13
"367444640018564","Rep. Luke Messer","Indiana has proven time and again that the best government is closest to the people it serves. Our states, cities and counties are the true engine for innovation in our government.   I'm excited to serve on the Task Force on Intergovernmental Affairs to combat federal overreach and return power to states.","2017-05-22T15:21:16+0000","link","https://messer.house.gov/media-center/press-releases/speaker-ryan-appoints-rep-messer-to-commission-on-reigning-in-federal","367444640018564_1310036922425993",NA,68,31,6
"367444640018564","Rep. Luke Messer","Shenandoah School Corporation middle school students are at the Capitol for their annual trip to DC. Always great to see this group from Middletown, Indiana.","2017-05-19T21:10:06+0000","photo","https://www.facebook.com/RepLukeMesser/photos/a.369647176464977.85559.367444640018564/1306803162749369/?type=3","367444640018564_1306800789416273","Rep. Luke Messer added 3 new photos.",51,8,3
"367444640018564","Rep. Luke Messer","The House passed several bills this week to support law enforcement officers during #NationalPoliceWeek.  Our law enforcement officers and first responders are on the front lines, protecting our communities and keeping us safe each day. We owe them a great debt, and should stand up for them the way they stand up for all of us. These bills will help honor the service and sacrifice of our police men and women, and ensure those who harm our officers are brought to justice.","2017-05-19T16:08:57+0000","link","https://messer.house.gov/media-center/press-releases/rep-messer-votes-for-legislation-to-support-law-enforcement-officers","367444640018564_1306521269444225",NA,62,10,6
"367444640018564","Rep. Luke Messer","Great to talk with Indiana Department of Education Superintendent Dr. Jennifer McCormick today about improving education for Hoosier kids.","2017-05-18T21:31:44+0000","photo","https://www.facebook.com/RepLukeMesser/photos/a.369647176464977.85559.367444640018564/1305410152888670/?type=3","367444640018564_1305410152888670",NA,99,22,12
"367444640018564","Rep. Luke Messer","The House has been working on several bills this week to support law enforcement officers, honor their sacrifices, and give local police additional tools to keep our communities safe. You can read about these bills and others being considered this week here https://policy.house.gov/legislative/legislative-digest/week-may-15th #NationalPoliceWeek","2017-05-18T20:17:23+0000","photo","https://www.facebook.com/RepLukeMesser/photos/a.369647176464977.85559.367444640018564/1305350909561261/?type=3","367444640018564_1305350909561261",NA,37,5,4
"367444640018564","Rep. Luke Messer","Speaking with some of Indiana's best and brightest! Great to be with the Indiana Leadership Forum today during their trip to the Capitol.","2017-05-16T19:35:28+0000","photo","https://www.facebook.com/RepLukeMesser/photos/a.369647176464977.85559.367444640018564/1303207439775608/?type=3","367444640018564_1303207439775608",NA,54,26,5
"367444640018564","Rep. Luke Messer","I'm excited to announce that Jaylei Osting, an 11th grade student at Winchester Community High School, is the winner of this year's 6th District Congressional Art Competition. Jaylei’s piece ""Ribbon Symphony"" will hang in the U.S. Capitol for one year, where visitors from all over the world will be able to see and enjoy it. Thanks to all of the students who participated.","2017-05-16T15:46:50+0000","link","https://messer.house.gov/media-center/press-releases/messer-announces-winner-of-6th-district-congressional-art-competition","367444640018564_1303075166455502",NA,129,24,13
"367444640018564","Rep. Luke Messer","Happy Mother's Day everyone!  Thank you to the Mother's in our life.  And, thank you to all the Hoosier Mothers who strengthen and support families across our state!","2017-05-14T14:33:45+0000","photo","https://www.facebook.com/RepLukeMesser/photos/a.549110278518665.1073741835.367444640018564/1301353336627685/?type=3","367444640018564_1301359126627106","Rep. Luke Messer added 4 new photos.",131,17,5
"367444640018564","Rep. Luke Messer",NA,"2017-05-12T17:45:21+0000","photo","https://www.facebook.com/RepLukeMesser/photos/a.367464096683285.85073.367444640018564/1299825030113849/?type=3","367444640018564_1299825610113791","Rep. Luke Messer updated their cover photo.",15,10,0
"367444640018564","Rep. Luke Messer","For three election cycles, Hoosiers have sent Republicans to the House, Senate and the White House – all on the promise to repeal Obamacare. And for good reason. Though Obamacare helped some, it left a vast majority of folks in our state worse off.   I remain confident we will get the American Health Care Act across the finish line, improve health care in our state and country, and make good on our promise to Hoosiers.","2017-05-12T15:08:22+0000","link","http://www.indystar.com/story/opinion/2017/05/12/american-health-care-act-help-hoosiers/317908001/","367444640018564_1299713843458301",NA,142,138,26
"367444640018564","Rep. Luke Messer",NA,"2017-05-11T20:34:36+0000","photo","https://www.facebook.com/RepLukeMesser/photos/a.367464096683285.85073.367444640018564/1299043386858680/?type=3","367444640018564_1299043413525344","Rep. Luke Messer updated their cover photo.",25,11,1
"367444640018564","Rep. Luke Messer","Students from all across the 6th District gathered in Columbus for the 2017 Congressional Leadership Academy. It was great to meet these young Hoosier leaders. I'm sure we'll see much more from these talented folks as they continue to make their mark!  Special thanks to our fantastic speakers - Columbus Mayor Jim Lienhoop, Indiana National Guard Commander General Corey Carr, President of ClusterTruck Chris Baggott, and Director of International Government Relations at Cummins Inc. Shannon Kiely-Heider.","2017-05-11T20:32:00+0000","link","https://flic.kr/s/aHskUSKebp","367444640018564_1299041773525508",NA,44,19,1
"367444640018564","Rep. Luke Messer","While it is fair to ask questions about the sudden firing of FBI Director James Comey, it would be unfair to ignore the broad consensus criticizing Comey’s poor performance in his job. In today’s world, we all need to hit the pause button and make sure we get the facts before jumping to any conclusions.","2017-05-10T17:29:38+0000","status",NA,"367444640018564_1297911430305209",NA,249,183,42
"367444640018564","Rep. Luke Messer","Helped kick off a Google online safety program at Northside Middle School in Columbus today. I'm glad to see a leading tech company engage with students and get them excited about careers in technology, while at the same time helping them stay protected online.","2017-05-09T18:09:57+0000","photo","https://www.facebook.com/RepLukeMesser/photos/a.369647176464977.85559.367444640018564/1297068580389494/?type=3","367444640018564_1297068580389494",NA,52,20,1
"367444640018564","Rep. Luke Messer","Great to be with the folks at VIP Tools in Shelbyville this morning!","2017-05-05T15:14:51+0000","photo","https://www.facebook.com/RepLukeMesser/photos/a.549110278518665.1073741835.367444640018564/1293262754103410/?type=3","367444640018564_1293263504103335","Rep. Luke Messer added 3 new photos.",70,37,5
"367444640018564","Rep. Luke Messer","After years of promises to Hoosiers, we are moving forward to repeal Obamacare and replace it with something far better. This is a step away from more government control of our healthcare and our day-to-day lives, and a return to freedom for all Americans.","2017-05-04T20:03:51+0000","link","http://bit.ly/2pM1oL7","367444640018564_1292392244190461",NA,386,313,39
"367444640018564","Rep. Luke Messer","Very proud of Jennifer Messer's leadership as President of the Congressional Club. Today's luncheon with First Lady Melania Trump broke all fundraising records for this historic charitable organization.","2017-05-04T17:04:29+0000","photo","https://www.facebook.com/RepLukeMesser/photos/a.369647176464977.85559.367444640018564/1292130587549960/?type=3","367444640018564_1292130587549960",NA,199,29,4
"367444640018564","Rep. Luke Messer","Today is an exciting day for those of us who have been working and fighting to end Obamacare’s reign over this country. Today the House will vote to move legislation forward that will repeal Obamacare and replace it with something far better.","2017-05-04T16:22:56+0000","link","https://www.c-span.org/video/?c4668229%2Frep-messer-health-care-vote","367444640018564_1292078464221839",NA,199,167,25
"367444640018564","Rep. Luke Messer","8th grade students from Burris Laboratory School in Muncie, IN visited the Capitol yesterday. Great to see these young Hoosiers during their trip to DC!","2017-05-03T14:46:04+0000","photo","https://www.facebook.com/RepLukeMesser/photos/a.369647176464977.85559.367444640018564/1290569654372720/?type=3","367444640018564_1290596354370050","Rep. Luke Messer added 3 new photos.",52,20,1
"367444640018564","Rep. Luke Messer","I was honored to spend time with The Lugar Series class of 2016-2017 today. Expect great things from this talented group of Hoosier leaders!","2017-05-02T18:46:48+0000","photo","https://www.facebook.com/RepLukeMesser/photos/a.369647176464977.85559.367444640018564/1289601014469584/?type=3","367444640018564_1289601014469584",NA,18,5,3
"367444640018564","Rep. Luke Messer",NA,"2017-04-28T18:44:27+0000","photo","https://www.facebook.com/RepLukeMesser/photos/a.367464096683285.85073.367444640018564/1284763841619968/?type=3","367444640018564_1284763871619965","Rep. Luke Messer updated their cover photo.",21,8,0
"367444640018564","Rep. Luke Messer","Great to have Ava and Hudson with me for Take Your Kids to Work Day. We were busy today meeting with constituents and attending Committee hearings... Never a dull moment!","2017-04-27T19:51:59+0000","photo","https://www.facebook.com/RepLukeMesser/photos/a.369647176464977.85559.367444640018564/1283758505053835/?type=3","367444640018564_1283770218385997","Rep. Luke Messer added 3 new photos.",122,14,1
"367444640018564","Rep. Luke Messer","Cutting taxes for job creators and working families is critical to jump start our economy, grow jobs and increase paychecks. President Trump’s tax plan is a step in the right direction. It will encourage employers, small businesses and entrepreneurs to invest, take chances and hire. Most importantly, it will cut and simplify taxes for Hoosiers.","2017-04-27T17:20:49+0000","link","http://www.foxnews.com/politics/2017/04/26/trump-administration-outlines-sweeping-tax-cut-plan.html","367444640018564_1283632148399804",NA,59,59,7
"367444640018564","Rep. Luke Messer","It's Take Your Kids to Work Day. I've got Ava and Hudson with me, and we're off to Committee!","2017-04-27T15:04:40+0000","photo","https://www.facebook.com/RepLukeMesser/photos/a.369647176464977.85559.367444640018564/1283516371744715/?type=3","367444640018564_1283516371744715",NA,94,7,0
"367444640018564","Rep. Luke Messer","Today I joined President Donald J. Trump as he signed an Executive Order targeting federal education overreach.  Our schools, teachers and administrators are buried under one-size-fits-all, federal regulations that in many cases do more harm than good. We need to identify outdated and overreaching rules that restrict local educators, stifle innovation in the classroom and ultimately hold our students back from success.   I commend President Trump and Secretary DeVos for working to bring our education system into the 21st Century, and give more control to parents and local educators.","2017-04-26T19:53:25+0000","link","https://messer.house.gov/media-center/press-releases/rep-messer-joins-president-trump-for-signing-of-executive-order-to","367444640018564_1282759635153722",NA,191,44,36
"367444640018564","Rep. Luke Messer","For generations, we’ve called it the American Dream, but it’s really the American promise… Hard work will be rewarded. Unfortunately, for many Americans, that promise no longer rings true.  For too many, hard work doesn’t seem to be paying off… wages are stagnant and paychecks have flat-lined. We need a renewed focus on addressing these challenges and improving opportunity for everyday working people.","2017-04-25T23:03:35+0000","link","https://policy.house.gov/media-center/press-releases/chairman-messer-leads-hearing-address-challenges-facing-today-s-american","367444640018564_1281826721913680",NA,33,13,2
"367444640018564","Rep. Luke Messer","Today I joined CNBC Squawk Box to talk about our recently launched Task Force for the American Worker and how we can combat stagnant wages.","2017-04-25T22:25:42+0000","link","http://cnb.cx/2oHAjVq","367444640018564_1281806991915653",NA,34,10,1
"367444640018564","Rep. Luke Messer","The steel industry has been a critical part of the Indiana economy for decades, supplying thousands of good-paying jobs and livelihoods to Hoosiers.  If we don’t take serious steps to protect American-made steel and steelworkers from unfair trade practices, the Hoosier economy will feel the pain.   I thank President Trump for standing up for Indiana steel and am eager to work with him to further this effort in Congress.","2017-04-20T19:23:31+0000","link","http://www.foxnews.com/politics/2017/04/20/trump-orders-probe-foreign-steel-s-impact-on-us-security.html","367444640018564_1276233572472995",NA,85,22,10
"367444640018564","Rep. Luke Messer","In 18 states and the District of Columbia, voters don't have to show any ID when voting.  I've authored legislation to help ensure integrity in federal elections by requiring voters to show a photo ID, like we do in Indiana. The legislation would also make sure those who genuinely can't afford a photo ID can obtain one without charge.","2017-04-17T20:22:38+0000","link","https://messer.house.gov/media-center/press-releases/messer-introduces-legislation-to-ensure-election-integrity","367444640018564_1272947909468228",NA,209,75,24
"367444640018564","Rep. Luke Messer","He is risen! Happy Easter!","2017-04-16T13:31:46+0000","photo","https://www.facebook.com/RepLukeMesser/photos/a.369647176464977.85559.367444640018564/1271520132944339/?type=3","367444640018564_1271520132944339",NA,139,20,8
"367444640018564","Rep. Luke Messer","‪Happy Vaisakhi/National Sikh Day/Creation of Khalsa Day to Hoosier Sikhs and the 30 million Sikhs across the world. ‬","2017-04-13T23:21:08+0000","status",NA,"367444640018564_1268350673261285",NA,14,3,0
"367444640018564","Rep. Luke Messer","President Donald J. Trump just signed legislation into law that overturns an Obama regulation forcing states to distribute public tax dollars to abortion providers. Today is a victory for pro-life policy.","2017-04-13T17:48:33+0000","link","http://bit.ly/2pdH4iZ","367444640018564_1268093913286961",NA,229,68,30
"367444640018564","Rep. Luke Messer","Great article by IU President Michael McRobbie on tackling student debt. I've authored legislation modeled after one of IU's successful programs, which has helped reduce student borrowing. 45 percent of IU's bachelor's degree recipients now graduate debt-free.   Continuing to look for ways to help our students succeed!","2017-04-11T21:38:57+0000","link","https://president.iu.edu/news/op-ed/2017-04-10-fixing-student-debt.html","367444640018564_1266101600152859",NA,34,23,7
"367444640018564","Rep. Luke Messer","For generations, the American dream has meant that every American who works hard can find success. But in recent years, frozen paychecks, a tough job market and rising living costs make the American Dream too often seem out of reach.  As Chair of the Republican Policy Committee, I launched the Task Force for the American worker to address these challenges and find solutions to improve the lives of everyday working people.","2017-04-11T19:33:33+0000","link","http://bit.ly/2oV71qO","367444640018564_1266006503495702",NA,45,28,8
"367444640018564","Rep. Luke Messer","Honored to receive the National Association of Manufacturers (NAM) Award for supporting manufacturing in the U.S. The 6th District is home to many great manufacturers, like Honda in Greensburg, that are fueling our local economy and providing good-paying jobs to Hoosiers.","2017-04-07T21:37:37+0000","link","https://flic.kr/s/aHskUrx1e4","367444640018564_1261793727250313",NA,64,9,2
"367444640018564","Rep. Luke Messer","I am glad to see Judge Neil Gorsuch confirmed to #SCOTUS. Judge Gorsuch is an exceptional, well-respected jurist who is committed to upholding our Constitution and defending the individual liberties of every American.","2017-04-07T16:43:00+0000","link","http://www.indystar.com/story/opinion/contributors/2017/02/06/messer-base-confirmation-merits/97572386/","367444640018564_1261437893952563",NA,198,36,4
"367444640018564","Rep. Luke Messer","Here is my statement on last night's U.S. military strike in Syria:","2017-04-07T14:07:08+0000","link","http://bit.ly/2nLkCvZ","367444640018564_1261314170631602",NA,86,27,6
"367444640018564","Rep. Luke Messer","A recent Gallup poll found that 64 percent of Americans are worried about not having enough money for retirement. We all struggle to know how far our savings will stretch.  During National Retirement Planning Week, I introduced bipartisan legislation to help working Americans better plan and save for retirement.","2017-04-06T19:55:46+0000","link","http://bit.ly/2oOaunT","367444640018564_1260419424054410",NA,46,39,3
"367444640018564","Rep. Luke Messer","Congress is leaving for Easter break with work undone. I spoke on the House floor today calling on Congress to come back next week, instead of breaking for Easter, to repeal and replace Obamacare.   We need to do what we said we would do.","2017-04-06T17:35:46+0000","video","https://www.youtube.com/watch?v=jx8Pungz67c&feature=youtu.be","367444640018564_1260310807398605",NA,220,123,8
"367444640018564","Rep. Luke Messer","High school students in the 6th District are invited to participate in the 2017 Congressional Art Competition.   The winning entry of the 6th District's competition will be displayed for one year in the U.S. Capitol, alongside other contest winners nationwide.  I encourage everyone to participate and can’t wait to see the winning piece showcased in our nation’s capital.","2017-04-05T19:15:38+0000","link","https://messer.house.gov/media-center/press-releases/messer-invites-6th-district-high-school-students-to-enter-congressional","367444640018564_1259306010832418",NA,21,7,5
"367444640018564","Rep. Luke Messer","The Senate recently passed legislation I worked on to ensure states, like Indiana, are not forced to direct public tax dollars to the abortion industry.","2017-04-04T14:15:12+0000","link","https://www.thedcregister.com/news-briefs/senate-passes-effort-overturn-obama-rule","367444640018564_1257947720968247",NA,122,44,8
"367444640018564","Rep. Luke Messer","Today I made stops in Shelbyville and Muncie to talk with Hoosiers in the 6th District about issues important to them. Thank you to everyone who came out and shared their thoughts.","2017-03-31T23:09:44+0000","photo","https://www.facebook.com/RepLukeMesser/photos/a.549110278518665.1073741835.367444640018564/1253920554704297/?type=3","367444640018564_1253924031370616","Rep. Luke Messer added 5 new photos.",64,32,4
"367444640018564","Rep. Luke Messer","Thanks for your vote Vice President Mike Pence to stand up for states' rights and protect life.","2017-03-30T19:02:02+0000","link","http://fox59.com/2017/03/30/vp-pence-casts-tie-breaking-vote-in-senate-on-planned-parenthood-funding-bill/","367444640018564_1252643114832041",NA,572,87,43
"367444640018564","Rep. Luke Messer","As the husband of a working professional and father of two young girls, I am concerned about the challenges women face in the workforce and eager to discuss innovative, private sector solutions that are helping women break down barriers to success.  Thanks Rep. Martha McSally for leading a great hearing on such an important topic. #GOPWorking4Women","2017-03-29T19:18:46+0000","link","https://www.flickr.com/photos/replukemesser/albums/72157681979640945","367444640018564_1251727124923640","Rep. Luke Messer shared Republican Policy Committee's post.",23,24,0
"367444640018564","Rep. Luke Messer","Students from Shelbyville Middle School visited the Capitol this week. Great to see them enjoying their trip, and getting an up-close look at our nation's history and government.","2017-03-29T14:21:38+0000","photo","https://www.facebook.com/RepLukeMesser/photos/a.369647176464977.85559.367444640018564/1251492891613730/?type=3","367444640018564_1251497624946590","Rep. Luke Messer added 3 new photos.",108,14,6
"367444640018564","Rep. Luke Messer","This is a bad day for the American people. Today’s defeat means health care costs will continue to rise, coverage will get worse and millions of families will continue to be shackled to Obamacare’s suffocating mandates and taxes. That said, our work continues. I will always fight for the Hoosiers who sent me here and strive to repeal this failed law.","2017-03-24T21:12:25+0000","link","https://messer.house.gov/media-center/press-releases/rep-messer-issues-statement-on-health-care-legislation","367444640018564_1246991368730549",NA,145,192,27
"367444640018564","Rep. Luke Messer","Great news for the Hoosier economy!","2017-03-24T15:06:12+0000","link","http://www.indystar.com/story/money/2017/03/24/eli-lilly-expand-manufacturing-indianapolis/99554630/","367444640018564_1246750665421286",NA,79,14,4
"367444640018564","Rep. Luke Messer","What an honor to meet Vann Smith, a young advocate working to improve educational opportunities for people with Down Syndrome. He plans to continue his education at Erskine Green Training Institute in Indiana. An impressive young man!","2017-03-23T19:41:05+0000","photo","https://www.facebook.com/RepLukeMesser/photos/a.369647176464977.85559.367444640018564/1246031992159820/?type=3","367444640018564_1246031992159820",NA,142,14,0
"367444640018564","Rep. Luke Messer","I joined CNBC this morning to talk about the plan to repeal Obamacare and replace it with something far better. I am optimistic we will come together and get this done for the American people.","2017-03-23T15:12:00+0000","link","http://video.cnbc.com/gallery/?video=3000603875","367444640018564_1245824138847272",NA,77,82,5
"367444640018564","Rep. Luke Messer","I have heard from countless Hoosiers in the 6th District of Indiana who are hurting under Obamacare, and who have sent me here to repeal this disastrous law.","2017-03-23T14:32:12+0000","link","http://www.wibc.com/news/local-news/obamacare-replacement-vote-coming-hoosier-stories-heard-dc","367444640018564_1245788528850833",NA,86,63,7
"367444640018564","Rep. Luke Messer","As the Senate hearings for Judge Neil Gorsuch continue, I hope he will be confirmed quickly. Our Supreme Court has been one seat short for too long, and, with the election over, the excuses for delay have simply run out.","2017-03-21T22:05:47+0000","link","http://www.thestarpress.com/story/opinion/contributors/2017/02/06/messer-base-confirmation-merits/97572386/","367444640018564_1244211859008500",NA,110,42,2
"367444640018564","Rep. Luke Messer","This morning, I shared your Obamacare stories on the House Floor. I've heard from countless Hoosiers in the 6th District whose health care costs have skyrocketed, who lost their plan or their doctor, and who have worse coverage today than before Obamacare.   We can do better for Hoosiers, and we will.","2017-03-21T18:08:34+0000","link","https://youtu.be/jg7lHgN2C9w","367444640018564_1244051232357896",NA,89,45,8
"367444640018564","Rep. Luke Messer","President Trump greets House Republicans right now. Leading the fight for Obamacare repeal and replace.","2017-03-21T14:00:36+0000","photo","https://www.facebook.com/RepLukeMesser/photos/a.369647176464977.85559.367444640018564/1243864692376550/?type=3","367444640018564_1243864692376550",NA,89,36,11
"367444640018564","Rep. Luke Messer","What a great run by Northwestern and Greensburg-native Bryant McIntosh. Congratulations on a fantastic season!","2017-03-18T23:50:29+0000","status",NA,"367444640018564_1241670985929254",NA,117,8,1
"367444640018564","Rep. Luke Messer","Working to restore GI bill benefits to vets impacted by ITT Tech and other school closures. We have a moral obligation to do right by these veterans.","2017-03-18T16:34:32+0000","link","http://www.greenfieldreporter.com/2017/03/18/supporting_veterans/","367444640018564_1241382289291457",NA,48,10,6
"367444640018564","Rep. Luke Messer","Hope you all had a great trip to the Capitol!","2017-03-17T20:05:52+0000","photo","https://www.facebook.com/1442198062725783/photos/a.1446085139003742.1073741827.1442198062725783/1900434823568769/?type=3","367444640018564_1240646386031714","Rep. Luke Messer shared Rising Sun-Ohio County Community Schools's post.",34,3,0
"367444640018564","Rep. Luke Messer","More of you have shared your Obamacare stories. A Shelbyville resident shares this:  “My husband lost hours at his job at school because of Obamacare’s full-time worker mandates. My work insurance has increased in cost with less coverage. We work hard for our benefits, and now the benefits are terrible. Now, I pay MORE for worse coverage, and we lost income. Double whammy.”  A Muncie resident shares this:  “My premium went from $492 per month in 2009 to $2,200 per month in 2014. Needless to say, I couldn't maintain the payments.”","2017-03-17T15:46:13+0000","photo","https://www.facebook.com/RepLukeMesser/photos/a.369647176464977.85559.367444640018564/1240477236048629/?type=3","367444640018564_1240477236048629",NA,17,47,11
"367444640018564","Rep. Luke Messer","Obamacare failed Hoosiers. Health care costs sky rocketed, plans got worse and people have less coverage and less choice today than ever before. We are going to repeal and replace this disastrous law.","2017-03-17T15:42:00+0000","video","https://youtu.be/T9XLwxlcYFk","367444640018564_1240475846048768",NA,123,63,8
"367444640018564","Rep. Luke Messer","Students from Rising Sun High School are visiting DC this week. It was a cold day at the Capitol, but great to talk with a group of bright, young Hoosiers!","2017-03-15T22:37:14+0000","photo","https://www.facebook.com/RepLukeMesser/photos/a.369647176464977.85559.367444640018564/1239025042860515/?type=3","367444640018564_1239030209526665","Rep. Luke Messer added 2 new photos.",124,7,22
"367444640018564","Rep. Luke Messer","Congratulations to Senator Dan Coats for his confirmation as the Director of National Intelligence. President Donald J. Trump could not have picked a better person for the job. Dan Coats is an extraordinary Hoosier, a man of integrity with sound judgment, a level head and an expert in the field.","2017-03-15T22:07:33+0000","link","http://www.rollcall.com/news/politics/former-senator-dan-coats-easily-confirmed-intelligence-director","367444640018564_1239013652861654",NA,200,12,14
"367444640018564","Rep. Luke Messer","As Congress works to repeal and replace Obamacare, I asked YOU to share your stories. I've heard from many Hoosiers, like a doctor from our 6th District who shared this:  ""I am a family physician, and I have found that as a result of Obamacare, my patients have more limited options, longer wait times for approval of vital procedures and medications, and - through the confusing nature of the health insurance marketplace - have ended up with plans they didn't understand and couldn't afford.""  Share you story by taking my Obamacare survey here http://bit.ly/2mpzWOX, and learn about plans to repeal and replace Obamacare at www.ReadTheBill.GOP.","2017-03-14T20:50:43+0000","photo","https://www.facebook.com/RepLukeMesser/photos/a.369647176464977.85559.367444640018564/1238143876281965/?type=3","367444640018564_1238143876281965",NA,27,44,8
"367444640018564","Rep. Luke Messer","Great to be at the White House last week w/ President Donald J. Trump, Vice President Mike Pence and Whip Congressman Steve Scalise. Exciting work to get done for the American people.","2017-03-14T15:21:47+0000","photo","https://www.facebook.com/RepLukeMesser/photos/a.369647176464977.85559.367444640018564/1237932289636457/?type=3","367444640018564_1237932289636457",NA,89,18,4
"367444640018564","Rep. Luke Messer","Met this morning with leaders of the Greensburg and Decatur County communities.","2017-03-14T13:27:34+0000","photo","https://www.facebook.com/RepLukeMesser/photos/a.549110278518665.1073741835.367444640018564/1237857936310559/?type=3","367444640018564_1237857979643888","Rep. Luke Messer added 3 new photos.",39,7,2
"367444640018564","Rep. Luke Messer","Productive meeting today with Rushville Mayor Pavey and members of the Rush County Economic Development Corporation. Working together to help encourage job growth in our region.","2017-03-13T22:33:36+0000","photo","https://www.facebook.com/RepLukeMesser/photos/a.369647176464977.85559.367444640018564/1237294846366868/?type=3","367444640018564_1237294846366868",NA,40,10,3
"367444640018564","Rep. Luke Messer","Hudson, Emma & I are ready to root on Greensburg-native Bryant McIntosh at the Big Ten Tourney. Go Wildcats!","2017-03-11T19:48:53+0000","photo","https://www.facebook.com/RepLukeMesser/photos/a.369647176464977.85559.367444640018564/1235059973257022/?type=3","367444640018564_1235059973257022",NA,148,14,2
"367444640018564","Rep. Luke Messer","Several veterans groups stopped by the Capitol this week. It is always an honor to meet these American heroes, get their feedback and hear ideas about how we can better serve those who dedicated their lives to serving all of us.","2017-03-10T21:15:53+0000","photo","https://www.facebook.com/RepLukeMesser/photos/a.369647176464977.85559.367444640018564/1234159596680393/?type=3","367444640018564_1234161736680179","Rep. Luke Messer added 3 new photos.",31,4,1
"367444640018564","Rep. Luke Messer","I joined Squawk Box this morning to provide an update on health care. Below is a clip of the interview.  For years, we've promised that we would repeal Obamacare and replace it with something better. I'm confident we will get this done for the American people.","2017-03-10T13:44:26+0000","link","http://cnb.cx/2lKC081","367444640018564_1233848786711474",NA,40,48,3
"367444640018564","Rep. Luke Messer","We've been promising for years that we would repeal Obamacare and replace it with something better. We now have the chance to do that. The time for excuses has passed. We've got to come together and get it done.","2017-03-08T19:34:44+0000","video","http://video.foxnews.com/v/5352244455001","367444640018564_1232146976881655",NA,80,69,6
"367444640018564","Rep. Luke Messer","House Republicans introduced a plan to repeal & replace Obamacare. Visit www.ReadTheBill.GOP to learn more. As we work through this process, I would like to hear how Obamacare has impacted you and your family. Share your story here: http://bit.ly/2mgEbwL","2017-03-08T00:31:45+0000","photo","https://www.facebook.com/RepLukeMesser/photos/a.369647176464977.85559.367444640018564/1231336243629395/?type=3","367444640018564_1231336243629395",NA,29,36,5
"367444640018564","Rep. Luke Messer","Speaking to young Hoosiers and encouraging them to dream big is one of the best parts of my job. Thanks Thomas A. Hendricks Elementary for having me.","2017-03-07T15:24:20+0000","link","http://www.shelbynews.com/news/article_f7f9a1b9-6171-58ac-96ed-a9ee9e0da145.html","367444640018564_1230923600337326",NA,44,4,2
"367444640018564","Rep. Luke Messer","Fun time today meeting students, teachers and administrators at Thomas A. Hendricks Elementary in Shelbyville. Keep up the great work!","2017-03-06T21:40:30+0000","photo","https://www.facebook.com/RepLukeMesser/photos/a.369647176464977.85559.367444640018564/1230271190402567/?type=3","367444640018564_1230280257068327","Rep. Luke Messer added 4 new photos.",46,7,0
"367444640018564","Rep. Luke Messer","Congratulations to our 4th grade boys basketball team on a great season!  As a 5'11"" power forward in high school, I sure didn't receive any basketball awards. But these outstanding kids carried their coach to 3rd place out of 24 teams and the coach of the year award.  Proud of them and lots of fun!","2017-03-06T17:55:39+0000","photo","https://www.facebook.com/RepLukeMesser/photos/a.369647176464977.85559.367444640018564/1230104387085914/?type=3","367444640018564_1230104387085914",NA,68,0,0
"367444640018564","Rep. Luke Messer","Congratulations to 6th District sectional champs - the Connersville Spartans, Greensburg Pirates, Northeastern Knights, South Ripley Raiders and the Hauser Jets.  Great story in the IndyStar today recognizing Connersville. I still remember attending the Connersville State Championship rally with my relatives when I was an 8th grader. Basketball continues to bring Hoosier communities together!","2017-03-05T17:06:13+0000","link","http://www.indystar.com/story/sports/columnists/gregg-doyel/2017/03/04/doyel-indiana-basketball-not-just-team-but-town/98735688/","367444640018564_1229217837174569",NA,90,10,11
"367444640018564","Rep. Luke Messer","Thousands of veterans across the country and in Indiana were attending ITT Technical Institute when it shut down this fall.  Many of these vets struggled to transfer their credits and get enrolled in a new school. Now, they face running out of their GI Bill benefits before they can earn a degree.  Jason from Indiana, a U.S. Navy vet who served multiple tours in the Middle East, shares his story:  “After two years at ITT Tech, I am starting my degree completely from scratch at Ivy Tech. None of my credits transferred. My GI Bill benefits will run out before I can finish my new degree, and I don’t know how I will pay for it out of pocket.  To spend two years of my life at a place with nothing to show for it is one of the biggest disappointments.""  I'm working on legislation to assist these vets and restore their GI Bill benefits. These vets deserve our support and a path forward to complete their education.  The American Legion Online Update Student Veterans of America GI Bill of Rights","2017-03-02T20:22:58+0000","link","https://messer.house.gov/media-center/press-releases/rep-messer-works-to-help-veterans-harmed-by-itt-tech-shut-down-other","367444640018564_1226571990772487",NA,60,18,4
"367444640018564","Rep. Luke Messer","Indiana local government officials visited the Capitol yesterday. We spoke about ways to keep our Hoosier communities thriving. Great work being done by the Association of Indiana Counties (AIC).","2017-03-02T16:33:50+0000","photo","https://www.facebook.com/RepLukeMesser/photos/a.369647176464977.85559.367444640018564/1226409344122085/?type=3","367444640018564_1226413110788375","Rep. Luke Messer added 3 new photos.",36,10,7
"367444640018564","Rep. Luke Messer","I joined C-SPAN after President Donald J. Trump's Joint Address to Congress to offer my reaction to the speech and discuss what hit home for Hoosiers:  Back home in Indiana, folks are focused on jobs. When the President talked about stagnant wages, frozen paychecks, the fact that many hardworking people in America feel like they're on a treadmill and can't get ahead... these issues are important to Hoosiers. Hoosiers also care deeply about national security. People want to feel safe when when they go a movie, or their kids go to school, or they go to a mall.  Hear more from the interview and share your thoughts on the issues that matter most to you.","2017-03-01T20:36:26+0000","link","https://www.c-span.org/video/?c4658995%2Frep-messer-responds-joint-address","367444640018564_1225815750848111",NA,57,18,0
"367444640018564","Rep. Luke Messer","Behind the scenes at the #JointAddress last night.   Mr. Speaker, the President of the United States!","2017-03-01T19:23:32+0000","video","https://www.facebook.com/RepLukeMesser/videos/1225778640851822/","367444640018564_1225778640851822",NA,79,6,4
"367444640018564","Rep. Luke Messer","My daughter Emma joined me for the President's Joint Address to Congress. Another special and historic night. President Trump shared an exciting vision our country's future. #JointAddress","2017-03-01T05:17:18+0000","photo","https://www.facebook.com/RepLukeMesser/photos/a.549110278518665.1073741835.367444640018564/1225293784233641/?type=3","367444640018564_1225295700900116","Rep. Luke Messer added 4 new photos.",183,14,0
"367444640018564","Rep. Luke Messer","Tonight, President Trump laid out a bold agenda for America. It is great to see our nation dreaming big dreams again.","2017-03-01T04:16:57+0000","video","https://youtu.be/FyK6riKUAeU","367444640018564_1225263740903312",NA,196,32,5
"367444640018564","Rep. Luke Messer","Ran into some Hoosier heroes in the halls of the Capitol today. Thank you for your service!","2017-02-28T19:26:39+0000","photo","https://www.facebook.com/RepLukeMesser/photos/a.369647176464977.85559.367444640018564/1224973660932320/?type=3","367444640018564_1224973660932320",NA,97,6,4
"367444640018564","Rep. Luke Messer","Local manufacturer, Progress Rail, is doing impressive work and employing Hoosiers in the Muncie community. Thanks for the tour!","2017-02-23T21:00:19+0000","photo","https://www.facebook.com/RepLukeMesser/photos/a.369647176464977.85559.367444640018564/1220911634671856/?type=3","367444640018564_1220920534670966","Rep. Luke Messer added 3 new photos.",49,12,39
"367444640018564","Rep. Luke Messer","The federal government has no business dictating bathroom policies in our local schools. These decisions should be made by states, local educators and families, not federal bureaucrats on a partisan crusade.   I’m relieved to see POTUS reversing yet another glaring Obama overreach and putting our kids ahead of political ideology.  Read my statement here http://bit.ly/2lvJvhm.","2017-02-23T19:15:44+0000","link","http://www.foxnews.com/politics/2017/02/22/trump-administration-revokes-obama-era-transgender-bathroom-guidance-for-schools.html","367444640018564_1220858254677194",NA,390,68,38
"367444640018564","Rep. Luke Messer","Great to be in Muncie today, speaking with members of the Muncie-Delaware County Chamber of Commerce about efforts to grow jobs, support small businesses and keep our communities thriving.","2017-02-23T17:52:37+0000","photo","https://www.facebook.com/RepLukeMesser/photos/a.369647176464977.85559.367444640018564/1220781478018205/?type=3","367444640018564_1220784381351248","Rep. Luke Messer added 6 new photos.",38,16,1
"367444640018564","Rep. Luke Messer","In Congress, we're working on several ways to encourage and help Hoosiers save for retirement.   One of the ways is by making it easier for people to keep track of retirement accounts as they transition from job to job. I spoke to CBS4 Indy about this effort.","2017-02-22T16:37:27+0000","link","http://cbs4indy.com/2017/02/21/is-a-retirement-crisis-looming-cbs4-asks-the-experts-how-to-retire-a-millionaire/","367444640018564_1219960901433596",NA,15,13,2
"367444640018564","Rep. Luke Messer","I'm excited to work with Congressman Rick Larsen on bipartisan legislation that would allow veterans to use Post 911 GI Bill benefits to cover the cost of college application fees.   Our goal is to give veterans as much flexibility and as many options as possible to help them transition from serving our country to earning a degree. This is one small way to do that.","2017-02-22T15:20:18+0000","link","https://messer.house.gov/media-center/press-releases/under-messer-larsen-bill-veterans-could-use-post-911-gi-benefits-to","367444640018564_1219914001438286",NA,39,6,2
"367444640018564","Rep. Luke Messer","States should not be coerced into funding the abortion industry by federal bureaucrats. Watch my remarks on the House floor today.","2017-02-16T21:29:32+0000","video","https://youtu.be/r9xhA8iJo6E","367444640018564_1214575718638781",NA,145,48,10
"367444640018564","Rep. Luke Messer","BREAKING - The House just passed an effort I've focused on to overturn an Obama rule that forces states to fund abortion providers.   I will continue to fight for states' rights and policies to protect life.","2017-02-16T20:58:57+0000","link","https://messer.house.gov/media-center/press-releases/house-passes-rep-messer-s-effort-to-overturn-obama-rule-forcing-states","367444640018564_1214552658641087",NA,242,45,31
"367444640018564","Rep. Luke Messer","It is great to see that Israel once again has a champion in the White House. Israel is our most important friend in the region, and among America’s best partners in the world.   I’m glad President Trump is protecting this important relationship and strongly affirming that the American people stand with Israel.","2017-02-16T14:39:28+0000","video","https://www.youtube.com/watch?v=SmfseeZt5fA","367444640018564_1214249262004760",NA,112,21,10
"367444640018564","Rep. Luke Messer","Hoosier manufacturing is on the rise. Exciting news in Greensburg today!","2017-02-15T19:37:16+0000","link","http://fox59.com/2017/02/15/honda-starts-2017-cr-v-production-in-indiana/","367444640018564_1213469982082688",NA,172,11,28
"367444640018564","Rep. Luke Messer","Happy Valentine's Day to my wife Jennifer. We met on a blind date more than 17 yrs ago and the rest is history!","2017-02-15T00:21:20+0000","photo","https://www.facebook.com/RepLukeMesser/photos/a.369647176464977.85559.367444640018564/1212852885477731/?type=3","367444640018564_1212852885477731",NA,314,21,1
"367444640018564","Rep. Luke Messer","Catching up with Indiana's Treasurer @tos_mitchell during her visit to the Capitol. Loved hearing about her team's great work to help Hoosiers save for college.","2017-02-14T19:44:42+0000","photo","https://www.facebook.com/RepLukeMesser/photos/a.369647176464977.85559.367444640018564/1212722128824140/?type=3","367444640018564_1212722128824140",NA,57,15,0
"367444640018564","Rep. Luke Messer","Up to $7.1 billion taxpayer dollars are paid out each year to illegal immigrants and individuals illegally claiming children through the Additional Child Tax Credit.   This program is wrought with fraud, and U.S. taxpayers are footing the bill. Donald J. Trump, let's work together to clean this up!","2017-02-13T20:53:14+0000","link","http://thehill.com/policy/finance/319244-gop-rep-urges-trump-to-prevent-illegal-immigrants-from-claiming-tax-credits","367444640018564_1211952245567795",NA,467,70,86
"367444640018564","Rep. Luke Messer","Most Americans are astonished to learn that each year billions of taxpayer dollars are given out to people who are in our country illegally.  Today, I wrote a letter to President Donald J. Trump urging him to take executive action on this issue, alongside my legislative efforts.   Let's work together to end this loophole and protect American taxpayers.  https://messer.house.gov/media-center/press-releases/rep-messer-urges-president-trump-to-take-executive-action-on-tax","2017-02-11T16:44:41+0000","photo","https://www.facebook.com/RepLukeMesser/photos/a.369647176464977.85559.367444640018564/1210135605749459/?type=3","367444640018564_1210140329082320","Rep. Luke Messer added 2 new photos.",335,78,60
"367444640018564","Rep. Luke Messer","Fox News talks about legislation I'm authoring to close a loophole allowing billions of dollars in tax credits to be paid out to illegal immigrants.","2017-02-09T22:26:22+0000","link","http://www.foxnews.com/politics/2017/02/09/groups-want-trump-to-close-loophole-allowing-illegal-immigrants-to-abuse-tax-credits.html","367444640018564_1208726042557082",NA,252,29,37
"367444640018564","Rep. Luke Messer","Judge Gorsuch is an excellent Supreme Court pick by the President. He is immensely qualified, respected on both sides of the aisle, and a true defender of our Constitution.   He is the peoples' choice and should be confirmed swiftly, based on merits alone.","2017-02-07T17:04:49+0000","link","http://www.thestarpress.com/story/opinion/contributors/2017/02/06/messer-base-confirmation-merits/97572386/","367444640018564_1206741886088831",NA,239,46,30
"367444640018564","Rep. Luke Messer","Iran's recent missile tests are yet another example of how Obama's bad deal emboldened the regime. I'm glad POTUS is taking charge.","2017-02-03T20:47:59+0000","link","http://www.foxnews.com/politics/2017/02/03/trump-administration-imposes-new-iran-sanctions-over-missile-tests.html","367444640018564_1203158859780467",NA,123,27,12
"367444640018564","Rep. Luke Messer","Judge Gorsuch is a distinguished jurist and an excellent pick by President Trump to succeed Justice Scalia.  Judge Gorsuch is clearly qualified for the job, and his nomination will help ensure we have a court that upholds our Constitution, acts with judicial restraint, and defends the individual liberties of every American. He should be quickly confirmed.","2017-02-01T15:42:24+0000","link","https://messer.house.gov/media-center/press-releases/rep-messer-statement-on-president-trump-s-scotus-nomination","367444640018564_1200867393342947",NA,148,28,13
"367444640018564","Rep. Luke Messer","This week I filed legislation to overturn a midnight regulation pushed through in the waning months of Obama's presidency that would force states to fund abortion providers.   Congress now has the opportunity to reverse this rule, restore states' rights and defend those who do not want public tax dollars to support the abortion industry.   At least 133 House members have joined me in co-sponsoring this bill, and several advocacy groups expressed their support including Indiana Right to Life.","2017-01-31T21:54:09+0000","link","https://messer.house.gov/media-center/press-releases/rep-messer-files-legislation-to-overturn-obama-rule-forcing-states-to","367444640018564_1200134360082917",NA,237,48,28
"367444640018564","Rep. Luke Messer","Your Hoosier representatives in Congress are working together to repeal Obamacare and rebuild our health care system.   Check out a recent Op Ed we wrote in the IndyStar outlining these plans.  http://www.indystar.com/story/opinion/2017/01/30/gop-looks-better-health-care-plan/97249496/  ""Increased out-of-pocket costs, limited choices and restricted access are not the changes Americans were promised when Obamacare was signed into law in 2010... We are committed to working with all of our colleagues and the Trump-Pence Administration to build a health care system that works better for YOU.""","2017-01-31T18:35:31+0000","photo","https://www.facebook.com/RepLukeMesser/photos/a.369647176464977.85559.367444640018564/1200001130096240/?type=3","367444640018564_1200001130096240",NA,58,36,9
"367444640018564","Rep. Luke Messer","Today I joined hundreds of thousands of people from all across our country to defend life. Great to see so many Americans united for one cause. #WhyWeMarch","2017-01-28T01:00:30+0000","photo","https://www.facebook.com/RepLukeMesser/photos/a.549110278518665.1073741835.367444640018564/1197215933708093/?type=3","367444640018564_1197215983708088","Rep. Luke Messer added 4 new photos.",278,57,17
"367444640018564","Rep. Luke Messer","Vice President Pence arrives at #marchforlife. #whywemarch","2017-01-27T21:57:40+0000","photo","https://www.facebook.com/RepLukeMesser/photos/a.369647176464977.85559.367444640018564/1197112357051784/?type=3","367444640018564_1197112357051784",NA,257,25,10
"367444640018564","Rep. Luke Messer","Great crowd today at #marchforlife in DC! #whywemarch","2017-01-27T21:55:55+0000","photo","https://www.facebook.com/RepLukeMesser/photos/a.369647176464977.85559.367444640018564/1197109507052069/?type=3","367444640018564_1197109507052069",NA,157,11,14
"367444640018564","Rep. Luke Messer","This week is National #SchoolChoice Week. We held a rally on Capitol Hill with hundreds of students, parents and lawmakers to celebrate education opportunity. What an inspiring group of kids!   We cannot rest until every kid in America has access to a quality education. You can read more about the rally and School Choice Week here https://messer.house.gov/media-center/press-releases/rep-messer-sen-scott-lead-school-choice-rally","2017-01-26T23:01:38+0000","photo","https://www.facebook.com/RepLukeMesser/photos/a.369647176464977.85559.367444640018564/1196247983804888/?type=3","367444640018564_1196263753803311","Rep. Luke Messer added 8 new photos.",56,23,2
"367444640018564","Rep. Luke Messer","Meeting with President Trump and Vice President Mike Pence. Our new leaders have hit the ground running and are already delivering for the American people.","2017-01-26T18:01:30+0000","photo","https://www.facebook.com/RepLukeMesser/photos/a.369647176464977.85559.367444640018564/1196039923825694/?type=3","367444640018564_1196039923825694",NA,520,55,33
"367444640018564","Rep. Luke Messer","Since Donald Trump’s election, some Americans have made every effort to delegitimize our new president. These misguided attempts undermine our republic and our electoral process, and fuel divisiveness in our politics. If this trend continues, the damage to our nation could long outlast any damage done to its current leader.  So let’s set the record straight. Read more of my latest column here:","2017-01-25T22:48:40+0000","link","http://www.thestarpress.com/story/opinion/contributors/2017/01/25/attempts-delegitimize-trump-undermine-republic/97058892/","367444640018564_1195254880570865",NA,310,81,49
"367444640018564","Rep. Luke Messer","Today President Trump showed he is ready and eager to keep his border security promises to the American people. We will return to rule of law and build a wall on our southern border.","2017-01-25T22:22:26+0000","link","https://messer.house.gov/media-center/press-releases/rep-messer-commends-president-trump-s-commitment-to-border-security","367444640018564_1195224370573916",NA,205,50,11
"367444640018564","Rep. Luke Messer","Fun times with the family at the Freedom Inaugural Ball last night. #Inauguration2017","2017-01-22T03:02:23+0000","photo","https://www.facebook.com/RepLukeMesser/photos/a.369647176464977.85559.367444640018564/1191390937623926/?type=3","367444640018564_1191390937623926",NA,431,30,10
"367444640018564","Rep. Luke Messer","Messer girls celebrate #Inauguration2017","2017-01-20T22:13:53+0000","photo","https://www.facebook.com/RepLukeMesser/photos/a.369647176464977.85559.367444640018564/1190296327733387/?type=3","367444640018564_1190296327733387",NA,325,16,3
"367444640018564","Rep. Luke Messer","This is a day for the history books! Humbled and honored to be a part of #Inauguration2017","2017-01-20T22:06:13+0000","photo","https://www.facebook.com/RepLukeMesser/photos/a.369647176464977.85559.367444640018564/1190291641067189/?type=3","367444640018564_1190291641067189",NA,234,14,3
"367444640018564","Rep. Luke Messer","What an exciting day for our country and all Americans, but especially for us Hoosiers! #InaugurationDay","2017-01-20T21:43:27+0000","photo","https://www.facebook.com/RepLukeMesser/photos/a.549110278518665.1073741835.367444640018564/1190275557735464/?type=3","367444640018564_1190280347734985","Rep. Luke Messer added 10 new photos.",555,25,14
"367444640018564","Rep. Luke Messer","This is a day for the history books. I couldn’t be more excited to see President Donald J. Trump and my good friend and fellow Hoosier Vice President Mike Pence sworn into office today.   With this new leadership, we can get Washington working again for all Americans. Hoosiers can be particularly excited that they will have a strong voice in the White House as Vice President Pence takes on this new role. I trust we will see an era of bold action and results for our country.  https://messer.house.gov/media-center/press-releases/rep-messer-inauguration-ushers-in-era-of-bold-action-results-for-our","2017-01-20T17:52:24+0000","photo","https://www.facebook.com/RepLukeMesser/photos/a.369647176464977.85559.367444640018564/1190145671081786/?type=3","367444640018564_1190145671081786",NA,106,9,5
"367444640018564","Rep. Luke Messer",NA,"2017-01-19T22:09:27+0000","photo","https://www.facebook.com/RepLukeMesser/photos/a.367464096683285.85073.367444640018564/1189547607808259/?type=3","367444640018564_1189547851141568","Rep. Luke Messer updated their cover photo.",92,5,3
"367444640018564","Rep. Luke Messer","Students from Greensburg Community Schools are visiting our nation's capital for the 58th Presidential #Inauguration. Exciting times!","2017-01-19T19:19:48+0000","photo","https://www.facebook.com/RepLukeMesser/photos/a.369647176464977.85559.367444640018564/1189457151150638/?type=3","367444640018564_1189457151150638",NA,200,9,41
"367444640018564","Rep. Luke Messer","Students from my hometown high school stop by for a visit. So glad they have the opportunity to be in DC for the #Inauguration!","2017-01-19T16:01:49+0000","photo","https://www.facebook.com/RepLukeMesser/photos/a.369647176464977.85559.367444640018564/1189359311160422/?type=3","367444640018564_1189359311160422",NA,212,7,18
"367444640018564","Rep. Luke Messer","Today I had the opportunity to join @hooverinstitution and @educationgadfly to talk about ways to ensure every kid in America has access to a quality education. #SchoolChoice","2017-01-18T21:56:45+0000","photo","https://www.facebook.com/RepLukeMesser/photos/a.369647176464977.85559.367444640018564/1188687517894268/?type=3","367444640018564_1188687517894268",NA,30,8,0
"367444640018564","Rep. Luke Messer","Great to be at the Indiana Statehouse yesterday, fun to see so many old friends & excited by the leadership of our new Governor!","2017-01-18T13:26:29+0000","photo","https://www.facebook.com/RepLukeMesser/photos/a.369647176464977.85559.367444640018564/1188385271257826/?type=3","367444640018564_1188385271257826",NA,62,2,1
"367444640018564","Rep. Luke Messer","Team huddle before the 4th grade basketball game on Saturday morning. The ""Mighty Five"" are 2-1.","2017-01-15T23:14:54+0000","photo","https://www.facebook.com/RepLukeMesser/photos/a.369647176464977.85559.367444640018564/1186255748137445/?type=3","367444640018564_1186255748137445",NA,145,9,2
"367444640018564","Rep. Luke Messer","Obamacare failed. It's time to repeal and replace.","2017-01-13T20:44:53+0000","link","https://messer.house.gov/media-center/press-releases/rep-messer-votes-to-begin-obamacare-repeal-and-replace","367444640018564_1184452241651129",NA,482,138,62
"367444640018564","Rep. Luke Messer","Each year, our broken tax code is allowing billions of dollars to be paid out to illegal immigrants.  Closing this loophole will steer us back to rule of law, ensure tax benefits like this are reserved for American citizens and save us billions of dollars.","2017-01-12T16:53:17+0000","link","https://messer.house.gov/media-center/press-releases/rep-messer-proposes-legislation-to-close-loophole-allowing-billions-in","367444640018564_1183454328417587",NA,249,26,687
"367444640018564","Rep. Luke Messer","WTHR-TV reports on legislation I'm authoring to close a loophole that currently allows billions of dollars to be paid out in tax benefits to illegal immigrants.","2017-01-11T01:28:49+0000","link","http://www.wthr.com/article/rep-messers-bill-would-close-tax-loophole-for-undocumented-workers","367444640018564_1182025348560485",NA,418,31,54
"367444640018564","Rep. Luke Messer","Throughout our mostly rural district, with far more Christian churches than synagogues, Hoosiers are united in their support for the Jewish state.   President Obama’s silence and defection from one of our most important allies was unconscionable.","2017-01-10T17:38:48+0000","video","https://youtu.be/wQL9y5T2GbY","367444640018564_1181779168585103",NA,196,26,10
"367444640018564","Rep. Luke Messer","Today is #LawEnforcementAppreciationDay. We're shining a #ProjectBlueLight to recognize the men and women in uniform who work hard and put their lives on the line every day to keep us safe.","2017-01-09T23:06:53+0000","photo","https://www.facebook.com/RepLukeMesser/photos/a.369647176464977.85559.367444640018564/1181236655306021/?type=3","367444640018564_1181236655306021",NA,91,2,21
"367444640018564","Rep. Luke Messer","ICYMI --> On Friday, the House passed an amendment I authored to require every federal agency issuing a new rule to repeal or amend at least one existing rule, to offset costs on the U.S. economy.   In 2016 alone, federal agencies issued 18 rules and regulations for every one law passed by Congress. That’s a grand total of 3,853 regulations.   The collective weight of federal regulations puts a giant tax on the American people, and enough is enough.","2017-01-09T16:17:44+0000","video","https://youtu.be/k_OOsXbPn3M","367444640018564_1181017761994577",NA,83,20,7
"367444640018564","Rep. Luke Messer","Americans are being crushed by endless and often unnecessary federal regulation. It's time to change that.","2017-01-06T00:37:23+0000","link","https://messer.house.gov/media-center/press-releases/house-passes-messer-s-amendment-to-to-rein-in-federal-regulations","367444640018564_1178258198937200",NA,101,23,5
"367444640018564","Rep. Luke Messer","I will vote tonight to send a strong signal to the world that the American people reject the one-sided, short-sighted UN Security Council resolution, and that the American people stand united with Israel.","2017-01-05T22:58:39+0000","link","https://messer.house.gov/media-center/press-releases/messer-will-vote-to-stand-with-israel-disapprove-of-recent-anti-israel","367444640018564_1178201732276180",NA,541,35,39
"367444640018564","Rep. Luke Messer","Senator Dan Coats is a fantastic choice to lead the intelligence community and assist President-elect Donald Trump as Director of National Intelligence. Senator Coats has extraordinary judgment, a level head and is an expert in the field. Throughout his career, he has always put his country first, and I have no doubt he will bring that approach to this new job.","2017-01-05T21:49:43+0000","link","http://www.cnn.com/2017/01/05/politics/dan-coats-picked-to-be-director-of-national-intelligence/index.html","367444640018564_1178169848946035",NA,195,15,22
"367444640018564","Rep. Luke Messer","I will speak on the House floor shortly to express strong disapproval of the recent anti-Israel action by the UN Security Council. You can watch my remarks live here. Later today, the House will take a vote on a resolution that formally objects to this betrayal of our ally.","2017-01-05T17:53:39+0000","link","http://houselive.gov/","367444640018564_1178031468959873",NA,119,20,5
"367444640018564","Rep. Luke Messer","As we enter the next Congress, I’m confident 2017 will be a year of action. We have an opportunity, and an obligation, to take bold action and get results for the American people.   This starts with delivering on the promises made to Americans during election season, including repealing Obamacare, rolling back years of crushing federal regulation and getting tough on national security.","2017-01-03T22:25:16+0000","link","https://iqconnect.lmhostediq.com/iqextranet/view_newsletter.aspx?id=2108322&c=IN06LM","367444640018564_1176575535772133",NA,200,54,15
"367444640018564","Rep. Luke Messer","When the next Congress convenes this week, Republicans will set to work making President-Elect Trump's campaign promises a reality and getting Washington back on the side of the American people. Education reform and rolling back burdensome federal regulations will also be priorities.","2017-01-02T16:05:17+0000","link","http://www.therepublic.com/2017/01/01/education_reform_regulatory_changes_on_messers_legislative_agenda_/","367444640018564_1175577825871904",NA,172,48,9
