"from_id","from_name","message","created_time","type","link","id","story","likes_count","comments_count","shares_count"
"155220881193244","Congressman Mo Brooks","Congratulations to Madison Haney of Killen for receiving The Congressional Award Gold Medal, the highest honor Congress bestows upon youth. The award is in recognition of the hundreds of hours Madison devoted to public service, personal development, physical fitness, and exploration. She is an outstanding representative for the State of Alabama and it was great to hear about the commitment she has made to community service and personal development. I have no doubt that she will continue to do great things! #Gold2017","2017-06-22T15:38:23+0000","photo","https://www.facebook.com/RepMoBrooks/photos/a.157366447645354.32248.155220881193244/1347836718598315/?type=3","155220881193244_1347836718598315",NA,173,25,12
"155220881193244","Congressman Mo Brooks","Last week’s shooting at the Republican baseball practice reinforced the increasing number of threats faced by Congressmen, Senators, and their families. The truth is, if Steve Scalise’s leadership detail had not been present, many of my colleagues and I might not be alive today. That is why today I introduced the Congressional Self-Defense Act to allow lawmakers to conceal carry so that they are better positioned to defend themselves against lone wolf and terrorist attacks.   Lest there be any confusion, as a staunch supporter of the Second Amendment, I believe all law-abiding citizens should be able to conceal carry.  That is why I am an original cosponsor of the Concealed Carry Reciprocity Act of 2017 to extend national reciprocity to all qualified individuals. As I have in the past, I will continue to defend all Americans’ Second Amendment rights with my vote.","2017-06-21T01:27:46+0000","link","https://brooks.house.gov/media-center/news-releases/news-release-brooks-introduces-congressional-self-defense-act-allow","155220881193244_1346509888730998",NA,543,195,83
"155220881193244","Congressman Mo Brooks",NA,"2017-06-21T01:22:47+0000","photo","https://www.facebook.com/RepMoBrooks/photos/a.329035060478491.72397.155220881193244/332432303472100/?type=3","155220881193244_1346507298731257","Congressman Mo Brooks updated their cover photo.",146,54,9
"155220881193244","Congressman Mo Brooks","Despite losing the game, last night's Congressional Baseball Game was a special evening celebrating bipartisanship and a great reminder to the American people that while we may disagree on policy positions, we are all in this together. We united in prayer for those affected by Wednesday's shooting and expressed our gratitude to the police officers who risked their lives to protect us on that practice field.","2017-06-16T19:22:55+0000","video","https://www.facebook.com/RepMoBrooks/videos/1342436839138303/","155220881193244_1342436839138303",NA,263,66,27
"155220881193244","Congressman Mo Brooks",NA,"2017-06-15T18:11:47+0000","photo","https://www.facebook.com/RepMoBrooks/photos/a.329035060478491.72397.155220881193244/1341461002569220/?type=3","155220881193244_1341461565902497","Congressman Mo Brooks updated their cover photo.",627,24,46
"155220881193244","Congressman Mo Brooks","I am extremely grateful for the courage displayed by the U.S. Capitol Police. Without Special Agents David Bailey and Crystal Griner many lives would have been lost today. Although both were shot, they continued to defend us until the shooter was incapacitated. THAT IS BRAVERY!","2017-06-15T01:35:33+0000","video","https://www.facebook.com/TuckerCarlsonTonight/videos/472892459712745/","155220881193244_1340636039318383","Congressman Mo Brooks shared Tucker Carlson Tonight's video.",353,44,0
"155220881193244","Congressman Mo Brooks","The shooting this morning at the Republican practice for the Congressional Baseball Game was harrowing and I feel extremely lucky to be alive and uninjured. Please join me in sending prayers for Congressman Steve Scalise, Capitol Police officers Crystal Griner and David Bailey - who risked their lives to protect us despite their injuries, Matt Mika, Zach Barth, and their families during this difficult time.","2017-06-14T22:10:31+0000","status",NA,"155220881193244_1340503202665000",NA,1159,247,102
"155220881193244","Congressman Mo Brooks","Today we heard clear, unambiguous testimony from Attorney General Jeff Sessions that he in no way, shape, or form colluded with Russians concerning 2016 elections. The American people deserve far better than the innuendo and falsities Democrats spread in a hyper-partisan effort to impugn the honor and integrity of Jeff Sessions, one of Alabama’s best.","2017-06-13T23:28:46+0000","link","https://brooks.house.gov/media-center/news-releases/news-release-brooks-statement-attorney-general-sessions-testimony","155220881193244_1339501909431796",NA,894,215,100
"155220881193244","Congressman Mo Brooks","I’m pleased the House today passed the Verify First Act, with my strong support as an original cosponsor, to prevent American Health Care Act tax credits from being dispersed until the legal status of an eligible individual is verified.   Under the Obama Administration, the government engaged in a “pay and chase” method whereby, according to a report by the Senate Committee on Homeland Security and Governmental Affairs, more than $700 million in ObamaCare subsidies were paid to illegal aliens.   Hardworking Americans are already struggling to pay for their own heath care, and I encourage my colleagues in the Senate to end the filibuster rule so the President can sign this common-sense piece of legislation.","2017-06-13T21:38:24+0000","status",NA,"155220881193244_1339438306104823",NA,285,68,49
"155220881193244","Congressman Mo Brooks","ICYMI: I joined MSNBC today to defend President Trump and Attorney General Jeff Sessions following James Comey's testimony before the Senate Intelligence Committee.","2017-06-08T23:58:00+0000","video","https://www.facebook.com/RepMoBrooks/videos/1334856803229640/","155220881193244_1334856803229640",NA,177,94,39
"155220881193244","Congressman Mo Brooks","Please join me in sending thoughts and prayers for the Mount Zion Baptist Church family and everyone involved in this tragic wreck.","2017-06-08T22:37:07+0000","video","https://www.facebook.com/whntnews19/videos/10154713786726045/","155220881193244_1334849516563702","Congressman Mo Brooks shared WHNT News 19's video.",109,21,0
"155220881193244","Congressman Mo Brooks","President Trump is absolutely right to call for the end of the Senate filibuster rule. The rule is outdated, obstructionist, and impedes progress. Further, there is no statute or provision in the Constitution that supports a filibuster.   It is time to defeat the archaic rule to have a chance of implementing the Trump agenda, passing healthcare and tax reform legislation, balancing budgets, properly deliberating and passing spending bills, and ending the cycle of threatened government shutdowns.","2017-05-30T18:03:35+0000","link","https://brooks.house.gov/media-center/news-releases/brooks-end-filibuster-rule-betrays-american-voters","155220881193244_1326331874082133",NA,302,183,47
"155220881193244","Congressman Mo Brooks","Today we pause to pay tribute to the brave men and women in uniform who paid the ultimate sacrifice for the freedoms we enjoy. Our heartfelt thoughts and prayers are with the loved ones of those who died while defending our nation and its values. God Bless our nation’s heroes.","2017-05-29T14:44:28+0000","photo","https://www.facebook.com/RepMoBrooks/photos/a.157366447645354.32248.155220881193244/1325293594185961/?type=3","155220881193244_1325293594185961",NA,92,16,12
"155220881193244","Congressman Mo Brooks","Today, I was pleased to join with friends and family to congratulate these outstanding scholars, athletes, and leaders from Alabama's Fifth Congressional District who have received appointments to the 2017 freshman classes at the Air Force Academy, the Naval Academy, and West Point. We are all extremely proud of this class of appointees and their dedication to service of country.","2017-05-26T23:05:29+0000","link","https://www.flickr.com/photos/58533574@N04/albums/72157681295864783/with/34871533586/","155220881193244_1323077747740879",NA,182,22,15
"155220881193244","Congressman Mo Brooks","HHS released a sobering report on premium hikes for Americans due to ObamaCare taxes, regulations, and mandates. According to the report, nationwide individual market premiums increased 105% – meaning health insurance premium costs more than doubled. In Alabama, health insurance cost increased a staggering and obscene 223%.   When people ask me why I insist on a full repeal of ObamaCare, a 223% hike in health insurance premium costs says it all. That’s why I stood strong in the face of fierce headwinds and criticism, and fought so hard to successfully amend the original Republican healthcare bill so that it will decrease premiums, not increase them on already overburdened and stressed Alabama families.","2017-05-24T23:05:13+0000","link","https://brooks.house.gov/media-center/news-releases/news-release-obamacare-hammers-alabama-nations-worst-223-health-insurance","155220881193244_1321450877903566",NA,226,176,290
"155220881193244","Congressman Mo Brooks","This week, I introduced legislation to reform the abused Temporary Protected Status (TPS) program. The TPS program was established as a temporary immigration status granted as a result of a natural disaster or other extraordinary condition. However, “Temporary” Protected Status is de facto permanent, as under current law, it is almost certain to be repeatedly renewed. Years and sometimes decades later, long after the extraordinary conditions have passed, hundreds of thousands of foreign residents remain in the U.S. under TPS status. My bill would ensure that temporary means temporary and provide much needed reform for what has become a long-running amnesty program.","2017-05-24T18:57:43+0000","link","https://brooks.house.gov/media-center/news-releases/brooks-introduces-legislation-reform-tps-program","155220881193244_1321279904587330",NA,135,59,27
"155220881193244","Congressman Mo Brooks","It was great to welcome students and parents from Whitesburg P-8 to Washington this morning during their annual trip. Martha and I enjoyed showing them the Capitol and engaging with students on America’s history and current events. We appreciated the visit and wish them safe travels back to North Alabama.","2017-05-19T18:08:12+0000","photo","https://www.facebook.com/RepMoBrooks/photos/a.157366447645354.32248.155220881193244/1316938415021479/?type=3","155220881193244_1316938415021479",NA,87,20,16
"155220881193244","Congressman Mo Brooks","I joined Fox News today to discuss the appointment of Former FBI Director Robert Mueller as FBI special counsel for the investigation into Russian election meddling.  In my view, the Democrats have overshot. I don’t think there’s going to be anything that ties President Trump to the Russian activity. With the appointment of Mueller, Congress can now focus on important public policy issues like the debt & deficits, healthcare, and tax reform.","2017-05-19T00:37:12+0000","video","https://www.facebook.com/RepMoBrooks/videos/1316028001779187/","155220881193244_1316028001779187",NA,107,83,13
"155220881193244","Congressman Mo Brooks","Martha and I enjoyed hosting students from Falkville High School for a Capitol tour this morning. We hope the students benefited from the experience and learned a lot about our nation’s rich history.","2017-05-18T15:17:22+0000","photo","https://www.facebook.com/RepMoBrooks/photos/a.157366447645354.32248.155220881193244/1315495961832391/?type=3","155220881193244_1315495961832391",NA,42,2,5
"155220881193244","Congressman Mo Brooks","It’s great to see members of our community serving the world’s less fortunate. Thank you Dr. Jerry Graham and members of the First Missionary Baptist Church in Huntsville for your tireless work to bring medical care to Haitians.","2017-05-17T22:20:12+0000","photo","https://www.facebook.com/HAITI4JC/photos/a.116522022239274.1073741828.113540475870762/125097484715061/?type=3","155220881193244_1314490651932922","Congressman Mo Brooks shared Graham Christian Medical Foundation's photo.",39,21,0
"155220881193244","Congressman Mo Brooks","As #NationalPoliceWeek continues, today I spoke on the House floor in support of the Thin Blue Line Act, legislation the House will consider today to make it a death penalty offense to murder local law enforcement officers, prosecutors, and firemen. As a former Tuscaloosa County prosecutor and Madison County District Attorney, I understand the importance of the Rule of Law and appreciate the brave law enforcement officers who protect our communities from anarchy, crime, destruction, and death. I support the Thin Blue Line Act because it is morally right to help protect officers who risk their lives to protect ours.","2017-05-17T18:27:26+0000","video","https://www.facebook.com/RepMoBrooks/videos/1314333935281927/","155220881193244_1314333935281927",NA,157,55,29
"155220881193244","Congressman Mo Brooks","This #NationalPoliceWeek, we honor the sacrifices of our men and women in blue, especially those who have lost their lives in the line of duty. I am grateful for the hard-working law enforcement officers who face danger every day in order to serve and protect our communities.","2017-05-15T16:49:58+0000","photo","https://www.facebook.com/RepMoBrooks/photos/a.157366447645354.32248.155220881193244/1311454095569911/?type=3","155220881193244_1311454095569911",NA,72,19,14
"155220881193244","Congressman Mo Brooks","Mothers, thank you for your unyielding kindness and infinite love. From the start, you teach and guide us as only mothers can. On this day, I’m especially thankful for my mother’s constant support - Happy Mother’s Day!","2017-05-14T12:52:17+0000","photo","https://www.facebook.com/RepMoBrooks/photos/a.157366447645354.32248.155220881193244/1310132595702061/?type=3","155220881193244_1310132595702061",NA,321,30,3
"155220881193244","Congressman Mo Brooks","Happy #NationalTeachersDay! As a son, husband, and father of educators, today I thank teachers for their dedication to our children's future.","2017-05-09T21:38:12+0000","photo","https://www.facebook.com/RepMoBrooks/photos/a.157366447645354.32248.155220881193244/1306501852731802/?type=3","155220881193244_1306501852731802",NA,48,51,7
"155220881193244","Congressman Mo Brooks","Today, I voted in favor of the improved and amended American Health Care Act that partially repeals ObamaCare and drives down projected health insurance costs while maintaining coverage for individuals with pre-existing conditions. While today’s health care legislation falls short of the full ObamaCare repeal that I called for and believe in, a partial repeal does more good for working American families than no repeal at all. Leaving ObamaCare in place is not an option for Americans.  I look forward to working with my Senate colleagues to build on the progress made in the House on the AHCA to deliver on our promises to the American people.","2017-05-04T21:27:19+0000","link","https://brooks.house.gov/media-center/news-releases/brooks-supports-health-care-bill-passage-protects-those-pre-existing","155220881193244_1302270816488239",NA,583,1421,92
"155220881193244","Congressman Mo Brooks","It has been great visiting with more than 100 members of the Huntsville/Madison County Chamber of Commerce and the Decatur-Morgan County Chamber of Commerce during their annual Washington fly-in. I always enjoy hosting North Alabamians in Washington and hearing from them on issues important to Alabama’s Fifth District. Thank you to our guest speakers for taking time from their busy schedules to share their insights: U.S. Representative Bradley Byrne, Congressman Mark Meadows, Congressman Ken Buck,Congressman Robert Aderholt, Congressman Gary Palmer, and Representative Martha Roby.","2017-05-03T18:48:02+0000","photo","https://www.facebook.com/RepMoBrooks/photos/a.157366447645354.32248.155220881193244/1301193156596005/?type=3","155220881193244_1301193156596005",NA,51,337,1
"155220881193244","Congressman Mo Brooks","Did you know there are more than 29 million small businesses in the United States and that small businesses employ more than 47 percent of the employees in the private sector? With small business playing such a vital role in America’s economy, I’m proud to support #SmallBusinessWeek!","2017-05-01T15:55:39+0000","photo","https://www.facebook.com/RepMoBrooks/photos/a.157366447645354.32248.155220881193244/1298511300197524/?type=3","155220881193244_1298511300197524",NA,57,938,9
"155220881193244","Congressman Mo Brooks","Today, I joined Wolf Blitzer on CNN to offer insights on North Korea’s national security threat to the United States, the role of China in the Asia-Pacific, and the risk to American security posed by our own national deficit and debt.","2017-04-29T00:03:23+0000","video","https://www.facebook.com/RepMoBrooks/videos/1295438760504778/","155220881193244_1295438760504778",NA,78,242,17
"155220881193244","Congressman Mo Brooks","It was great to welcome students and parents from Athens Middle School to Washington today. Martha and I enjoyed their visit and showing them our favorite spots around the Capitol.","2017-04-28T17:30:26+0000","photo","https://www.facebook.com/RepMoBrooks/photos/a.157366447645354.32248.155220881193244/1295154323866555/?type=3","155220881193244_1295154323866555",NA,57,143,5
"155220881193244","Congressman Mo Brooks","No nation can exist without borders and I was proud to introduce House companion legislation to Senator Ted Cruz’s EL CHAPO Act, which would reserve billions in assets forfeited to the U.S. Government by drug kingpins to be used for border security. This financially responsible legislation is a significant step towards funding President Trump’s border wall and promoting American security by minimizing the trafficking of drugs and weapons across our southern border.","2017-04-27T20:51:39+0000","link","https://brooks.house.gov/media-center/news-releases/brooks-introduces-cruz-immigration-legislation-house-fund-border-wall","155220881193244_1294418500606804",NA,251,152,38
"155220881193244","Congressman Mo Brooks","I joined Varney & Co. today to discuss my support for the Trump Administration and Congressional efforts to adopt conservative measures which greatly improve the American Health Care Act, and I’m cautiously optimistic the House will deliver a partial ObamaCare repeal that will lower health insurance costs for struggling American families.   In its first 100 days, the Trump Administration has made substantial progress towards delivering on the promises made to the American people. From huge reductions in illegal border crossings to negotiating health care reforms and the confirmation of Justice Neil Gorsuch, America is getting back on track thanks to the leadership of President Trump and Vice President Pence.","2017-04-27T18:29:41+0000","video","https://www.facebook.com/RepMoBrooks/videos/1294310607284260/","155220881193244_1294310607284260",NA,127,589,29
"155220881193244","Congressman Mo Brooks","Martha and I enjoyed hosting Madison Academy 5th graders at the U.S. Capitol for a tour yesterday evening and were grateful for the opportunity to field great questions about the U.S. Congress. Many thanks to this impressive group of students and safe travels back to Alabama.","2017-04-27T14:47:05+0000","photo","https://www.facebook.com/RepMoBrooks/photos/a.157366447645354.32248.155220881193244/1294119520636702/?type=3","155220881193244_1294119520636702",NA,90,46,6
"155220881193244","Congressman Mo Brooks","Thanks to improvements fought for and obtained by the House Freedom Caucus, I will vote for and support the amended American Health Care Act that partially repeals ObamaCare while driving down health insurance costs for millions of Americans. After the House Freedom Caucus sought and was denied a vote to totally repeal ObamaCare, the caucus worked tirelessly and used its political muscle to negotiate and successfully force conservative and States’ Rights changes to the AHCA. Despite these conservative advances, there is still much to be done, and I am committed to working with my Senate colleagues to deliver on our promises to the American people to provide relief from the damaging effects of ObamaCare.","2017-04-27T00:20:35+0000","link","https://brooks.house.gov/media-center/news-releases/rep-brooks-supports-freedom-caucus-victory-amended-health-care-bill","155220881193244_1293579210690733",NA,253,365,57
"155220881193244","Congressman Mo Brooks","Congratulations to Raina Verser of New Century Technology High School on representing Alabama in the Poetry Out Loud: National Recitation Contest Finals in Washington, DC for the second year running. I enjoyed visiting with Raina and her family today and hope to see Raina compete again next year as a senior.","2017-04-26T19:53:51+0000","photo","https://www.facebook.com/RepMoBrooks/photos/a.157366447645354.32248.155220881193244/1293416124040375/?type=3","155220881193244_1293416124040375",NA,36,14,3
"155220881193244","Congressman Mo Brooks","I applaud President Trump’s Buy American and Hire American Executive Order that strengthens Buy American laws and implements much needed reforms to our guest-worker program. With underemployment rates near 10%, stagnant wages, and all net job gains over the last 14 years going to foreigners, America can ill-afford to continue policies that favor foreign manufacturers and foreign workers over American citizens. President Trump’s efforts to strengthen protections against fraud and abuse in the H-1B program and maximize the use of goods, products, and materials produced here at home is a positive step toward putting America back on track.","2017-04-18T19:59:54+0000","video","http://www.realclearpolitics.com/video/2017/04/18/watch_live_president_trump_introduces_new_hire_american_buy_american_order_in_kenosha_wisconsin.html","155220881193244_1284850144896973",NA,203,140,28
"155220881193244","Congressman Mo Brooks","Congratulations to Robert Monette (pictured second from the left) from Madison, Alabama for receiving the Silver Star Medal, one of our nation’s highest military honors. Throughout his impressive Army career, Mr. Monette showed a selfless desire to help others. During the Vietnam War at the Battle of An Loc, he braved heavy ground fire and saved many fellow soldiers. Despite all the circumstances that would have justified retreat, he persevered, unconcerned for his own life. Mr. Monette is truly a great example of dedication and selflessness for every American. Please join me in thanking him for his service.","2017-04-18T15:46:30+0000","photo","https://www.facebook.com/RepMoBrooks/photos/a.157366447645354.32248.155220881193244/1284641161584538/?type=3","155220881193244_1284641161584538",NA,119,38,16
"155220881193244","Congressman Mo Brooks","Broadband internet access is the infrastructure issue of the 21st Century. This morning’s announcement by AT&T and the Limestone County Economic Development Association that Breeding Industrial Park, Elm Industrial Park and Southpoint Business Park are now fiber ready is great news for North Alabama. This will give the area the capability to attract high-tech firms that require superfast internet speeds to operate, and I look forward to seeing the job and economic growth that will result.","2017-04-18T00:01:17+0000","photo","https://www.facebook.com/RepMoBrooks/photos/a.157366447645354.32248.155220881193244/1283961044985883/?type=3","155220881193244_1283961044985883",NA,29,13,6
"155220881193244","Congressman Mo Brooks","May you and your family know the joy of everlasting life. Happy Easter!","2017-04-16T13:58:42+0000","photo","https://www.facebook.com/RepMoBrooks/photos/a.157366447645354.32248.155220881193244/1282544145127573/?type=3","155220881193244_1282544145127573",NA,144,29,3
"155220881193244","Congressman Mo Brooks","The new location of Practical Energetics Research, LLC is now open! I was pleased to attend the ribbon cutting yesterday and meet the folks at PER who develop and manufacture high-capability weapons systems for America’s military.","2017-04-14T16:40:23+0000","photo","https://www.facebook.com/RepMoBrooks/photos/a.157366447645354.32248.155220881193244/1280547975327190/?type=3","155220881193244_1280547975327190",NA,35,9,3
"155220881193244","Congressman Mo Brooks","This afternoon, I enjoyed holding a town hall with employees at BASF's Huntsville facility, where they develop emission-control technologies for a variety of applications. I appreciate BASF hosting me and all the great questions on the latest from Washington.","2017-04-13T23:03:18+0000","photo","https://www.facebook.com/RepMoBrooks/photos/a.157366447645354.32248.155220881193244/1279837845398203/?type=3","155220881193244_1279837845398203",NA,40,104,1
"155220881193244","Congressman Mo Brooks","Thanks to Intuitive Research and Technology Corporation for hosting me today for a Q&A session! It was great to learn more about the exciting virtual reality projects being developed and visit with employees.","2017-04-13T21:23:53+0000","photo","https://www.facebook.com/RepMoBrooks/photos/a.157366447645354.32248.155220881193244/1279746365407351/?type=3","155220881193244_1279746365407351",NA,19,1,2
"155220881193244","Congressman Mo Brooks","The Arc of Madison County, Inc.- Jane K. Lowe Center is a testament to the ingenuity and generosity of North Alabamians. During my visit today, I had the opportunity to meet men and women of the Arc and the staff who have made it their life's work to create a place where people with intellectual disabilities can thrive. It was great to see firsthand the positive impact this organization has on our community.","2017-04-13T17:38:26+0000","photo","https://www.facebook.com/RepMoBrooks/photos/a.157366447645354.32248.155220881193244/1279565418758779/?type=3","155220881193244_1279565418758779",NA,26,7,1
"155220881193244","Congressman Mo Brooks","Downtown Decatur will soon have a first-rate educational destination and cultural venue in the Cook Museum of Natural Science. Today, I toured the nearly completed facility and learned about the collections and programs in store for future visitors. I am thankful for the committed individuals who made this project possible, and I look forward to seeing the museum once it is complete.","2017-04-11T21:08:20+0000","photo","https://www.facebook.com/RepMoBrooks/photos/a.157366447645354.32248.155220881193244/1277623952286259/?type=3","155220881193244_1277623952286259",NA,82,12,14
"155220881193244","Congressman Mo Brooks","More exciting news for North Alabama! Aerojet Rocketdyne today announced they are bringing an estimated 800 positions to Huntsville. I am grateful for their continued investment and commitment to the community, and I’m hopeful it's a harbinger of future prosperity!","2017-04-10T23:02:04+0000","link","http://www.al.com/news/huntsville/index.ssf/2017/04/aerojet-rocketdyne_bringing_80.html","155220881193244_1276776979037623",NA,543,30,214
"155220881193244","Congressman Mo Brooks","I appreciated Sanmina-SCI hosting me this afternoon for an informative product demonstration and tour of their Huntsville facility. It was great to visit with the dedicated employees and see the array of sophisticated electronic equipment manufactured here in the Tennessee Valley.","2017-04-10T21:13:57+0000","photo","https://www.facebook.com/RepMoBrooks/photos/a.157366447645354.32248.155220881193244/1276715992377055/?type=3","155220881193244_1276715992377055",NA,61,5,1
"155220881193244","Congressman Mo Brooks","I enjoyed spending time with Whitesburg Baptist’s lunch group today, and I appreciated the opportunity to hear from them on issues important to seniors in North Alabama.","2017-04-10T19:35:18+0000","photo","https://www.facebook.com/RepMoBrooks/photos/a.157366447645354.32248.155220881193244/1276653602383294/?type=3","155220881193244_1276653602383294",NA,62,79,5
"155220881193244","Congressman Mo Brooks","Thanks very much to St. John Paul II Catholic High School for the warm welcome today. I enjoyed visiting with teachers and answering questions from AP Government students. Hopefully some of the answers I provided were helpful - best of luck on your upcoming AP exam!","2017-04-08T00:25:08+0000","photo","https://www.facebook.com/RepMoBrooks/photos/a.157366447645354.32248.155220881193244/1274065282642126/?type=3","155220881193244_1274065282642126",NA,59,10,2
"155220881193244","Congressman Mo Brooks","President Trump delivered on his promise of an outstanding #SCOTUS nominee, and I commend Neil Gorsuch’s confirmation as the next associate justice of the United States Supreme Court. Despite failed partisan attempts aimed to paint Gorsuch as an ideologue who will rule based on personal beliefs, Gorsuch has consistently demonstrated his commitment and record of ruling on issues before his court based on rational interpretation of the original intent of the Constitution or law. I'm certain Gorsuch will honor the legacy of Justice Antonin Scalia.","2017-04-07T17:33:12+0000","photo","https://www.facebook.com/RepMoBrooks/photos/a.157366447645354.32248.155220881193244/1273765319338789/?type=3","155220881193244_1273765319338789",NA,190,25,6
"155220881193244","Congressman Mo Brooks","Thanks to fifth graders and parents from Tanner School for braving the rainy weather in Washington this morning to join me and Martha for a tour of the U.S. Capitol. I enjoyed fielding some great questions from students about why I became a Congressman and how often I get back to the State of Alabama to visit with my grandkids. We wish the group a wonderful rest of their visit to Washington and safe travels back home.","2017-04-06T14:55:42+0000","photo","https://www.facebook.com/RepMoBrooks/photos/a.157366447645354.32248.155220881193244/1272457276136260/?type=3","155220881193244_1272457276136260",NA,126,19,30
"155220881193244","Congressman Mo Brooks","ICYMI: I joined Lou Dobbs to discuss the progress being made among House Republicans and the White House on healthcare legislation and how best to lower health insurance premiums for the American people.","2017-04-05T15:08:06+0000","video","https://www.facebook.com/RepMoBrooks/videos/1271338309581490/","155220881193244_1271338309581490",NA,60,39,6
"155220881193244","Congressman Mo Brooks","Congress has an opportunity to work with the Trump Administration to ensure that our nation’s immigration laws are strictly enforced. It is long past time the House use the power of the purse to defund cities and localities who have refused to comply with federal immigration laws and knowingly shield dangerous felons from removal by ICE. According to an ICE report from March of 2017, there are an estimated 300 cities and counties obstructing federal immigration agents from doing their jobs to deport dangerous criminals, thereby intentionally endangering Americans.","2017-04-04T22:45:16+0000","link","http://gosar.house.gov/press-release/reps-gosar-brooks-buck-and-king-lead-effort-house-defund-sanctuary-cities","155220881193244_1270638119651509",NA,186,44,24
"155220881193244","Congressman Mo Brooks","Last night, I met with Vice President Pence and suggested a compromise to garner support in the House Freedom Caucus for the American Health Care Act.   Notwithstanding the many provisions in the health care bill with which I strongly disagree, as a compromise, I will vote for the bill in its current form if a States Rights’ amendment is added that gives states the authority to determine the content and coverages in health insurance policies issued to its citizens. Hence, a state, not the federal government, shall decide whether its health insurance policies will include Essential Health Benefits.  Those states that want expensive policy requirements can have them, provided they are willing to pay the accompanying higher premium costs. If the White House and the rest of the House GOP Conference will agree to this very constructive, cost-reducing, States' Rights measure, I will vote for the American Health Care Act.","2017-04-04T13:27:50+0000","link","https://brooks.house.gov/media-center/news-releases/news-release-brooks-offers-states-rights-health-bill-compromise-vice","155220881193244_1270179443030710",NA,232,132,44
"155220881193244","Congressman Mo Brooks","The Tennessee Valley can take pride in having one of the best-run airports in the country. According to U.S. Department of Transportation data compiled by the American City Business Journal, Huntsville International Airport is among the top 20 best-run airports in America, beating out many larger airports for the spot and coming in at #1 in the state!","2017-04-03T17:18:35+0000","link","http://www.al.com/news/index.ssf/2017/03/alabamas_best-run_airport_is_o.html","155220881193244_1269262606455727",NA,125,61,25
"155220881193244","Congressman Mo Brooks","I was pleased to take part in this morning’s ribbon cutting for Huntsville Botanical Garden’s new Guest Center. The garden has grown significantly since its opening in 1988, and I’m thankful for the dedication of volunteers, members, supporters, and donors who through their hard-work and resources contribute to our vibrant community by making possible a first-class public garden. The new facility will serve as a welcome center with expanded meeting, reception, and wedding spaces and is now open to the public.","2017-03-31T16:00:39+0000","photo","https://www.facebook.com/RepMoBrooks/photos/a.157366447645354.32248.155220881193244/1265884050126916/?type=3","155220881193244_1265884050126916",NA,73,25,5
"155220881193244","Congressman Mo Brooks","Russia has repeatedly breached the Intermediate-Range Nuclear Forces Treaty by deploying missile systems that violate the agreement. Today, in a House Armed Services Committee hearing I questioned a panel of witnesses on the implications of these Russian actions and potential options for a U.S. response to violations.","2017-03-30T21:03:15+0000","video","https://www.facebook.com/RepMoBrooks/videos/1265133643535290/","155220881193244_1265133643535290",NA,46,31,8
"155220881193244","Congressman Mo Brooks","Securing America’s borders has long been a priority of mine in Congress. I fully support President Trump’s effort to build a southern border wall and have Mexico pay for it. In keeping with this objective, I am pleased to be an original cosponsor of Congressman Mike Rogers’ legislation, the Border Wall Funding Act, to impose a 2% tax on remittances sent south of the border, raising nearly $500 million per year from Mexico alone for construction of the wall.","2017-03-30T18:47:42+0000","link","https://brooks.house.gov/sites/brooks.house.gov/files/ROGEAL_002_xml.pdf","155220881193244_1265056540209667",NA,328,117,72
"155220881193244","Congressman Mo Brooks","Transparency and reproducibility are hallmarks of solid science. I was pleased the House today passed the HONEST Act, with my support, to bar the EPA from using secret science to justify costly regulations that burden our economy. This legislation will ensure the basis for regulatory decisions are founded in data available to the public.","2017-03-29T21:22:06+0000","link","https://science.house.gov/news/press-releases/house-approves-honest-act","155220881193244_1264256943622960",NA,240,83,48
"155220881193244","Congressman Mo Brooks","I joined Fox Business this morning to discuss the way forward on healthcare and how the House can quickly pass constructive legislation to deliver a clean repeal of ObamaCare.","2017-03-29T19:44:51+0000","video","https://www.facebook.com/RepMoBrooks/videos/1264204030294918/","155220881193244_1264204030294918",NA,156,70,26
"155220881193244","Congressman Mo Brooks","Great to spend time with students from Liberty Middle School this morning! Martha and I enjoyed showing them some of our favorite spots around the Capitol building. We truly hope it was a worthwhile and informative experience and that y’all enjoy the rest of your trip.","2017-03-29T17:09:11+0000","photo","https://www.facebook.com/RepMoBrooks/photos/a.157366447645354.32248.155220881193244/1264110766970911/?type=3","155220881193244_1264110766970911",NA,51,9,4
"155220881193244","Congressman Mo Brooks","I introduced a simple, two-page bill to achieve a clean repeal of ObamaCare. The recently defeated healthcare proposal to amend ObamaCare left much of the framework of the disastrous law intact and would have resulted in higher premiums for struggling American families. The path forward on health care does not have to include the permanency of ObamaCare. Republicans sent a bill to repeal ObamaCare to the President’s desk in 2015 so the votes are there to deliver on the promise of a full repeal to the American people. I will continue fighting in Congress to find a path forward that will lower premiums, not raise them. Delivering a clean repeal is the best place to start.","2017-03-28T00:26:05+0000","link","http://www.al.com/news/huntsville/index.ssf/2017/03/rep_mo_brooks_files_bill_to_re.html#incart_river_home","155220881193244_1262585307123457",NA,722,393,213
"155220881193244","Congressman Mo Brooks","I will vote against the American Health Care Act because it has more bad policy than any bill I have ever faced. I simply cannot, and will not, vote for bad legislation that hurts so many Americans solely because Washington friends and colleagues ask me to.","2017-03-24T15:30:35+0000","link","https://brooks.house.gov/media-center/news-releases/brooks-vote-against-flawed-american-health-care-act","155220881193244_1259488534099801",NA,865,543,101
"155220881193244","Congressman Mo Brooks","I will vote against the House GOP healthcare/welfare plan this week because it does not deliver on the promise I made to Alabamians to deliver a clean repeal of Obamacare. Instead, this legislation creates a huge new welfare program. Over the long haul that’s going to result in either higher premiums, higher taxes, or greater deficit and debt that’s going to burden our economy for decades to come.","2017-03-21T23:16:33+0000","video","https://www.facebook.com/RepMoBrooks/videos/1256871737694814/","155220881193244_1256871737694814",NA,705,503,179
"155220881193244","Congressman Mo Brooks","Today is an exciting day for America’s space program! As the Representative for NASA's Marshall Space Flight Center, I was honored to join President Trump at the White House today for the signing of the NASA Authorization Act. This legislation creates the long-term stability and continuity of purpose NASA needs to accomplish its robust missions, including the Space Launch System and Orion Spacecraft. In signing this legislation, President Trump demonstrated his strong support for NASA and reaffirmed America’s commitment to human spaceflight and the journey to Mars.","2017-03-21T18:01:26+0000","link","https://brooks.house.gov/media-center/news-releases/brooks-joins-president-white-house-signing-nasa-authorization-bill","155220881193244_1256652104383444",NA,235,34,42
"155220881193244","Congressman Mo Brooks","America’s veterans deserve the best we have to offer and their Constitutional rights safeguarded. I was proud to support House passage of legislation this week to protect veterans’ Second Amendment Rights and ensure the Veterans Affairs Administration serves our veterans effectively.","2017-03-17T20:22:49+0000","photo","https://www.facebook.com/HouseVetsAffairs/photos/a.208910309133494.54163.195809623776896/1508059022551943/?type=3","155220881193244_1253479858034002","Congressman Mo Brooks shared House Committee on Veterans' Affairs's photo.",88,34,0
"155220881193244","Congressman Mo Brooks","This morning, I joined MSNBC to express my support for President Trump’s revised immigration Executive Order and talk about the Republican healthcare bill, which in my view amounts to the largest Republican welfare program ever proposed. The Constitution clearly grants President Trump absolute authority on matters of admitting foreigners to America, and I encourage the President to appeal the decisions of overreaching federal judges who have unconstitutionally blocked his efforts to ensure our national security.","2017-03-16T15:42:19+0000","video","https://www.facebook.com/RepMoBrooks/videos/1252450561470265/","155220881193244_1252450561470265",NA,169,81,25
"155220881193244","Congressman Mo Brooks","Great to visit with members of the Society for Human Resource Management (SHRM) from across Alabama today. I appreciated their insight on important issues like healthcare and family leave legislation. In my view, a free-market approach is the best way forward and protects the vital competition that has made America's economy the strongest in the world.","2017-03-15T20:44:17+0000","photo","https://www.facebook.com/RepMoBrooks/photos/a.157366447645354.32248.155220881193244/1251673771547944/?type=3","155220881193244_1251673771547944",NA,31,33,4
"155220881193244","Congressman Mo Brooks","Thanks to all the #AL05 families and students who braved the snowy weather today for an early morning tour of the Capitol with me and my wife Martha! We were glad to visit with so many North Alabamians and were pleased to see so many students on Spring Break take an interest in our nation’s history and government. Wishing everyone safe travels home.","2017-03-15T18:11:11+0000","photo","https://www.facebook.com/RepMoBrooks/photos/a.157366447645354.32248.155220881193244/1251571468224841/?type=3","155220881193244_1251571468224841",NA,69,9,5
"155220881193244","Congressman Mo Brooks","As the Vice-Chairman of the Space Subcommittee, I was pleased to welcome the more than 100 suppliers represented at the 2017 United Launch Alliance Supplier Conference in Washington, and congratulate the ULA team on their 117th successful launch since the company was formed in December 2006. Alabama’s Fifth District is proud to have ULA in Decatur and support their continued work on national security and maintaining America’s access to space.","2017-03-14T22:24:46+0000","photo","https://www.facebook.com/RepMoBrooks/photos/a.157366447645354.32248.155220881193244/1250922831623038/?type=3","155220881193244_1250922831623038",NA,46,9,7
"155220881193244","Congressman Mo Brooks","Today I joined Fox News and affirmed my commitment to deliver a clean repeal of ObamaCare to the American people. In my judgment, once ObamaCare is repealed, we need to inject competition into the marketplace, eliminate the antitrust laws which promote oligopolies and monopolies, and turn health care over to the states in the form of block grants.","2017-03-11T23:44:33+0000","video","https://www.facebook.com/RepMoBrooks/videos/1248233298558658/","155220881193244_1248233298558658",NA,198,204,51
"155220881193244","Congressman Mo Brooks","I was grateful for the opportunity to address the almost 200 guests in attendance at the National Federation of the Blind 2017 Convention and welcome attendees to Huntsville. This convention is the largest gathering of the blind in the State of Alabama, and I was proud to affirm NRF’s mission and express my support for the hopes and dreams of the nation’s blind.","2017-03-11T17:23:08+0000","photo","https://www.facebook.com/RepMoBrooks/photos/a.157366447645354.32248.155220881193244/1247979355250719/?type=3","155220881193244_1247979355250719",NA,39,12,4
"155220881193244","Congressman Mo Brooks","Enjoyed touring the Capitol with students from the Ardmore High School Marching Tigers this morning. It was great spending time with so many bright and engaged young people interested in the history of our nation, and I hope they have a good rest of their visit to Washington.","2017-03-10T16:36:59+0000","photo","https://www.facebook.com/RepMoBrooks/photos/a.157366447645354.32248.155220881193244/1247071255341529/?type=3","155220881193244_1247071255341529",NA,72,7,13
"155220881193244","Congressman Mo Brooks","Federal policy that supports our farmers is a priority of mine in Congress given agriculture’s importance to Alabama’s economy. I was glad to sit down and discuss issues like over-regulation and tax policy with members of the Alabama Farmers Federation from #AL05 today.","2017-03-09T22:05:00+0000","photo","https://www.facebook.com/RepMoBrooks/photos/a.157366447645354.32248.155220881193244/1246411652074156/?type=3","155220881193244_1246411652074156",NA,29,16,1
"155220881193244","Congressman Mo Brooks","Today, with my strong support, the House passed the Department of Defense Appropriations Act. The highest priority of the federal government is America’s national security, and this bill includes a 2.1% pay raise for our service men and women, reverses the Obama Administration’s drawdown of troops, and includes increases in key priorities for the Redstone Arsenal community. I urge the Senate to quickly take up this legislation and send a clear message of commitment to our military members.","2017-03-09T00:09:57+0000","link","https://brooks.house.gov/media-center/news-releases/brooks-praises-house-passage-department-defense-appropriations-act","155220881193244_1245461422169179",NA,214,48,40
"155220881193244","Congressman Mo Brooks","Great to visit with 8th graders from Randolph School in Huntsville this morning at the U.S. Capitol. I appreciated all of their insightful questions and enjoyed our discourse on a range of issues. I hope the rest of their visit to Washington is educational and fun!","2017-03-08T16:44:34+0000","photo","https://www.facebook.com/RepMoBrooks/photos/a.157366447645354.32248.155220881193244/1245153435533311/?type=3","155220881193244_1245153435533311",NA,144,9,12
"155220881193244","Congressman Mo Brooks","I joined Chuck Todd on MSNBC this afternoon to raise questions about the GOP’s heath care bill. As I see it, this is the largest Republican welfare program ever proposed. While we do not yet have a Congressional Budget Office score for the plan, I have serious concerns that this legislation will cost the federal government funds we have to borrow and cannot afford to pay back. Quite frankly, the serious national security threat posed by America’s exploding national debt and deficits must be our number one priority. Further, as a believer in the 10th Amendment, health care should be left to the states to decide. If a state wants Obamacare, that is fine – provided they can shoulder the cost.","2017-03-08T01:32:16+0000","video","https://www.facebook.com/RepMoBrooks/videos/1244561672259154/","155220881193244_1244561672259154",NA,156,100,38
"155220881193244","Congressman Mo Brooks","I was pleased the House passed the NASA Authorization Act of 2017 this evening which creates the long-term stability and continuity of purpose NASA needs to accomplish its robust missions, including the Space Launch System and Orion Spacecraft. The legislation affirms America’s commitment to human spaceflight and the #JourneytoMars. I will continue to support NASA and work to reinvigorate America’s space program.","2017-03-08T00:02:04+0000","status",NA,"155220881193244_1244511992264122",NA,148,12,20
"155220881193244","Congressman Mo Brooks","Thanks to the Chamber of Commerce of Huntsville/Madison County for hosting me today for an annual update on the latest from Washington. I enjoyed addressing the more than 800 in attendance and taking questions. As I highlighted today, Congress must meaningfully address America’s unsustainable long-term fiscal path. As your representative, I refuse to ignore economic realities and will continue to support pro-growth trade, tax, and regulatory reform to revitalize the American economy.","2017-03-07T01:23:33+0000","photo","https://www.facebook.com/RepMoBrooks/photos/a.157366447645354.32248.155220881193244/1243741742341147/?type=3","155220881193244_1243741742341147",NA,59,14,5
"155220881193244","Congressman Mo Brooks","As a former prosecutor, I can vouch that prosecutors are like all other Americans in that we have friends, financial interests, political supporters and the like. When any of those interests are investigated, it is appropriate for a prosecutor to recuse himself to avoid even the appearance of impropriety. I did it as Madison County District Attorney. Luther Strange did it as Alabama Attorney General. Recusals are quite common among prosecutors. As such, I am proud that Attorney General Jeff Sessions did the right thing by recusing himself just in case there is ever sufficient evidence to warrant an investigation of the Trump Campaign for President.  Apparently recusal is not enough for some hyper-partisan Democrats. To those Democrats I say this: Get over it. Your side lost the election. Your conduct embarrasses yourself and your country. America needs you to stop whining and act in a bipartisan manner for the good of our country to help overcome America’s border security, health care, debt and other challenges.  I have known Jeff Sessions for more than two decades. Jeff Sessions is one of the most honorable men I've ever known. It is a shame that a great man like Jeff Sessions must endure scurrilous, hyper-partisan attacks in order to do the job America needs its Attorney General to do.","2017-03-03T20:09:10+0000","status",NA,"155220881193244_1241066995941955",NA,345,142,78
"155220881193244","Congressman Mo Brooks","The February edition of my newsletter, The Brooks Report, went out this week to nearly 14,000 individuals across #AL05. I believe it is important to keep you up to date with what I’m doing in D.C. and the Tennessee Valley, and if you would like to subscribe to receive future newsletters, you can do so here: brooks.congressnewsletter.net","2017-03-02T21:14:23+0000","link","https://brooks.congressnewsletter.net/common/mailings/index.cfm?id=159","155220881193244_1240246896023965",NA,53,17,10
"155220881193244","Congressman Mo Brooks","I joined MSNBC to discuss how Congress can work with President Trump on the major issues he addressed in his speech last night and tackle the overriding issue in Washington, our national debt.","2017-03-01T21:48:29+0000","video","https://www.facebook.com/RepMoBrooks/videos/1239499636098691/","155220881193244_1239499636098691",NA,78,38,12
"155220881193244","Congressman Mo Brooks","President Trump delivered a great speech tonight! I enjoyed his optimistic tone and message of strength and unity across America. I’m glad the President committed to restarting America’s economic engine and fixing our broken immigration system. I look forward to working with my colleagues in Congress to support President Trump’s bold vision for our nation.","2017-03-01T03:57:47+0000","link","https://brooks.house.gov/media-center/news-releases/brooks-statement-president-trumps-address-congress","155220881193244_1238943026154352",NA,569,52,34
"155220881193244","Congressman Mo Brooks","Thank you to Morgan County Commissioners Ray Long and Randy Vest for dropping by my Washington office today to say hello. As a former county commissioner, I deeply appreciate the important work of local officials and their dedicated service to our communities.","2017-02-28T22:34:36+0000","photo","https://www.facebook.com/RepMoBrooks/photos/a.157366447645354.32248.155220881193244/1238769472838374/?type=3","155220881193244_1238769472838374",NA,37,2,3
"155220881193244","Congressman Mo Brooks","I was pleased to recognize Shelby Vaughn, a senior at James Clemens High School in Madison, as the winner of the 2017 Congressional Art Competition for #AL05 in a special award ceremony at the Huntsville Museum of Art yesterday. Her colored pencil entry entitled “Joy” will be displayed at the U.S. Capitol for one year, alongside winning submissions from other Congressional districts. Congratulations to Shelby and the honorable mentions from the Fifth District for their hard work and artistic vision!","2017-02-28T00:41:40+0000","link","https://brooks.house.gov/media-center/news-releases/brooks-congratulates-winner-2017-congressional-art-competition","155220881193244_1237976516251003",NA,69,10,9
"155220881193244","Congressman Mo Brooks","Playing baseball was a highlight of my high school years, so I was glad to participate in the reunion Home Run Derby at Grissom, my alma mater. It was fun catching up with old teammates and getting in a few practice cuts in advance of this year's Congressional Baseball Game for charity.","2017-02-26T02:47:06+0000","link","http://highschoolsports.al.com/news/article/7083054594041314508/rep-mo-brooks-100-plus-former-grissom-baseball-players-gather-to-mark-fields-final-year/","155220881193244_1236494143065907",NA,166,27,17
"155220881193244","Congressman Mo Brooks","I enjoyed attending the Boy Scouts Spaghetti Dinner this evening in Huntsville. It was great to spend time with the Scouts of Troop 376 who serve our community and contribute to a more conscientious, responsible, and productive society.","2017-02-25T02:32:47+0000","photo","https://www.facebook.com/RepMoBrooks/photos/a.157366447645354.32248.155220881193244/1235656873149634/?type=3","155220881193244_1235656873149634",NA,76,17,10
"155220881193244","Congressman Mo Brooks","Thanks to Huntsville High School's Constitutional Conservatives Club for hosting me today for a lively conversation on current events and important political issues. It was great to talk with so many thoughtful and engaged students, particularly on the threat posed by the national debt and the need for a balanced budget amendment to the Constitution.","2017-02-23T19:16:37+0000","photo","https://www.facebook.com/RepMoBrooks/photos/a.157366447645354.32248.155220881193244/1234554063259915/?type=3","155220881193244_1234554063259915",NA,64,27,6
"155220881193244","Congressman Mo Brooks","It was great to visit with SELEX Galileo employees today for a tour of their Huntsville facility and Q&A session. I enjoyed learning more about their commitment to strengthen America’s warfighters and mission success by developing airborne systems that enhance situational awareness, self-protection, and surveillance. Thanks for hosting me!","2017-02-21T22:49:14+0000","photo","https://www.facebook.com/RepMoBrooks/photos/a.157366447645354.32248.155220881193244/1233206150061373/?type=3","155220881193244_1233206150061373",NA,36,22,4
"155220881193244","Congressman Mo Brooks","Today I joined Fox Business to discuss the push by conservatives in the House for a full repeal of ObamaCare, not ObamaCare-lite passed under the guise of a repeal bill. The American people deserve relief, and I’ll continue to urge House leadership to bring a vote on repealing the law in its entirety.","2017-02-21T20:55:18+0000","video","https://www.facebook.com/RepMoBrooks/videos/1233145173400804/","155220881193244_1233145173400804",NA,177,107,27
"155220881193244","Congressman Mo Brooks","There is excitement and renewed commitment in Congress to ensuring America’s preeminence in space. I was pleased to meet with Marshall Space Flight Center Director Todd May this week and welcome hundreds of contractors and NASA representatives who support America’s space program to Washington. Human space flight inspires millions and stands as a beacon of human achievement, and as the Vice-Chair of the Subcommittee on Space I will continue supporting and reinvigorating America’s space program.","2017-02-17T20:48:13+0000","photo","https://www.facebook.com/RepMoBrooks/photos/a.157366447645354.32248.155220881193244/1229587397089915/?type=3","155220881193244_1229587397089915",NA,79,26,8
"155220881193244","Congressman Mo Brooks","Thanks to the more than 5,000 North Alabamians who joined last night's Telephone Town Hall. I hope all participants found the call to be informative and productive. Due to time constraints I was unable to get to as many questions as I would have liked, but please go to my website at brooks.house.gov to learn more about my policy positions or to send me an email. You can also sign up for future Telephone Town Halls and my eNewsletter at the link below.","2017-02-17T15:39:53+0000","link","https://brooks.congressnewsletter.net/mail","155220881193244_1229374470444541",NA,59,37,5
"155220881193244","Congressman Mo Brooks","I was pleased to support continued work in the House today to dismantle Obama-era regulations by voting for legislation to nullify a rule which forces states to provide Title X federal grants to abortion providers. The regulation was a parting gift from the Obama Administration to Planned Parenthood, the nation’s largest abortion provider. Further, the rule undermines the 10th Amendment by eliminating the ability of states to prioritize Title X funds in the way that best serves their communities.","2017-02-16T20:43:25+0000","link","https://www.majorityleader.gov/2017/02/15/abortion-funding/","155220881193244_1228520820529906",NA,274,77,36
"155220881193244","Congressman Mo Brooks","ICYMI: I joined MSNBC to discuss possible investigations into Russian interference in the U.S. election and express my confidence in the Department of Justice to determine whether criminal activity occurred. More importantly, I am hopeful the Trump Administration and news media will focus on the critical issues America faces such as warnings from the Congressional Budget Office indicating that absent correction America will suffer a debilitating insolvency and bankruptcy should our national debt continue to soar higher year after year.","2017-02-16T19:41:44+0000","video","https://www.facebook.com/RepMoBrooks/videos/1228461317202523/","155220881193244_1228461317202523",NA,104,71,45
"155220881193244","Congressman Mo Brooks","My thoughts and prayers are with Congressman Rohrabacher’s 71 year old district director who was rendered unconscious when Democrat activists and anarchists swarmed the Congressman’s local office yesterday in an effort to coerce and intimidate Congressional action.   Congressman Rohrabacher's comments are worth reading. Burned cars, building arsons, and physical violence against American citizens are assaults on our republic that seriously threaten our nation's long history of civil discourse and honest disagreement. These acts have no place in America's republic.","2017-02-16T00:43:33+0000","link","https://rohrabacher.house.gov/media-center/press-releases/rohrabacher-outraged-by-assault-on-his-district-director-by-indivisible","155220881193244_1227544080627580",NA,284,368,368
"155220881193244","Congressman Mo Brooks","This morning, I enjoyed speaking to and taking questions from more than 400 attendees at the Annual Directed Energy Symposium, appropriately held in Huntsville. Redstone Arsenal has played a pioneering and pivotal role in the application of directed energy (electromagnetic radiation, lasers, and the like) as weapons. As a member of the Congressional Directed Energy Caucus, I will continue working to advocate and raise awareness for the national security applications of this technology in Congress.","2017-02-14T20:18:44+0000","link","https://brooks.house.gov/media-center/news-releases/brooks-tennessee-valley-plays-pivotal-role-directed-energy-development","155220881193244_1226572164058105",NA,64,83,8
"155220881193244","Congressman Mo Brooks","One of the most enjoyable parts of representing Alabama’s Fifth District is calling high school students to inform them of their acceptance to a U.S. service academy and thank them for their willingness to serve our nation. I'm proud of these hard working students and congratulate them on their milestone achievement.","2017-02-13T23:59:38+0000","photo","https://www.facebook.com/RepMoBrooks/photos/a.157366447645354.32248.155220881193244/1225917274123594/?type=3","155220881193244_1225917274123594",NA,214,28,3
"155220881193244","Congressman Mo Brooks","This week, the House passed two resolutions, with my support, to nullify rules adopted by the U.S. Department of Education in the final days of the Obama Administration. The House resolutions repeal education regulations that would establish onerous federal reporting requirements on local educators and impose federal standards for teachers, bypassing meaningful state standards.   By overturning these rules, Washington is providing flexibility and authority to local educators, parents, and teachers to enact education policies most suited to their communities. In my view, the federal government has no business dictating to local and state governments how to operate their K-12 schools.","2017-02-10T17:45:44+0000","link","https://brooks.house.gov/media-center/news-releases/house-acts-nullify-harmful-federal-regulations","155220881193244_1223341444381177",NA,195,170,30
"155220881193244","Congressman Mo Brooks","I'm disappointed the 9th Circuit Court, often the most error-prone and reversed circuit court of appeal, ruled against President Trump’s Executive Order to temporarily restrict travel into the United States from countries designated as terrorist-infested by the previous Obama Administration.   A first year law student would have no trouble reading the law and quickly finding that President Trump has every legal right to protect Americans by issuing this national security Executive Order. Unfortunately, the 9th Circuit regularly hands down politically leftist, activist decisions.  Fortunately, their politically motivated orders are frequently reversed by the Supreme Court.","2017-02-10T00:14:02+0000","link","https://brooks.house.gov/media-center/news-releases/news-release-brooks-statement-9th-circuit-court-ruling","155220881193244_1222842051097783",NA,432,305,91
"155220881193244","Congressman Mo Brooks","Although it should have come sooner, I am pleased the Senate confirmed Jeff Sessions as United States Attorney General. As I said following his confirmation hearings in early January, I have been fortunate to know Jeff Sessions for more than 20 years and admire him as a dedicated public servant of strong moral character, committed to upholding the rule of law. I appreciate Jeff Sessions’ willingness to serve and have every confidence he will faithfully defend the Constitution and protect the rights of all Americans.","2017-02-09T00:36:32+0000","link","https://brooks.house.gov/media-center/news-releases/brooks-praises-confirmation-jeff-sessions-us-attorney-general","155220881193244_1222079557840699",NA,622,80,53
"155220881193244","Congressman Mo Brooks","Ronald Reagan, the 40th president of the United States, was born #OTD in 1911. His legacy of leadership in America still inspires me today as I work to preserve his conservative values in Washington.","2017-02-06T15:40:09+0000","photo","https://www.facebook.com/RepMoBrooks/photos/a.157366447645354.32248.155220881193244/1219847591397229/?type=3","155220881193244_1219847591397229",NA,177,46,10
"155220881193244","Congressman Mo Brooks","The Trump Administration today announced sanctions against 25 people and entities in response to Iran's latest ballistic missile test – which violated U.N. Security Council Resolution 2231. I strongly support this long-overdue action to put Iran on notice and denounce their destructive policies. President Obama's deeply flawed Iran nuclear deal made available billions Tehran could use to fund Islamic terrorism and effectively guarantees Iran will obtain nuclear weapons. I am thankful this Administration is holding accountable the world’s foremost state sponsor of terrorism whose stated goal is “Death to America.”","2017-02-03T18:56:53+0000","status",NA,"155220881193244_1217149375000384",NA,237,65,41
"155220881193244","Congressman Mo Brooks","Martha and I enjoyed spending time with members of the Medical Association of the State of Alabama during their visit to Washington.  I appreciate the insights shared by North Alabama doctors on the serious need to reduce Washington interference in healthcare, thereby improving patient care.","2017-02-01T20:00:06+0000","photo","https://www.facebook.com/RepMoBrooks/photos/a.157366447645354.32248.155220881193244/1214987848549870/?type=3","155220881193244_1214987848549870",NA,50,24,8
"155220881193244","Congressman Mo Brooks","ICYMI: I joined MSNBC last night to discuss my support for Judge Neil Gorsuch, President Trump’s nominee to the Supreme Court.","2017-02-01T16:04:39+0000","video","https://www.facebook.com/RepMoBrooks/videos/1214812475234074/","155220881193244_1214812475234074",NA,106,27,5
"155220881193244","Congressman Mo Brooks","I have the utmost respect for Judge Gorsuch’s commitment and record of ruling on issues before his court based on rational interpretation of the original intent of the Constitution or law, regardless of his personal opinions. His commitment to this fundamental legal philosophy is essential to preserving the rule of law in our democratically elected representative government, and I look forward to his swift confirmation.","2017-02-01T01:31:54+0000","link","https://brooks.house.gov/media-center/news-releases/brooks-applauds-trumps-nomination-neil-gorsuch-us-supreme-court","155220881193244_1214296048619050",NA,372,32,32
"155220881193244","Congressman Mo Brooks","Today our nation joins together on NASA’s annual Day of Remembrance to honor the fallen crew members who lost their lives while furthering the pursuit of exploration and discovery. This year marks 50 years since the Apollo 1 tragedy on January 27, 1967, and we remember the lives and accomplishments of the fallen astronauts Gus Grissom, Ed White, and Roger Chaffee and their families. Though continuing to conquer space comes with great risk, the achievements for all mankind by these brave crews lead to unimagined advancement and inspire generations.  #NASARemembers","2017-01-31T16:30:20+0000","link","https://www.nasa.gov/specials/dor2017/","155220881193244_1213893431992645",NA,127,12,26
"155220881193244","Congressman Mo Brooks","Exciting news for the Tennessee Valley! Today Aerojet Rocketdyne announced plans to produce America’s newest advanced rocket engine, the AR1, in Huntsville, resulting in 100 new jobs. Production of the AR1 will mean the end of America’s reliance on Russian made RD-180 engines, assuring our access to space. Aerojet’s announcement is a great testament to North Alabama’s skilled workforce and capacity for high-tech manufacturing.","2017-01-31T01:16:40+0000","link","http://www.al.com/business/index.ssf/2017/01/aerojet_hiring_100_to_build_ne.html","155220881193244_1213430302038958",NA,558,19,229
"155220881193244","Congressman Mo Brooks","I support temporarily pausing travel from terrorist-infested foreign countries until America’s refugee review process is strengthened to better protect Americans from the violence, murder, and mayhem that has become all too common in Europe, the Middle-East, and other parts of the globe.   No country on the planet allows as many foreign immigrants to permanently cross its borders as does America. However, and as the Department of Homeland Security states, “No foreign national in a foreign land . . . has any unfettered right to demand entry into the United States or to demand immigration benefits in the United States.”   Although it needs tweaking, I applaud President Trump’s executive order as a good first step that helps protect American citizens from torture and murder at the hands of Muslim fundamentalists.","2017-01-30T20:00:59+0000","status",NA,"155220881193244_1213247078723947",NA,916,263,169
"155220881193244","Congressman Mo Brooks","I’m glad President Trump is quickly taking action to enforce our immigration laws, deport illegal aliens, and withhold federal funds from sanctuary cities. America is a nation of laws, first and foremost, and the President’s actions are a strong step toward restoring our country’s borders and broken immigration system.","2017-01-25T21:30:59+0000","link","http://www.foxnews.com/politics/2017/01/25/trump-orders-construction-border-wall-targets-sanctuary-cities.html","155220881193244_1208944515820870",NA,371,73,34
"155220881193244","Congressman Mo Brooks","We had a great turnout at the first meeting of the Army Aviation Caucus in the 115th Congress. I appreciate the insights shared by the six primary Army Aviation leaders on the important work carried out by our service members as well as the challenges facing Army Aviation readiness. Our caucus is getting to work to ensure this critical area of our armed forces receives the support needed to face the demands of an ever-changing global landscape.","2017-01-25T00:19:00+0000","link","https://www.flickr.com/photos/58533574@N04/albums/72157679543369345","155220881193244_1207931665922155",NA,59,8,7
"155220881193244","Congressman Mo Brooks","The House just passed H.R. 7, with my support, to permanently ban taxpayer funded abortions. It is wrong to force all American taxpayers, at the point of a federal gun, to pay for other peoples’ abortions that, according to all medical and scientific evidence, take an innocent life.","2017-01-24T22:09:37+0000","photo","https://www.facebook.com/RepMoBrooks/photos/a.157366447645354.32248.155220881193244/1207890539259601/?type=3","155220881193244_1207890539259601",NA,696,106,110
"155220881193244","Congressman Mo Brooks","Alabama’s Fifth Congressional District’s loss is President Donald Trump’s gain as my Legislative Counsel Peter J. White heads to the White House to serve as Senior Policy Analyst on the Domestic Policy Council. Peter hails from North Alabama and is a 2001 Grissom High School graduate. I wish him the best in this new position and commend his selection – President Trump is gaining an exceptional staffer.","2017-01-23T23:21:26+0000","link","https://brooks.house.gov/media-center/news-releases/congressman-brooks-staffer-tapped-white-house-post","155220881193244_1206958072686181",NA,394,16,26
"155220881193244","Congressman Mo Brooks","Martha and I considered it a good problem to have when on Saturday so many Alabamians joined our tour of the Capitol they couldn’t all fit into the group photo. I’m grateful for all the visiting Alabamians who made Friday’s inauguration and this weekend extraordinary, and I wish them all safe travels home.","2017-01-23T17:18:53+0000","photo","https://www.facebook.com/RepMoBrooks/photos/a.157366447645354.32248.155220881193244/1206662799382375/?type=3","155220881193244_1206662799382375",NA,166,17,15
"155220881193244","Congressman Mo Brooks","At the site of President Trump's historic inauguration celebrating with staff, family, America's next Attorney General Jeff Sessions and his wife Mary!","2017-01-21T22:03:12+0000","photo","https://www.facebook.com/RepMoBrooks/photos/a.157366447645354.32248.155220881193244/1205020492879939/?type=3","155220881193244_1205020492879939",NA,742,29,15
"155220881193244","Congressman Mo Brooks","ICYMI: I joined MSNBC last night to defend President Donald Trump against left-wing media attacks.","2017-01-20T20:47:59+0000","video","https://www.facebook.com/RepMoBrooks/videos/1204011752980813/","155220881193244_1204011752980813",NA,161,48,20
"155220881193244","Congressman Mo Brooks","Congratulations to Donald J. Trump, the 45th President of the United States! President Trump gave a great speech today, and I look forward to helping him fulfill his promises by voting on legislation to repeal ObamaCare, make Mexico pay for an impenetrable border security wall, and restore America’s military and international reputation to greatness.","2017-01-20T19:40:10+0000","photo","https://www.facebook.com/RepMoBrooks/photos/a.157366447645354.32248.155220881193244/1203954372986551/?type=3","155220881193244_1203954372986551",NA,299,23,9
"155220881193244","Congressman Mo Brooks","Getting ready for #Inauguration2017 as Alabamians drop by my office to pick up tickets for the ceremony tomorrow! I hope everyone in attendance enjoys this historic occasion. #ALinDC","2017-01-19T18:09:26+0000","photo","https://www.facebook.com/RepMoBrooks/photos/a.157366447645354.32248.155220881193244/1203211203060868/?type=3","155220881193244_1203211203060868",NA,110,22,7
"155220881193244","Congressman Mo Brooks","I’m excited to welcome Reps. Rosa DeLauro, Martha Roby, and Tulsi Gabbard as Co-Chairs of the Army Aviation Caucus in the 115th Congress. The caucus provides a forum for Members of Congress, Congressional staff, and the Army to improve support and communication for Army aviation. I look forward to working closely with the caucus to reaffirm Congress’ bipartisan commitment to aviation readiness.","2017-01-18T23:23:00+0000","link","https://brooks.house.gov/media-center/news-releases/brooks-welcomes-115th-army-aviation-caucus-co-chairs","155220881193244_1202550799793575",NA,55,2,3
"155220881193244","Congressman Mo Brooks","As hundreds of Tennessee Valley residents prepare to travel to Washington, DC for the presidential inauguration Friday, here is a helpful article with information on navigating the city, including road and Metrorail station closures around the National Mall. I hope 5th District families enjoy their visit on this historic occasion and wish them safe travels to and from our nation’s capital.","2017-01-17T21:59:20+0000","link","https://washington.org/DC-guide-to/inauguration-day-frequently-asked-questions-washington-dc","155220881193244_1201734953208493",NA,81,13,21
"155220881193244","Congressman Mo Brooks","ObamaCare has forced American’s to endure skyrocketing premiums and declining health care quality. It is one of the biggest boondoggles and failures ever forced on the American people. Since ObamaCare’s passage, voters have sent a clear message that Big Brother bureaucrats have no business forcing Americans to buy health insurance we don’t want and we can’t afford. Today I will vote in support of a “Budget” that will be used as a procedural vehicle to strip the worst provisions from ObamaCare. Much work remains for Congress to repeal ObamaCare in its entirety, but today’s vote is a key first step.","2017-01-13T18:40:00+0000","link","https://brooks.house.gov/media-center/news-releases/brooks-will-vote-partially-dismantle-obamacare","155220881193244_1198422553539733",NA,229,70,23
"155220881193244","Congressman Mo Brooks","The House Armed Services Committee today passed a waiver, with my support, approving retired Marine General James “Mad Dog” Mattis for service as Secretary of Defense in President-elect Trump’s new administration. He is an outstanding, highly qualified selection. Gen. Mattis understands the complex threats facing our national security and will restore U.S. military readiness. He has received glowing endorsements across the military community in the Tennessee Valley, and I look forward to his strong leadership.","2017-01-13T00:39:40+0000","link","https://brooks.house.gov/media-center/news-releases/news-release-brooks-votes-approve-gen-mattis-secretary-defense","155220881193244_1197854030263252",NA,266,13,12
"155220881193244","Congressman Mo Brooks","Today, the Center for Immigration Studies released a report highlighting the Obama Administration’s abysmal immigration enforcement numbers. Astoundingly, deportations of criminal aliens fell by nearly 3,000 in the last year, out of an estimated total population of 2 million criminal aliens. I was glad to join the conversation and discuss the opportunity America now has under the Trump Administration to take action on meaningful improvements to immigration policies and enforce the existing laws on our books, which President Obama unconstitutionally declined to enforce.","2017-01-12T19:47:39+0000","link","http://cis.org/ICE-deportations-hit-10-yr-low","155220881193244_1197702386945083",NA,29,12,5
"155220881193244","Congressman Mo Brooks","My friend and colleague, Senator Jeff Sessions, is a man of integrity and has a deep respect for the rule of law. He will restore support for America’s law officers, protect religious freedoms across the country, and enforce federal immigration law. I am appalled by unfounded attacks on his character and today attended Senator Sessions’ confirmation hearing to convey my unwavering support for his leadership in the Senate and future service to America as the next U.S. Attorney General. #ConfirmSessions","2017-01-10T20:22:26+0000","photo","https://www.facebook.com/RepMoBrooks/photos/a.157366447645354.32248.155220881193244/1195975290451126/?type=3","155220881193244_1195975290451126",NA,443,73,33
"155220881193244","Congressman Mo Brooks","I enjoyed visiting with Stephen Richardson of Decatur and congratulating him on being selected as a finalist to the American Trucking Associations' Captains of America’s Road Team, a national public outreach program that educates fellow motorists and the general public about safety and security on the highway. I wish him the best of luck as the association names team members tomorrow.","2017-01-10T19:08:03+0000","photo","https://www.facebook.com/RepMoBrooks/photos/a.157366447645354.32248.155220881193244/1195919913789997/?type=3","155220881193244_1195919913789997",NA,28,4,1
"155220881193244","Congressman Mo Brooks","While Alabama Football won't be bringing home the championship trophy, the team can be proud of their tremendous effort against Clemson and an exceptional season. #RollTide","2017-01-10T14:59:37+0000","link","http://www.secsports.com/article/18441869/alabama-falls-short-vs-clemson-championship-rematch","155220881193244_1195801740468481",NA,92,4,2
"155220881193244","Congressman Mo Brooks","In the waning days of the outgoing Obama Administration, the United States failed to veto an anti-Israel United Nations resolution. This move is a dangerous violation of our longstanding, bipartisan friendship with Israel. Today I voted on House legislation to condemn and repeal the destructive resolution. Permitting the resolution to pass by “taking a walk” is harmful, counterproductive to peace, and emboldens those who wish to destroy Israel and murder Israelis.","2017-01-06T00:20:36+0000","link","https://brooks.house.gov/media-center/news-releases/us-house-rejects-anti-israel-un-resolution","155220881193244_1192376177477704",NA,207,32,19
"155220881193244","Congressman Mo Brooks","The House just passed the Midnight Rules Relief Act which would give Congress the ability to overturn federal regulations rushed though in the last days of the outgoing Obama Administration. While growing federal regulations are nothing new, their number and cost have skyrocketed under the Obama Administration. I was glad to support this legislation to reclaim Congress’ legislative authority and curtail the influence of unelected bureaucrats whose regulations have stifled America's economy and burdened working families.","2017-01-04T23:39:36+0000","photo","https://www.facebook.com/RepMoBrooks/photos/a.157366447645354.32248.155220881193244/1191582284223760/?type=3","155220881193244_1191582284223760",NA,237,25,29
"155220881193244","Congressman Mo Brooks","Today Vice President-elect Mike Pence addressed the House Republican Conference saying “Priority #1” is keeping the promises Donald Trump made to the American people during the presidential campaign. While Congress has many pressing agenda items, repealing and replacing ObamaCare is the first order of business, and I look forward to voting to help the Trump Administration deliver its campaign promises.","2017-01-04T21:35:49+0000","link","https://brooks.house.gov/media-center/news-releases/vice-president-elect-mike-pence-keep-our-promises-american-people","155220881193244_1191522300896425",NA,250,72,37
"155220881193244","Congressman Mo Brooks","As the 115th Congress begins its work, I’m grateful for the opportunity to tackle head-on the pressing issues the American people elected a unified Republican House, Senate, and President to address. I appreciate the trust that the citizens of North Alabama have placed in me. It’s a tremendous honor to continue serving the people of Alabama’s Fifth Congressional District.","2017-01-04T02:09:42+0000","link","https://brooks.house.gov/media-center/news-releases/brooks-sworn-fourth-term-us-house","155220881193244_1190915977623724",NA,238,23,12
"155220881193244","Congressman Mo Brooks","Today I opposed inclusion of major changes to the Ethics Office in the rules package that will govern House operations for the next two years. While I would support reasoned strengthening of the ethics process, I cannot support last-minute, major policy revisions without a thorough and public debate on the merits of reforms. I am thankful that President-elect Trump agreed and intervened.  House Leadership acted wisely when it withdrew the proposed Ethics Office changes.","2017-01-03T22:23:52+0000","link","https://brooks.house.gov/media-center/news-releases/news-release-brooks-statement-office-congressional-ethics","155220881193244_1190788314303157",NA,230,30,16
