"from_id","from_name","message","created_time","type","link","id","story","likes_count","comments_count","shares_count"
"572656369536045","Rep. John Moolenaar","Please be safe this weekend as our region continues to deal with flooding in many areas.","2017-06-23T21:12:58+0000","link","http://www.wnem.com/story/35732832/breaking-heavy-rain-flooding-mid-michigan-roads","572656369536045_1060511574083853",NA,35,3,12
"572656369536045","Rep. John Moolenaar","The finding of Asian carp less than ten miles from Lake Michigan is another alarm bell for action to protect the Great Lakes ecosystem from this invasive species. There is an urgent need for the Army Corps of Engineers to release the Brandon Road Lock and Dam report so further steps can be taken to stop Asian carp from entering the Great Lakes.","2017-06-23T16:38:37+0000","link","http://www.chicagotribune.com/news/nationworld/midwest/ct-asian-carp-lake-michigan-20170623-story.html","572656369536045_1060375340764143",NA,64,20,30
"572656369536045","Rep. John Moolenaar","Great meeting today with Michigan members from National Future Farmers of America. These students represent a bright future for Michigan agriculture!","2017-06-22T21:03:45+0000","photo","https://www.facebook.com/RepMoolenaar/photos/a.587618808039801.1073741833.572656369536045/1059625517505792/?type=3","572656369536045_1059640660837611","Rep. John Moolenaar added 2 new photos.",140,15,13
"572656369536045","Rep. John Moolenaar","I have joined my colleagues in introducing legislation that will help fight Asian carp and help protect the Great Lakes.","2017-06-22T17:02:00+0000","link","http://www.detroitnews.com/story/news/politics/2017/06/21/asian-carp-bipartisan-lawmakers-bill/103052380/","572656369536045_1059351764199834",NA,154,18,11
"572656369536045","Rep. John Moolenaar","Yesterday, it was announced that Congressman Steve Scalise has been upgraded to fair condition and is beginning a long journey of healing and rehabilitation. Then last night, it was great to see Crystal Griner, a member of his security detail who was injured in the attack, throw out the first pitch for the Congressional Women's Softball Game between members of Congress and the media. Griner saved lives with her courageous actions last week and I continue to keep all those injured in my prayers as they recover.","2017-06-22T13:40:16+0000","video","https://www.facebook.com/nbcnightlynews/videos/10155570256343689/","572656369536045_1059346980866979","Rep. John Moolenaar shared NBC Nightly News with Lester Holt's video.",138,10,0
"572656369536045","Rep. John Moolenaar","Thank you to the Humm Family for hosting Dinner on the Farm on Monday night. I enjoyed the opportunity to meet with farmers from across the district and hearing their concerns for our government and our country.","2017-06-21T15:42:14+0000","photo","https://www.facebook.com/hummfarmllc/photos/a.209183632583395.1073741828.125316694303423/786555744846178/?type=3","572656369536045_1058838277584516","Rep. John Moolenaar shared Humm Farm LLC's post.",57,12,0
"572656369536045","Rep. John Moolenaar","Congratulations to the Freeland High School Girls Soccer team on making it to the state championship game and a having great season! Freeland Community School District","2017-06-19T21:01:00+0000","link","http://highschoolsports.mlive.com/news/article/-670631510175749973/freeland-reaches-goal-but-falls-short-of-girls-soccer-state-title/","572656369536045_1057668564368154",NA,34,5,0
"572656369536045","Rep. John Moolenaar","A good morning in Mount Pleasant today as I presented military service honors to Vietnam War veteran Duane Dishong of Vestaburg. Duane served our country honorably and I enjoyed presenting these awards to him at Post110AmericanLegion where he volunteers. Thank you Duane, for your service to our country.","2017-06-19T16:54:42+0000","photo","https://www.facebook.com/RepMoolenaar/photos/a.587618808039801.1073741833.572656369536045/1057703367698007/?type=3","572656369536045_1057704314364579","Rep. John Moolenaar added 2 new photos.",72,3,5
"572656369536045","Rep. John Moolenaar","We played the The Congressional Baseball Game for Charity tonight. It was a wonderful evening that reminded us that as Americans there is more that unites us than divides us. Capitol Police Special Agent David Bailey, whose heroic actions saved lives yesterday, was able to throw the first pitch to Roberto Clemente Jr., the son of my baseball hero growing up. Thank you for your support these past two days and please keep Congressman Scalise, Matt Mika, and the injured officers in your prayers.","2017-06-16T03:41:52+0000","video","https://www.facebook.com/RepMoolenaar/videos/1055587274576283/","572656369536045_1055587274576283",NA,240,29,10
"572656369536045","Rep. John Moolenaar","This morning, Congressman Moolenaar attended baseball practice. He was uninjured in the shooting that took place. He asks that you keep those injured in this act of cowardice in your thoughts and prayers.","2017-06-14T12:54:22+0000","status",NA,"572656369536045_1054556421346035",NA,313,99,62
"572656369536045","Rep. John Moolenaar","Today, we pay tribute to the flag of the United States of America.  The Continental Congress first approved the flag in 1777, a year after our country declared its independence and since then it has served as a patriotic symbol of our freedom. Throughout our country’s history it has been updated and it has been seen as a symbol of liberation and hope around the world. Our veterans have fought and died while wearing the flag on their uniforms, and for their courage and sacrifice, they have earned our eternal gratitude.","2017-06-14T12:41:00+0000","photo","https://www.facebook.com/RepMoolenaar/photos/a.587618808039801.1073741833.572656369536045/1053949064740104/?type=3","572656369536045_1053949064740104",NA,97,10,15
"572656369536045","Rep. John Moolenaar","BREAKING: Today, in an overwhelming bipartisan vote, the House of Representatives passed the Department of Veterans Affairs Accountability and Whistleblower Protection Act of 2017. This legislation is an important part of holding the VA accountable for the care of our veterans. While the majority of VA employees are hardworking, it is vital that we streamline the process for removing those who have failed our veterans. This legislation will help ensure the VA has the best people providing our veterans with the care they earned for serving our country. The House vote was 368-55. The bill now goes to the president for his signature.","2017-06-13T22:05:00+0000","status",NA,"572656369536045_1054082951393382",NA,121,14,13
"572656369536045","Rep. John Moolenaar","James McCloughan's heroic actions saved the lives of 10 Americans. The Medal of Honor is well-deserved!","2017-06-13T17:44:53+0000","link","http://www.detroitnews.com/story/news/local/michigan/2017/06/13/trump-medal-honor/102810642/","572656369536045_1053946814740329",NA,131,8,9
"572656369536045","Rep. John Moolenaar","I continue to fight Canada's proposed nuclear waste disposal site on the shore of Lake Huron. I am urging the State Department to do everything it can to stop this plan and I hope Canada will choose a new location outside the Great Lakes Basin.","2017-06-12T19:10:36+0000","link","http://www.detroitnews.com/story/news/politics/2017/06/07/lawmakers-ask-state-fight-nuclear-disposal-plan/102583362/","572656369536045_1053425224792488",NA,148,32,32
"572656369536045","Rep. John Moolenaar","Today the House passed the Financial Choice Act. This legislation benefits everyday Americans by reining in Washington bureaucrats and freeing up money to invest in hometown projects. Wall Street banks that benefited during the Obama Administration oppose today’s bill because they enjoy the advantages the status quo provides over Michigan community banks and credit unions. I support today’s legislation because it will benefit hardworking Michigan families and the local financial institutions who know our communities best.","2017-06-08T23:09:00+0000","photo","https://www.facebook.com/RepMoolenaar/photos/a.587618808039801.1073741833.572656369536045/1051283948339949/?type=3","572656369536045_1051283948339949",NA,56,66,9
"572656369536045","Rep. John Moolenaar","Today, I co-sponsored legislation introduced in the House of Representatives by Rep. Jack Bergman to authorize construction of a new lock at the Soo Locks. We have been working on this issue together and we recently wrote an op-ed about it that you might have seen in your local paper. The Soo Locks are vital to our country. We need to improve the 50-year old infrastructure and build a new lock to grow the economy and protect good-paying jobs for hardworking Michigan residents.","2017-06-07T23:20:37+0000","link","https://moolenaar.house.gov/media-center/editorials/it-s-time-new-soo-lock","572656369536045_1050746528393691",NA,105,23,10
"572656369536045","Rep. John Moolenaar","Today is the 73rd anniversary of D-Day, the Allied effort to storm the beaches of France and defeat the Nazis. The Normandy American Cemetery and Memorial is a moving reminder of the enormous sacrifice made to defeat tyranny and liberate a continent.","2017-06-06T15:57:24+0000","photo","https://www.facebook.com/RepMoolenaar/photos/a.587618808039801.1073741833.572656369536045/1050022738466070/?type=3","572656369536045_1050022738466070",NA,50,3,6
"572656369536045","Rep. John Moolenaar","On Saturday, I gave the commencement address to the graduating home school class of 2017. Congratulations and best wishes!","2017-06-05T22:52:12+0000","photo","https://www.facebook.com/RepMoolenaar/photos/a.587618808039801.1073741833.572656369536045/1049614758506868/?type=3","572656369536045_1049614758506868",NA,77,6,1
"572656369536045","Rep. John Moolenaar","Thanks to the Shiawassee Regional Chamber of Commerce for hosting this event on Tuesday afternoon in Corunna. Enjoyed the good discussion about the legislative issues of the day.","2017-06-01T19:57:56+0000","photo","https://www.facebook.com/RepMoolenaar/photos/a.587618808039801.1073741833.572656369536045/1047118972089780/?type=3","572656369536045_1047118972089780",NA,18,11,1
"572656369536045","Rep. John Moolenaar","The iron ore that passes through the Soo Locks is used in automobiles, appliances, agriculture, and construction. While the Locks are vital to the national economy, they are also vulnerable to a major disruption that would increase unemployment nationwide. To protect good-paying jobs we need to build a new lock, so the materials powering our economy can continue to move through the Soo for years to come. Rep. Jack Bergman and I have more details in the Detroit News this week.","2017-05-31T16:12:51+0000","link","http://www.detroitnews.com/story/opinion/2017/05/28/bergman-moolenaar-soo-locks-iron-ore/102270984/","572656369536045_1046486425486368",NA,74,21,7
"572656369536045","Rep. John Moolenaar","Yesterday I spoke at the Midland Memorial Day Service. It was wonderful to see so many people come and pay tribute to the men and women who gave their all for our country.","2017-05-30T22:48:46+0000","photo","https://www.facebook.com/RepMoolenaar/photos/a.587618808039801.1073741833.572656369536045/1046104908857853/?type=3","572656369536045_1046106135524397","Rep. John Moolenaar added 2 new photos.",79,7,1
"572656369536045","Rep. John Moolenaar","Forever grateful for every American who made the ultimate sacrifice for our country.","2017-05-29T16:00:00+0000","photo","https://www.facebook.com/RepMoolenaar/photos/a.587618808039801.1073741833.572656369536045/1043731042428573/?type=3","572656369536045_1043731042428573",NA,64,7,1
"572656369536045","Rep. John Moolenaar","Flags-In is a special way to remember the men and women who made the ultimate sacrifice. Our fallen heroes gave their last full measure of devotion in service to our country and we can never do enough to honor their memories.","2017-05-26T18:21:52+0000","video","https://www.facebook.com/ArlingtonNationalCemetery/videos/1540254375998666/","572656369536045_1043742092427468","Rep. John Moolenaar shared Arlington National Cemetery's video.",122,13,0
"572656369536045","Rep. John Moolenaar","Last night’s horrific attack on children in Manchester is a tragic reminder of the terrorist threat we and our allies face. Please pray for the injured, and especially for the families of the victims. May they find comfort and peace in this time of mourning.","2017-05-23T13:36:25+0000","status",NA,"572656369536045_1041881485946862",NA,56,31,1
"572656369536045","Rep. John Moolenaar","Congratulations to Allison Boyd from Clare Middle School for winning the WCFX-FM Morning Sun Spelling Bee on Wednesday!","2017-05-19T21:19:00+0000","link","http://www.themorningsun.com/general-news/20170517/clare-student-wins-2017-wcfx-morning-sun-spelling-bee?utm_source=Newsletter&utm_medium=email&utm_content=Your+Morning+Headlines%3A+Drunk+man+peeing+behind+building+taunts+police%2C+gets+arrested&utm_campaign=Morning+Update+2017-05-19+07%3A00%3A00","572656369536045_1039624509505893",NA,45,8,0
"572656369536045","Rep. John Moolenaar","This week brought thousands of police officers to the Capitol to mark Police Week. In honor of this, the House passed legislation to protect our state and local law enforcement officers. I am so grateful for all the law enforcement officers in mid and northern Michigan who put their lives on the line to keep all of us safe. Thank you for your hard work and sacrifice.","2017-05-19T17:06:35+0000","photo","https://www.facebook.com/RepMoolenaar/photos/a.587618808039801.1073741833.572656369536045/1039620272839650/?type=3","572656369536045_1039620272839650",NA,26,5,0
"572656369536045","Rep. John Moolenaar","Tax reform done right will benefit Michigan residents of all income levels, by making it easier for them to calculate and file their tax returns while lowering their tax burden. Today, I spoke on the floor about updating our tax code for the first time since 1986. It's time for a simpler, fairer and flatter tax system.","2017-05-18T21:21:16+0000","video","https://www.facebook.com/RepMoolenaar/videos/1039150036220007/","572656369536045_1039150036220007",NA,105,73,5
"572656369536045","Rep. John Moolenaar","Agriculture Secretary Sonny Perdue testified before Congress this week about the state of the rural economy and the 2018 farm bill. These are important issues for our state's farmers and rural communities and I will continue to advocate for policies in next year's farm bill that benefit Michigan agriculture.","2017-05-18T18:10:08+0000","photo","https://www.facebook.com/HouseAgCommittee/photos/a.10158726200550364.1073741846.213570350363/10158618662090364/?type=3","572656369536045_1039078296227181","Rep. John Moolenaar shared House Agriculture Committee's photo.",11,0,0
"572656369536045","Rep. John Moolenaar","Congratulations to Sacred Heart Academy High School on its Quiz Central division championship. Good luck tomorrow in the semifinals!","2017-05-16T19:27:47+0000","link","http://www.themorningsun.com/article/MS/20170511/NEWS/170519897","572656369536045_1037891833012494",NA,28,8,3
"572656369536045","Rep. John Moolenaar","North Korea conducted another missile test over the weekend. These tests are part of North Korea's attempts to threaten our country and that is why earlier this month, I voted for stronger sanctions that will protect the American people and support efforts to stop North Korea.","2017-05-15T20:05:11+0000","link","https://riponadvance.com/stories/house-leaders-support-tougher-sanctions-targeting-north-korean-shipping-slave-labor/","572656369536045_1037364316398579",NA,67,41,5
"572656369536045","Rep. John Moolenaar","Happy Mother's Day!","2017-05-14T16:35:00+0000","photo","https://www.facebook.com/RepMoolenaar/photos/a.587618808039801.1073741833.572656369536045/1036659673135710/?type=3","572656369536045_1036659673135710",NA,20,5,1
"572656369536045","Rep. John Moolenaar","Michigan's own Joan Larsen is an outstanding choice for the federal Sixth Circuit Court of Appeals. She will serve as a rule of law judge and her decisions will be guided by the Constitution. I hope the Senate will confirm her nomination promptly.","2017-05-09T14:56:15+0000","link","http://wlns.com/2017/05/08/michigan-supreme-court-justice-nominated-for-federal-position/","572656369536045_1033667770101567",NA,92,37,6
"572656369536045","Rep. John Moolenaar","Stopped in Gaylord for dinner where everyone is all in for hometown girl Lauren Duski on The Voice. She had an amazing performance tonight. Go Lauren!","2017-05-09T01:27:02+0000","photo","https://www.facebook.com/RepMoolenaar/photos/a.587618808039801.1073741833.572656369536045/1033385210129823/?type=3","572656369536045_1033385210129823",NA,144,39,0
"572656369536045","Rep. John Moolenaar","Thanks to all of the talented artists from across the district who entered the Congressional Art Competition this year. The artwork was outstanding! This year's winner is Lydia Hershauer of Herbert Henry Dow High School for her charcoal portrait, titled ""Jackie."" Congratulations!","2017-05-08T22:28:26+0000","photo","https://www.facebook.com/RepMoolenaar/photos/a.587618808039801.1073741833.572656369536045/1033315056803505/?type=3","572656369536045_1033315056803505",NA,100,18,8
"572656369536045","Rep. John Moolenaar","This week is Small Business Week, which recognizes the enormous contributions America's 29 million small businesses make to our economy. I was in Shiawassee County last week where I attended the ribbon cutting ceremony for Great Lakes Rental and Supply and talked with owner Bryan Marks about the issues small businesses face. It's great to see companies investing in mid Michigan.","2017-05-02T18:33:16+0000","link","http://www.argus-press.com/news/news_local/article_6e4e861b-d3e5-51e5-b6f8-a5c14fea0ea8.html","572656369536045_1029669903834687","Rep. John Moolenaar shared The Argus-Press's post.",22,97,0
"572656369536045","Rep. John Moolenaar","Had a great day with family yesterday celebrating my son's birthday!","2017-05-01T20:46:52+0000","photo","https://www.facebook.com/RepMoolenaar/photos/a.587618808039801.1073741833.572656369536045/1029166130551731/?type=3","572656369536045_1029166130551731",NA,139,21,0
"572656369536045","Rep. John Moolenaar","Congratulations to the Trevino triplets on their outstanding academic accomplishments at Bath High School. Best wishes for continued success as they attend Central Michigan University together. #fireupchips","2017-04-27T15:46:08+0000","link","https://www.cmich.edu/news/article/Pages/trevino-triplets-choose-cmu.aspx","572656369536045_1026601264141551",NA,106,13,2
"572656369536045","Rep. John Moolenaar","Yesterday, I attended a briefing with officials from the Army Corps of Engineers and other agencies about the delayed release of the Brandon Road Lock and Dam report on stopping invasive species. As I told the Detroit News today, “we want a long-term strategy that we can implement quickly and have a permanent solution. That’s where this recommendation is so important. That’s why we’re urging the release of this report.""","2017-04-26T22:21:16+0000","link","http://www.detroitnews.com/story/news/politics/2017/04/26/asian-carp/100933266/","572656369536045_1026209554180722",NA,49,18,7
"572656369536045","Rep. John Moolenaar","Today, the president signed an executive order creating an executive branch task force to study the burdens the federal government imposes on farmers. Farmers are our best conservationists and they work hard to put food on the tables of families in our state and around the world. Overregulation has burdened agriculture and more can be done to help hardworking Michigan farmers like those in the milk and sugar industries who have been hurt by unfair trade practices. I hope this task force will find common-sense solutions to reform government and help a vital part of our state’s economy.","2017-04-26T00:00:00+0000","photo","https://www.facebook.com/RepMoolenaar/photos/a.587618808039801.1073741833.572656369536045/1025545464247131/?type=3","572656369536045_1025545464247131",NA,147,33,29
"572656369536045","Rep. John Moolenaar","Great to meet with University of Michigan President Mark Schlissel today to talk about the importance of research funding for the National Institutes of Health (NIH). #GoBlue","2017-04-25T20:16:40+0000","photo","https://www.facebook.com/RepMoolenaar/photos/a.587618808039801.1073741833.572656369536045/1025531457581865/?type=3","572656369536045_1025531457581865",NA,46,23,1
"572656369536045","Rep. John Moolenaar","This morning, I presented Vietnam War Commemorative Lapel Pins to Vietnam veterans at American Legion Post 212 Chesaning MI. Thank-you to Post Commander Rod Toma and his great group of veterans for a terrific morning.","2017-04-24T20:15:13+0000","photo","https://www.facebook.com/RepMoolenaar/photos/a.587618808039801.1073741833.572656369536045/1024742344327443/?type=3","572656369536045_1024742344327443",NA,47,9,0
"572656369536045","Rep. John Moolenaar","I enjoyed some Flint coney dogs for lunch today thanks to Congressman Dan Kildee recently making good on our bet for last year's Congressional Baseball Game.","2017-04-23T19:10:39+0000","photo","https://www.facebook.com/RepMoolenaar/photos/a.587618808039801.1073741833.572656369536045/1023603697774641/?type=3","572656369536045_1023603697774641",NA,212,32,0
"572656369536045","Rep. John Moolenaar","NEW STATE RECORD: Congratulations to Amber Gall of Shepherd High School on setting a new state record in the 800 meters! It is a great accomplishment.The previous record had stood for 37 years. Best wishes for continued success!","2017-04-20T15:25:38+0000","link","http://highschoolsports.mlive.com/news/article/5704576945696983527/shepherds-amber-gall-breaks-decades-old-record-hutchinson-twins-sign-with-ferris-state/","572656369536045_1021310338003977",NA,196,8,33
"572656369536045","Rep. John Moolenaar","Today, I presented the National Defense Service Medal, the Korean Service Medal and the United Nations Medal to Korean War Veteran Peter Zolin of Houghton Lake. It was a great event and I am glad his family could join us for this special occasion.","2017-04-19T23:15:00+0000","photo","https://www.facebook.com/RepMoolenaar/photos/a.587618808039801.1073741833.572656369536045/1020746594727018/?type=3","572656369536045_1020746594727018",NA,53,4,1
"572656369536045","Rep. John Moolenaar","Thank you to the Embassy of the Netherlands in the United States for the tulips today to celebrate Dutch American Friendship Day!","2017-04-19T19:51:25+0000","photo","https://www.facebook.com/RepMoolenaar/photos/a.587618808039801.1073741833.572656369536045/1020718871396457/?type=3","572656369536045_1020718871396457",NA,55,1,2
"572656369536045","Rep. John Moolenaar","Happy Easter!","2017-04-16T13:05:00+0000","photo","https://www.facebook.com/RepMoolenaar/photos/a.587618808039801.1073741833.572656369536045/1016936271774717/?type=3","572656369536045_1016936271774717",NA,121,11,0
"572656369536045","Rep. John Moolenaar","May you and your family have a blessed Good Friday.","2017-04-14T17:03:00+0000","photo","https://www.facebook.com/RepMoolenaar/photos/a.587618808039801.1073741833.572656369536045/1016939988441012/?type=3","572656369536045_1016939988441012",NA,67,4,3
"572656369536045","Rep. John Moolenaar","SEVEN DAYS TO GO: The deadline for the annual Congressional Art Competition is two weeks away, on April 17. The winning student will have his or her art displayed in the U.S. Capitol for a year and receive two round-trip tickets to travel to Washington, D.C for an annual event with competition winners from around the country. Regional winners from the Fourth District will have the opportunity for their art to appear in the Midland and Cadillac offices. See the link for more details and please encourage talented high school artists you know to enter the competition.","2017-04-10T22:12:00+0000","link","https://moolenaar.house.gov/artcompetition","572656369536045_1013788802089464",NA,0,5,1
"572656369536045","Rep. John Moolenaar","Thank you to Doug Bartlett of Edmore for inviting me to join him for a ride along on his mail route today. Doug is also the president of the Michigan Rural Letter Carriers Association (MIRLCA) and we had a great discussion regarding USPS issues today.","2017-04-10T18:07:33+0000","link","http://www.themorningsun.com/general-news/20170410/congressman-moolenaar-learns-about-mail-issues-on-ride-along-in-edmore","572656369536045_1013782062090138",NA,66,9,17
"572656369536045","Rep. John Moolenaar","Earlier this week Bashar al-Assad's horrific use of chemical weapons slaughtered innocent children in Syria. Last night's U.S. military strike on Assad's airfield carried out by our brave men and women damages his ability to perpetrate future atrocities and is a strong signal that the United States will not accept his brutal use of chemical weapons.","2017-04-07T12:46:13+0000","status",NA,"572656369536045_1010923869042624",NA,127,51,11
"572656369536045","Rep. John Moolenaar","Today, another farm convoy left Michigan to help who have been affected by wildfires in America's heartland. I spoke about the overwhelming and generous efforts of the Michigan farming community in response to this crisis. I pray for God's blessing on all involved as they continue to help our fellow Americans.","2017-04-06T15:53:42+0000","video","https://www.facebook.com/RepMoolenaar/videos/1010127132455631/","572656369536045_1010127132455631",NA,153,15,57
"572656369536045","Rep. John Moolenaar","Congratulations to the 1460th Transportation Company on being a finalist for top maintenance honors!","2017-04-05T14:02:00+0000","link","http://www.ourmidland.com/news/article/1460th-Transportation-Company-in-the-running-for-11042537.php","572656369536045_1008707755930902",NA,36,2,3
"572656369536045","Rep. John Moolenaar","Joshua Jacobson, the winner of the Congressional App Challenge for our district, was on Capitol Hill today and he presented his app alongside other winners from across the country. Joshua made the trip with his parents and he talked to me about the big difference robotics and coding have made in his life. Congratulations Joshua!","2017-04-04T22:21:39+0000","photo","https://www.facebook.com/RepMoolenaar/photos/a.582732358528446.1073741832.572656369536045/1008676519267359/?type=3","572656369536045_1008676549267356","Rep. John Moolenaar added 2 new photos.",42,5,0
"572656369536045","Rep. John Moolenaar","Brian Sabourin from Midland stopped by the office today. He is the Director of Employment Services at Michigan Protection and Advocacy Service and he shared with me the good work his organization does to help people with disabilities find career opportunities.","2017-04-04T19:34:50+0000","photo","https://www.facebook.com/RepMoolenaar/photos/a.587618808039801.1073741833.572656369536045/1008593605942317/?type=3","572656369536045_1008593605942317",NA,63,9,1
"572656369536045","Rep. John Moolenaar","The deadline for the annual Congressional Art Competition is two weeks away, on April 17. The winning student will have his or her art displayed in the U.S. Capitol for a year and receive two round-trip tickets to travel to Washington, D.C for an annual event with competition winners from around the country. Regional winners from the Fourth District will have the opportunity for their art to appear in the Midland and Cadillac offices. See the link for more details and please encourage talented high school artists you know to enter the competition.","2017-04-03T23:00:00+0000","link","https://moolenaar.house.gov/artcompetition","572656369536045_1007898319345179",NA,5,5,1
"572656369536045","Rep. John Moolenaar","Last Friday was Jack Telfer's last day at the Midland Daily News. Jack has been at the paper since 1991 and last year he led it to the Michigan Newspaper Association's Newspaper of the Year Award! I have honored Jack and his contributions to our community with a special tribute in the Congressional Record. All the best to Jack in retirement!","2017-04-03T17:57:16+0000","photo","https://www.facebook.com/RepMoolenaar/photos/a.587618808039801.1073741833.572656369536045/1007771712691173/?type=3","572656369536045_1007771712691173",NA,28,4,0
"572656369536045","Rep. John Moolenaar","I hope you will like and share this important information about my support for the Great Lakes with your friends and neighbors who may be hearing otherwise.   As a member of the Appropriations Committee, I will be working across the aisle with my colleagues on the committee to fund the Great Lakes Restoration Initiative. The GLRI has always enjoyed strong bipartisan support in Congress and I want to thank my 63 colleagues who recently signed a letter to the committee signaling their strong support for this funding.   If you would like to read more about my efforts for protecting the Great Lakes, particularly from invasive species and nuclear waste, please read my recent op-ed.","2017-03-31T17:37:24+0000","link","https://moolenaar.house.gov/media-center/editorials/protecting-great-lakes","572656369536045_1005753716226306",NA,24,13,9
"572656369536045","Rep. John Moolenaar","Good morning from Owosso where I just spoke with the Shiawassee County Farm Bureau about the latest issues in agriculture.","2017-03-31T13:45:01+0000","photo","https://www.facebook.com/RepMoolenaar/photos/a.587618808039801.1073741833.572656369536045/1005648402903504/?type=3","572656369536045_1005648402903504",NA,37,21,3
"572656369536045","Rep. John Moolenaar","Bipartisanship today on Capitol Hill as Congressman Dan Kildee and I welcomed students from Central Michigan University to the Capitol. I am proud to represent CMU in the House and I know Congressman Kildee is proud to be a Chippewa alum. I hope the students had a great tour of the Capitol building and enjoy their visit to Washington. #FireUpChips","2017-03-30T17:18:53+0000","photo","https://www.facebook.com/RepMoolenaar/photos/a.587618808039801.1073741833.572656369536045/1005072976294380/?type=3","572656369536045_1005073309627680","Rep. John Moolenaar added 2 new photos.",59,11,1
"572656369536045","Rep. John Moolenaar","I had a great meeting this afternoon with the Michigan 4-H State Youth Leadership Group. 4-H inspires a new generation of leaders in agriculture and it does terrific work in communities across the Fourth District.","2017-03-29T17:57:03+0000","photo","https://www.facebook.com/RepMoolenaar/photos/a.587618808039801.1073741833.572656369536045/1004549779680033/?type=3","572656369536045_1004549779680033",NA,66,30,6
"572656369536045","Rep. John Moolenaar","Over the weekend, farmers came together in Morrice in Shiawassee County to send feed and other supplies to those who have been hurt by wildfires in western states. Farmers across Michigan have been so generous, and I pray that all those participating in the convoys have safe travels.","2017-03-28T22:21:21+0000","link","http://www.lansingstatejournal.com/picture-gallery/news/local/2017/03/26/photos-michigan-convoy-brings-help-to-farmers-hurt-by-wildfires/99668912/","572656369536045_1004108709724140",NA,121,8,5
"572656369536045","Rep. John Moolenaar","FRIDAY DEADLINE: I am currently accepting applications for congressional internships in my Washington, D.C. office for summer 2017. The internship program is open to college students and recent graduates who are interested in learning more about our country’s legislative process and the day-to-day operations of a congressional office. Intern responsibilities include conducting tours of the U.S. Capitol, constituent data entry, researching federal legislation and assisting legislative staff. Interns will also have the opportunity to attend legislative briefings, congressional hearings and receptions on Capitol Hill. Applicants are asked to provide a cover letter, resume and any specific legislative issues or areas of interest. Applications should be submitted by close of business on Friday, March 31. For more information and to apply for the summer semester, please visit https://moolenaar.house.gov/internships","2017-03-28T19:09:04+0000","link","https://moolenaar.house.gov/internships","572656369536045_1003489626452715",NA,8,3,5
"572656369536045","Rep. John Moolenaar","Good luck to Buckley Community School PTO tomorrow when it plays for the state championship in boys basketball!","2017-03-24T23:16:01+0000","link","http://www.9and10news.com/clip/13197260/buckley-tops-lansing-christian-reaches-state-class-d-final","572656369536045_1001535619981449",NA,22,4,0
"572656369536045","Rep. John Moolenaar","Farmers from the Fourth District visited my office last week and we talked about the issues they are facing this year, including burdensome regulations, and tax reform. You can watch this video from Michigan Farm Bureau to see my comments and those of other members from Michigan.","2017-03-24T16:24:34+0000","video","https://www.youtube.com/watch?v=XUfdFflKGhs&feature=youtu.be","572656369536045_1001504679984543",NA,20,26,0
"572656369536045","Rep. John Moolenaar","This week I have had meetings about issues in college education. I met with students from Central Michigan University and they shared their stories about being the first ones in their families to go to college. I also had a meeting with President Thomas Haas of Grand Valley State University. #Fireupchips #anchorup","2017-03-23T22:14:56+0000","photo","https://www.facebook.com/RepMoolenaar/photos/a.587618808039801.1073741833.572656369536045/1001050276696650/?type=3","572656369536045_1001051136696564","Rep. John Moolenaar added 2 new photos.",41,23,1
"572656369536045","Rep. John Moolenaar","I am currently accepting applications for congressional internships in my Washington, D.C. office for summer 2017. The internship program is open to college students and recent graduates who are interested in learning more about our country’s legislative process and the day-to-day operations of a congressional office. Intern responsibilities include conducting tours of the U.S. Capitol, constituent data entry, researching federal legislation and assisting legislative staff. Interns will also have the opportunity to attend legislative briefings, congressional hearings and receptions on Capitol Hill. Applicants are asked to provide a cover letter, resume and any specific legislative issues or areas of interest. Applications should be submitted by close of business on Friday, March 31. For more information and to apply for the summer semester, please visit https://moolenaar.house.gov/internships","2017-03-23T19:12:00+0000","link","https://moolenaar.house.gov/internships","572656369536045_991556017646076",NA,9,8,1
"572656369536045","Rep. John Moolenaar","Congratulations to Mount Pleasant, Michigan on its 128th birthday today! Here's more history from the Morning Sun:","2017-03-23T15:35:53+0000","link","http://www.themorningsun.com/general-news/20170323/happy-birthday-mt-pleasant","572656369536045_1000888513379493",NA,26,6,1
"572656369536045","Rep. John Moolenaar","Congratulations to Midland's own Joe Kaczynski for winning the gold medal in the 5K Freestyle Cross Country race at the Special Olympics in Austria on Monday!","2017-03-22T23:11:38+0000","link","http://www.ourmidland.com/news/article/Kaczynski-takes-gold-in-5k-skiing-race-at-World-11016803.php","572656369536045_1000185963449748",NA,81,4,6
"572656369536045","Rep. John Moolenaar","I had the opportunity to speak with Midwest Alliance of Sovereign Tribes. The president of the alliance is the Fourth District's own Frank Cloutier, the chief of the Saginaw Chippewa Indian Tribe. I was happy to speak with the group and hear about the issues tribes in our region are facing.","2017-03-22T18:47:20+0000","photo","https://www.facebook.com/RepMoolenaar/photos/a.587618808039801.1073741833.572656369536045/1000316780103333/?type=3","572656369536045_1000316866769991","Rep. John Moolenaar added 2 new photos.",43,15,1
"572656369536045","Rep. John Moolenaar","Today is World Water Day. Obviously, the health of the Great Lakes is critical to the past, present and future of our state. You can read about my efforts to protect the Great Lakes in this op-ed I wrote last week.","2017-03-22T14:15:00+0000","link","https://moolenaar.house.gov/media-center/editorials/protecting-great-lakes","572656369536045_999669393501405",NA,19,32,3
"572656369536045","Rep. John Moolenaar","Today is National #AgDay! Our district has 10,000 farms and 15,000 farmers and each of them contributes to #PureMichigan. Thank you farmers for all you do for our communities and our state.","2017-03-21T21:51:33+0000","photo","https://www.facebook.com/RepMoolenaar/photos/a.587618808039801.1073741833.572656369536045/999651810169830/?type=3","572656369536045_999651810169830",NA,67,8,1
"572656369536045","Rep. John Moolenaar","I am currently accepting applications for congressional internships in my Washington, D.C. office for summer 2017. The internship program is open to college students and recent graduates who are interested in learning more about our country’s legislative process and the day-to-day operations of a congressional office. Intern responsibilities include conducting tours of the U.S. Capitol, constituent data entry, researching federal legislation and assisting legislative staff. Interns will also have the opportunity to attend legislative briefings, congressional hearings and receptions on Capitol Hill. Applicants are asked to provide a cover letter, resume and any specific legislative issues or areas of interest. Applications should be submitted by close of business on Friday, March 31. For more information and to apply for the summer semester, please visit https://moolenaar.house.gov/internships","2017-03-20T23:11:00+0000","link","https://moolenaar.house.gov/internships","572656369536045_991555444312800",NA,5,3,0
"572656369536045","Rep. John Moolenaar","Last week, farmers from the Fourth District and across the state organized a relief convoy to help ranchers in Texas and Kansas who lost hay and livestock in recent wildfires there. This video from Michigan Farm Bureau shares more details about the generous spirit of those who came together in Durand to make it all happen.","2017-03-20T19:33:52+0000","link","https://www.michfb.com/MI/Farm-News/Video-Michigan-hay-to-fire-ravaged-Texas-and-Kansas/?utm_source=Informz&utm_medium=Email&utm_campaign=Farm+News","572656369536045_998860476915630","Rep. John Moolenaar shared Michigan Farm Bureau's post.",83,5,0
"572656369536045","Rep. John Moolenaar","This week, the House passed two pieces of legislation to help our veterans. Our veterans deserve the best care and these bills will make it easier for the VA to retain and promote excellent employees, and to remove poorly performing ones who are failing our heroes. The VA received a budget increase this year and these reforms will make sure the VA has the best employees to carry out its critical mission.","2017-03-18T18:05:00+0000","photo","https://www.facebook.com/RepMoolenaar/photos/a.587618808039801.1073741833.572656369536045/996578727143805/?type=3","572656369536045_996578727143805",NA,33,11,0
"572656369536045","Rep. John Moolenaar","I worked across the aisle in the House to fight for this aid for Flint and it was approved by Congress in December. I am glad the EPA is making this much-needed money available to help Flint rebuild its critical water infrastructure. This funding should be put to use immediately and in the most effective manner possible so the people of Flint will have clean drinking water as soon as possible.","2017-03-17T22:35:28+0000","link","http://www.detroitnews.com/story/news/michigan/flint-water-crisis/2017/03/17/flint/99301466/","572656369536045_996576880477323",NA,111,36,17
"572656369536045","Rep. John Moolenaar","Like many families in mid and northern Michigan, the D.C. staff is divided! Who are you rooting for today?","2017-03-17T17:01:44+0000","photo","https://www.facebook.com/RepMoolenaar/photos/a.587618808039801.1073741833.572656369536045/996392737162404/?type=3","572656369536045_996392737162404",NA,76,29,2
"572656369536045","Rep. John Moolenaar","Today, I voted for legislation that reaffirms veterans' Second Amendment rights, so they will not be taken away by a bureaucrat at the VA.   Current practice at the VA takes away a veteran’s Second Amendment rights if they appoint a fiduciary to handle their financial affairs because the VA reports the veteran as being “mentally incompetent” to the FBI’s National Criminal Background Check System.   That designation could result in veterans being blocked from legally purchasing a firearm. A veteran may apply for relief through the VA, but that puts a bureaucrat at the department in charge of making the final decision on a veteran’s Second Amendment rights.  Americans’ treasure their constitutional rights and the Second Amendment is no exception. There is already a legal process through the courts to prohibit the mentally ill from buying firearms. That decision belongs in the judicial branch, and not in the hands of bureaucrats at the VA, a department that has mistreated so many of our nation’s heroes.","2017-03-16T23:33:25+0000","status",NA,"572656369536045_995928507208827","Rep. John Moolenaar updated their status.",74,45,5
"572656369536045","Rep. John Moolenaar","I have always been a strong supporter of funding for the Great Lakes Restoration Initiative. I believe that this year there will once again be great support in the House of Representatives for the GLRI. I am working to protect the Great Lakes on a number of issues and you can read more about them in this op-ed I sent out today to newspapers in our district.","2017-03-16T20:24:46+0000","link","https://moolenaar.house.gov/media-center/editorials/protecting-great-lakes","572656369536045_995871897214488",NA,73,27,9
"572656369536045","Rep. John Moolenaar","The health care debate continues to be one of the most important issues facing Congress and the American people. I have pledged to repeal the current failed health care law that raised premiums and deductibles, effectively leaving many Americans with coverage they can't really use. I am reviewing the new legislation and I have received a lot of input from constituents through meetings, letters, emails and phone calls. The legislative process for the bill has been very deliberative with hours and hours of debate in three committees. Another committee will review the bill before it is up for a vote of the whole House. Additionally, many members have met with the Administration and leaders in the House to offer ideas on improving the legislation and changes are still possible. If you would like to read the current version of the legislation, you can see it on readthebill.gop.","2017-03-16T16:41:26+0000","photo","https://www.facebook.com/RepMoolenaar/photos/a.587618808039801.1073741833.572656369536045/995292597272418/?type=3","572656369536045_995292597272418",NA,30,170,7
"572656369536045","Rep. John Moolenaar","Had a great meeting today with more than 20 farmers from the Fourth District. We have a lot of agricultural diversity in Michigan and the farmers talked about cash crops, dairy, and even honeybees. Michigan Farm Bureau","2017-03-15T21:00:42+0000","photo","https://www.facebook.com/RepMoolenaar/photos/a.587618808039801.1073741833.572656369536045/995252457276432/?type=3","572656369536045_995252457276432",NA,58,6,1
"572656369536045","Rep. John Moolenaar","The annual Congressional Art Competition is open to Fourth District high school students. The winning student will have his or her art displayed in the U.S. Capitol for a year and receive two round-trip tickets to travel to Washington, D.C for an annual event with competition winners from around the country.  Regional winners from the Fourth District will have the opportunity for their art to appear in the Midland and Cadillac offices. See the link for more details and please encourage talented high school artists you know to enter the competition.","2017-03-13T22:11:00+0000","link","https://moolenaar.house.gov/artcompetition","572656369536045_994084344059910",NA,21,12,16
"572656369536045","Rep. John Moolenaar","This morning I started the day in Gladwin with an interview on 103 Country, then reading to the outstanding preschoolers at Mid Michigan Community Action Agency, and then discussing small businesses issues with Dan Mercer, the owner of Pepper Mill. After that, I did an interview with Sunny 97.7 in Midland.","2017-03-13T18:17:07+0000","photo","https://www.facebook.com/RepMoolenaar/photos/a.582732358528446.1073741832.572656369536045/994019087399769/?type=3","572656369536045_994019137399764","Rep. John Moolenaar added 3 new photos.",66,14,2
"572656369536045","Rep. John Moolenaar","Patrick Curry, President of Fullerton Tool Company in Saginaw and Mike Coast, President of the Michigan Manufacturing Technology Center were in DC earlier this week. Fullerton is a third-generation, family-owned business, that with workforce skill development from the MMTC, has grown into a leader in precision-made tooling. Congratulations on decades of sucess, all made in America!","2017-03-11T18:00:00+0000","photo","https://www.facebook.com/RepMoolenaar/photos/a.587618808039801.1073741833.572656369536045/992170570917954/?type=3","572656369536045_992170570917954",NA,27,4,0
"572656369536045","Rep. John Moolenaar","I am saddened that this week's wind storm killed Midland resident Max Muessig and his girlfriend, Maggie Potter. My prayers for their families and all those who are recovering from the storm this week.","2017-03-10T21:44:05+0000","link","http://www.mlive.com/news/bay-city/index.ssf/2017/03/soulmates_who_died_in_heavy_wi.html","572656369536045_992194510915560",NA,33,19,18
"572656369536045","Rep. John Moolenaar","I am currently accepting applications for congressional internships in my Washington, D.C. office for summer 2017. The internship program is open to college students and recent graduates who are interested in learning more about our country’s legislative process and the day-to-day operations of a congressional office. Intern responsibilities include conducting tours of the U.S. Capitol, constituent data entry, researching federal legislation and assisting legislative staff. Interns will also have the opportunity to attend legislative briefings, congressional hearings and receptions on Capitol Hill. Applicants are asked to provide a cover letter, resume and any specific legislative issues or areas of interest.  Applications should be submitted by close of business on Friday, March 31. For more information and to apply for the summer semester, please visit https://moolenaar.house.gov/internships","2017-03-09T20:15:00+0000","link","https://moolenaar.house.gov/internships","572656369536045_986397461495265",NA,54,10,38
"572656369536045","Rep. John Moolenaar","This morning, I heard from Department of Homeland Security Secretary John Kelly and received an update on how his department is securing the border and working to keep our country safe.","2017-03-09T15:12:25+0000","photo","https://www.facebook.com/RepMoolenaar/photos/a.587618808039801.1073741833.572656369536045/991352614333083/?type=3","572656369536045_991352614333083",NA,99,30,0
"572656369536045","Rep. John Moolenaar","Today, the House of Representatives passed legislation that includes full funding for a pay increase for our men and women in uniform, who confront threats abroad so we don't have to face danger here at home. This legislation provides our soldiers with the equipment they need to win on the battlefield and gives them and their families a well-deserved pay raise.","2017-03-08T23:30:00+0000","photo","https://www.facebook.com/RepMoolenaar/photos/a.587618808039801.1073741833.572656369536045/990646177737060/?type=3","572656369536045_990646177737060",NA,71,10,4
"572656369536045","Rep. John Moolenaar","On Monday, I had a good day in the district. I started in Reed City for a legislative breakfast of the Mecosta, Osceola and Wexford Farm Bureaus. I then visited 9&10 News for a tour of its new office, met with the Cadillac News, and visited Life Resources of Northern Michigan. To end the day, I toured MidMichigan Health's federally qualified health center in Houghton Lake.","2017-03-08T19:37:31+0000","photo","https://www.facebook.com/RepMoolenaar/photos/a.582732358528446.1073741832.572656369536045/990673684400976/?type=3","572656369536045_990673857734292","Rep. John Moolenaar added 5 new photos.",41,28,7
"572656369536045","Rep. John Moolenaar","Today, I honored Cadillac High School's Joshua Jacobson as the winner of the Congressional App Challenge in our district. Joshua’s hard work, ingenuity, and technical know-how will help him go far in whatever he pursues next. Congratulations!","2017-03-07T00:02:39+0000","photo","https://www.facebook.com/RepMoolenaar/photos/a.587618808039801.1073741833.572656369536045/989453214523023/?type=3","572656369536045_989453214523023",NA,29,6,0
"572656369536045","Rep. John Moolenaar","I have signed a letter asking the president to release the Asian carp plan for the Brandon Road Lock and Dam in Illinois. Asian carp are a threat to the Great Lakes and action needs to be taken to prevent them from harming the ecosystem.","2017-03-03T22:48:11+0000","link","http://www.detroitnews.com/story/news/politics/2017/03/03/asian-carp-plan/98696352/","572656369536045_987634321371579",NA,186,41,16
"572656369536045","Rep. John Moolenaar","Today, Attorney General Jeff Sessions announced he would recuse himself from any current and future investigations into foreign interference in the 2016 election. I called for him to do this earlier today and I believe his decision is an important step toward ensuring that the FBI’s investigation is independent and has the trust of the American people.","2017-03-02T21:56:07+0000","status",NA,"572656369536045_987022941432717",NA,100,65,4
"572656369536045","Rep. John Moolenaar","I am saddened to learn of the passing of Tim Brockman. Tim was an outstanding citizen, who gave of his time and resources to make life better for all residents of Isabella County. He was a part of countless local organizations, clubs and special projects and he never stopped working to make a positive difference in the community.","2017-03-02T17:39:23+0000","link","http://www.themorningsun.com/general-news/20170302/mt-pleasant-mourns-death-of-brockman-community-leader","572656369536045_986923288109349",NA,10,2,0
"572656369536045","Rep. John Moolenaar","Congratulations to Calvary Baptist Academy on winning its third straight girls' basketball state championship this past weekend!","2017-03-01T18:38:01+0000","photo","https://www.facebook.com/cbamidland/photos/a.155948031087065.31936.150986088249926/1597345733613947/?type=3","572656369536045_986392484829096","Rep. John Moolenaar shared Calvary Baptist Academy's photo.",36,2,0
"572656369536045","Rep. John Moolenaar","Today was a win for Michigan farmers. The president ordered the EPA to begin the process of eliminating the Waters of the U.S. rule that was finalized in 2015. This rule has always been strongly opposed by farmers because it went too far and could have resulted in EPA agents coming to farmers’ fields to regulate mud puddles and ditches. That is why I promised to fight it when I first ran to serve the people of mid and northern Michigan. By withdrawing this regulation, the EPA will be better able to focus on its core mission of ensuring clean water and protecting the Great Lakes from invasive species.","2017-03-01T00:01:56+0000","photo","https://www.facebook.com/RepMoolenaar/photos/a.587618808039801.1073741833.572656369536045/985946111540400/?type=3","572656369536045_985946111540400",NA,176,77,22
"572656369536045","Rep. John Moolenaar","Good luck to Erik Jones Racing of Byron today as he makes his first start in the Daytona 500!","2017-02-26T17:09:31+0000","link","http://www.mlive.com/news/jackson/index.ssf/2017/02/20-year-old_can_be_first_michi.html","572656369536045_984569681678043",NA,69,11,7
"572656369536045","Rep. John Moolenaar","I had a great day in the district, attending meetings and answering questions. I spoke with WNEMTV5news in Midland, went to the Breckenridge Rotary meeting at Noon, met with The Saginaw News, and toured the Michigan Cardiovascular Institute.","2017-02-23T22:44:33+0000","photo","https://www.facebook.com/RepMoolenaar/photos/a.587618808039801.1073741833.572656369536045/982977608503917/?type=3","572656369536045_982973821837629","Rep. John Moolenaar added 4 new photos.",77,49,5
"572656369536045","Rep. John Moolenaar","It was great to be at the Midland Center for the Arts yesterday to congratulate Bruce Winslow on his retirement. Bruce has done a terrific job as director and he has also served as a judge for our district’s Congressional Art Competition. Thank you to Bruce for his discerning eye for outstanding art and his service to our community.","2017-02-22T22:23:35+0000","photo","https://www.facebook.com/RepMoolenaar/photos/a.587618808039801.1073741833.572656369536045/982434855224859/?type=3","572656369536045_982434855224859",NA,61,31,10
"572656369536045","Rep. John Moolenaar","Today, I presented military service medals to Korean War veteran Ralph Wallace of Paris at Amvets Post 1941 in Big Rapids. It was a special event and I was honored to make the presentation. Thank you to Ralph and all of our veterans for their service and sacrifice to our nation.","2017-02-21T23:28:54+0000","photo","https://www.facebook.com/RepMoolenaar/photos/a.587618808039801.1073741833.572656369536045/981892211945790/?type=3","572656369536045_981892211945790",NA,75,13,3
"572656369536045","Rep. John Moolenaar","If you missed last week's telephone town hall meeting, here is where you can hear constituents' questions for and against the Affordable Care Act. We also discussed Russia, the critical infrastructure needs of the Soo Locks, and more.","2017-02-21T20:19:48+0000","link","https://vekeo.com/event/congressman-john-moolenaar-30912/","572656369536045_981826895285655",NA,29,50,7
"572656369536045","Rep. John Moolenaar","Members First Credit Union has been in our community for 80 years and I appreciated the opportunity to provide an update at its event today in Midland.","2017-02-20T18:30:44+0000","photo","https://www.facebook.com/RepMoolenaar/photos/a.587618808039801.1073741833.572656369536045/981228328678845/?type=3","572656369536045_981228328678845",NA,30,29,10
"572656369536045","Rep. John Moolenaar","Hi everyone, here is a quick update on the week. Thanks for watching.","2017-02-16T22:33:08+0000","video","https://www.facebook.com/RepMoolenaar/videos/978587955609549/","572656369536045_978587955609549",NA,76,82,13
"572656369536045","Rep. John Moolenaar","This morning I met with Michigan supporters of the Special Olympics, including Hannah and Jaely who are on their high school's unified basketball team. I enjoyed hearing from them and I appreciate the great work the Special Olympics do in Michigan and around the country to build bridges and opportunities for individuals with special needs.","2017-02-15T18:19:51+0000","photo","https://www.facebook.com/RepMoolenaar/photos/a.587618808039801.1073741833.572656369536045/977658685702476/?type=3","572656369536045_977658685702476",NA,99,9,0
"572656369536045","Rep. John Moolenaar","Thank you to constituents from Clare County and their friends who came to the office today to talk about Parent Project Muscular Dystrophy. #EndDuchenne","2017-02-14T00:06:26+0000","photo","https://www.facebook.com/RepMoolenaar/photos/a.587618808039801.1073741833.572656369536045/976689665799378/?type=3","572656369536045_976689665799378",NA,38,9,0
"572656369536045","Rep. John Moolenaar","On this day in 1809, Abraham Lincoln was born in Kentucky. His leadership saved our country and his eloquence inspires us today. He is my favorite president and I will always admire his character.","2017-02-12T18:06:02+0000","photo","https://www.facebook.com/RepMoolenaar/photos/a.587618808039801.1073741833.572656369536045/970023829799295/?type=3","572656369536045_970023829799295",NA,64,15,3
"572656369536045","Rep. John Moolenaar","ICYMI: GM announced a $20 million investment this week. This is good news for mid Michigan and the Great Lakes Bay Region.","2017-02-09T15:15:02+0000","link","http://www.mlive.com/news/bay-city/index.ssf/2017/02/gm_announces_20_million_into_b.html#incart_river_index","572656369536045_973012819500396",NA,79,6,8
"572656369536045","Rep. John Moolenaar","Thank you to the group from YOUTHINKMontcalm for coming to the Capitol today to talk about the substance abuse issues they are seeing in their community. Keep up the good work you're doing, especially for our youth.","2017-02-08T23:33:00+0000","photo","https://www.facebook.com/RepMoolenaar/photos/a.587618808039801.1073741833.572656369536045/973688972766114/?type=3","572656369536045_973688972766114",NA,29,5,0
"572656369536045","Rep. John Moolenaar","On Monday, the House passed the Email Privacy Act of 2017. I supported this legislation because our email privacy laws were long overdue for an update. This new law protects the privacy of Michigan residents while still providing law enforcement agencies the tools they need to keep us safe.","2017-02-08T20:05:00+0000","photo","https://www.facebook.com/RepMoolenaar/photos/a.587618808039801.1073741833.572656369536045/973154526152892/?type=3","572656369536045_973154526152892",NA,11,2,1
"572656369536045","Rep. John Moolenaar","This morning, I sat down with Michigan members of the National Border Patrol Council. We must ensure they - and all law enforcement - have the tools necessary to complete their mission safely. I want to thank these Michiganders for their hard work at our state's border crossings.","2017-02-08T15:49:17+0000","photo","https://www.facebook.com/RepMoolenaar/photos/a.587618808039801.1073741833.572656369536045/973508932784118/?type=3","572656369536045_973508932784118",NA,58,7,0
"572656369536045","Rep. John Moolenaar","Had a good discussion today about the future of American Indian higher education with President Carla Sineway and students from Saginaw Chippewa Tribal College.","2017-02-07T23:39:28+0000","photo","https://www.facebook.com/RepMoolenaar/photos/a.587618808039801.1073741833.572656369536045/973054342829577/?type=3","572656369536045_973054342829577",NA,44,6,0
"572656369536045","Rep. John Moolenaar","Jim and Jack Winkel of Missaukee County are this year's recipients of the Dairy Farmer of the Year award from MSU Animal Science! Their family farm was founded by their grandfather 1899. Congratulations to Jim and Jack on this award!","2017-02-07T18:03:27+0000","link","http://msue.anr.msu.edu/news/jim_and_jack_winkel_named_2017_recipients_of_the_msu_dairy_farmer_of_the_ye","572656369536045_972372876231057",NA,45,3,4
"572656369536045","Rep. John Moolenaar","On this day in 1911, Ronald Reagan was born in Tampico, Illinois. He was a terrific president who communicated with humor and grace and we are so grateful that he led our country for eight years.","2017-02-06T14:00:00+0000","photo","https://www.facebook.com/RepMoolenaar/photos/a.587618808039801.1073741833.572656369536045/970019826466362/?type=3","572656369536045_970019826466362",NA,68,11,2
"572656369536045","Rep. John Moolenaar","In the last months of the Obama Administration, the Social Security Administration proposed a rule that would take away the Second Amendment rights of Americans. Today, I voted to overturn that rule. The Second Amendment rights of Americans shall not be infringed and they should not be taken away by bureaucrats.","2017-02-02T22:30:20+0000","photo","https://www.facebook.com/RepMoolenaar/photos/a.587618808039801.1073741833.572656369536045/970014273133584/?type=3","572656369536045_970014273133584",NA,219,108,21
"572656369536045","Rep. John Moolenaar","I am fighting against the proposed nuclear waste site on the Canadian side of Lake Huron. Lake Huron is a treasure between our two countries and I hope the government of Canada will look for a new location outside of the Great Lakes Basin.","2017-02-02T18:04:11+0000","link","http://www.detroitnews.com/story/news/local/michigan/2017/02/01/lawmakers-ask-trump-stop-canadian-disposal-site/97360066/","572656369536045_969892553145756",NA,236,43,25
"572656369536045","Rep. John Moolenaar","It was great to see friends from Michigan Wheat today and to be honored with the ""2016 Wheat Advocate"" award. Our state's farmers do a terrific job putting food on the tables of families locally and around the world. Thank you for this recognition.","2017-02-01T22:24:58+0000","photo","https://www.facebook.com/RepMoolenaar/photos/a.587618808039801.1073741833.572656369536045/969386563196355/?type=3","572656369536045_969386563196355",NA,49,3,0
"572656369536045","Rep. John Moolenaar","BREAKING: Congratulations to Judge Neil Gorsuch on his nomination to the Supreme Court. From what we know, it looks like he is a solid nominee. The Senate has a constitutional responsibility to provide advice and consent on Supreme Court nominations. It should review Judge Gorsuch’s record and qualifications to see if he will be a rule of law justice who is right for this important spot on the high court.","2017-02-01T01:43:55+0000","status",NA,"572656369536045_968791223255889",NA,127,26,3
"572656369536045","Rep. John Moolenaar","Congratulations to Michigan State Police Motor Carrier Officer Daniel Priebe of Lakeview for earning the Motor Carrier Officer of the Year Award!","2017-01-31T00:10:01+0000","link","http://www.themorningsun.com/general-news/20170127/lakeview-motor-carrier-officer-gets-statewide-award?utm_source=Newsletter&utm_medium=email&utm_content=Your+Morning+Headlines%3A+As+Mt++Pleasant+concerns+over+nuisance+parties+increase%2C+so+do+the+citations&utm_campaign=Morning+Update+2017-01-28+07%3A10%3A08","572656369536045_968151089986569",NA,89,2,3
"572656369536045","Rep. John Moolenaar","Constituent relations representatives will be holding office hours throughout the district in February. These hours are a great way to get assistance with a federal agency like the VA and IRS. See the link for times and locations.","2017-01-30T13:00:05+0000","link","https://moolenaar.house.gov/officehours","572656369536045_966446640157014",NA,10,18,1
"572656369536045","Rep. John Moolenaar","Thank you to the more than 50 students from Valley Lutheran High School, Saginaw who participated in the #MarchForLife today. It is a great sign for our country that so many students are part of the #prolifegeneration.  #whywemarch","2017-01-27T22:06:45+0000","photo","https://www.facebook.com/RepMoolenaar/photos/a.587618808039801.1073741833.572656369536045/966450170156661/?type=3","572656369536045_966450170156661",NA,129,18,9
"572656369536045","Rep. John Moolenaar","Tony Gojcaj was a friend and a brilliant chef. He always had a big smile on his face and he always made others smile with his delicious meals. He and his restaurants have made outstanding contributions to the communities of mid and northern Michigan and I will miss him dearly. My prayers go out to his family and friends.","2017-01-27T18:50:29+0000","link","http://trib.al/mvDvvIN","572656369536045_966374150164263","Rep. John Moolenaar shared The Bay City Times's post.",23,4,0
"572656369536045","Rep. John Moolenaar","Here is a report from The Daily News about my recent listening session in Stanton, where we talked about health care, education and jobs.","2017-01-26T22:43:02+0000","link","http://thedailynews.cc/2017/01/19/moolenaar-hears-health-care-concerns-from-constituents/","572656369536045_965888630212815",NA,38,15,4
"572656369536045","Rep. John Moolenaar","Happy 180th Birthday to our wonderful state! On this day in 1837, Michigan became the 26th state to be admitted to the Union. Here's a popular graphic I shared last year showing all 50 dates of statehood.","2017-01-26T16:31:42+0000","link","https://upload.wikimedia.org/wikipedia/commons/f/f2/US_states_by_date_of_statehood3.gif","572656369536045_965721253562886",NA,55,3,9
"572656369536045","Rep. John Moolenaar","A nice story in The Argus-Press about another company growing and expanding in Mid Michigan.","2017-01-25T18:04:42+0000","link","http://www.argus-press.com/news/community/owosso/article_4d44d1d8-df79-11e6-9269-3363bf6c4dbf.html","572656369536045_963676640434014",NA,17,3,1
"572656369536045","Rep. John Moolenaar","This afternoon, the House voted to permanently ban taxpayer funding for abortion. This policy has been renewed every year and today's vote would make it permanent. I spoke on the House floor in support of this law.","2017-01-25T00:01:00+0000","video","https://www.facebook.com/RepMoolenaar/videos/964412970360381/","572656369536045_964412970360381",NA,337,109,50
"572656369536045","Rep. John Moolenaar","In 2015, I voted for the Keystone XL Pipeline, along with a bipartisan majority including 28 Democrats. I support today's decision to move forward with Keystone because building the pipeline will create good-paying jobs and provide hardworking Americans with a more stable source of energy.","2017-01-24T19:10:18+0000","link","http://www.mlive.com/news/us-world/index.ssf/2017/01/trump_signs_orders_advancing_k.html","572656369536045_964309560370722",NA,210,121,12
"572656369536045","Rep. John Moolenaar","Congratulations to the Michigan State Police troopers from the posts in Freeland and Mount Pleasant! Thank you for all you do for our communities.","2017-01-23T19:31:47+0000","link","http://www.ourmidland.com/news/police_and_courts/article/Troopers-recognized-for-outstanding-patrol-and-10871408.php","572656369536045_963677093767302",NA,79,1,0
"572656369536045","Rep. John Moolenaar","It was an honor to witness the historic and peaceful transfer of power at the Capitol today. Best wishes to President Donald Trump and his family as he takes on the enormous responsibilities and duties as our nation's president and commander-in-chief.","2017-01-20T21:36:14+0000","photo","https://www.facebook.com/RepMoolenaar/photos/a.587618808039801.1073741833.572656369536045/961566847311660/?type=3","572656369536045_961566847311660",NA,266,22,6
"572656369536045","Rep. John Moolenaar","Wonderful to see that Brooke Emery, a Mount Pleasant native and CMU graduate, will be a part of today's Inauguration ceremony as a member of the U.S. Air Force Band. #fireupchips","2017-01-20T14:00:02+0000","link","http://www.themorningsun.com/general-news/20170102/mt-pleasant-native-and-cmu-grad-to-perform-in-presidential-inauguration?utm_source=Newsletter&utm_medium=email&utm_content=Your+Morning+Headlines%3A+Hospitals+in+Alma%2C+Mt++Pleasant+welcome+first+babies+of+2017&utm_campaign=Morning+Update+2017-01-03+06%3A30%3A00","572656369536045_961095240692154",NA,101,2,3
"572656369536045","Rep. John Moolenaar","In 15 hours we will witness a peaceful transfer of power and have a new president.","2017-01-20T02:00:00+0000","photo","https://www.facebook.com/RepMoolenaar/photos/a.587618808039801.1073741833.572656369536045/961090170692661/?type=3","572656369536045_961090170692661",NA,177,10,1
"572656369536045","Rep. John Moolenaar","Students from DeWitt High School stopped by the office today as part of their visit to Washington, D.C for the inauguration. It's great to have the students here to see history and the peaceful transition of power! #Inauguration","2017-01-19T20:19:51+0000","photo","https://www.facebook.com/RepMoolenaar/photos/a.587618808039801.1073741833.572656369536045/960988177369527/?type=3","572656369536045_960988414036170","Rep. John Moolenaar added 3 new photos.",54,0,0
"572656369536045","Rep. John Moolenaar","It was great to hear from constituents at the three listening sessions I held in the Fourth District yesterday.  Here are pictures from Stanton, St. Johns and Owosso.","2017-01-18T19:17:43+0000","photo","https://www.facebook.com/RepMoolenaar/photos/a.587618808039801.1073741833.572656369536045/960399900761688/?type=3","572656369536045_960400297428315","Rep. John Moolenaar added 3 new photos.",31,5,0
"572656369536045","Rep. John Moolenaar","Gene Cernan made great contributions to our nation's efforts to explore space, serving as an astronaut from 1963 through 1976. He is an American hero and our country mourns his passing.","2017-01-17T19:33:34+0000","photo","https://www.facebook.com/NASA/photos/a.67899501771.69169.54971236771/10154813599001772/?type=3","572656369536045_959825717485773","Rep. John Moolenaar shared NASA - National Aeronautics and Space Administration's photo.",38,2,0
"572656369536045","Rep. John Moolenaar","This morning's listening session in Cadillac has been postponed due to today's inclement weather in northern Michigan and will be rescheduled. My listening sessions today in Stanton, St. Johns, and Owosso will still occur as planned.","2017-01-17T12:44:19+0000","status",NA,"572656369536045_959643770837301",NA,9,11,1
"572656369536045","Rep. John Moolenaar","Today we honor Reverend Doctor Martin Luther King Jr. for his life of service. He believed in the promise of America's founding documents, fought for what is right and made our country better for all Americans.","2017-01-16T17:15:03+0000","photo","https://www.facebook.com/RepMoolenaar/photos/a.587618808039801.1073741833.572656369536045/957469981054680/?type=3","572656369536045_957469981054680",NA,45,2,6
"572656369536045","Rep. John Moolenaar","Great to be on WSGW with Art Lewis this morning to take listeners' calls and talk about the important issues facing our country.","2017-01-16T15:27:40+0000","photo","https://www.facebook.com/RepMoolenaar/photos/a.587618808039801.1073741833.572656369536045/959107124224299/?type=3","572656369536045_959107124224299",NA,42,3,1
"572656369536045","Rep. John Moolenaar","Today, I voted in support of a resolution that will allow Congress to repeal the Affordable Care Act, an unaffordable health care law that has created fewer health insurance choices and higher costs for Americans. Today’s vote is a first step toward creating a health care system that puts patients first.","2017-01-13T22:01:00+0000","status",NA,"572656369536045_957434551058223",NA,325,284,33
"572656369536045","Rep. John Moolenaar","Today was the last broadcast for WLNS Jane Aldrich, who has been a favorite of viewers in Mid Michigan for more than three decades. Congratulations to her on retirement! WLNS-TV","2017-01-13T00:00:00+0000","video","https://www.facebook.com/RepMoolenaar/videos/956785627789782/","572656369536045_956785627789782",NA,45,2,0
"572656369536045","Rep. John Moolenaar","Our nation's World War II veterans are the greatest generation and this past Veterans Day, I had the honor of presenting Cecil ""Tommy"" Thompson with the French Legion of Honor Medal. It was a terrific celebration and I enjoyed getting to know Tommy and his family. Sadly, Tommy passed away on January 2nd. I offer my condolences and prayers to his family and I hope you'll take a moment to read this nice story about his service to our country: http://www.ourmidland.com/lifestyles/article/1st-Lt-Cecil-Tommy-Thompson-6955546.php","2017-01-11T21:21:39+0000","photo","https://www.facebook.com/RepMoolenaar/photos/a.587618808039801.1073741833.572656369536045/955951761206502/?type=3","572656369536045_955955581206120","Rep. John Moolenaar added 2 new photos.",46,0,0
"572656369536045","Rep. John Moolenaar","The USDA has declared crop disaster designations for all 15 counties in Michigan’s Fourth Congressional District. Farm operators in these counties are eligible to be considered for certain assistance from the Farm Service Agency, including emergency loans. More information is available at local Farm Service Agency offices.   Michigan’s Fourth Congressional District is made up of the following counties: Clare, Clinton, Gladwin, Gratiot, Isabella, Mecosta, Midland, Missaukee, Montcalm, Ogemaw, Osceola, Roscommon, Saginaw, Shiawassee and Wexford.","2017-01-10T14:37:01+0000","photo","https://www.facebook.com/RepMoolenaar/photos/a.587618808039801.1073741833.572656369536045/954913894643622/?type=3","572656369536045_954913894643622",NA,8,1,5
"572656369536045","Rep. John Moolenaar","Today is Law Enforcement Appreciation Day. I extend my gratitude to the men and women serving our communities and our state everyday. They do a terrific job keeping us safe and their sacrifice is never forgotten. #LawEnforcementAppreciationDay #ThankACop","2017-01-09T20:42:00+0000","photo","https://www.facebook.com/RepMoolenaar/photos/a.587618808039801.1073741833.572656369536045/954763317992013/?type=3","572656369536045_954763317992013",NA,104,3,2
"572656369536045","Rep. John Moolenaar","Last week I joined my colleagues in reading the Constitution on the House floor and read the part that gives states a role in ratifying amendments. The Constitution is the cornerstone of our government and as I pledged when I took the oath of office, I will do everything I can to support it.","2017-01-09T16:59:10+0000","video","https://www.facebook.com/RepMoolenaar/videos/954746237993721/","572656369536045_954746237993721",NA,102,9,1
"572656369536045","Rep. John Moolenaar","Last night, the House passed legislation that will prohibit any future administration - Republican or Democratic - from implementing major regulations without a vote of approval from Congress. After the last eight years, Americans are tired of executive decrees that impose major burdens on their lives. The REINS Act strengthens Congress’s role as the writer of our nation’s laws and it will hold the federal bureaucracy accountable.","2017-01-06T17:29:07+0000","photo","https://www.facebook.com/RepMoolenaar/photos/a.587618808039801.1073741833.572656369536045/952929864842025/?type=3","572656369536045_952929864842025",NA,63,18,3
"572656369536045","Rep. John Moolenaar","UPDATE: Tonight, I voted to rebuke the Obama Administration for abandoning Israel at the United Nations last month. The administration's decision to abstain damaged decades of steadfast American support for Israel. The world must know that the U.S. government and the American people stand with Israel.","2017-01-06T00:24:51+0000","photo","https://www.facebook.com/RepMoolenaar/photos/a.587618808039801.1073741833.572656369536045/952459754889036/?type=3","572656369536045_952459754889036",NA,178,24,3
"572656369536045","Rep. John Moolenaar","BREAKING: I have just been named to the House Appropriations Committee. I am the first member from Michigan to be named to the committee since 2011. On Appropriations, I will have the important responsibility of overseeing government spending. I will fight to make sure government uses taxpayer dollars wisely, stays within its means, and is accountable to the needs of Michigan’s hardworking families. I am excited to get started on this new assignment.","2017-01-04T22:10:02+0000","status",NA,"572656369536045_951751861626492","Rep. John Moolenaar updated their status.",612,100,27
"572656369536045","Rep. John Moolenaar","It was fun to have my granddaughter join me on the House floor today for this special moment during the swearing-in of the new Congress.","2017-01-03T23:07:13+0000","video","https://www.facebook.com/RepMoolenaar/videos/951152941686384/","572656369536045_951152941686384",NA,153,13,9
"572656369536045","Rep. John Moolenaar","REMINDER: Office hours are being held in January and they are great way to get help with a federal agency like the VA or the IRS. No appointment is necessary. See the link for times and locations.","2017-01-03T16:25:41+0000","link","https://moolenaar.house.gov/officehours","572656369536045_951022431699435",NA,19,6,1
"572656369536045","Rep. John Moolenaar","I hope you and your family have a blessed 2017!","2017-01-01T05:00:00+0000","photo","https://www.facebook.com/RepMoolenaar/photos/a.587618808039801.1073741833.572656369536045/933150533486625/?type=3","572656369536045_933150533486625",NA,58,2,2
