"from_id","from_name","message","created_time","type","link","id","story","likes_count","comments_count","shares_count"
"996556490372532","Congressman Steve Russell","I was glad to meet with Colonel Charles “Chuck” DeBellevue this morning. In 1972, the Colonel became one of only five Americans to achieve flying ace status during the Vietnam War.","2017-06-23T15:27:00+0000","photo","https://www.facebook.com/reprussell/photos/a.1008697462491768.1073741829.996556490372532/1717712108256963/?type=3","996556490372532_1717712108256963",NA,34,0,2
"996556490372532","Congressman Steve Russell","I recently discussed the status of the American Health Care Act with Justin Dougherty on KWTV - NEWS 9.","2017-06-21T17:17:33+0000","link","http://www.news9.com/story/35702772/russell-says-dems-obstructing-health-bill-progress","996556490372532_1715387328489441",NA,32,55,9
"996556490372532","Congressman Steve Russell","Earlier this week I spoke with KWTV - NEWS 9's Justin Dougherty about my new Waste Watch report.","2017-06-21T14:39:51+0000","link","http://www.news9.com/story/35709465/oklahoma-congressman-calls-school-improvement-grants-wasteful-spending","996556490372532_1715256038502570",NA,25,20,10
"996556490372532","Congressman Steve Russell","Yesterday, The Oklahoman published an op-ed on my new Waste Watch report.","2017-06-20T16:28:30+0000","link","http://newsok.com/wasteful-spending-is-not-a-sign-of-progress/article/5553202","996556490372532_1714242325270608",NA,10,1,1
"996556490372532","Congressman Steve Russell","I spoke with Dave Morris at NewsOK recently about my new Waste Watch report.","2017-06-20T14:12:55+0000","link","https://www.oklahoman.com/multimedia/video/5472536224001","996556490372532_1714115758616598",NA,25,5,3
"996556490372532","Congressman Steve Russell","I was recently on American Family Radio's Washington Watch program speaking with Tony Perkins, President of the Family Research Council. We discussed the military's mandatory transgender sensitivity training.","2017-06-19T16:56:32+0000","link","https://afr.net/afr-talk/washington-watch/2017/june/congressman-steve-russell-congressman-doug-lamborn-mat-staver/","996556490372532_1712938758734298",NA,25,15,1
"996556490372532","Congressman Steve Russell","Last week I was on The Pat Campbell Show on KFAQ to discuss the recent Republican congressional baseball practice shooting and my new Waste Watch report.","2017-06-19T13:04:47+0000","link","http://www.1170kfaq.com/shows/pat-campbell/pat-campbell-podcast/congressman-steve-russel-on-scalise-shooting-waste-watch","996556490372532_1712754045419436",NA,8,1,0
"996556490372532","Congressman Steve Russell","This past Tuesday I was glad to discuss the latest edition of my Waste Watch report with the The Daily Caller's Tim Young on his new show ""No Things Considered."" I told Tim about how it highlights $74 billion in wasted taxpayer dollars.","2017-06-16T15:53:59+0000","video","https://www.facebook.com/reprussell/videos/1708748989153275/","996556490372532_1708748989153275",NA,38,6,10
"996556490372532","Congressman Steve Russell","Congratulations to Randy Utt for receiving the Oklahoma Fifth District Teacher Recognition Award! It was great meeting Randy and her husband Dr. Dale Utt last week.","2017-06-15T17:10:38+0000","photo","https://www.facebook.com/reprussell/photos/a.1008697462491768.1073741829.996556490372532/1707713389256835/?type=3","996556490372532_1707713389256835",NA,38,3,0
"996556490372532","Congressman Steve Russell","We pray for Congressman Steve Scalise and others injured this morning. My staff and I are safe. I am grateful for the Capitol Police and their bravery. Pray for national unity.","2017-06-14T14:44:28+0000","status",NA,"996556490372532_1706419239386250",NA,144,22,7
"996556490372532","Congressman Steve Russell","Yesterday I discussed increasing the defense budget with U.S. Secretary of Defense James Mattis at a House Armed Services Committee hearing.","2017-06-13T18:50:34+0000","video","https://www.youtube.com/watch?v=Mjpz-tUUCk4","996556490372532_1705439899484184",NA,27,9,4
"996556490372532","Congressman Steve Russell","KOCO 5 News covered Waste Watch No. 7 yesterday.","2017-06-13T14:05:12+0000","link","http://www.koco.com/article/steve-russell-s-latest-report-details-wasteful-government-spending/10014101","996556490372532_1705175239510650",NA,16,5,1
"996556490372532","Congressman Steve Russell","Today, I released the latest edition of my Waste Watch series. Waste Watch No. 7 is the Education Edition, identifying 10 examples of wasteful government spending and programs in education that wasted $74 billion in taxpayer dollars.  In the Education Edition, I highlight how $55.7 billion in “indirect costs” has been included in National Science Foundation grants awarded to higher education institutions since 2011. Indirect costs are what grant recipients charge the government to accept government money. Other examples include how Harvard researchers were awarded a $3 million National Institutes of Health grant to study if people were able to smell an unpleasant odor in their urine after eating asparagus; and the U. S. Department of Agriculture has awarded $4.9 million a year since 2014 for an initiative that attempted to promote healthy eating choices by having students on college campuses dress up as fruits and vegetables.  I have already introduced, or will be introducing, multiple bills to address many of the items listed in this edition. It is not enough to point out the problems. We must work together to fix them so that we can make our nation stronger. Education is vital to our children and our future.  I have introduced nine cost cutting bills this Congress, which if enacted would save the taxpayer $17.5 billion. My legislation has saved $4 billion thus far, and all seven editions of Waste Watch highlight a total of more than $300 billion in wasteful government spending.","2017-06-12T13:58:01+0000","link","https://russell.house.gov/waste-watch","996556490372532_1704056856289155",NA,37,10,14
"996556490372532","Congressman Steve Russell","73 years ago today, thousands of our troops stormed the beaches of Normandy. We are forever grateful for the courage shown that day.","2017-06-06T17:25:45+0000","photo","https://www.facebook.com/reprussell/photos/a.1008697462491768.1073741829.996556490372532/1697108373650670/?type=3","996556490372532_1697108373650670",NA,16,2,7
"996556490372532","Congressman Steve Russell","I was recently interviewed on the Veterans Leadership Blog Podcast. Listen here:","2017-06-06T17:03:52+0000","link","https://www.patreon.com/posts/11554011","996556490372532_1697088916985949",NA,23,0,2
"996556490372532","Congressman Steve Russell","Last week I was on American Family Radio's Washington Watch program speaking with Tony Perkins, President of the Family Research Council. We discussed the attack on Coptic Christians and the fight against ISIS.","2017-06-05T19:42:26+0000","link","https://afr.net/afr-talk/washington-watch/2017/may/cong-steve-russell-dr-graham-allison-tom-gilson/","996556490372532_1696055713755936",NA,17,5,1
"996556490372532","Congressman Steve Russell","I discussed my Federal Register bill on Federal News Radio recently. If enacted, my bill would reduce government spending by $1 million annually.","2017-06-05T16:41:25+0000","link","https://federalnewsradio.com/federal-drive/2017/06/rep-steve-russell/","996556490372532_1695872777107563",NA,62,9,3
"996556490372532","Congressman Steve Russell","No one who enjoys the benefits of freedom can forget the sacrifices made to preserve them. Nor should we forget that it isn’t a matter of where our liberty comes from, but who. Memorial Day honors those who gave their lives to protect our country. Please take a moment and join me in paying respects to those who fell in the cause of freedom. Reflect on their supreme sacrifice, lift up their loved ones in your prayers, and remember this great truth: blessed are the peacemakers, for they shall be called the children of God.","2017-05-29T17:00:00+0000","video","https://www.youtube.com/watch?v=1K5nB8eoU5c&t=2s","996556490372532_1684924554869052",NA,86,19,26
"996556490372532","Congressman Steve Russell","Yesterday, I introduced two more cost cutting bills: the Stop Taxpayer-Funded Alcohol Marketing Act and the End Subsidies for Tobacco Act.  The Stop Taxpayer-Funded Alcohol Marketing Act would eliminate the authority of the Secretary of Agriculture to award grants to support the development, production, or marketing of alcoholic beverages. It would also rescind additional funds that have been made available for these grants.  The End Subsidies for Tobacco Act would eliminate crop insurance subsidies for tobacco. This bill does not prohibit tobacco farmers from purchasing crop insurance- it simply stops government subsidies from funding crop insurance for tobacco.  Together these bills would cut tens of millions of dollars in federal spending. I’ve now introduced nine cost cutting bills this Congress, which if enacted would save the taxpayer $17.5 billion. My legislation has saved $4 billion thus far.","2017-05-26T16:43:19+0000","status",NA,"996556490372532_1684877881540386",NA,53,7,1
"996556490372532","Congressman Steve Russell","Yesterday I attended a wreath laying ceremony at the Tomb of the Unknowns at Arlington National Cemetery in honor of Memorial Day.  It was great to see Colonel Jason Garkey, now Regimental Commander of The Old Guard. He and I served together in the 1st Infantry Division.","2017-05-25T20:38:18+0000","photo","https://www.facebook.com/reprussell/photos/a.1008697462491768.1073741829.996556490372532/1684059634955544/?type=3","996556490372532_1684062744955233","Congressman Steve Russell added 2 new photos.",97,9,4
"996556490372532","Congressman Steve Russell","Discussed the Manchester terror attack and the Russia investigation on CNN yesterday.","2017-05-24T17:15:38+0000","video","http://snpy.tv/2qN2g2d","996556490372532_1682942218400619",NA,29,14,2
"996556490372532","Congressman Steve Russell","Happy Birthday Tinker Air Force Base! I had the opportunity to celebrate Tinker's 75th Anniversary with the men and women of the United States Air Force over the weekend. The U.S. Air Force Thunderbirds put on quite a show!","2017-05-23T19:28:44+0000","photo","https://www.facebook.com/reprussell/photos/a.1008697462491768.1073741829.996556490372532/1682034535158054/?type=3","996556490372532_1682034535158054",NA,87,3,4
"996556490372532","Congressman Steve Russell","Earlier this week, two of the seven cost cutting bills I have introduced this Congress, the Federal Register Printing Savings Act of 2017 and the Federal Agency Mail Management Act of 2017, both passed the House by voice vote. I spoke on the House Floor about how they will save taxpayer money.  https://www.youtube.com/watch?v=Z74eX45KgEk https://www.youtube.com/watch?v=hQ0svOeNzYA&t=85s","2017-05-19T19:42:41+0000","video","https://www.youtube.com/watch?v=Z74eX45KgEk","996556490372532_1678107215550786",NA,38,13,3
"996556490372532","Congressman Steve Russell","In 1962, President Kennedy proclaimed May 15 as National Peace Officers Memorial Day and the calendar week in which May 15 falls, as National Police Week.  National Police Week pays special recognition to those law enforcement officers who have lost their lives in the line of duty for the safety and protection of others. Take a moment to remember our officers, past and present, who give us their all everyday.","2017-05-15T19:08:54+0000","photo","https://www.facebook.com/reprussell/photos/a.1008697462491768.1073741829.996556490372532/1674106922617482/?type=3","996556490372532_1674106922617482",NA,29,1,4
"996556490372532","Congressman Steve Russell","I was honored to receive the National Association of Manufacturers' Award for Manufacturing Legislative Excellence on May 9.","2017-05-11T18:55:32+0000","photo","https://www.facebook.com/reprussell/photos/a.1008697462491768.1073741829.996556490372532/1669980783030096/?type=3","996556490372532_1669980783030096",NA,33,7,0
"996556490372532","Congressman Steve Russell","Congratulations to Madison Wingate, the 2017 Oklahoma City Public Schools Teacher of the Year!","2017-05-11T15:58:40+0000","link","http://newsok.com/oklahoma-city-school-district-teacher-of-the-year-announced/article/5548746","996556490372532_1669853403042834",NA,21,2,0
"996556490372532","Congressman Steve Russell","Director Comey has provided this nation a lifetime of dedicated service. The fact that he has angered all sides of the political spectrum speaks to his independent nature as a law enforcer. All things considered, he serves at the pleasure of the president who has the burden and responsibility to restore trust amidst counterproductive volatility. Even so, I think history will judge him kindly.","2017-05-10T20:28:51+0000","status",NA,"996556490372532_1669078103120364",NA,67,51,10
"996556490372532","Congressman Steve Russell","Had another great meeting with Oklahoma City area pastors this morning at Mid-America Christian University. I am thankful for their leadership. Thank you Dr. Eric Joseph for all you do!","2017-05-10T19:42:20+0000","photo","https://www.facebook.com/reprussell/photos/a.1008697462491768.1073741829.996556490372532/1669039596457548/?type=3","996556490372532_1669039596457548",NA,30,10,5
"996556490372532","Congressman Steve Russell","Discussed the Continuing Resolution and North Korea on MSNBC recently.","2017-05-05T17:46:29+0000","video","https://www.youtube.com/watch?v=cX9181LQook","996556490372532_1664015060293335",NA,17,5,3
"996556490372532","Congressman Steve Russell","I was honored to receive The American Conservative Union's Award for Conservative Achievement earlier this week.","2017-05-04T19:49:29+0000","photo","https://www.facebook.com/reprussell/photos/a.1008697462491768.1073741829.996556490372532/1663050773723097/?type=3","996556490372532_1663050773723097",NA,84,63,2
"996556490372532","Congressman Steve Russell","During an Oversight and Government Reform Committee hearing today, I questioned the Chief Information Officer of the IRS on the FAFSA Data Breach.","2017-05-03T22:25:04+0000","video","https://www.youtube.com/watch?v=zv4qiTbxdb0&t=11s","996556490372532_1662071977154310",NA,21,13,0
"996556490372532","Congressman Steve Russell","Congratulations to Robin Mills, the 2017-2018 Edmond teacher of the year!","2017-05-02T19:38:17+0000","link","http://newsok.com/2017-2018-teacher-of-the-year-named-in-edmond/article/5547257","996556490372532_1660863193941855",NA,22,5,2
"996556490372532","Congressman Steve Russell","Happy #SmallBusinessWeek! Be sure to shop local and help fuel America's 29 million small businesses!","2017-05-01T21:28:47+0000","photo","https://www.facebook.com/reprussell/photos/a.1008697462491768.1073741829.996556490372532/1659793117382196/?type=3","996556490372532_1659793117382196",NA,14,1,3
"996556490372532","Congressman Steve Russell","It is National Park Week! While it is always a good time to visit a national park, this upcoming weekend Saturday, April 22 and Sunday, April 23 parks will be fee free.","2017-04-21T13:52:16+0000","photo","https://www.facebook.com/reprussell/photos/a.1008697462491768.1073741829.996556490372532/1648996128461895/?type=3","996556490372532_1648996128461895",NA,11,11,2
"996556490372532","Congressman Steve Russell","Twenty-two years ago today, Oklahomans, and Americans alike, suffered a horrible attack of domestic terrorism. But in as much as it opened our eyes to the evils of the world, it also showed us awe-inspiring heroism and a sense of community as the people of Oklahoma City came together to help one another in their greatest hour of need. We should all take a moment today to reflect on the victims, pray for those we lost and those who suffered as well as their families who carried on with this difficult life-changing event. Let us forever remain vigilant as we protect our homeland, and let us always be there for our fellow man, as Oklahomans were, should such a tragedy fall upon us again.","2017-04-19T19:21:22+0000","photo","https://www.facebook.com/reprussell/photos/a.1008697462491768.1073741829.996556490372532/1647056758655832/?type=3","996556490372532_1647056758655832",NA,55,3,8
"996556490372532","Congressman Steve Russell","Read my op-ed on our military's code of honor that was in USA TODAY recently.","2017-04-17T20:55:37+0000","link","https://www.usatoday.com/story/opinion/2017/04/13/nations-warriors-protect-innocents-opposing-view/100439222/","996556490372532_1644560035572171",NA,54,4,2
"996556490372532","Congressman Steve Russell","I recently discussed last week's airstrike against Syria, health care, and my work in Congress on KFOR-TV's Flash Point.","2017-04-12T18:53:43+0000","link","http://kfor.com/2017/04/09/flash-point-team-talks-united-states-strike-in-syria/","996556490372532_1638243396203835",NA,15,10,0
"996556490372532","Congressman Steve Russell","Listen to my interview on tax reform with Nevada Public Radio, which aired today.","2017-04-10T17:57:23+0000","link","https://knpr.org/knpr/2017-04/las-vegas-stadium-clips-taxpayers-oklahoma-congressman-contends","996556490372532_1635912643103577",NA,14,2,3
"996556490372532","Congressman Steve Russell","Last night I discussed President Trump's airstrike in Syria on Fox 25 KOKH.","2017-04-07T20:22:41+0000","link","http://okcfox.com/news/nation-world/congressman-steve-russell-reacts-to-us-airstrike-against-syrian-government","996556490372532_1632544993440342",NA,37,12,6
"996556490372532","Congressman Steve Russell","In a recent Armed Services Committee hearing, I spoke about security in the Middle East.  https://www.youtube.com/watch?v=ILmOWNjppIc","2017-04-07T16:14:06+0000","photo","https://www.facebook.com/reprussell/photos/a.1008697462491768.1073741829.996556490372532/1632342623460579/?type=3","996556490372532_1632342623460579",NA,21,2,5
"996556490372532","Congressman Steve Russell","Yesterday marked the centennial of America's entry into World War I. World War I remains America’s forgotten war, even though more Americans gave their lives during that war than during Korea and Vietnam combined.  I spoke on the Floor to commemorate the countless Americans, both men and women, who answered the call of duty in that conflict. By the war’s end in 1918, my great grandfather and his three brothers would all serve. My great grandfather’s brother Frank Chamberlain, my great uncle, was killed in action.  We pause to reflect on the service of the many brave Americans who sacrificed so much for our Republic in World War I.  https://www.youtube.com/watch?v=MCJ27z6uvJI https://www.youtube.com/watch?v=K2e6vS2F6vk&t=2s","2017-04-07T16:08:12+0000","photo","https://www.facebook.com/reprussell/photos/a.1008697462491768.1073741829.996556490372532/1632337226794452/?type=3","996556490372532_1632337226794452",NA,24,0,2
"996556490372532","Congressman Steve Russell","I visited the High Noon Club last Friday to discuss the Congressional Review Act, Planned Parenthood, and health care. Watch here:","2017-04-03T17:26:13+0000","video","https://www.facebook.com/HighNoonClub/videos/1620391384655684/","996556490372532_1627450180616490","Congressman Steve Russell shared High Noon Club's live video.",15,7,0
"996556490372532","Congressman Steve Russell","My op-ed on tax reform was published in today's Wall Street Journal. Read it here: https://www.wsj.com/articles/the-oakland-raiders-sack-the-taxpayers-1490828542","2017-03-30T19:24:22+0000","photo","https://www.facebook.com/reprussell/photos/a.1008697462491768.1073741829.996556490372532/1623084584386383/?type=3","996556490372532_1623084584386383",NA,58,13,31
"996556490372532","Congressman Steve Russell","Exactly 44 years ago on March 29, 1973, the last remaining American troops withdrew from Vietnam.  Yesterday, President Trump signed the Vietnam War Veterans Recognition Act (S. 305), officially designating March 29 as National Vietnam War Veterans Day.  Thank you to our Vietnam veterans!","2017-03-29T18:44:03+0000","photo","https://www.facebook.com/reprussell/photos/a.1008697462491768.1073741829.996556490372532/1622094597818715/?type=3","996556490372532_1622094597818715",NA,49,2,6
"996556490372532","Congressman Steve Russell","Spoke with BBC about the AHCA yesterday.","2017-03-24T17:43:04+0000","video","https://www.facebook.com/reprussell/videos/1616622771699231/","996556490372532_1616622771699231",NA,27,28,1
"996556490372532","Congressman Steve Russell","I discussed the American Health Care Act on C-SPAN today.","2017-03-23T21:14:58+0000","link","https://www.c-span.org/video/?425834-101%2Frepresentative-steve-russell-discusses-gop-health-care-bill","996556490372532_1615709965123845",NA,41,125,7
"996556490372532","Congressman Steve Russell","Read my op-ed that was in The Oklahoman yesterday.","2017-03-23T21:03:00+0000","link","http://newsok.com/rep.-steve-russell-its-time-to-fight-for-the-rights-of-the-unborn-and-win/article/5542559?custom_click=rss","996556490372532_1615697978458377",NA,48,34,5
"996556490372532","Congressman Steve Russell","Last Friday, I introduced H.R. 1623, a bill to repeal the Advanced Technology Vehicles Manufacturing Incentive Program (ATVM). The ATVM is a $25 billion loan program, created in 2007 with the Energy Independence and Security Act, to assist car manufacturers in producing more fuel-efficient passenger vehicles. Of the $25 billion appropriated, $16.6 billion is left in the fund, and the last completed loan was issued in March 2011. In a Government Accountability Office (GAO) report from March 2013, it was noted that participation in the ATVM program projects higher costs than benefits for these manufacturers. President Trump’s recently proposed budget would eliminate the program. I introduced this bill last Congress.  I released the following statement about ATVM: “I find it amazing how much money is wasted on unnecessary programs within the federal government. Here we have a fund that has gone completely unused for years, yet $16.6 billion remains tied up for a program that the GAO reports is more costly than it is beneficial to its participants. With no current end date on the books, it is time to eliminate ATVM and return the money to the Treasury.”  H.R. 1623 is the fourth cost cutting bill I've introduced in 2017, following the Federal Agency Mail Management Act of 2017, the Federal Register Printing Savings Act of 2017, and the No Tax Subsidies for Stadiums Act.  I've continued to highlight government waste in my Waste Watch series. You can view all six editions here:  https://russell.house.gov/waste-watch","2017-03-21T17:10:17+0000","status",NA,"996556490372532_1613062605388581",NA,55,6,6
"996556490372532","Congressman Steve Russell","Talked healthcare on MSNBC over the weekend.","2017-03-16T21:05:27+0000","video","http://www.snappytv.com/tc/4210431","996556490372532_1607999779228197",NA,17,20,5
"996556490372532","Congressman Steve Russell","I recently spoke out against a bill that would legalize murder-suicide pacts. In a speech during an Oversight and Government Reform Committee hearing on the so-called Death with Dignity Act, I made the case for life.","2017-03-10T15:50:50+0000","video","https://www.youtube.com/watch?v=K6X8TYNQ-0c","996556490372532_1600978779930297",NA,19,18,2
"996556490372532","Congressman Steve Russell","During an Oversight and Government Reform Committee hearing yesterday, I questioned the Acting Director of the ATF on Fast and Furious.","2017-03-10T15:45:51+0000","video","https://www.youtube.com/watch?v=C2n06Rukezo","996556490372532_1600975599930615",NA,22,2,3
"996556490372532","Congressman Steve Russell","""A serpent may bite when it is not charmed; The babbler is no different. The words of a wise man's mouth are gracious, but the lips of a fool shall swallow him up; The words of his mouth begin with foolishness, and the end of his talk is raving madness."" Ecclesiastes 10:11-13  RULES OF THIS PAGE: 1) This page is not your personal punching bag to denigrate and level hateful speech or attacks on me, my family or any other human being. This page is a forum for respectful dialogue.  2) Foul or hateful language will not be tolerated.  3) Express your thoughts and concerns with civility.","2017-03-09T20:09:36+0000","status",NA,"996556490372532_1599791726715669",NA,100,42,13
"996556490372532","Congressman Steve Russell","Spoke with Dave Morris at NewsOK recently about health care, the President's new executive order, defense spending, and my trip to Japan.  http://newsok.com/multimedia/video/5349640045001#gsc.tab=0","2017-03-09T18:09:48+0000","video","http://newsok.com/multimedia/video/5349640045001#gsc.tab=0","996556490372532_1599685686726273",NA,9,3,2
"996556490372532","Congressman Steve Russell","I released the following statement yesterday on the passing of renowned Oklahoma journalist and political commentator Mike McCarville:  ""I have known Mike since my teenage years. He was a man who made an impact on everyone who knew him and he provided inestimable service to keeping Oklahomans informed on the most thorny or pressing issues. We are all better people because of Mike McCarville and we will miss him dearly.""","2017-03-09T14:03:49+0000","status",NA,"996556490372532_1599441286750713",NA,20,2,1
"996556490372532","Congressman Steve Russell","This Friday at 6 pm CST, I will be holding a public town-hall meeting in Shawnee at the Citizen Potawatomi Nation Cultural Heritage Center. I am looking forward to a good discussion.  Friday, March 3rd  6 pm Citizen Potawatomi Nation Cultural Heritage Center 1899 S Gordon Cooper Dr.  Shawnee, OK 74801","2017-02-27T19:31:39+0000","status",NA,"996556490372532_1587526844608824",NA,61,36,37
"996556490372532","Congressman Steve Russell","It was an honor to meet with Prime Minister Shinzo Abe. We had very good discussions about a wide variety of issues on security and trade. I thanked him for his investment in US natural gas exports to Japan that just started last year. I was also able to meet with the Economic and Trade Minister Hiroshige Seko, as well as former members of the military and the President of the National Defense Academy.","2017-02-21T16:40:32+0000","photo","https://www.facebook.com/reprussell/photos/a.1008697462491768.1073741829.996556490372532/1579965818698260/?type=3","996556490372532_1579966685364840","Congressman Steve Russell added 2 new photos.",67,11,2
"996556490372532","Congressman Steve Russell","I congratulate Scott Pruitt on his confirmation to lead the EPA. I can’t think of a better person for the job. Administrator Scott Pruitt is a leader with tremendous knowledge and appreciation for the Constitution, as well as a great understanding of the role federal regulations play on our government and its people. With his knowledge and experience working with environmental and regulatory issues, I have the utmost confidence that Administrator Pruitt will not burden America’s businesses with unnecessary regulations, and he will certainly return the EPA back to an agency that seeks to improve our environment without harming our economy.","2017-02-17T21:21:03+0000","status",NA,"996556490372532_1574893062538869",NA,78,32,5
"996556490372532","Congressman Steve Russell","Will be on Kilmeade & Friends at 11:20 EST.","2017-02-17T15:20:51+0000","video","https://www.facebook.com/Kilmeade/videos/10154427983932711/","996556490372532_1574465282581647","Congressman Steve Russell shared Brian Kilmeade's live video.",9,3,0
"996556490372532","Congressman Steve Russell","Spoke with Chuck Todd on MSNBC about Michael Flynn's resignation and moving forward as a country.","2017-02-15T17:41:19+0000","video","https://www.facebook.com/reprussell/videos/1571572729537569/","996556490372532_1571572729537569",NA,34,18,8
"996556490372532","Congressman Steve Russell","The House Oversight Committee voted 22-14 to send HJ Res 27, disapproving of DC's Death with Dignity Act, to the House floor. No matter how frayed the fabric of our conscience, we must hold it together to stand against this civilized, organized effort of barbarity veneered as consent, dignity and duly passed law.","2017-02-14T15:07:11+0000","video","https://www.facebook.com/reprussell/videos/1570465059648336/","996556490372532_1570465059648336",NA,53,11,18
"996556490372532","Congressman Steve Russell","Spoke with Stephanie Ruhle this morning on MSNBC about President Donald J. Trump's executive orders and the rule of law.","2017-02-07T15:22:51+0000","video","http://www.msnbc.com/stephanie-ruhle/watch/rep-terror-organizations-don-t-care-about-immigration-ban-871696451548","996556490372532_1563378233690352",NA,42,14,11
"996556490372532","Congressman Steve Russell","Joined by 15 bipartisan Members of Congress, all military veterans, we have asked President Donald J. Trump for special exemption consideration for refugees who have risked their lives and livelihoods for the United States, as well as children who have been harmed through the atrocities of war, and are in need of special life-saving care that only the United States can give.","2017-02-03T14:54:37+0000","link","https://russell.house.gov/sites/russell.house.gov/files/20170201-Ltr%20to%20POTUS%20RE%20Immigration%20EO.pdf","996556490372532_1558625934165582",NA,157,14,43
"996556490372532","Congressman Steve Russell","What an honor to meet Jim Downing on Capitol Hill. Jim was a sailor that came to know Christ by attending a bible study for sailors in the gun turret of the battleship West Virginia in 1935. The bible study was led by Dawson Trotman, who founded the Navigators. Jim was Navigator number 6!  Jim continued to be stationed on the USS West Virginia and was with it at Pearl Harbor when it took 9 torpedoes in the Japanese attack on December 7th, 1941.  A remarkable man, Jim later became an officer and captained the USS Patapsco and was present at the hydrogen bomb test! He retired after serving 24 years with the US Navy in 1956! Today Jim is clear as a bell at 103. May God continue to bless him with long life.","2017-02-02T17:21:00+0000","photo","https://www.facebook.com/reprussell/photos/a.1008697462491768.1073741829.996556490372532/1557614157600093/?type=3","996556490372532_1557616147599894","Congressman Steve Russell added 2 new photos.",24,3,2
"996556490372532","Congressman Steve Russell","My office is now accepting nominations for the 2017 Oklahoma’s 5th District Teacher Recognition Awards for elementary, middle school and high school teachers. We are also accepting submissions for the Congressional Art Competition. This year's theme is America the Beautiful. Visit my website for more details.","2017-02-01T15:18:19+0000","link","https://russell.house.gov/","996556490372532_1556141674414008",NA,25,5,15
"996556490372532","Congressman Steve Russell",NA,"2017-01-31T14:48:22+0000","link","http://okcfox.com/news/local/representative-russell-asks-president-for-exemptions-to-travel-ban-executive-order","996556490372532_1554769754551200","Congressman Steve Russell shared a link.",79,19,30
"996556490372532","Congressman Steve Russell","I am so proud to join Vice President Mike Pence along with Senator James Lankford, Rep. Mia B. Love, Congressman Brian Mast , Rep. Mike Bost and the hundreds of thousands of Americans to represent the unborn. In the words of the Vice President, ""Life is winning!""","2017-01-27T19:04:43+0000","photo","https://www.facebook.com/reprussell/photos/a.1008697462491768.1073741829.996556490372532/1549162291778613/?type=3","996556490372532_1549165991778243","Congressman Steve Russell added 4 new photos.",94,11,12
"996556490372532","Congressman Steve Russell","Fittingly, as it is National School Choice Week, I am excited to recognize the Academy of Seminole. The Academy of Seminole just received its charter with a unanimous vote from the state board of education. When the school opens it will be the only rural charter school in the state of Oklahoma. I want to thank the hard work of Paul Campbell and other business and community leaders who supported this. Because of them, families in and around Seminole will have one more education option.","2017-01-27T14:45:20+0000","link","http://kfor.com/2017/01/26/oklahoma-state-board-of-education-votes-to-sponsor-seminole-charter-school/","996556490372532_1548905488470960",NA,24,1,5
"996556490372532","Congressman Steve Russell","Some key remarks by the Vice President:  ""This president and this Congress are in the promise keeping business."" ""I leave you with this challenge and admonition, ""If my people, who are called by My name, will seek My face, humble themselves, and turn from their wicked ways....I will heal their land.""","2017-01-26T21:38:00+0000","photo","https://www.facebook.com/reprussell/photos/a.1008697462491768.1073741829.996556490372532/1547783211916521/?type=3","996556490372532_1547783211916521",NA,27,2,2
"996556490372532","Congressman Steve Russell","Highlights of President's remarks to us today: - Executive orders for XL pipeline and other pipelines with American made steel and pipe. - Executive order for No foreign aid that supports abortion - Withdrawing from TPP. Trade Agreements will be bilateral and fair or not at all. - Alien criminals that have harmed Americans will be deported. Border fence will be built. - Meeting with President of Mexico will be postponed until we can agree on a mutual agenda. NAFTA will need a renegotiation - It is time to fight for our own citizens - We will repeal Obamacare and put it healthcare back to the American people. - We will return ""Made in the USA"" to our manufacturers - The world's best country should have the world's best infrastructure. - we will rebuild our military and law enforcement - We will address crime- in the top 30 cities it is the worst - We will use our energy- including our oil, gas and coal. - We will protect our farmers and ranchers - We will stand against radical islamic terrorism - We will ensure our balloting process is honest and the votes at the ballot box - We have a moral obligation to the American people as leaders and together we can make America great again.","2017-01-26T21:15:15+0000","photo","https://www.facebook.com/reprussell/photos/a.1008697462491768.1073741829.996556490372532/1547772758584233/?type=3","996556490372532_1547773035250872","Congressman Steve Russell added 2 new photos.",41,12,7
"996556490372532","Congressman Steve Russell","The Hyde Amendment prohibits taxpayer dollars from funding abortions, and has been routinely passed each year by both Republican and Democrat controlled Congresses since 1976. Passing HR 7 just makes it permanent.   We can carve up a child and call it a choice. We can destroy human life and call it healthcare. We can make the killing of children legal and pretend it is beneficial. We can cover acts of barbarity with the veneer of civility. But we cannot escape our accountability before the creator of life.","2017-01-24T22:59:10+0000","video","https://www.facebook.com/reprussell/videos/1544968722197970/","996556490372532_1544968722197970",NA,127,40,28
"996556490372532","Congressman Steve Russell","Great article by Hollie McKay at Fox News about helping children who were bombed in Syria get a new lease on life. We have to be a nation that opens its doors to the most vulnerable, and those in need. We haven't been able to help everybody, but we can still set an example. These children are not threats to the national security of the United States, but they do deserve life.","2017-01-24T15:54:19+0000","link","http://www.foxnews.com/world/2017/01/23/texas-hospital-gives-firebombed-syrian-children-second-chance-at-life.html","996556490372532_1544431268918382",NA,33,4,8
"996556490372532","Congressman Steve Russell","An incredible Day. Never have I seen so many normal people in Washington. Never thought I would have the honor to be here on the capitol steps during a presidential inauguration. Pray for President Trump and our country.","2017-01-20T18:49:11+0000","photo","https://www.facebook.com/reprussell/photos/a.1008697462491768.1073741829.996556490372532/1539507969410712/?type=3","996556490372532_1539508366077339","Congressman Steve Russell added 4 new photos.",120,27,14
"996556490372532","Congressman Steve Russell","In case you missed it, here is a lengthy conversation with NewsOK's Rick Green. We talked about adjusting to President-elect Donald J. Trump's transition to the White House, and how his approach to Russia could be seen as similar to President Obama's approach to Iran, the need to confirm General Mattis as Secretary of Defense for the sake of our national security, as well as some of the successes in Congress in regulation reform that will bolster small businesses and our economy.","2017-01-18T15:34:34+0000","video","http://newsok.com/multimedia/video/5284311195001?embeddedLinkType=video#gsc.tab=0","996556490372532_1537269859634523",NA,15,1,3
"996556490372532","Congressman Steve Russell","Frank Lucas, Congressman Tom Cole, Congressman Jim Bridenstine, Congressman Markwayne Mullin, and I have heard from our constituents that the 'Un-Affordable Care Act' does not work for the people of Oklahoma.","2017-01-17T17:45:46+0000","link","http://www.tulsaworld.com/opinion/othervoices/oklahoma-s-congressional-delegation-obamacare-fails-oklahoma/article_a64d60f8-de80-5ee8-9db7-d639af770d9c.html","996556490372532_1536384686389707",NA,33,19,1
"996556490372532","Congressman Steve Russell","Since I first studied him in my public speaking classes in college, Dr. Martin Luther King has always been one of my heroes. As powerful as an orator as he was, he was an even greater example of Christian faith in action.   ‘At times we may feel that we do not need God, but on the day when the storms of disappointment rage, the winds of disaster blow, and the tidal waves of grief beat against our lives, if we do not have a deep and patient faith, our emotional lives will be ripped to shreds. There is so much frustration in the world because we have relied on gods rather than God. We have genuflected before the god of science only to find that it has given us the atomic bomb, producing fears and anxieties that science can never mitigate. We have worshiped the god of pleasure only to discover that thrills play out and sensations are short-lived. We have bowed before the god of money only to learn that there are such things as love and friendship that money cannot buy and that in a world of possible depressions, stock market crashes, and bad business investments, money is a rather uncertain deity. These transitory gods are not able to save us or bring happiness to the human heart. Only God is able. It is faith in him that we must rediscover. With this faith we can transform bleak and desolate valleys into sunlit paths of joy and bring new light into the dark caverns of pessimism.’  (Dr. Martin Luther King - Strength to Love, p. 51)  As we remember Dr. King today, let us be bold enough to take up his challenge.","2017-01-16T15:38:40+0000","photo","https://www.facebook.com/reprussell/photos/a.1008697462491768.1073741829.996556490372532/1535260389835470/?type=3","996556490372532_1535260389835470",NA,68,11,30
"996556490372532","Congressman Steve Russell","General Mattis is a warrior. He will put the United States above all other concerns, and will uphold and defend the Constitution. He will do it with humility, distinction, honor and continued selfless service. He needs to be waivered and confirmed immediately for the good of our warriors, who serve and defend us at night, and for the good of our country.","2017-01-12T21:41:02+0000","video","https://www.facebook.com/reprussell/videos/1531406463554196/","996556490372532_1531406463554196",NA,256,29,220
"996556490372532","Congressman Steve Russell","It is always a pleasure to talk with Larry King. We spoke about President Elect Donald J. Trump's nominees and their confirmation hearings, the need to repeal and replace the 'Un-Affordable Care Act,' as well as the billions of wasted spending in Waste Watch No. 6. I am optimistic we will have a President who is focused on the economy, and cabinet members who are focused on our national security.","2017-01-11T18:53:33+0000","video","https://www.facebook.com/reprussell/videos/1529834243711418/","996556490372532_1529834243711418",NA,33,6,6
"996556490372532","Congressman Steve Russell","Our officers in law enforcement need our prayers and gratitude everyday, but especially today on Law Enforcement Appreciation Day. If you see any of our fine men and women in blue, please thank them for what they do.   #SupportBlue #TaketheLEAD2017 #ThankACop #lawenforcementappreciationday","2017-01-09T21:49:08+0000","photo","https://www.facebook.com/reprussell/photos/a.1008697462491768.1073741829.996556490372532/1528251550536354/?type=3","996556490372532_1528251550536354",NA,29,5,6
"996556490372532","Congressman Steve Russell","I am severely disappointed that the President would once again jeopardize the safety of the American people by releasing four more terrorist detainees who were held at Guantanamo by executive action. The best way to determine the innocence or guilt of these detainees is through military tribunals and the court system that is already in place. The executive action of releasing detainees has created uncertainty, resulted in detainees continuing to commit terrorist acts upon release, and could put American and other lives in danger. The military justice system is fair and just, and it should be the system chosen to clear the final detainees held at Guantanamo.","2017-01-05T23:01:46+0000","link","https://www.defense.gov/News/Press-Advisories/Press-Advisory-View/Article/1042846/detainee-transfers-announced","996556490372532_1524673400894169",NA,45,23,22
"996556490372532","Congressman Steve Russell","I spoke with KOCO 5 News about what to expect in the next three months. First up, of course, is ending the suffering coming from the Un-Affordable Care Act.","2017-01-04T22:54:48+0000","link","http://www.koco.com/article/rep-steve-russell-speaks-to-koco-5-as-congress-convenes/8562754","996556490372532_1523735467654629",NA,44,11,2
"996556490372532","Congressman Steve Russell","As we begin the 115th Congress, I am introducing two pieces of legislation that help to accomplish my mission of reining in wasteful government spending and making the government more efficient. We must be good stewards of taxpayer dollars, and must ensure the federal government works smarter. The Federal Register Printing Savings Act and the Federal Agency Mail Management Act are a step in the right direction.","2017-01-03T22:26:02+0000","photo","https://www.facebook.com/reprussell/photos/a.1008697462491768.1073741829.996556490372532/1522726274422215/?type=3","996556490372532_1522726274422215",NA,37,8,6
