"from_id","from_name","message","created_time","type","link","id","story","likes_count","comments_count","shares_count"
"1406085866071068","Rep. Jamie Raskin","The new Senate health care bill cooked up behind closed doors doesn't stack up to the ACA.","2017-06-23T20:47:51+0000","video","https://www.facebook.com/RepRaskin/videos/1597427466936906/","1406085866071068_1597427466936906",NA,179,14,28
"1406085866071068","Rep. Jamie Raskin","Emoluments Q&A","2017-06-20T21:23:55+0000","video","https://www.facebook.com/RepRaskin/videos/1594464463899873/","1406085866071068_1594464463899873","Rep. Jamie Raskin was live.",172,47,44
"1406085866071068","Rep. Jamie Raskin","Delighted to meet Sara and her spectacularly precocious daughter Maddy for an impromptu book exchange. A strong environmentalist, Maddy gave me an inscribed copy of Dr. Seuss' ""The Lorax"" and I gave her a copy of the book I wrote for young people about the Constitution called ""We the Students."" Young America gives me hope every day!","2017-06-20T17:48:51+0000","photo","https://www.facebook.com/RepRaskin/photos/a.1432752886737699.1073741832.1406085866071068/1594207920592194/?type=3","1406085866071068_1594303590582627","Rep. Jamie Raskin added 3 new photos.",270,4,27
"1406085866071068","Rep. Jamie Raskin","‪Delighted to host Warrior Canine Connection service pups on the Hill today. Tune in to our puppy cam live stream!","2017-06-19T16:18:18+0000","link","https://www.pscp.tv/w/bBaeCDFwempNdkJPbXhCRWR8MXlvSk1Cenpxcll4UUkhPqQZXUtWYdxJTEOICjoq_fk-LNxjUVbheQ1VgfsY","1406085866071068_1593167630696223",NA,97,3,10
"1406085866071068","Rep. Jamie Raskin","ICYMI: Joined Maryland's Congressional delegation calling on Gov. Hogan to stand with Governors across America taking strong climate action after Trump's disastrous withdrawal from the Paris Agreement. This is no time for environmental isolationism or political equivocation. The world is seeing record heat, record drought, record sea rise. With or without the President, we must act on climate.","2017-06-18T20:14:38+0000","link","https://www.washingtonpost.com/local/md-politics/hogan-pressed-to-reject-trumps-climate-policies-as-he-prepares-for-trip-to-europe/2017/06/16/57fbe3b2-52a3-11e7-91eb-9611861a988f_story.html?wpisrc=nl_localheads-draw6&wpmm=1","1406085866071068_1592351460777840",NA,265,13,11
"1406085866071068","Rep. Jamie Raskin","Terribly sad to learn of the sudden loss of Frederick County Fire/Rescue Captain Andrew Pryce. Our thoughts and prayers go out to his family, friends, union brothers and sisters at the Department and all those Captain Pryce touched in his 19 years of devoted service. Only 42 years old and the father of two young children, Captain Pryce's death is a devastating blow to many people in our community.","2017-06-18T01:16:16+0000","photo","https://www.facebook.com/fredericklocal3666/photos/a.826563330742586.1073741832.816104748455111/1459510060781240/?type=3","1406085866071068_1591572427522410","Rep. Jamie Raskin shared Career Firefighters Association of Frederick County, MD Local 3666's post.",7,3,0
"1406085866071068","Rep. Jamie Raskin","The past few days have been sobering and solemn on Capitol Hill. Our prayers and thoughts are with Congressman Steve Scalise and his family. Our gratitude runs deep for the Capitol Hill Police officers who saved lives: David Bailey and Crystal Griner (who is a Maryland native and graduate of Hood College). Last night, a record 24,959 people came to the Congressional Baseball Game to cheer for Rep. Scalise and to participate in a renewed commitment to the deep bonds of national affection that precede and survive any policy conflict, no matter how sharp and emotional. There was a beautiful spirit of unity and solidarity at Nationals Park. It was wonderful to see Democrats and Republicans, Members and staff all rooting for Team Scalise. Let us work to create an America undivided by hatred, scapegoating and gun violence, which is what I hoped for in my appearance yesterday on C-SPAN Washington Journal.","2017-06-16T21:11:47+0000","video","https://www.facebook.com/RepRaskin/videos/1590227254323594/","1406085866071068_1590227254323594",NA,103,3,6
"1406085866071068","Rep. Jamie Raskin","Congressman Gerry Connolly and I led more than 100 House Democrats in opposing Trump's plan to gut pensions and and pay for federal workers. After dedicating their careers to public service, federal employees and retirees deserve much better from us. We oppose any effort to balance the budget on the backs of public servants. Read our letter: http://bit.ly/2trITKG.","2017-06-15T19:43:04+0000","photo","https://www.facebook.com/RepRaskin/photos/a.1417935358219452.1073741830.1406085866071068/1588915737788079/?type=3","1406085866071068_1588919384454381","Rep. Jamie Raskin added 10 new photos.",290,32,37
"1406085866071068","Rep. Jamie Raskin","One year ago, we lost 49 members of the LGBT and Hispanic community at the Pulse Nightclub shooting in Orlando, FL. We mourn and fight for equality in their memory. Today, we are all Orlando United.","2017-06-12T20:44:49+0000","video","https://www.facebook.com/RepRaskin/videos/1585067928172860/","1406085866071068_1585067928172860",NA,123,3,10
"1406085866071068","Rep. Jamie Raskin","Not all heroes wear capes, but this one does! Delighted to meet Nigel, an 11-week old service dog-in-training. Doggone proud to be a cosponsor of the bipartisan PAWS Act (Puppies Assisting Wounded Servicemembers Act), which would direct the Secretary of the Department of Veterans Affairs to make grants available to provide service dogs to vets with PTSD and other needs. http://bit.ly/2rdRFu2","2017-06-09T15:10:12+0000","photo","https://www.facebook.com/RepRaskin/photos/a.1417935358219452.1073741830.1406085866071068/1581394775206842/?type=3","1406085866071068_1581397375206582","Rep. Jamie Raskin added 5 new photos.",228,7,14
"1406085866071068","Rep. Jamie Raskin","Congratulations to Class of 2017 graduates across Maryland and beyond! Honored beyond measure to join Montgomery Blair High School Blazers, parents, and teachers to celebrate and speak at commencement. ""What we achieve inwardly will change outer reality.” -Plutarch","2017-06-07T19:38:42+0000","link","https://medium.com/@RepRaskin/commencement-address-of-rep-raskin-494849a0be52","1406085866071068_1579248168754836",NA,223,13,41
"1406085866071068","Rep. Jamie Raskin","I often hear horror stories about crushing student loan debt and loan scams--there's more student loan debt in America than credit card debt. Calling on Betsy DeVos to lead the U.S. Department of Education in efforts to protect our students from predatory financial scams.","2017-06-06T18:28:58+0000","video","https://www.facebook.com/RepRaskin/videos/1577793855566934/","1406085866071068_1577793855566934",NA,139,18,11
"1406085866071068","Rep. Jamie Raskin","Joined some great constituents at The Main Cup in Middletown for the inaugural meeting of our ""Coffee With Your Congressman"" series that we will be hosting throughout the District. Delighted to engage in discussion about serious issues affecting our community, from health care to climate change to infrastructure to threats to (NIH) and (NOAA). Thanks to all who joined—we had a great conversation and we’re always looking for new ways to meet constituents!","2017-06-05T21:21:41+0000","photo","https://www.facebook.com/RepRaskin/photos/a.1432752886737699.1073741832.1406085866071068/1576796865666633/?type=3","1406085866071068_1576799865666333","Rep. Jamie Raskin added 4 new photos.",146,20,8
"1406085866071068","Rep. Jamie Raskin","This Pride Month, we honor LGBT Americans whose courage and patriotism have transformed America. I’m a proud member of the Congressional LGBT Equality Caucus and remain an unshakeable ally of the LGBT community, which has struggled against pervasive legal and social discrimination and continues to fight for equal rights in the workplace and in every domain of social life.","2017-06-04T15:04:00+0000","link","https://raskin.house.gov/media/press-releases/rep-raskin-statement-pride-month","1406085866071068_1573545005991819",NA,251,16,20
"1406085866071068","Rep. Jamie Raskin","This National Gun Violence Awareness Day, we wear orange in solidarity with all pushing to reduce gun violence. It claims 90+ American lives daily. As a member of the House Gun Violence Prevention Task Force, I'm pushing for commonsense reforms to curb gun violence.","2017-06-02T19:42:12+0000","link","https://www.instagram.com/p/BU2Qev-FM8Y/?taken-by=repraskin","1406085866071068_1573484249331228",NA,98,2,2
"1406085866071068","Rep. Jamie Raskin","Last month, we demanded the FBI revoke Jared Kushner's security clearance for omitting his meetings with Russian Ambassador Kislyak from his SF-86 form. Can you imagine anyone outside of Trump's inner circle keeping their security clearances after omitting material information on an SF-86 form? No way. Turns out now that Kushner sought a secret back-channel with the Kremlin to elude U.S. intelligence while Russian intelligence could listen in. We received no response to our first letter. So we sent a new one--with a lot more support this time!","2017-06-01T22:21:46+0000","link","http://www.politico.com/story/2017/05/31/kushner-security-clearance-democrats-239001","1406085866071068_1572656879413965",NA,265,35,17
"1406085866071068","Rep. Jamie Raskin","President Trump's reported decision to withdraw the U.S. from the breakthrough 195-member Paris Agreement is a dramatic policy U-turn that could prove catastrophic not just for the American people but for the world. I urge the President to follow the cold-hard facts about climate change and rejoin the path to sustainability firmly united with all members of the Paris Agreement. I remain committed to working with colleagues and fellow members of the Congressional Safe Climate Caucus to push for progress on this intensifying civilizational emergency. My statement:","2017-05-31T19:06:01+0000","photo","https://www.facebook.com/RepRaskin/photos/a.1417935358219452.1073741830.1406085866071068/1571577792855207/?type=3","1406085866071068_1571577792855207",NA,133,25,12
"1406085866071068","Rep. Jamie Raskin","The Social Security program is an historic accomplishment that has lifted tens of millions of senior citizens and children out of dangerous poverty. We need to strengthen, reinvest in, and expand this vital program. But the Trump budget lacks all vision for our people. Trump's budget is a shameful proposal that demolishes and neglects the basic programs the American people rely on to maintain a civilized society.","2017-05-30T20:11:10+0000","video","https://www.facebook.com/RepRaskin/videos/1570660279613625/","1406085866071068_1570660279613625",NA,642,86,1943
"1406085866071068","Rep. Jamie Raskin","Given its stream of foreign government patrons, the Trump Hotel in DC should be called ""The Washington Emolument."" President Trump has broken his promise to ""donate all profits from foreign government payments"" to the U.S. Treasury. (Even if he had kept his word it would still be illegal. A bribe does not become lawful because a politician decides to give away ""profits"" from it.)","2017-05-30T14:14:35+0000","link","https://www.nytimes.com/2017/05/29/opinion/trump-hotel-emoluments-clause.html?_r=0","1406085866071068_1570369372976049",NA,151,24,60
"1406085866071068","Rep. Jamie Raskin","Happy birthday, Sierra Club! Celebrating 125 years of protecting our air, water, land, and wildlife. You're indispensable.","2017-05-28T14:15:00+0000","photo","https://www.facebook.com/RepRaskin/photos/a.1417935358219452.1073741830.1406085866071068/1566152676731052/?type=3","1406085866071068_1566152676731052",NA,61,0,5
"1406085866071068","Rep. Jamie Raskin","This Memorial Day weekend, we remember the brave men and women who made the ultimate sacrifice to serve the American people.","2017-05-28T14:00:00+0000","photo","https://www.facebook.com/RepRaskin/photos/a.1417935358219452.1073741830.1406085866071068/1566154046730915/?type=3","1406085866071068_1566154046730915",NA,81,5,4
"1406085866071068","Rep. Jamie Raskin","As the Holy Month of Ramadan begins, wishing observers a festive, reflective and peaceful time with family and loved ones. Ramadan Kareem.","2017-05-27T00:45:00+0000","photo","https://www.facebook.com/RepRaskin/photos/a.1417935358219452.1073741830.1406085866071068/1566188653394121/?type=3","1406085866071068_1566188653394121",NA,277,7,54
"1406085866071068","Rep. Jamie Raskin","The message from Donald Trump and his administration is very simple: Let them eat emoluments. The American people are left empty-handed by the Trump budget. We need to reinvest in America, not pull the plug on the people.","2017-05-26T19:39:50+0000","video","https://www.facebook.com/RepRaskin/videos/1566216070058046/","1406085866071068_1566216070058046",NA,140,16,11
"1406085866071068","Rep. Jamie Raskin","Tune in to Congressman John Conyers, Jr.'s livestream of our Medicare For All press conference:","2017-05-24T13:55:33+0000","video","https://www.facebook.com/CongressmanConyers/videos/10154454444116850/","1406085866071068_1563760803636906","Rep. Jamie Raskin shared Congressman John Conyers, Jr.'s live video.",57,4,0
"1406085866071068","Rep. Jamie Raskin","I'm a proud cosponsor of Medicare For All (H.R. 676). We must continue to push for progress on health care. I'm joining Congressman John Conyers, Jr. and colleagues at a press conference starting at 9:45 a.m. Watch live: facebook.com/CongressmanConyers/.","2017-05-24T13:44:37+0000","photo","https://www.facebook.com/CongressmanConyers/photos/a.394129386849.179899.206947066849/10154454277731850/?type=3","1406085866071068_1563751686971151","Rep. Jamie Raskin shared Congressman John Conyers, Jr.'s photo.",194,4,0
"1406085866071068","Rep. Jamie Raskin","President Trump's budget request will bring about financial, environmental and medical devastation for millions of Americans and destroy the progress we’ve made over a century. The President’s budget must be defeated so we can focus on the real needs of the country and continue to make progress for the American people. http://bit.ly/2q8fCre","2017-05-23T19:37:49+0000","photo","https://www.facebook.com/RepRaskin/photos/a.1417935358219452.1073741830.1406085866071068/1563076417038678/?type=3","1406085866071068_1563076417038678",NA,83,7,23
"1406085866071068","Rep. Jamie Raskin","In Anticipation of Trump's FY18 Budget","2017-05-23T14:48:34+0000","video","https://www.facebook.com/RepRaskin/videos/1562854410394212/","1406085866071068_1562854410394212","Rep. Jamie Raskin was live.",71,37,15
"1406085866071068","Rep. Jamie Raskin","Trump's boast to Russian comrades that he got rid of Comey's ""pressure"" seals the deal on cover-up case. Here's a great Russian novel POTUS can read on his way to Saudi Arabia: Crime and Punishment.","2017-05-19T21:39:38+0000","link","https://www.nytimes.com/2017/05/19/us/politics/trump-russia-comey.html","1406085866071068_1558951887451131",NA,92,22,3
"1406085866071068","Rep. Jamie Raskin","Pleased former FBI Director Mueller was named special counsel in the Trump-Russia probe. Joined All In with Chris Hayes to discuss special counsel, the constitutional toolkit available to the people, and why we need an independent commission to investigate the Russian Connection.","2017-05-19T15:25:26+0000","video","https://www.facebook.com/RepRaskin/videos/1558614580818195/","1406085866071068_1558614580818195",NA,163,16,36
"1406085866071068","Rep. Jamie Raskin","Strongly condemn Turkish bodyguards' violent attack on protesters and freedom of assembly in America.","2017-05-19T12:52:00+0000","link","http://thehill.com/homenews/news/333841-nbc-erdogans-bodyguards-beat-up-dc-protestors","1406085866071068_1558348250844828",NA,181,37,38
"1406085866071068","Rep. Jamie Raskin","Check out this fine article about Trump and the 25th Amendment (Section 4), which discusses my bill on presidential capacity: the Oversight Commission on Presidential Capacity Act.","2017-05-17T14:10:42+0000","link","https://www.thenation.com/article/many-americans-believe-donald-trump-is-unfit-to-serve-a-congressman-has-a-plan-to-determine-that/?utm_source=twitter&utm_medium=socialflow","1406085866071068_1552213144791672",NA,294,18,70
"1406085866071068","Rep. Jamie Raskin","Proudly joined all Judiciary and Oversight Democratic colleagues in demanding immediate House investigation into POTUS' obstruction of justice, the Russian Connection and Trump's staff infection. The ship of state is careening wildly--we need some truth and justice to restore some normality and progress.","2017-05-17T02:38:55+0000","link","https://medium.com/oversightdems/immediate-investigation-of-president-attorney-general-and-top-white-house-aides-8745367bb1bd","1406085866071068_1551728301506823",NA,986,43,118
"1406085866071068","Rep. Jamie Raskin","President Trump's erratic behavior is bringing serious attention to the 25th Amendment and the OCPC Act.","2017-05-15T01:32:03+0000","link","https://www.washingtonpost.com/local/md-politics/is-trump-unfit-to-serve-this-congressman-has-a-bill-for-that/2017/05/12/7af40834-3743-11e7-b412-62beef8121f7_story.html?tid=sm_tw&utm_term=.29d1709999f4","1406085866071068_1549726321707021",NA,454,30,58
"1406085866071068","Rep. Jamie Raskin","It's clear President Trump's incapacity must be seriously addressed. The 25th Amendment was adopted 50 years ago, but Congress has never set up the body it calls for to determine presidential fitness in the event of physical or psychological incapacity. Now is the time to do it. That's why I introduced the Oversight Commission on Presidential Incapacity (OCPC) Act. bit.ly/2qe3sd7","2017-05-12T19:18:04+0000","photo","https://www.facebook.com/RepRaskin/photos/a.1417935358219452.1073741830.1406085866071068/1547129851966668/?type=3","1406085866071068_1547129851966668",NA,732,93,261
"1406085866071068","Rep. Jamie Raskin","My response to Trump firing FBI Director Comey","2017-05-10T16:01:13+0000","video","https://www.facebook.com/RepRaskin/videos/1544875488858771/","1406085866071068_1544875488858771","Rep. Jamie Raskin was live.",294,81,45
"1406085866071068","Rep. Jamie Raskin","Everyone who doesn't bow down to Trump gets sacked: Comey, Yates, Bharara. Constitutional patriots of all parties must defend democracy and demand immediate investigation into the Russian connection. Integrity of our democracy is on the line.","2017-05-10T15:10:33+0000","link","https://www.google.com/amp/s/www.washingtonpost.com/amphtml/news/powerpost/wp/2017/05/09/comey-firing-reaction-from-members-of-congress-on-fbi-directors-dismissal/","1406085866071068_1544840482195605",NA,275,28,30
"1406085866071068","Rep. Jamie Raskin","I commend all of the student artists who submitted their work to my 2017 Congressional Art Competition and all the family members, educators, friends, and community members who supported these enormously talented students. More than 90 student participants from the 8th District were presented with congressional certificates of recognition at a reception this past Sunday (thanks to VisArts for hosting!). Event photos: flic.kr/s/aHskUKfsqv. Details about this year's winners: http://bit.ly/2pvAqEN.","2017-05-09T16:11:54+0000","photo","https://www.facebook.com/RepRaskin/photos/a.1417935358219452.1073741830.1406085866071068/1543884868957833/?type=3","1406085866071068_1543884868957833",NA,52,2,1
"1406085866071068","Rep. Jamie Raskin","My Response to GOP Passage of TrumpCare","2017-05-04T18:33:13+0000","video","https://www.facebook.com/RepRaskin/videos/1538134256199561/","1406085866071068_1538134256199561","Rep. Jamie Raskin was live.",427,202,115
"1406085866071068","Rep. Jamie Raskin","My Vote Against the GOP's AHCA","2017-05-04T17:31:09+0000","video","https://www.facebook.com/RepRaskin/videos/1538089376204049/","1406085866071068_1538089376204049","Rep. Jamie Raskin was live.",362,75,30
"1406085866071068","Rep. Jamie Raskin","I rose on the House floor tonight to oppose the GOP's plan to raise their awful Trumpcare from the dead by bringing it up for a vote tomorrow. No hearings, no witnesses, no CBO score, no policy coherence. Let's return the GOP's repeal & replace plan to its preexisting legislative condition: Dead on Arrival. I will vote no.","2017-05-04T00:19:25+0000","video","https://www.facebook.com/RepRaskin/videos/1537442966268690/","1406085866071068_1537442966268690",NA,631,117,119
"1406085866071068","Rep. Jamie Raskin","I cast my vote in favor of the bipartisan omnibus appropriations package, which secures funding for key Maryland priorities. Despite President Trump’s alarming proposal to cut the National Institutes of Health (NIH) by $5.8 billion, we actually secured a $2 billion increase. The omnibus deal also includes $125 million in funding for the highly-anticipated Purple Line, provides full funding for the Chesapeake Bay Program, and an increase in funding for the U.S. Food and Drug Administration (FDA). My statement: http://bit.ly/2qtjTEU.","2017-05-03T21:46:59+0000","photo","https://www.facebook.com/RepRaskin/photos/a.1417935358219452.1073741830.1406085866071068/1537351046277882/?type=3","1406085866071068_1537351046277882",NA,109,6,4
"1406085866071068","Rep. Jamie Raskin","Proud to join Purple Line allies at yesterday's press conference celebrating the $125 million included in the federal budget for construction of the Purple Line. Waiting now on Judge Leon's decision. Saluting Ike Leggett, members of the Montgomery County Council, Action Committee for Transit, Purple Line Now, Coalition for Smarter Growth, and lots of activists for their hard work.","2017-05-03T16:10:41+0000","link","http://www.bethesdamagazine.com/Bethesda-Beat/2017/Local-Leaders-Urge-Judge-in-Purple-Line-Case-To-Make-a-Decision/","1406085866071068_1537063796306607",NA,62,0,6
"1406085866071068","Rep. Jamie Raskin","Check out Evan Osnos' fine article on Donald Trump and the 25th Amendment, which discusses my bill on presidential capacity (HR 1987).","2017-05-03T01:20:39+0000","link","http://www.newyorker.com/magazine/2017/05/08/how-trump-could-get-fired","1406085866071068_1536441946368792",NA,107,10,23
"1406085866071068","Rep. Jamie Raskin","Selected artwork submitted to my Congressional Art Competition will be on display at VisArts this week and open to the public for viewing. Check out event details for viewing hours and tickets for Sunday's reception honoring high school artists.","2017-05-02T18:36:56+0000","event","https://www.facebook.com/events/1395892120496427/","1406085866071068_1536149026398084","Rep. Jamie Raskin shared an event.",24,0,0
"1406085866071068","Rep. Jamie Raskin","Joining my Congressional Progressive Caucus colleagues to unveil The People's Budget. Tune in!","2017-05-02T16:39:18+0000","video","https://www.facebook.com/repmarkpocan/videos/1380611008685302/","1406085866071068_1535965146416472","Rep. Jamie Raskin shared Mark Pocan's live video.",41,1,0
"1406085866071068","Rep. Jamie Raskin","ICYMI: National Institutes of Health (NIH) gets $2 billion funding increase in proposed spending bill. We said no cuts and we mean it!","2017-05-02T03:18:47+0000","video","https://youtu.be/4xwr7O8woaQ","1406085866071068_1535437293135924",NA,233,18,10
"1406085866071068","Rep. Jamie Raskin","We're talking about Social Security and Medicare at today's town hall meeting at Leisure World of Maryland with special guests Rep John Larson and Social Security Works' Nancy Altman! Watch live:","2017-04-30T20:03:56+0000","video","https://www.facebook.com/RepRaskin/videos/1533995696613417/","1406085866071068_1533995696613417","Rep. Jamie Raskin was live.",104,29,51
"1406085866071068","Rep. Jamie Raskin","What is in Donald Trump's tax reform plan? A huge tax cut for the wealthiest one percent and Donald Trump himself. Treasury Secretary Steven Mnuchin said there would be no tax cut for the upper class. Trump's tax plan betrays this promise.","2017-04-30T15:37:12+0000","video","https://www.youtube.com/watch?v=8-qKa9fwst0","1406085866071068_1533788219967498",NA,54,11,4
"1406085866071068","Rep. Jamie Raskin",NA,"2017-04-28T21:33:02+0000","video","https://www.facebook.com/RepRaskin/videos/1531709410175379/","1406085866071068_1531709410175379",NA,123,12,19
"1406085866071068","Rep. Jamie Raskin","Every day, nearly 10,000 federal prisoners endure solitary confinement. They are alone for 23 hours a day. The average stay in confinement is 75 days. It's encouraging to hear Dr. Kane, Acting Director of the Federal Bureau of Prisons, say that federal prisons are evolving away from use of solitary confinement.  Stories like this --> http://wapo.st/2qaiHDo <-- are egregious examples of why ALL prisons must evolve away from it. Solitary confinement poses great risks to inmates who suffer from mental illness and need medical treatment, not isolation.","2017-04-27T15:09:22+0000","video","https://www.facebook.com/RepRaskin/videos/1530197283659925/","1406085866071068_1530197283659925",NA,71,12,7
"1406085866071068","Rep. Jamie Raskin","‪The time to stop fascism on Earth is before it starts. Thanks to my former student and wonderful friend Deb Vagins for making me this gift from the Holocaust Memorial Museum for Holocaust Remembrance Day.  ‬","2017-04-24T23:35:01+0000","photo","https://www.facebook.com/RepRaskin/photos/a.1417935358219452.1073741830.1406085866071068/1527659513913702/?type=3","1406085866071068_1527659513913702",NA,237,15,67
"1406085866071068","Rep. Jamie Raskin","Proud to spend this Earth Day with thousands of scientists, researchers, environmentalists, students, constituents and fact-defenders at the March for Science!","2017-04-23T00:40:01+0000","photo","https://www.facebook.com/RepRaskin/photos/a.1417935358219452.1073741830.1406085866071068/1525669347446052/?type=3","1406085866071068_1525669347446052",NA,131,1,3
"1406085866071068","Rep. Jamie Raskin","#FlashbackFriday to meeting Bill Nye The Science Guy. Looking forward to seeing all science champions tomorrow at the March for Science (on Earth Day)! We must defend science and the planet against Trump's nihilism. I'm a proud cosponsor of the Scientific Integrity Act, which would enable federal agencies to protect government-directed research from political pressure and special interests. If Galileo, Newton, Einstein, and the Curies were here, they'd join us tomorrow.","2017-04-21T18:30:03+0000","link","https://www.instagram.com/p/BTKD32BFzCA/?taken-by=repraskin","1406085866071068_1524397137573273",NA,206,10,9
"1406085866071068","Rep. Jamie Raskin","Jared Kushner failed to disclose Russian contacts on his security clearance questionnaire. That is a serious and possibly criminal omission. There's no son-in-law exception to the law compelling disclosure of foreign contacts. Until full disclosure is made of Kushner's Russian connections, his clearance must be suspended.","2017-04-20T19:06:46+0000","link","http://washingtonjewishweek.com/38031/raskin-beyer-take-aim-at-kushner-security-clearance/featured-slider-post/","1406085866071068_1523192394360414",NA,427,35,47
"1406085866071068","Rep. Jamie Raskin","Our delegation is urging the Federal Aviation Administration to alter BWI flight paths causing serious noise pollution for residents. I'm a proud member of the Congressional Quiet Skies Caucus and will keep pushing to reduce disruptive airplane noise.","2017-04-20T13:55:26+0000","link","http://www.baltimoresun.com/news/maryland/politics/blog/bs-md-lawmakers-bwi-nextgen-20170419-story.html","1406085866071068_1522927457720241",NA,27,2,1
"1406085866071068","Rep. Jamie Raskin","Gorgeous morning to stand with Metro workers, bus operators and local riders. Joined Metro's largest union, ATU Local 689, at the Silver Spring Station to distribute $10 SmarTrip cards to thank Metro riders for staying loyal during SafeTrack repairs. Our community is committed to working together to fund, fix, and improve WMATA for all. Metro moves over a third of the federal work force everyday along with huge numbers of tourists--Congress needs to step up and reinvest in America's Metro.","2017-04-18T20:39:15+0000","photo","https://www.facebook.com/RepRaskin/photos/a.1417935358219452.1073741830.1406085866071068/1521151974564456/?type=3","1406085866071068_1521154067897580","Rep. Jamie Raskin added 19 new photos.",93,5,7
"1406085866071068","Rep. Jamie Raskin","Betsy DeVos demonstrates once again she is more interested in businesses and banks making money off students than providing students quality affordable education. In the midst of America's student loan and debt crisis, we should be working to make it more affordable to attend college and less expensive to pay off student loans. That's why I'm a proud cosponsor of the College for All Act. In addition to dramatically reducing tuition costs for most young people, this legislation would halve student loan interest rates and allow borrowers to refinance student loans at the lowest rate. Education is the lifeblood of democracy, and we should not treat it like a money-making operation.","2017-04-17T19:56:08+0000","link","https://www.nytimes.com/2017/04/14/business/dealbook/education-department-federal-student-loan-program.html","1406085866071068_1520160817996905",NA,88,9,16
"1406085866071068","Rep. Jamie Raskin","Great to see all who joined the nationwide Tax March! If you weren't able to make it, you can check out my speech here: https://youtu.be/rr4YhFUi8Is.","2017-04-16T23:50:02+0000","video","https://youtu.be/rr4YhFUi8Is","1406085866071068_1519252648087722",NA,135,18,14
"1406085866071068","Rep. Jamie Raskin","I’m joining -- and addressing -- the rapidly growing Tax March tomorrow with tens of thousands of Americans to call on President Trump to release his tax returns. If we all acted the way POTUS did on Tax Day, the whole system would fall apart. This is going to be an old-fashioned tax protest calling for King Donald to follow decades of presidential precedent and release his tax returns so we can determine his potential conflicts of interest and Emoluments Clause violations.  America was conceived in tax protest against a vainglorious King who wanted one set of rules for his rich friends and another for the commoners. Make your Founders proud. See you at the March!","2017-04-14T18:25:08+0000","link","https://www.washingtonpost.com/local/thousands-expected-for-tax-day-march-calling-for-trump-to-release-tax-returns/2017/04/13/ff8c4739-186f-445d-958d-0fb78ca2f829_story.html?utm_term=.a4fc3b5e7279","1406085866071068_1516873124992341",NA,292,29,33
"1406085866071068","Rep. Jamie Raskin","Joined colleagues in demanding suspension of Jared Kushner's security clearance following omission of his foreign contacts. bit.ly/2oFh1n7","2017-04-14T02:11:09+0000","photo","https://www.facebook.com/RepRaskin/photos/a.1432752886737699.1073741832.1406085866071068/1516092401737080/?type=3","1406085866071068_1516092101737110",NA,492,39,33
"1406085866071068","Rep. Jamie Raskin",NA,"2017-04-12T21:16:21+0000","photo","https://www.facebook.com/RepRaskin/photos/a.1406086829404305.1073741825.1406085866071068/1514690815210572/?type=3","1406085866071068_1514690961877224","Rep. Jamie Raskin updated their profile picture.",97,4,0
"1406085866071068","Rep. Jamie Raskin","We did a bipartisan freshman class visit to the Holocaust Memorial Museum last week and I seriously encourage Mr. Spicer to go visit with POTUS.","2017-04-11T20:47:53+0000","link","http://thehill.com/homenews/news/328306-spicer-even-hitler-didnt-use-chemical-weapons","1406085866071068_1512892002057120",NA,433,45,69
"1406085866071068","Rep. Jamie Raskin","#MondayMotivation brought to you by one of my favorite groups, Warrior Canine Connection, a service dog training organization for active members and veterans. My staff enjoyed learning about WCC's life-saving mission and meeting new puppy friends: Sassy, Buckles, Otis, Pate, Moon and the rest of the Courage litter pups!","2017-04-10T21:06:10+0000","photo","https://www.facebook.com/RepRaskin/photos/a.1417935358219452.1073741830.1406085866071068/1511638288849158/?type=3","1406085866071068_1511640488848938","Rep. Jamie Raskin added 16 new photos.",86,5,6
"1406085866071068","Rep. Jamie Raskin","Thrilled to announce the 2017 Congressional Art Competition for high school students! Entries due Friday, April 21, 2017. Details: raskin.house.gov/services/art-competition.","2017-04-07T14:57:56+0000","link","https://raskin.house.gov/services/art-competition","1406085866071068_1507954305884223",NA,12,0,4
"1406085866071068","Rep. Jamie Raskin","We organized more than a dozen freshman House members for a bipartisan visit to the Holocaust Memorial Museum. Thanks to my friend and classmate Don Bacon (R-Neb.) for working with me to bring colleagues to this meaningful visit.","2017-04-06T21:04:06+0000","photo","https://www.facebook.com/RepRaskin/photos/a.1417935358219452.1073741830.1406085866071068/1506884002657920/?type=3","1406085866071068_1506887989324188","Rep. Jamie Raskin added 21 new photos.",156,9,4
"1406085866071068","Rep. Jamie Raskin","‪Big victory! House Democrats led the call for Trump to remove white nationalist Steve Bannon from the National Security Council. He's off. This is a good first step.","2017-04-05T16:41:09+0000","link","https://www.google.com/amp/amp.usatoday.com/story/100071594/","1406085866071068_1505537519459235",NA,518,36,19
"1406085866071068","Rep. Jamie Raskin","It is unconscionable that working women across the nation face a 20% pay gap. As a Maryland State Senator, I was proud to vote for the state’s Equal Pay for Equal Work legislation, which passed last year. In Congress, I am proud to cosponsor Rep. Rosa DeLauro's Paycheck Fairness Act, which closes loopholes that permit pay discrimination in the workplace. http://bit.ly/2n793U5","2017-04-04T16:55:20+0000","link","http://bit.ly/2n793U5","1406085866071068_1504481496231504",NA,178,17,14
"1406085866071068","Rep. Jamie Raskin","When I was sick with cancer, I learned about the important difference between misfortune and injustice. It's a misfortune to be diagnosed with illness. It's an injustice not to have health insurance to do something about it. In a democratic society, our job is not to compound the misfortunes of life with governmental injustice. Our job is to reduce misfortune. http://bit.ly/2oRM3Fc","2017-04-03T20:51:44+0000","video","https://www.facebook.com/RepRaskin/videos/1503621932984127/","1406085866071068_1503621932984127",NA,784,50,221
"1406085866071068","Rep. Jamie Raskin","Al Gore is back with an inconvenient sequel for the carbon barons and climate change deniers.","2017-04-01T19:21:42+0000","video","https://m.youtube.com/watch?v=huX1bmfdkyA&refcode=g-Inconvenient0401.d-20170401.m-9051.s-30450","1406085866071068_1501516559861331",NA,81,3,15
"1406085866071068","Rep. Jamie Raskin","I made a speech on the House floor about what is really at stake with ex-KGB chief Vladimir Putin's espionage, sabotage and fake-news propaganda designed to throw our presidential election in 2016 and the mounting evidence of collusion by Donald Trump's campaign and inner circle. Authoritarianism is on the march everywhere, and democracy is under attack as thuggish leaders seek to turn their governments into militarized money-making operations for private elites. America's president and cabinet should be standing with the tens of thousands of pro-democracy and anti-corruption protesters who braved Putin's thugs in the streets of Russia this week, not with the despots and oligarchs who are stealing from the Russian people and destabilizing liberal democracies across the earth. Which side is the Trump administration on in the resurgent struggle between liberal democracy and authoritarianism, corruption and repression? Who will defend our constitutional democracy? Thomas Paine said, ""Tyranny, like hell, is not easily conquered."" Stay strong, America.","2017-03-31T15:24:34+0000","video","https://www.facebook.com/RepRaskin/videos/1500234153322905/","1406085866071068_1500234153322905",NA,223,34,58
"1406085866071068","Rep. Jamie Raskin","Yesterday, Judiciary Committee Democrats rallied to my amendment seeking information about Intelligence Committee Chairman Nunes' odd interactions with the White House. When Chairman Nunes went to the White House with information he did not share with his committee, it raised profound questions. All we are asking for is an honest account of what happened.","2017-03-30T20:30:51+0000","video","https://www.facebook.com/RepRaskin/videos/1499384703407850/","1406085866071068_1499384703407850",NA,277,36,28
"1406085866071068","Rep. Jamie Raskin","Rep. Raskin took to the House floor to defend the National Institutes of Health (NIH), located in his district (MD-08). NIH is the global leader in biomedical research and supports 400,000 jobs. The President's budget proposal would cut NIH's total funding by $5.8 billion (nearly 20 percent) in FY 2018.","2017-03-29T23:25:33+0000","video","https://www.facebook.com/RepRaskin/videos/1498427253503595/","1406085866071068_1498427253503595",NA,344,34,50
"1406085866071068","Rep. Jamie Raskin","Disgraceful move by the Trump administration to suppress the existence of the LGBT community. To all LGBT Americans: we hear and see you. (cc:  Congressional LGBT Equality Caucus)","2017-03-29T20:30:29+0000","link","http://www.nbcnews.com/feature/nbc-out/lgbtq-americans-won-t-be-counted-2020-u-s-census-n739911","1406085866071068_1498315050181482",NA,127,34,134
"1406085866071068","Rep. Jamie Raskin","HAPPENING NOW: the Judiciary Committee is considering H. Res. 184, which asks the White House and Department of Justice for information on contacts between Trump officials and the Russians. Tune in!","2017-03-29T16:02:28+0000","video","https://www.youtube.com/watch?v=IQSvbrmMkd0","1406085866071068_1498106180202369",NA,12,1,1
"1406085866071068","Rep. Jamie Raskin","Tomorrow I’m joining House Judiciary Committee colleagues to markup two Resolutions Of Inquiry: the first addresses Trump and Sessions' ties to Russia and the second addresses Trump’s wiretapping claims. I’m a proud cosponsor of both Resolutions. The markup is open to the public and will take place in 2141 Rayburn House Office Building starting at 10 AM. If you can’t make it, tune in to the live stream!","2017-03-28T21:28:47+0000","video","https://www.youtube.com/watch?v=IQSvbrmMkd0","1406085866071068_1497378913608429",NA,246,37,28
"1406085866071068","Rep. Jamie Raskin",NA,"2017-03-27T15:06:33+0000","video","https://www.facebook.com/NowThisPolitics/videos/1497434470288038/","1406085866071068_1496125670400420","Rep. Jamie Raskin shared NowThis Politics's video.",172,15,0
"1406085866071068","Rep. Jamie Raskin","We're live from #raskintownhall","2017-03-25T17:57:29+0000","video","https://www.facebook.com/RepRaskin/videos/1494075303938790/","1406085866071068_1494075303938790","Rep. Jamie Raskin was live.",92,32,16
"1406085866071068","Rep. Jamie Raskin","We're talking about defeating #Trumpcare, ensuring access to affordable health care, and more at #RaskinTownHall","2017-03-25T17:41:41+0000","video","https://www.facebook.com/RepRaskin/videos/1494062657273388/","1406085866071068_1494062657273388","Rep. Jamie Raskin was live.",65,27,10
"1406085866071068","Rep. Jamie Raskin","We'll be livestreaming today's health care town hall meeting right here on Facebook around 1:30!","2017-03-25T17:23:27+0000","status",NA,"1406085866071068_1494051173941203",NA,9,2,1
"1406085866071068","Rep. Jamie Raskin","Tomorrow's town hall meeting is on! We won a great victory but we still have our work cut out for us on many fronts. See you soon!","2017-03-25T02:58:10+0000","link","http://bit.ly/RaskinTownHall","1406085866071068_1493427747336879",NA,16,1,2
"1406085866071068","Rep. Jamie Raskin","It's Lord of the Flies Day in the House of Representatives. No hearings, no witnesses, no deliberation, no rules and now no bill. What are we voting on? Dump this GOP health care disaster plan.","2017-03-23T16:25:05+0000","video","https://www.facebook.com/RepRaskin/videos/1491719614174359/","1406085866071068_1491719614174359",NA,877,140,587
"1406085866071068","Rep. Jamie Raskin","In the midst of Trump's full-blown assault on the Affordable Care Act and the GOP effort to strip health insurance from 24 million Americans (including 347,000 Marylanders), I was delighted to receive a surprise visit from former Congresswoman Beverly Byron and her awesome granddaughter, my friend Mollie Byron. Congresswoman Byron's illustrious career evokes a different time in our politics when both parties were dedicated to finding common ground for social progress. I left our meeting for a Democratic Whips huddle where Joe Biden pledged to help us fight the dangerous nihilism, chaos and regressive politics of this administration. Thanks to the Byrons, the Bidens and all of you for your strong messages of support and solidarity. We are told to be available for votes and debate Saturday and Sunday as Paul Ryan struggles to round up votes for his disastrous and deeply unpopular ""pay more for less"" Trumpcare. We will hang tough against this legislative monstrosity and will defend the ACA, Medicaid, Medicare and the health care of the people with everything we've got.","2017-03-23T13:56:50+0000","photo","https://www.facebook.com/RepRaskin/photos/a.1417935358219452.1073741830.1406085866071068/1491573104189010/?type=3","1406085866071068_1491604817519172",NA,162,19,7
"1406085866071068","Rep. Jamie Raskin","ATTN: The upcoming Health Care Town Hall has been rescheduled for Saturday, March 25th at 1:30 p.m. Details: bit.ly/RaskinTownHall.","2017-03-22T13:52:22+0000","link","http://bit.ly/RaskinTownHall","1406085866071068_1490525444293776",NA,9,3,4
"1406085866071068","Rep. Jamie Raskin","Proud to introduce my first bill! Foreign interests have already spent millions of dollars on U.S. political campaigns, and we just witnessed unprecedented foreign efforts to undermine our democracy during the 2016 election cycle. We must protect the integrity of American democracy and close this dangerous foreign money loophole. I urge my colleagues on both sides of the aisle to work with me to build a wall of separation between foreign money and democratic elections. #GetMoneyOut","2017-03-21T15:52:47+0000","link","https://raskin.house.gov/media/press-releases/rep-raskin-introduces-get-foreign-money-out-us-elections-act","1406085866071068_1489632967716357",NA,538,47,61
"1406085866071068","Rep. Jamie Raskin","Gov. Larry Hogan called our rally asking him to help #ProtectOurCare “grandstanding.” No. We're doing our jobs by trying to protect the health care of Marylanders. He should join us. http://wapo.st/2nEoiUB","2017-03-20T22:58:10+0000","video","https://www.facebook.com/RepRaskin/videos/1489004397779214/","1406085866071068_1489004397779214",NA,350,22,28
"1406085866071068","Rep. Jamie Raskin","Proud to announce our Health Care Town Hall on Thursday, March 23. Space is limited so please RSVP today!","2017-03-18T22:39:51+0000","link","https://www.eventbrite.com/e/health-care-town-hall-meeting-tickets-32667194458","1406085866071068_1486996861313301",NA,88,5,29
"1406085866071068","Rep. Jamie Raskin","The President's budget is a savage attack on working families, science, health, environment, and the arts. These cuts must be dead on arrival.","2017-03-16T21:29:22+0000","link","http://www.npr.org/2017/03/16/520379061/read-president-trumps-budget-blueprint","1406085866071068_1484676668211987",NA,212,32,37
"1406085866071068","Rep. Jamie Raskin",NA,"2017-03-12T20:56:39+0000","video","https://www.facebook.com/RepRaskin/videos/1480564678623186/","1406085866071068_1480564678623186",NA,221,93,132
"1406085866071068","Rep. Jamie Raskin","Honoring conservationist and marine biologist Rachel Carson this Women's History Month. She wrote Silent Spring in Silver Spring, Maryland and woke America to the danger of pesticides. Her work spurred a national ban on DDT and inspired the movement to create the Environmental Protection Agency. As environmental science is attacked, we must remember Rachel Carson's work and defend her mission.","2017-03-07T23:55:22+0000","photo","https://www.facebook.com/RepRaskin/photos/a.1417935358219452.1073741830.1406085866071068/1472939396052381/?type=3","1406085866071068_1472939396052381",NA,272,10,61
"1406085866071068","Rep. Jamie Raskin","Enjoyed reading to kindergartners this morning at New Hampshire Estates Elementary School and talking to them about Congress. #ReadAcrossAmerica","2017-03-06T22:53:43+0000","photo","https://www.facebook.com/RepRaskin/photos/a.1417935358219452.1073741830.1406085866071068/1471835859496068/?type=3","1406085866071068_1471835859496068",NA,137,6,3
"1406085866071068","Rep. Jamie Raskin","Honored to be a Vice Chair of House Democrats' Democracy Reform Task Force. I'm working with my friend Congressman John Sarbanes to end the tyranny of big money in politics and to advance government of, by, and for the people.","2017-03-03T21:41:18+0000","photo","https://www.facebook.com/RepRaskin/photos/a.1417935358219452.1073741830.1406085866071068/1468582386488082/?type=3","1406085866071068_1468582386488082",NA,100,5,9
"1406085866071068","Rep. Jamie Raskin","Attorney General Sessions lied under oath about meeting with the Russian Ambassador. Everyone's for recusal but he needs to resign. My statement:","2017-03-02T17:19:47+0000","photo","https://www.facebook.com/RepRaskin/photos/a.1417935358219452.1073741830.1406085866071068/1467402013272786/?type=3","1406085866071068_1467402013272786",NA,348,38,38
"1406085866071068","Rep. Jamie Raskin","Excited to bring two guests (and a pup!) from the 8th with me to the Joint Address. I invited retired U.S. Marine Corps Sgt. Matt Moores to honor his exemplary service and let people know about the great work of Warrior Canine Connection, which helps so many veterans with service dogs. Sgt. Moores received his service dog, James, after he was injured in Afghanistan. I also invited Frederick County Public Schools Superintendent Dr. Terry Alban to remind all that public education is the lifeblood of our democracy.","2017-03-01T22:57:29+0000","photo","https://www.facebook.com/RepRaskin/photos/a.1417935358219452.1073741830.1406085866071068/1466775330002121/?type=3","1406085866071068_1466783803334607","Rep. Jamie Raskin added 2 new photos.",102,5,2
"1406085866071068","Rep. Jamie Raskin","PSA: the state deadline for Maryland residents to submit a free application for student aid (FAFSA) is TOMORROW, March 1, 2017, at midnight. Students who wish to be eligible for state-funded aid programs should meet the Maryland state deadline! Students can still apply for federally-funded aid until the federal deadline on June 30, 2017. Don't miss out!","2017-02-28T23:16:43+0000","link","https://fafsa.gov/?WT.mc_id=MDF02272017","1406085866071068_1465770893435898",NA,28,2,9
"1406085866071068","Rep. Jamie Raskin","Happening soon: Judiciary Committee markup on Congressman Jerry Nadler's Resolution of Inquiry to investigate Trump's conflicts of interest. Judiciary Committee Democrats unanimously support H.Res.111. The Resolution simply says that the Department of Justice should turn over all information about potential collusion between Trump figures and the Russian government. We need answers about Russia and we're not backing down. Tune in to the markup: bit.ly/2l8d7m8.","2017-02-28T16:10:01+0000","link","http://bit.ly/2l8d7m8","1406085866071068_1465416730137981",NA,157,21,19
"1406085866071068","Rep. Jamie Raskin","Each week of Black History Month, my office honored African American heroes born in Maryland. As the Month comes to a close, we reflect once more on some of these great Americans: Frederick Douglass, Harriet Tubman, Supreme Court Justice Thurgood Marshall, and Rev. Josiah Henson. Let us press into our hearts the words of the visionary Frederick Douglass: ""If there is no struggle, there is no progress.""","2017-02-28T00:47:52+0000","photo","https://www.facebook.com/RepRaskin/photos/a.1417935358219452.1073741830.1406085866071068/1464636693549318/?type=3","1406085866071068_1464636693549318",NA,41,2,1
"1406085866071068","Rep. Jamie Raskin","My constituents and I are appalled by the bomb threat against Charles E. Smith Jewish Day School in Rockville. The bomb threats against Jewish schools, child care centers, and worship centers across the country must stop. POTUS must take action. We renew our calls for this Administration to take action against these sickening threats. Read: http://bit.ly/2lXZ2XS.","2017-02-27T18:59:42+0000","photo","https://www.facebook.com/RepRaskin/photos/a.1417935358219452.1073741830.1406085866071068/1464364680243186/?type=3","1406085866071068_1464364680243186",NA,456,54,150
"1406085866071068","Rep. Jamie Raskin","I'm a proud cosponsor of Congressman Jerry Nadler's Resolution of Inquiry (H. Res. 111) to investigate Trump's conflicts of interest and ties to Russia. I serve with Rep. Nadler on the House Judiciary Committee and we're pushing hard together for answers and action about these egregious conflicts permeating Trumpland.","2017-02-24T22:27:53+0000","link","https://t.co/ApGBOh6mC8","1406085866071068_1461102443902743","Rep. Jamie Raskin shared Congressman Jerry Nadler's post.",365,45,0
"1406085866071068","Rep. Jamie Raskin","Appalled by Trump's decision to deny protection for transgender students. The move to rescind Title IX guidance shows Trump's promise to protect LGBT Americans was empty talk. As a proud member of the Congressional LGBT Equality Caucus, I am committed to the fight to #ProtectTransKids.","2017-02-23T18:07:58+0000","link","https://www.washingtonpost.com/local/education/trump-administration-rolls-back-protections-for-transgender-students/2017/02/22/550a83b4-f913-11e6-bf01-d47f8cf9b643_story.html?utm_term=.689ccd70b3c2","1406085866071068_1459819230697731",NA,122,11,13
"1406085866071068","Rep. Jamie Raskin","The President's tweets are a massive sleight of hand to distract the public from what's takin place in Congress. While the President distracts, House Republicans repealed 20 rules in the first weeks of the 115th Congress. This is the systematic dismantling of the regulatory apparatus that protects our food, air, water, health care, financial system, and safety. The President is Distracter-in-Chief but we must not permit his tweetfoolery to distract us from the real American agenda. https://youtu.be/LT-46jm1N8E","2017-02-20T04:24:39+0000","video","https://youtu.be/LT-46jm1N8E","1406085866071068_1455696324443355",NA,405,46,263
"1406085866071068","Rep. Jamie Raskin","A leaked White House memo reveals Trump is considering deputizing 100,000 National Guard members as immigrant officers. As reports of Immigration And Customs Enforcement (ICE) raids cause fear and panic across the country, it's imperative that people know their rights.","2017-02-17T16:22:11+0000","photo","https://www.facebook.com/RepRaskin/photos/a.1432752886737699.1073741832.1406085866071068/1452459758100345/?type=3","1406085866071068_1452460691433585","Rep. Jamie Raskin added 2 new photos.",61,16,54
"1406085866071068","Rep. Jamie Raskin","David Friedman is a terrible selection for Ambassador to Israel and should not be confirmed. David Friedman's confirmation would be a wrecking ball in American politics and the Jewish community. Read more in my op-ed in Washington Jewish Week: http://bit.ly/2lj00xT.","2017-02-16T03:12:42+0000","link","http://bit.ly/2lj00xT","1406085866071068_1450202111659443",NA,143,9,28
"1406085866071068","Rep. Jamie Raskin","I joined 45 freshman colleagues in releasing a bipartisan ""Commitment to Civility."" Despite my great passions as a liberal and a progressive, I dedicate myself to civility for three reasons which I believe are consistent with my political values and beliefs. Watch the video: https://youtu.be/QbFfnBi_cn0.","2017-02-15T20:28:16+0000","video","https://www.facebook.com/RepRaskin/videos/1449900548356266/","1406085866071068_1449900548356266",NA,221,17,25
"1406085866071068","Rep. Jamie Raskin","A Valentine's message to refugees and immigrants: Maryland is still the Free State, welcoming, inclusive, and just. #ToImmigrantsWithLove","2017-02-14T21:39:47+0000","photo","https://www.facebook.com/RepRaskin/photos/a.1417935358219452.1073741830.1406085866071068/1449132115099776/?type=3","1406085866071068_1449132115099776",NA,675,26,74
"1406085866071068","Rep. Jamie Raskin","Enough. The White House has been reduced to a moneymaking operation, and we must restore some ethical minimums. Kellyanne Conway's startling ""infomercial"" for Ivanka Trump's brand is a plain violation of the ban on using federal office to promote commercial sales. I'm proud of my fellow House Democrats for taking action and sending a letter to officially request the U.S. Office of Government Ethics to launch an investigation into Conway's unethical conduct. As a signee of the request letter and a member of the House Oversight Committee, I will do everything in my power to ensure this investigation is carried out. American democracy is not for sale and this administration must stop treating the White House as a subsidiary of Trump Inc. It would be excellent if Trump cleaned up the sordid mess in the White House, but the darling of Moscow is the worst offender himself.","2017-02-10T22:06:30+0000","link","http://raskin.house.gov/sites/raskin.house.gov/files/OGE%20Letter%20Kellyanne%20Conway.pdf","1406085866071068_1445166292163025",NA,852,106,85
"1406085866071068","Rep. Jamie Raskin","ICYMI: I'm a proud cosponsor of Congressman Jerry Nadler's resolution condemning Trump's outrageous attacks on the independent judiciary. Read: http://bit.ly/2kxk528.","2017-02-09T20:53:00+0000","photo","https://www.facebook.com/RepRaskin/photos/a.1417935358219452.1073741830.1406085866071068/1444193195593668/?type=3","1406085866071068_1444193195593668",NA,200,17,6
"1406085866071068","Rep. Jamie Raskin","In the words of MLK: our lives begin to end the day we become silent about things that matter. Proud to march with my colleagues to urge the Senate to #LetHerSpeak and #StopSessions. Here's Coretta Scott King's letter that the Senate Majority Leader refused to let Senator Warren read on the floor: bit.ly/2knpsyk.","2017-02-08T22:19:59+0000","link","https://instagram.com/p/BQRFdB4AEQN/","1406085866071068_1443309582348696",NA,213,11,10
"1406085866071068","Rep. Jamie Raskin","Rep. Raskin Speaks Out: Stop Sessions","2017-02-08T18:41:30+0000","video","https://www.facebook.com/RepRaskin/videos/1443168402362814/","1406085866071068_1443168402362814","Rep. Jamie Raskin was live.",126,32,16
"1406085866071068","Rep. Jamie Raskin","House Democrats Speak Against Sessions for AG","2017-02-08T18:31:42+0000","video","https://www.facebook.com/RepRaskin/videos/1443162349030086/","1406085866071068_1443162349030086","Rep. Jamie Raskin was live.",92,23,9
"1406085866071068","Rep. Jamie Raskin","Unlike the Trump administration, scientists at the Environmental Protection Agency don't use fake news, climate change denialism, and ""alternative facts"" to do their jobs. They use superior peer-reviewed research from trusted scientific sources. And they've steadily improved our water, our air, and our health. I've already got it loud and clear from my wonderful constituents in Maryland's 8th district that they overwhelmingly oppose HR 861, the GOP's outrageous bill to abolish the EPA. Rest assured I will do everything in my power to continue to defend facts, defend science, and defend the EPA against the anti-environmental McCarthyism and Alt-Right nihilism of this administration.","2017-02-07T23:36:55+0000","link","http://www.nbcnews.com/news/us-news/meet-4-republican-lawmakers-who-want-abolish-epa-n717061","1406085866071068_1442336589112662",NA,321,47,59
"1406085866071068","Rep. Jamie Raskin","I took to the House floor last night with my Congressional Progressive Caucus colleagues to defend our nation’s founding values against Donald Trump’s Muslim refugee ban. James Madison said America would offer ""an asylum to the persecuted and oppressed of every Nation and Religion.""  Trump prefers to send refugees back to authoritarian regimes and civil war.","2017-02-03T20:06:50+0000","video","https://www.facebook.com/RepRaskin/videos/1438192416193746/","1406085866071068_1438192416193746",NA,331,42,33
"1406085866071068","Rep. Jamie Raskin","Proud to join my fellow Reps. Don Beyer, Gerry Connolly, and John K. Delaney and hundreds of our constituents to protest Trump's unconstitutional and absurd ""Muslim ban."" We asked Customs & Border Patrol about affording detainees access to legal counsel, as required by Judge Brinkema's order. No response. This outrageous and appalling ""Muslim ban"" is a civil liberties nightmare. The President should tell his fascist advisor Bannon that We The People will never give up our Constitution, our Bill of Rights, and our freedoms.","2017-01-29T22:12:35+0000","photo","https://www.facebook.com/RepRaskin/photos/a.1432752886737699.1073741832.1406085866071068/1432746180071703/?type=3","1406085866071068_1432752876737700","Rep. Jamie Raskin added 16 new photos — at Washington Dulles International Airport.",1151,192,176
"1406085866071068","Rep. Jamie Raskin","Rep. Raskin (MD-08) joined ""All In With Chris Hayes"" on MSNBC to discuss the dubious constitutionality of Trump's horrible executive orders.","2017-01-27T17:48:36+0000","video","https://www.facebook.com/RepRaskin/videos/1430136846999303/","1406085866071068_1430136846999303",NA,201,36,64
"1406085866071068","Rep. Jamie Raskin","Sign me up! I marched in defense of equal rights last week and would be thrilled to march again in defense of science and truth. Let's make America think again.","2017-01-25T21:17:54+0000","link","https://www.washingtonpost.com/news/speaking-of-science/wp/2017/01/24/are-scientists-going-to-march-on-washington/?postshare=7811485307292866&tid=ss_tw-bottom&utm_term=.c59ac0830297","1406085866071068_1428122290534092",NA,635,24,71
"1406085866071068","Rep. Jamie Raskin","I look forward to working with Ranking Member John Conyers and my Democratic colleagues to safeguard the Constitution and the Bill of Rights.","2017-01-24T23:45:59+0000","link","https://raskin.house.gov/media/press-releases/raskin-unanimously-elected-vice-ranking-member-judiciary-committee","1406085866071068_1426801403999514",NA,545,44,45
"1406085866071068","Rep. Jamie Raskin","Rep. Raskin (MD-08) delivers his first speech from the Well of the House in support of women's reproductive health and against the appalling HR 7.","2017-01-24T22:14:05+0000","video","https://www.facebook.com/RepRaskin/videos/1426713264008328/","1406085866071068_1426713264008328",NA,598,90,146
"1406085866071068","Rep. Jamie Raskin","What a dramatic breakthrough for people power this weekend at the Women’s March in D.C. and at sister marches around the world. Interesting article about the political hopes revived by this popular uprising and how we can channel that energy into political action: “The outpouring of support for progressive politics at the march could change the political dynamics in Congress.” Check it out!","2017-01-23T23:13:15+0000","link","https://www.washingtonpost.com/politics/democrats-see-hope-in-womens-marches--but-wonder-what-comes-next/2017/01/22/577bf2e6-e0ee-11e6-a453-19ec4b3d09ba_story.html?postshare=6191485134162688&tid=ss_tw&utm_term=.b2d569fdc345","1406085866071068_1425358437477144",NA,62,11,2
"1406085866071068","Rep. Jamie Raskin","What a joy to assemble for a beautiful rugged hike through Rock Creek Park on Friday afternoon. More than 75 constituents and out-of-town guests experienced the moral and spiritual uplift of local nature. Thanks to my friend Melanie Choukas-Bradley, nature-writer and irrepressible nature-lover, for the awesome guided tour. As we prepare to defend everything we believe in, don't forget the words of Silver Spring's Rachel Carson, author of ""Silent Spring"": ""There is something infinitely healing in the repeated refrains of nature.""","2017-01-22T22:05:13+0000","link","https://newrepublic.com/article/140019/attend-trumps-inauguration-democratic-congressman-literally-took-hike","1406085866071068_1424000580946263",NA,226,14,12
"1406085866071068","Rep. Jamie Raskin","Proud beyond measure to march with thousands of Marylanders, my daughters, and about 1 million other people today at the joyfully rebellious and historic Women's March on Washington. In America, ""we the people"" are not the fourth branch of government, some kind of erstwhile watchdog; we are the first branch of government, the fountain from which all power flows and the sovereign community whose rights you mess with at your own political peril. The overflowing, exuberant and resolute crowd that filled every nook and cranny of Capitol Hill today will simply not permit the new regime to dismantle the Bill of Rights, women's equality, or the social progress we have made over the last half-century. Globally, millions took to the streets to demonstrate that popular majorities are the real superpower on earth. This will be the critical counterforce to Trump and Putin and the league of dictators, despots and white nationalist polemicists that threaten democracy on earth. Human rights are women's rights, as Hillary said, and women's rights are human rights. The struggle for gender equality is the struggle for democracy.  This is what democracy looks like indeed, and it's also what a popular majority looks like. Thank you Maryland, and thank you America and the world for rising up today.","2017-01-22T04:40:45+0000","video","https://www.facebook.com/RepRaskin/videos/1423205051025816/","1406085866071068_1423205051025816",NA,253,29,17
"1406085866071068","Rep. Jamie Raskin",NA,"2017-01-22T02:08:38+0000","photo","https://www.facebook.com/RepRaskin/photos/a.1423105697702418.1073741831.1406085866071068/1423104924369162/?type=3","1406085866071068_1423105261035795","Rep. Jamie Raskin added 12 new photos to the album: Women's March on Washington — at The Women's March on Washington - District of Columbia.",129,8,0
"1406085866071068","Rep. Jamie Raskin","44th of Presidents but first in our hearts today. Your goodness and vision will inspire generations to come. Thank you, Barack Obama, for your service.","2017-01-20T14:54:45+0000","photo","https://www.facebook.com/RepRaskin/photos/a.1417935358219452.1073741830.1406085866071068/1421577121188609/?type=3","1406085866071068_1421577121188609",NA,343,26,10
"1406085866071068","Rep. Jamie Raskin","I'm not going to the inauguration. For the last couple of weeks, I have assumed that I would attend the inauguration of Donald Trump as a gesture of ritual constitutionalism, simply to witness the peaceful transfer of power to the new administration. But, as the hour approaches, I realize I cannot bring myself to go. I wish that these were normal times and that I could sit and applaud the normal workings of government. But these are not normal times and I cannot pretend as if they are. The moral and political legitimacy of this presidency are in the gravest doubt. I cannot risk my presence at Trump’s inauguration being interpreted as any kind of endorsement of his continuing business entanglements with foreign governments, his refusal to address the enormity of Russia's efforts to sabotage and undermine our democracy in 2016, his relentless trafficking in bigotry, misogyny, and fear, or his Twitter attacks on civil rights heroes, like my colleague Congressman John Lewis, union leaders and other citizens. I do not rejoice in this decision or take any pride in it any more than I would rejoice or take pride in going on Friday. This coming presidency is just a fact of life we'll all have to address best we can. I am afraid that these kinds of searing moral and political conflicts will be our destiny for a while.","2017-01-18T03:06:27+0000","link","https://www.washingtonpost.com/local/md-politics/maryland-democrat-rep-jamie-raskin-will-skip-trump-inauguration/2017/01/17/1a39264e-dcf5-11e6-acdf-14da832ae861_story.html?postshare=6311484689224248&tid=ss_tw&utm_term=.9e9ecbdb29f3","1406085866071068_1419224844757170",NA,1982,401,289
"1406085866071068","Rep. Jamie Raskin","Happy MLK Day everyone. Dr. King figured importantly in my childhood. In 1963 my parents marched on Washington and can be seen in this treasured Life Magazine photo with other marchers dangling their feet in the Reflecting Pool. Five years later, when my father, Marcus Raskin, was indicted in the Boston 5 anti-draft conspiracy trial with Dr. Benjamin Spock, Reverend William Sloane Coffin, Michael Ferber and Mitchell Goodman, Dr. King sent my father a telegram saying that if the defendants were guilty for speaking out against the Vietnam War then he was guilty too. The kids in my family grew up with the comforting knowledge that Dr. Martin Luther King was on our side. The dazzling career and commitment of Reverend King are a constant inspiration for our people and a lodestar for America. Let his memory guide us through a gloomy time.","2017-01-16T15:32:03+0000","photo","https://www.facebook.com/RepRaskin/photos/a.1417935358219452.1073741830.1406085866071068/1417935308219457/?type=3","1406085866071068_1417935308219457",NA,245,24,11
"1406085866071068","Rep. Jamie Raskin","Proud to join Rep. William Lacy Clay in resisting absurd art censorship in the House. Don't arrest art! #1A","2017-01-12T00:02:45+0000","link","http://bit.ly/2iljGyG","1406085866071068_1413481741998147",NA,88,13,5
"1406085866071068","Rep. Jamie Raskin","Thrilled to announce my appointment to the House Judiciary Committee. What a splendid honor! In 1981, as a college junior, I interned for Congressman John Conyers, Jr. on the Judiciary Committee and found there not only a lifelong mentor but a passion for constitutional law and a profound appreciation for the Judiciary Committee and the role that it plays in defending the rights and freedoms of the people. In 2016, with such profound disrespect for constitutional values being displayed by the incoming administration, the work of the Judiciary Committee is of surpassing and urgent importance. Here in this Committee we will take our stand for civil rights and voting rights, civil liberties and reproductive freedom, the rights of citizens and the rights of immigrants, criminal justice reform and access to justice for all.  I am grateful to House Democratic Leader Nancy Pelosi, Democratic Whip Steny Hoyer, Congressman Conyers, and above all my constituents for making this appointment possible.","2017-01-10T22:59:39+0000","link","https://raskin.house.gov/media/press-releases/congressman-jamie-raskin-joins-house-judiciary-committee","1406085866071068_1412538575425797",NA,389,51,30
"1406085866071068","Rep. Jamie Raskin","The 8th District’s federal workforce is more than 80,000 strong. These workers deserve a President who values and supports their work, not someone who maligns their profession and tries to drive them away from public service. I’m proud to stand with fellow House Democrats calling on Trump to reconsider his ludicrous and self-destructive federal employee hiring freeze. Our federal workforce protects our air and water, our national security, our food and drugs, our parks and lands. We depend on federal workers every day. Read our letter: bit.ly/2iexAmp.","2017-01-10T14:19:39+0000","link","http://bit.ly/2iexAmp","1406085866071068_1412217788791209",NA,112,8,8
"1406085866071068","Rep. Jamie Raskin","I was proud to join Reps. Barbara Lee, Sheila Jackson Lee, Jim McGovern, Pramila Jayapal, Raul M. Grijalva, and Maxine Waters in objecting to the casting of electors in the tainted presidential election of 2016. I objected to ten electors from Florida who are elected officials, including the Attorney General and multiple State Representatives and Senators, all of whom were in violation of the specific state ban on dual officeholding, which parallels the Constitutional prohibition against federal officials serving as Electors. But we had no opportunity to debate technical violations like this, strategic voter suppression, or the contamination of the election by Putin's cyber-sabotage for lack of a Senator joining us in the objection. This was a solemn and ominous experience.","2017-01-08T19:26:12+0000","video","https://youtu.be/bxEr_mRpp44","1406085866071068_1410786048934383",NA,126,32,16
"1406085866071068","Rep. Jamie Raskin","#TBT to my first year in the MD Senate. It's been a thrilling journey to the U.S. House of Representatives. Thanks to Sarah, Hannah, Tommy, Tabitha, and Zola! https://www.instagram.com/p/BO49pSlghSK/","2017-01-05T17:04:06+0000","link","https://www.instagram.com/p/BO49pSlghSK/","1406085866071068_1408178999195088",NA,96,11,1
"1406085866071068","Rep. Jamie Raskin",NA,"2017-01-04T23:24:05+0000","photo","https://www.facebook.com/RepRaskin/photos/a.1407615425918112.1073741829.1406085866071068/1407617412584580/?type=3","1406085866071068_1407625432583778","Rep. Jamie Raskin added 70 new photos to the album: 115th Congress: Swearing-in & Open House.",33,0,0
"1406085866071068","Rep. Jamie Raskin","The GOP's proposed rules package targets federal workers and sets the stage to ravage our health care and social safety net. http://bit.ly/2i47Feu","2017-01-03T03:41:19+0000","link","http://bit.ly/2i47Feu","1406085866071068_1406099506069704",NA,5,1,1
"1406085866071068","Rep. Jamie Raskin","The House GOP rules package for the 115th Congress is an unconstitutional power grab.  One unprecedented new rule would authorize the Sergeant-at-Arms to unilaterally exercise the power of the House to punish its Members for certain alleged infractions and to do so without any formal charges or hearing. This divesting of the House's power to discipline its own Members is a response to last year's gun safety sit-in on the House floor and shreds the most basic notions of due process for legislators. Whoever wrote this rule has not thought it through and should reread the Constitution. http://bit.ly/2iCCL0t","2017-01-03T03:30:43+0000","link","http://bit.ly/2iCCL0t","1406085866071068_1406088899404098",NA,17,6,4
"1406085866071068","Rep. Jamie Raskin",NA,"2017-01-03T03:28:35+0000","photo","https://www.facebook.com/RepRaskin/photos/a.1406087559404232.1073741827.1406085866071068/1406087366070918/?type=3","1406085866071068_1406087592737562","Rep. Jamie Raskin updated their cover photo.",39,4,2
"1406085866071068","Rep. Jamie Raskin",NA,"2017-01-03T03:27:01+0000","photo","https://www.facebook.com/RepRaskin/photos/a.1406086829404305.1073741825.1406085866071068/1406086839404304/?type=3","1406085866071068_1406086889404299","Rep. Jamie Raskin updated their profile picture.",52,10,1
