"from_id","from_name","message","created_time","type","link","id","story","likes_count","comments_count","shares_count"
"197737020257085","Rep. Cedric Richmond","This morning, I got the opportunity to engage with bright, future leaders from the Congressional Black Caucus Foundation. They asked great questions and showed their genuine interest in policy. Very special shout out to the LA-02 CBCF Intern Louis Gremillion Jr..","2017-06-23T16:37:19+0000","photo","https://www.facebook.com/RepRichmond/photos/a.278663322164454.77921.197737020257085/1766950546669050/?type=3","197737020257085_1766950843335687","Rep. Cedric Richmond added 2 new photos.",180,19,11
"197737020257085","Rep. Cedric Richmond","""We cannot afford this heartless healthcare plan that is even more malicious than the proposal that the President himself described as ‘mean.""  https://richmond.house.gov/press-releases/rep-richmond-senate-version-gop-healthcare-bill","2017-06-22T21:43:30+0000","link","https://richmond.house.gov/press-releases/rep-richmond-senate-version-gop-healthcare-bill","197737020257085_1766208936743211",NA,194,25,47
"197737020257085","Rep. Cedric Richmond","Looks like GOP Senators didn’t learn anything from their colleagues in the House. The Senate Healthcare Bill is the same callous attempt to turn healthcare for hardworking people into tax cuts for the richest Americans.   https://mobile.nytimes.com/2017/06/22/us/politics/senate-leaders-unveil-bill-to-repeal-the-affordable-care-act.html?referer=http://m.facebook.com","2017-06-22T16:49:07+0000","link","https://mobile.nytimes.com/2017/06/22/us/politics/senate-leaders-unveil-bill-to-repeal-the-affordable-care-act.html?referer=http%3A%2F%2Fm.facebook.com","197737020257085_1765984683432303",NA,30,16,32
"197737020257085","Rep. Cedric Richmond",NA,"2017-06-22T14:35:46+0000","photo","https://www.facebook.com/RepRichmond/photos/a.374916239205828.96741.197737020257085/1765879520109486/?type=3","197737020257085_1765879566776148","Rep. Cedric Richmond updated their cover photo.",33,3,1
"197737020257085","Rep. Cedric Richmond","The Governor has officially declared a state of emergency across Louisiana. I encourage everyone to stay off the roads due to the chance of increased flooding today and continue to stay updated with Louisiana Governor's Office of Homeland Security and Emergency Preparedness and US National Weather Service New Orleans Louisiana  http://www.nola.com/politics/index.ssf/2017/06/cindy_louisiana_emergency.html","2017-06-21T15:30:41+0000","link","http://www.nola.com/politics/index.ssf/2017/06/cindy_louisiana_emergency.html","197737020257085_1765007350196703",NA,66,6,55
"197737020257085","Rep. Cedric Richmond","I encourage everyone to stay safe & stay updated with Louisiana Governor's Office of Homeland Security and Emergency Preparedness & US National Weather Service New Orleans Louisiana regarding tropical storm #Cindy.","2017-06-20T19:44:36+0000","photo","https://www.facebook.com/RepRichmond/photos/a.278663322164454.77921.197737020257085/1764157316948373/?type=3","197737020257085_1764157316948373",NA,30,1,7
"197737020257085","Rep. Cedric Richmond","Happy Father's Day to all of the fathers out there. I hope you enjoy your special day.   Photo Credit: The Undefeated","2017-06-18T15:25:36+0000","photo","https://www.facebook.com/RepRichmond/photos/a.278663322164454.77921.197737020257085/1761495437214561/?type=3","197737020257085_1761495437214561",NA,122,6,3
"197737020257085","Rep. Cedric Richmond","I am saddened by the horrific news from GOP baseball practice. My prayers are with my colleague Congressman Steve Scalise , the Capitol police officers, and staff.","2017-06-14T13:39:01+0000","status",NA,"197737020257085_1756858817678223",NA,92,10,5
"197737020257085","Rep. Cedric Richmond","#DidYouKnow If you live in a high-risk flood zone, and you've received federal disaster assistance in the form of grants from FEMA or low-interest disaster loans from the U.S. Small Business Administration (SBA) following a Presidential Disaster Declaration, you must maintain flood insurance in order to be considered for any future federal disaster aid. The damage from just one inch of water can cost more than $20,000. For more tips like this, visit https://www.fema.gov/national-flood-insurance-program","2017-06-05T19:39:56+0000","link","https://www.fema.gov/national-flood-insurance-program","197737020257085_1747231495307622",NA,14,0,10
"197737020257085","Rep. Cedric Richmond","Thank you, National Oceanic and Atmospheric Administration for sharing this great video about the steps to take when preparing for a disaster. Hurricane season starts today and I want to make sure LA02 is prepared!","2017-06-01T19:49:04+0000","video","https://www.facebook.com/RepRichmond/videos/1742484875782284/","197737020257085_1742484875782284",NA,29,16,13
"197737020257085","Rep. Cedric Richmond","When preparing for hurricane season, it is imperative that you review your insurance documents and speak with your insurance agent about the specifics of your policy.","2017-05-31T14:24:49+0000","photo","https://www.facebook.com/RepRichmond/photos/a.278663322164454.77921.197737020257085/1741204589243646/?type=3","197737020257085_1741204589243646",NA,6,0,3
"197737020257085","Rep. Cedric Richmond","‪We honor the brave men and women who fearlessly fought for this country & paid the ultimate sacrifice of their lives. #MemorialDay‬","2017-05-29T16:58:30+0000","status",NA,"197737020257085_1739396349424470",NA,21,0,0
"197737020257085","Rep. Cedric Richmond","We are predicted to have an above-normal hurricane season and I want you to stay informed and be prepared. Sign-up for my newsletter here: https://richmond.congressnewsletter.net/mail/util.cfm?mailaction=profile","2017-05-26T15:11:00+0000","photo","https://www.facebook.com/RepRichmond/photos/a.278663322164454.77921.197737020257085/1736439666386805/?type=3","197737020257085_1736439666386805",NA,7,2,3
"197737020257085","Rep. Cedric Richmond","With Hurricane Season quickly approaching, I will be sharing tips on how you should prepare for what this season may bring. As always, you can head to https://richmond.house.gov/serving-you/disaster-preparedness for more information and resources on disaster preparedness.","2017-05-25T17:17:10+0000","link","https://richmond.house.gov/serving-you/disaster-preparedness","197737020257085_1735665353130903",NA,15,0,3
"197737020257085","Rep. Cedric Richmond","#ActionsSpeakLouderThanWords   http://www.theadvocate.com/baton_rouge/opinion/article_21e6de34-3fe4-11e7-bcfd-8bc839cb620c.html","2017-05-24T16:23:22+0000","link","http://www.theadvocate.com/baton_rouge/opinion/article_21e6de34-3fe4-11e7-bcfd-8bc839cb620c.html","197737020257085_1734763969887708",NA,149,10,51
"197737020257085","Rep. Cedric Richmond","“The President makes his priorities clear and strips funding from programs that help working families get ahead. Our economy is strongest when investment is focused from the middle out, rather than the top down. Instead, the President’s proposal delivers the moon and stars to the wealthiest Americans while leaving the middle class without a parachute.”  https://richmond.house.gov/press-releases/rep-richmond-statement-president-s-budget-proposal-0","2017-05-23T15:34:14+0000","link","https://richmond.house.gov/press-releases/rep-richmond-statement-president-s-budget-proposal-0","197737020257085_1733792443318194",NA,81,18,20
"197737020257085","Rep. Cedric Richmond","Today in 1954, The U.S. Supreme Court handed down the decision in the monumental Brown vs. The Board of Education case.  As we remember this day, we must keep in mind the following:  ""In these days, it is doubtful that any child may reasonably be expected to succeed in life if he is denied the opportunity of an education. Such an opportunity, where the state has undertaken to provide it, is a right which must be made available to all on equal terms."" - Chief Justice Warren","2017-05-17T15:58:25+0000","photo","https://www.facebook.com/RepRichmond/photos/a.278663322164454.77921.197737020257085/1727898827240889/?type=3","197737020257085_1727898827240889",NA,48,1,17
"197737020257085","Rep. Cedric Richmond","For families affected by the devastating August flooding, there are still resources available to help you rebuild. Head over to http://restore.la.gov/ for more information.","2017-05-16T20:12:40+0000","photo","https://www.facebook.com/RepRichmond/photos/a.278663322164454.77921.197737020257085/1727135090650596/?type=3","197737020257085_1727135090650596",NA,5,2,3
"197737020257085","Rep. Cedric Richmond","Transitional sheltering assistance has been extended by FEMA  for Louisiana residents who were affected by August flooding.","2017-05-09T17:50:07+0000","photo","https://www.facebook.com/RepRichmond/photos/a.278663322164454.77921.197737020257085/1719917311372374/?type=3","197737020257085_1719917311372374",NA,16,3,6
"197737020257085","Rep. Cedric Richmond","“Passage of this bill, in addition to the regulatory changes the Trump administration has undertaken, continues to jeopardize healthcare for millions.” http://bit.ly/2pEeVUJ","2017-05-04T20:20:58+0000","link","http://bit.ly/2pEeVUJ","197737020257085_1715395948491177",NA,74,34,17
"197737020257085","Rep. Cedric Richmond","""I share the concerns of the Sterling family regarding the way they learned of DOJ's decision. There is no reason they should have read about the decision in the media with no direct contact from Justice officials for days. We deserve better from the department...""   http://bit.ly/2oZbhGi","2017-05-03T22:36:06+0000","link","http://bit.ly/2oZbhGi","197737020257085_1714405768590195",NA,60,0,13
"197737020257085","Rep. Cedric Richmond","""I share the concerns of the Sterling family regarding the way they learned of DOJ's decision. There is no reason they should have read about the decision in the media with no direct contact from Justice officials for days. We deserve better from the department...""   http://bit.ly/2oZbhGi","2017-05-03T22:36:05+0000","link","http://bit.ly/2oZbhGi","197737020257085_1714405758590196",NA,26,7,7
"197737020257085","Rep. Cedric Richmond","“These new changes make a bad bill worse by allowing states to gut requirements that all plans provide essential health benefits, such as maternity care and mental health services, and eliminate protections for those with pre-existing conditions.”   http://bit.ly/2q7Mz3d","2017-04-27T13:23:52+0000","link","http://bit.ly/2q7Mz3d","197737020257085_1707910469239725",NA,46,12,7
"197737020257085","Rep. Cedric Richmond","I know that tax season can be a stressful and confusing time, but my office is available to help you through any issues that may come up with the IRS. If you or anyone you know needs help with their tax situation, please do not hesitate to contact my office. Below you will find some helpful tips when calling IRS.","2017-04-18T20:25:54+0000","photo","https://www.facebook.com/RepRichmond/photos/a.278663322164454.77921.197737020257085/1697580950272677/?type=3","197737020257085_1697580950272677",NA,12,3,8
"197737020257085","Rep. Cedric Richmond","“These new resources from FEMA will help schools repair damage caused by flood waters and begin the process of making school districts whole. There is still much work to do and I will continue to ensure that the federal government lives up to its responsibility.”   https://richmond.house.gov/press-releases/rep-richmond-announces-more-11m-flood-recovery-grants","2017-04-12T16:24:20+0000","link","https://richmond.house.gov/press-releases/rep-richmond-announces-more-11m-flood-recovery-grants","197737020257085_1690936660937106",NA,18,0,5
"197737020257085","Rep. Cedric Richmond","The President’s proposed budget and health care plan clearly show Louisiana is not a priority for him. As your representative, I will remain vocal about how the policies of this administration will be detrimental to the people of Louisiana.  http://bit.ly/2oBzUrL","2017-04-05T15:37:02+0000","link","http://bit.ly/2oBzUrL","197737020257085_1680394005324705",NA,77,16,10
"197737020257085","Rep. Cedric Richmond","“Elie represented the best of who we are, and pushed Louisiana and the nation to reach that standard. We all have him to thank for how far we have risen since the day he first joined a picket line and for the heights we will reach in the future.”   My statement on the passing of Lolis Edward Elie: http://bit.ly/2oI46hV","2017-04-05T13:37:17+0000","video","https://www.facebook.com/RepRichmond/videos/1680259932004779/","197737020257085_1680259932004779",NA,57,1,12
"197737020257085","Rep. Cedric Richmond","The Congressional Art Competition 2017 is officially underway! High school students in Louisiana’s 2nd district are encourage to enter their artwork for a chance to win a round-trip to Washington, D.C. for the Congressional Art Competition Reception and the opportunity for their artwork to be displayed in Cannon Tunnel of the U.S. Capitol.  *Please note if you are in 7th or 8th grade at a continual school, you can enter the competition!    The deadline to drop off your artwork is April 21st, 2017 by 7 pm!  Mor information including rules and regulations for the art competition can be found at http://bit.ly/LA02CAC2017","2017-03-31T15:48:28+0000","link","http://bit.ly/LA02CAC2017","197737020257085_1674282775935828",NA,24,7,14
"197737020257085","Rep. Cedric Richmond",NA,"2017-03-24T15:01:39+0000","photo","https://www.facebook.com/RepRichmond/photos/a.278663322164454.77921.197737020257085/1666913753339397/?type=3","197737020257085_1666913753339397","Rep. Cedric Richmond added a new photo.",576,149,36
"197737020257085","Rep. Cedric Richmond","Many people tend to underestimate the need for mental health services and constituents like Michelle should not have to spend an absurd amount of money to get their kids the help they deserve.   #ACAWorks4LA #ACA7","2017-03-23T13:02:09+0000","photo","https://www.facebook.com/RepRichmond/photos/a.278663322164454.77921.197737020257085/1665719620125477/?type=3","197737020257085_1665719620125477",NA,24,4,0
"197737020257085","Rep. Cedric Richmond","Daquin, you are not forgotten and I am fighting to ensure citizens like you do not feel forgotten by the GOP #ACAWorks4LA","2017-03-22T16:49:52+0000","photo","https://www.facebook.com/RepRichmond/photos/a.278663322164454.77921.197737020257085/1664680580229381/?type=3","197737020257085_1664680580229381",NA,24,7,5
"197737020257085","Rep. Cedric Richmond","As my Republican colleagues attempt to repeal the Affordable Care Act this week, I want to highlight stories from Louisiana’s second district to show that #ACAWorks4LA in hopes they will listen.","2017-03-22T16:03:09+0000","photo","https://www.facebook.com/RepRichmond/photos/a.278663322164454.77921.197737020257085/1664640976900008/?type=3","197737020257085_1664640976900008",NA,39,13,6
"197737020257085","Rep. Cedric Richmond","Many of you have called my office to express your concern about the proposed cut of the National Endowment for the Arts. I strongly believe that Louisiana’s culture would not be what it is today without support for programs that develop our next generation of artists. #LAWithoutArt","2017-03-20T21:55:11+0000","photo","https://www.facebook.com/RepRichmond/photos/a.278663322164454.77921.197737020257085/1662788287085277/?type=3","197737020257085_1662788287085277",NA,80,13,12
"197737020257085","Rep. Cedric Richmond","ICYMI: Below is the link to yesterday’s newsletter on how the GOP Replacement Healthcare Plan would hurt the people of Louisiana.  If the Affordable Care Act has been beneficial to you and your family, please fill out the survey located in the newsletter. We need to show Republicans how the Affordable Care Act is helping Louisiana.   http://bit.ly/ACANewsletter","2017-03-16T16:02:54+0000","photo","https://www.facebook.com/RepRichmond/photos/a.278663322164454.77921.197737020257085/1658388064191966/?type=3","197737020257085_1658388064191966",NA,23,8,28
"197737020257085","Rep. Cedric Richmond","""As Republicans in Washington move forward with their destructive health reform legislation, they would be wise to look at Louisiana’s example before dismantling the Medicaid expansion. ""  http://www.theadvocate.com/baton_rouge/opinion/article_a5f9c388-04e5-11e7-a069-3f8f310c9efc.html","2017-03-10T15:45:01+0000","link","http://www.theadvocate.com/baton_rouge/opinion/article_a5f9c388-04e5-11e7-a069-3f8f310c9efc.html","197737020257085_1651406954890077",NA,170,40,47
"197737020257085","Rep. Cedric Richmond",NA,"2017-03-09T14:32:58+0000","photo","https://www.facebook.com/RepRichmond/photos/a.197737333590387.51963.197737020257085/1006038112760301/?type=3","197737020257085_1006038112760301","Rep. Cedric Richmond updated their profile picture.",51,27,0
"197737020257085","Rep. Cedric Richmond","It is absolutely ridiculous the President assumes cutting Federal Emergency Management Agency (FEMA), U.S. Coast Guard, and TSA budgets for mass deportation is a good idea.   Making it harder for families to receive natural disaster resources and putting ports and airports at risk will not serve for the good of this country!  http://wapo.st/2myKLB7?tid=ss_tw","2017-03-08T20:31:29+0000","link","http://wapo.st/2myKLB7?tid=ss_tw","197737020257085_1648787398485366",NA,39,26,48
"197737020257085","Rep. Cedric Richmond","Over twenty years ago, one woman changed the culture of Mardi Gras by addressing the injustice and racism that existed within the traditions of large Mardi Gras Krewes.   #InternationalWomensDay #ADayWithoutAWoman","2017-03-08T17:12:28+0000","photo","https://www.facebook.com/RepRichmond/photos/a.278663322164454.77921.197737020257085/1648593445171428/?type=3","197737020257085_1648593445171428",NA,35,9,5
"197737020257085","Rep. Cedric Richmond","We all continue to praise and commemorate the bravery of Ruby Bridges, but do we ever wonder what school integration would look like if she decided not to walk into William Frantz Elementary that day? #InternationalWomensDay #ADayWithoutAWoman","2017-03-08T16:56:17+0000","photo","https://www.facebook.com/RepRichmond/photos/a.278663322164454.77921.197737020257085/1648580891839350/?type=3","197737020257085_1648580891839350",NA,28,3,7
"197737020257085","Rep. Cedric Richmond",NA,"2017-03-08T15:18:07+0000","photo","https://www.facebook.com/RepRichmond/photos/a.197737333590387.51963.197737020257085/1648506625180110/?type=3","197737020257085_1648506811846758","Rep. Cedric Richmond updated their profile picture.",7,3,0
"197737020257085","Rep. Cedric Richmond","The lack of transparency from the White House cannot continue. I am proud to stand with  U.S. House Committee on the Judiciary - Democrats to ensure that Americans are receiving the information they need to understand these issues and be able to draw their own conclusions.","2017-03-08T00:42:44+0000","photo","https://www.facebook.com/RepRichmond/photos/a.278663322164454.77921.197737020257085/1647807931916646/?type=3","197737020257085_1647808985249874","Rep. Cedric Richmond added 8 new photos.",89,34,18
"197737020257085","Rep. Cedric Richmond","Women have constantly been the driving force for change in this country and I’m happy to celebrate #WomensHistoryMonth by honoring a few fearless women who have pushed Louisiana forward!","2017-03-01T22:46:32+0000","photo","https://www.facebook.com/RepRichmond/photos/a.278663322164454.77921.197737020257085/1641698529194253/?type=3","197737020257085_1641698529194253",NA,146,1477,52
"197737020257085","Rep. Cedric Richmond",NA,"2017-02-28T14:21:51+0000","photo","https://www.facebook.com/RepRichmond/photos/a.278663322164454.77921.197737020257085/1640312452666194/?type=3","197737020257085_1640312452666194","Rep. Cedric Richmond added a new photo.",49,164,4
"197737020257085","Rep. Cedric Richmond",NA,"2017-02-27T18:02:18+0000","photo","https://www.facebook.com/RepRichmond/photos/a.278663322164454.77921.197737020257085/1639335619430544/?type=3","197737020257085_1639335619430544","Rep. Cedric Richmond added a new photo.",42,80,2
"197737020257085","Rep. Cedric Richmond","“While I am not surprised by Justice Thomas’ lack of awareness, I remain frustrated that the lone African-American judge on our nation’s highest court continuously ignores the lived experience of everyday Black Americans and stands in the way of justice.”","2017-02-23T14:08:32+0000","photo","https://www.facebook.com/RepRichmond/photos/a.278663322164454.77921.197737020257085/1635432549820851/?type=3","197737020257085_1635432549820851",NA,85,141,25
"197737020257085","Rep. Cedric Richmond","Resource Updates for Orleans Parish:  Orleans Parish citizens who have been affected by the recent tornadoes can now apply for Disaster Unemployment Assistance and the Disaster Supplemental Nutrition Assistance Program (DSNAP).   For those applying for DSNAP, to help expedite the application process, DCFS is encouraging residents in all affected areas to pre-register for DSNAP benefits online at www.dcfs.la.gov/preregister.  Regular SNAP households SHOULD NOT go to a DSNAP site. Households that receive regular SNAP benefits can apply for replacement benefits through DCFS if they lost food in the tornadoes. They must report their loss by contacting a local DCFS office by Friday, February 24","2017-02-17T17:26:22+0000","photo","https://www.facebook.com/RepRichmond/photos/a.278663322164454.77921.197737020257085/1629829203714519/?type=3","197737020257085_1629837530380353","Rep. Cedric Richmond added 2 new photos.",20,52,20
"197737020257085","Rep. Cedric Richmond",NA,"2017-02-15T20:22:27+0000","photo","https://www.facebook.com/RepRichmond/photos/a.278663322164454.77921.197737020257085/1627536383943801/?type=3","197737020257085_1627536383943801","Rep. Cedric Richmond added a new photo.",142,99,36
"197737020257085","Rep. Cedric Richmond","Below you will find information about how to apply for disaster assistance!","2017-02-13T20:19:53+0000","photo","https://www.facebook.com/RepRichmond/photos/a.278663322164454.77921.197737020257085/1625775460786560/?type=3","197737020257085_1625775460786560",NA,14,40,21
"197737020257085","Rep. Cedric Richmond","A disaster recovery center is now open for residents of Orleans Parish. Please share the information below with those affected by last week's tornadoes. My office will continue to post updates as we receive them!","2017-02-13T16:46:13+0000","photo","https://www.facebook.com/RepRichmond/photos/a.278663322164454.77921.197737020257085/1625646817466091/?type=3","197737020257085_1625646817466091",NA,29,22,46
"197737020257085","Rep. Cedric Richmond","More updates including New Orleans Fire Department primary search of damaged homes and Red Cross phone numbers!","2017-02-07T23:02:23+0000","photo","https://www.facebook.com/RepRichmond/photos/a.278663322164454.77921.197737020257085/1620186818012091/?type=3","197737020257085_1620186818012091",NA,10,15,22
"197737020257085","Rep. Cedric Richmond","There is a temporary shelter opening at Joe Brown Recreation Center in New Orleans East. Please share the information below with friends or family who may have been impacted by today's storms.","2017-02-07T21:58:57+0000","photo","https://www.facebook.com/RepRichmond/photos/a.278663322164454.77921.197737020257085/1620090794688360/?type=3","197737020257085_1620090794688360",NA,103,16,1367
"197737020257085","Rep. Cedric Richmond","Below is the link to my statement on today’s storm.  Updates with resources will be coming soon.   https://richmond.house.gov/press-releases/rep-richmond-severe-storms-new-orleans","2017-02-07T19:46:09+0000","link","https://richmond.house.gov/press-releases/rep-richmond-severe-storms-new-orleans","197737020257085_1619929848037788",NA,36,23,18
"197737020257085","Rep. Cedric Richmond","My thoughts and prayers go out to everyone who has been affected by today's severe weather. Please stay safe and we will provide updates as they are given.","2017-02-07T18:58:50+0000","status",NA,"197737020257085_1619887098042063",NA,66,19,0
"197737020257085","Rep. Cedric Richmond","As a proud Morehouse graduate and former student-athlete, it is so important that the NFL recognizes their HBCU Pro-Football players http://bit.ly/2kFcEa4","2017-02-06T19:50:11+0000","link","http://bit.ly/2kFcEa4","197737020257085_1618795454817894",NA,203,20,31
"197737020257085","Rep. Cedric Richmond","“Black Media and particularly the Black Press play and extraordinary role in getting our message out to our communities, print media especially plays an important role because the Black Press is highly regarded within our communities and people have a greater trust in the information that they receive via the Black Press”.  It is important that we continue to support Black-owned business, especially media outlets that highlight the work of African-American leaders  https://lasentinel.net/congressman-cedric-richmond-brings-bold-new-leadership-to-congressional-black-caucus.html","2017-02-02T21:45:42+0000","link","https://lasentinel.net/congressman-cedric-richmond-brings-bold-new-leadership-to-congressional-black-caucus.html","197737020257085_1615020198528753",NA,360,38,100
"197737020257085","Rep. Cedric Richmond","I cannot and will not stay silent as President Trump continues to prove he is not willing to ensure Americans have all the rights and protections the Supreme Court is meant to uphold.","2017-02-01T03:08:23+0000","photo","https://www.facebook.com/RepRichmond/photos/a.278663322164454.77921.197737020257085/1612977978732975/?type=3","197737020257085_1612977978732975",NA,186,43,26
"197737020257085","Rep. Cedric Richmond","“In these uncertain times, increased vigilance when it comes to nuclear materials is especially critical,”  https://richmond.house.gov/press-releases/rep-richmond-passage-nuclear-detection-improvement-act","2017-01-31T21:34:47+0000","link","https://richmond.house.gov/press-releases/rep-richmond-passage-nuclear-detection-improvement-act","197737020257085_1612706245426815",NA,38,7,4
"197737020257085","Rep. Cedric Richmond","President Trump's first week in office.","2017-01-27T23:59:50+0000","photo","https://www.facebook.com/RepRichmond/photos/a.278663322164454.77921.197737020257085/1608337909196982/?type=3","197737020257085_1608337909196982",NA,74,36,107
"197737020257085","Rep. Cedric Richmond","“President Trump’s pick for a senior leadership position in the civil rights division of DOJ is a slap in the face to what the division has represented for over 50 years,”   http://bit.ly/2j639kp","2017-01-25T22:22:23+0000","photo","https://www.facebook.com/RepRichmond/photos/a.278663322164454.77921.197737020257085/1606063339424439/?type=3","197737020257085_1606063339424439",NA,70,13,34
"197737020257085","Rep. Cedric Richmond","Mr. Price is so adamant about privatizing Medicare that he is a part of an organization that believes that ""government assumption of responsibility for medical care is 'evil' and 'immoral'"" We cannot allow the confirmation of Mr. Price, because he will roll back the progress we have made with the Affordable Care Act.","2017-01-18T15:43:24+0000","photo","https://www.facebook.com/RepRichmond/photos/a.278663322164454.77921.197737020257085/1597535296943910/?type=3","197737020257085_1597535296943910",NA,37,15,6
"197737020257085","Rep. Cedric Richmond","Betsy DeVos has proved time and time again that she is not concerned with the educational advancement of students in Detroit. Instead, her interest lies with defunding public schools and being the architect of failed for-profit charter systems. The President of Michigan's State Board of Education has noted ""DeVos' agenda is to break the public education system, not educate kids, and replace it with a for-profit model."" If she's thought of in that manner in her own state, do we really need her as Secretary of Education? #KidsNotCash","2017-01-17T21:57:01+0000","photo","https://www.facebook.com/RepRichmond/photos/a.278663322164454.77921.197737020257085/1596891170341656/?type=3","197737020257085_1596891170341656",NA,113,21,23
"197737020257085","Rep. Cedric Richmond","As we take time to reflect this Martin Luther King Day remember the tremendous courage and sacrifice required to build and maintain his legacy.   His work is far from over and we must continually commit ourselves toward making his dream come true.","2017-01-16T17:47:34+0000","photo","https://www.facebook.com/RepRichmond/photos/a.278663322164454.77921.197737020257085/1595569820473791/?type=3","197737020257085_1595569820473791",NA,55,15,4
"197737020257085","Rep. Cedric Richmond","John Lewis' record speaks for itself. What he's done and sacrificed has made this country a more perfect union.","2017-01-14T18:23:05+0000","video","https://www.facebook.com/RepRichmond/videos/1593469417350498/","197737020257085_1593469417350498",NA,270,66,86
"197737020257085","Rep. Cedric Richmond","Congratulations to Shaw alum Vance Joseph on becoming the new Head Coach of the Denver Broncos. He was a star athlete because of his passion for the sport and it has rewarded him again.  http://www.nola.com/saints/index.ssf/2017/01/broncos_introduce_vance_joseph.html","2017-01-12T23:11:34+0000","link","http://www.nola.com/saints/index.ssf/2017/01/broncos_introduce_vance_joseph.html","197737020257085_1591735174190589",NA,92,14,4
"197737020257085","Rep. Cedric Richmond","Today I joined my colleagues Rep. John Lewis  and Sen. Cory Booker to testify against the nomination of Senator Jeff Sessions. Sen. Sessions has a track record of hindering the progress of the African-American community and we cannot afford for him to get confirmed.","2017-01-11T23:23:08+0000","video","https://www.facebook.com/RepRichmond/videos/1590708337626606/","197737020257085_1590708337626606",NA,683,199,271
"197737020257085","Rep. Cedric Richmond",NA,"2017-01-03T15:13:59+0000","video","https://www.facebook.com/RepRichmond/videos/1582482958449144/","197737020257085_1582482958449144","Rep. Cedric Richmond was live.",59,65,25
