"from_id","from_name","message","created_time","type","link","id","story","likes_count","comments_count","shares_count"
"103767526332478","Congresswoman Susan Davis","Reminder: Tomorrow, I’ll be holding a veterans town hall so you can hear directly from people who have served in combat roles. Come hear how that has affected them and how they relate to their family, friends and community differently in some cases after those experiences. Hope you can join us.","2017-06-23T19:51:00+0000","photo","https://www.facebook.com/RepSusanDavis/photos/a.112112472164650.6493.103767526332478/1638493432859872/?type=3","103767526332478_1638493432859872",NA,19,4,6
"103767526332478","Congresswoman Susan Davis","Title IX continues to open doors for students – girls & boys – so that they can reach their full potential. As we celebrate the 45th anniversary, we must also recognize there’s more work to do, such as protecting students from sexual violence, improving campus resources and safety, and encouraging women to enter traditionally male-dominated fields such as STEM.","2017-06-23T18:01:00+0000","photo","https://www.facebook.com/RepSusanDavis/photos/a.112112472164650.6493.103767526332478/1638334029542479/?type=3","103767526332478_1638334029542479",NA,49,2,6
"103767526332478","Congresswoman Susan Davis","Proud to host the Aaron Price Fellows in DC again this year! As the first director of the youth leadership program, it's always special to spend time with them. Thanks to my friends Senator Tammy Baldwin (D-WI), Rep. John Lewis (D-GA), Rep. Jim Lengevin (D-RI), and Rep. Martha McSally (R-AZ) for speaking to the kids.","2017-06-22T21:06:22+0000","photo","https://www.facebook.com/RepSusanDavis/photos/a.112112472164650.6493.103767526332478/1637382809637601/?type=3","103767526332478_1637383572970858","Congresswoman Susan Davis added 2 new photos.",27,1,0
"103767526332478","Congresswoman Susan Davis","The bipartisan trips I lead to Afghanistan for Mothers Day, visiting our troops, and working with young Afghan women are rewarding in themselves. Thank you, Dr. Ken Holland, for the beautiful award for my work and for the work the American University of Afghanistan does everyday.","2017-06-22T00:20:00+0000","photo","https://www.facebook.com/RepSusanDavis/photos/a.112112472164650.6493.103767526332478/1636192483089967/?type=3","103767526332478_1636192483089967",NA,43,9,2
"103767526332478","Congresswoman Susan Davis","It’s pretty clear that the constitution requires the President to get approval from Congress before accepting payments from foreign governments. It’s also clear Trump is violating the constitution. We’ll see him in court.","2017-06-21T21:25:00+0000","link","https://susandavis.house.gov/media-center/press-releases/rep-susan-davis-joins-lawsuit-challenging-trump-s-violation-of","103767526332478_1636005746441974",NA,262,29,15
"103767526332478","Congresswoman Susan Davis","San Diego has a proud veterans community. On Saturday, I’ll be holding a veterans town hall so you can hear directly from people who have served in combat roles. Come hear how that has affected them and how they relate to their family, friends and community differently in some cases after those experiences. Hope you can join us.","2017-06-21T18:49:35+0000","link","https://susandavis.house.gov/about/events/veterans-town-hall","103767526332478_1635982269777655",NA,36,7,5
"103767526332478","Congresswoman Susan Davis","Celebrated on Saturday the many contributions refugee communities make in San Diego for World Refugee Day, which is today. #worldrefugeeday","2017-06-20T20:41:22+0000","photo","https://www.facebook.com/RepSusanDavis/photos/a.112112472164650.6493.103767526332478/1634900339885848/?type=3","103767526332478_1634900339885848",NA,105,6,3
"103767526332478","Congresswoman Susan Davis","My town hall is coming to you live from Montezuma Hall at San Diego State University.","2017-06-20T00:59:48+0000","video","https://www.facebook.com/RepSusanDavis/videos/1633838786658670/","103767526332478_1633838786658670","Congresswoman Susan Davis was live.",216,85,26
"103767526332478","Congresswoman Susan Davis","Reminder: My town hall's tonight at 6pm at SDSU! I will also be streaming it live right here on my FB page. Hope you can be part of it!","2017-06-19T18:43:28+0000","link","https://susandavis.house.gov/about/events/susan-davis-town-hall-meet","103767526332478_1633523693356846",NA,35,4,3
"103767526332478","Congresswoman Susan Davis","In the Higher Education & Workforce Development Subcommittee hearing, I asked the panel if a 40% cut to the Workforce Innovation & Opportunity Act programs would benefit our workforce and country. The silence was deafening.","2017-06-16T21:21:14+0000","video","https://www.facebook.com/RepSusanDavis/videos/1629826873726528/","103767526332478_1629826873726528",NA,91,6,11
"103767526332478","Congresswoman Susan Davis","Horrified by this morning’s shooting. My thoughts and prayers are with my colleague Steve Scalise, those injured, and their families","2017-06-14T12:52:00+0000","link","https://www.washingtonpost.com/local/public-safety/multiple-people-injured-after-shooting-in-alexandria/2017/06/14/0289c768-50f6-11e7-be25-3a519335381c_story.html?hpid=hp_no-name_no-name%3Apage%2Fbreaking-news-bar&tid=a_breakingnews&utm_term=.01f6c09ae837","103767526332478_1626637930712089",NA,45,13,11
"103767526332478","Congresswoman Susan Davis","Inspiring to see all those who came out for LGBT rights in San Diego and across America. You can be sure that I'll keep fighting in Congress for equality.","2017-06-13T00:30:00+0000","link","http://www.sandiegouniontribune.com/news/environment/sd-me-equality-march-20170611-story.html","103767526332478_1624488577593691",NA,106,8,8
"103767526332478","Congresswoman Susan Davis","My staff is set up and ready to help you with a federal agency at my East County Office Hours until 8pm today. Stop by the El Cajon Library at 201 E Douglas Avenue.","2017-06-12T23:24:03+0000","photo","https://www.facebook.com/RepSusanDavis/photos/a.112112472164650.6493.103767526332478/1624583307584218/?type=3","103767526332478_1624583307584218",NA,48,3,3
"103767526332478","Congresswoman Susan Davis","If he truly has nothing to hide, then Trump should release the tapes.","2017-06-12T22:55:00+0000","link","https://www.washingtonpost.com/powerpost/house-intelligence-panel-demands-any-tapes-from-trump-memos-from-comey/2017/06/09/ed455044-4d25-11e7-9669-250d0b15f83b_story.html?utm_term=.a5e55668dbca","103767526332478_1624453400930542",NA,107,27,8
"103767526332478","Congresswoman Susan Davis","To honor the 49 killed at Pulse Nightclub one year ago today we must commit ourselves to ending hate and gun violence.","2017-06-12T19:48:35+0000","photo","https://www.facebook.com/RepSusanDavis/photos/a.112112472164650.6493.103767526332478/1624406344268581/?type=3","103767526332478_1624406344268581",NA,44,8,3
"103767526332478","Congresswoman Susan Davis","With my friend and former House colleague Gabby Giffords before the commissioning of the USS Gabrielle Giffords in Galveston, which is due to arrive in San Diego in 20 days.","2017-06-10T22:45:38+0000","photo","https://www.facebook.com/RepSusanDavis/photos/a.112112472164650.6493.103767526332478/1621882737854275/?type=3","103767526332478_1621882737854275",NA,294,7,9
"103767526332478","Congresswoman Susan Davis","Need help with a federal agency? My staff will be holding an East County Office Hours on Monday, June 12 form 2-8pm at the El Cajon Library. These East County Office Hours will be held every second Monday of every month.","2017-06-10T17:45:00+0000","photo","https://www.facebook.com/RepSusanDavis/photos/a.112112472164650.6493.103767526332478/1620266964682519/?type=3","103767526332478_1620266964682519",NA,41,4,6
"103767526332478","Congresswoman Susan Davis","Inspiring to see mayors and governors filling Trump’s leadership void on the Paris Agreement. My colleagues and I in Congress will do all we can to support them.","2017-06-09T23:23:00+0000","link","http://timesofsandiego.com/politics/2017/06/08/279-u-s-mayors-including-san-diegos-now-backing-paris-climate-pact/","103767526332478_1620633081312574",NA,258,20,28
"103767526332478","Congresswoman Susan Davis","I Voted NO on Dodd-Frank Repeal.  During the Great Recession:  ➡️ 11 million lost their homes  ➡️ $13 trillion in wealth was lost  ➡️ Unemployment hit 10%  We need to put consumers first.","2017-06-09T21:00:33+0000","link","https://www.washingtonpost.com/business/the-latest-house-gop-backs-bill-to-undo-much-of-dodd-frank/2017/06/08/3f2a37da-4c8b-11e7-987c-42ab5745db2e_story.html?utm_term=.5d118d3a3e41","103767526332478_1620618281314054",NA,134,25,6
"103767526332478","Congresswoman Susan Davis","Repealing Dodd-Frank would gut the Consumer Financial Protection Bureau, ending the office tasked with protecting consumers, including student borrowers from predatory lending practices.","2017-06-08T22:37:00+0000","photo","https://www.facebook.com/RepSusanDavis/photos/a.112112472164650.6493.103767526332478/1619430781432804/?type=3","103767526332478_1619430781432804",NA,37,4,12
"103767526332478","Congresswoman Susan Davis","Today we confirmed the President’s disturbing behavior into the Flynn/Russia investigation. With each passing day, it’s clear we need to dig deeper. In addition to the investigations by Congress and the Special Counsel, we need an independent commission to get to the truth for the American people.","2017-06-08T20:26:02+0000","link","https://www.washingtonpost.com/world/national-security/james-b-comey-lays-out-the-case-that-president-trump-obstructed-justice/2017/06/08/e7f49a42-4c4d-11e7-bc1b-fddbd8359dee_story.html?hpid=hp_hp-top-table-main_comeyanalysis-122p%3Ahomepage%2Fstory&utm_term=.804d8bea27b3","103767526332478_1619443818098167",NA,151,31,5
"103767526332478","Congresswoman Susan Davis","While Comey testifies in the Senate, the House GOP will be repealing the Dodd-Frank financial consumer protections. Repeal will allow Wall Street to run fast and loose with your money, putting the financial security of the American people at risk.","2017-06-08T16:00:47+0000","photo","https://www.facebook.com/RepSusanDavis/photos/a.112112472164650.6493.103767526332478/1619187928123756/?type=3","103767526332478_1619187928123756",NA,28,12,28
"103767526332478","Congresswoman Susan Davis","Former FBI Director James Comey will testify tomorrow before the Senate Intelligence Committee, which posted his opening statement. You can read it here.","2017-06-07T23:35:51+0000","link","https://www.intelligence.senate.gov/sites/default/files/documents/os-jcomey-060817.pdf","103767526332478_1618303294878886",NA,49,8,10
"103767526332478","Congresswoman Susan Davis","During the Great Recession, my office helped hundreds of constituents who were afraid of losing their homes. Instead of working to improve the financial security of the American people, the GOP is pushing to end consumer protections put in place to prevent it from happening again. Millions suffered during the recession. Let’s not repeat history.","2017-06-07T20:52:05+0000","video","https://www.facebook.com/RepSusanDavis/videos/1618177674891448/","103767526332478_1618177674891448",NA,62,7,10
"103767526332478","Congresswoman Susan Davis","Servicemembers should have the same access to the Supreme Court as any other American. I introduced the Equal Justice for Our Military Act to allow them to have their cases heard before our highest court in the land.","2017-06-06T21:35:43+0000","link","https://susandavis.house.gov/media-center/press-releases/rep-susan-davis-introduces-bill-to-give-members-of-military-full-0","103767526332478_1617072768335272",NA,40,2,4
"103767526332478","Congresswoman Susan Davis","A victory for voting rights. I’ll keep pushing for bills to further protect voting rights, including my Universal Vote by Mail Act.","2017-06-05T23:31:00+0000","link","https://www.nytimes.com/2017/06/05/us/politics/us-supreme-court-affirms-north-carolina-districts-rely-too-much-on-race.html?ref=politics","103767526332478_1615663995142816",NA,98,6,6
"103767526332478","Congresswoman Susan Davis","Don’t forget to add your voice to my survey on climate change and the Paris Agreement.","2017-06-05T19:54:50+0000","link","https://susandavis.house.gov/susans-climate-change-survey","103767526332478_1615544581821424",NA,39,6,8
"103767526332478","Congresswoman Susan Davis","Trump promised to drain the swamp. This is what a broken promise looks like.","2017-06-03T13:53:51+0000","link","https://www.nytimes.com/2017/05/31/us/politics/lobbyist-ethics-waivers-trump-administration.html?ref=politics&_r=0","103767526332478_1612429185466297",NA,36,13,27
"103767526332478","Congresswoman Susan Davis","Backward and alone?  Isn't leading toward a better energy future what America needs today?  I think so.   #ParisAgreement","2017-06-01T22:13:11+0000","link","http://www.sandiegouniontribune.com/news/us-politics/la-na-pol-trump-paris-20170601-story.html","103767526332478_1610437508998798",NA,96,27,3
"103767526332478","Congresswoman Susan Davis","A victory for equality. Equal access is a fundamental right.","2017-06-01T01:12:00+0000","link","http://thehill.com/regulation/court-battles/335675-appeals-court-sides-with-transgender-student-in-bathroom-fight","103767526332478_1609276389114910",NA,216,7,3
"103767526332478","Congresswoman Susan Davis","A sustainable planet is key to our future. Withdrawing from the Paris Agreement will hurt our environment and our economy. San Diego is a leader in solar energy, which is responsible for thousands of jobs. Withdrawal puts that at risk.","2017-05-31T21:45:31+0000","link","https://www.nytimes.com/2017/05/31/climate/trump-quits-paris-climate-accord.html?hp&action=click&pgtype=Homepage&clickSource=story-heading&module=first-column-region&region=top-news&WT.nav=top-news&_r=0","103767526332478_1609264182449464",NA,49,17,7
"103767526332478","Congresswoman Susan Davis","On Memorial Day, it is inspiring to see San Diegans and Americans come together to honor those who answered the call to defend our country and made the ultimate sacrifice. Today is an opportunity to share memories and celebrate their lives.","2017-05-29T20:37:52+0000","photo","https://www.facebook.com/RepSusanDavis/photos/a.112112472164650.6493.103767526332478/1606750502700832/?type=3","103767526332478_1606751666034049","Congresswoman Susan Davis added 2 new photos.",83,4,0
"103767526332478","Congresswoman Susan Davis","10th Anniversary of Sophie's Lemonade Stand and her last year raising money for Leukemia research. With young people like this - our future is bright","2017-05-29T00:42:18+0000","photo","https://www.facebook.com/RepSusanDavis/photos/a.112112472164650.6493.103767526332478/1605776359464913/?type=3","103767526332478_1605776359464913",NA,121,4,4
"103767526332478","Congresswoman Susan Davis","Someone shouldn't work 40-50 hours a week and still live in poverty. I'm cosponsoring HR 15 to raise min wage to $15/HR. #FightFor15 #RaiseTheWage","2017-05-26T20:11:14+0000","photo","https://www.facebook.com/RepSusanDavis/photos/a.112112472164650.6493.103767526332478/1603119509730598/?type=3","103767526332478_1603119509730598",NA,197,51,9
"103767526332478","Congresswoman Susan Davis","Trump's budget abandons our commitment to public education. Our children's future is at stake. #TrumpCuts","2017-05-26T15:02:00+0000","photo","https://www.facebook.com/RepSusanDavis/photos/a.112112472164650.6493.103767526332478/1602824219760127/?type=3","103767526332478_1602824219760127",NA,15,13,4
"103767526332478","Congresswoman Susan Davis","When Trump says the Affordable Care Act is imploding, he really means he’s imploding it. I joined 195 of my House colleagues to demand that Trump continue to fund the ACA.","2017-05-25T20:44:47+0000","link","http://www.latimes.com/politics/la-na-pol-obamacare-trump-mismanagement-20170518-story.html","103767526332478_1601900859852463",NA,65,6,13
"103767526332478","Congresswoman Susan Davis","New CBO score says 23 million Americans will be uninsured if Trumpcare becomes law. That's unacceptable.","2017-05-25T00:03:00+0000","link","https://www.nytimes.com/2017/05/24/us/politics/cbo-congressional-budget-office-health-care.html?hp&action=click&pgtype=Homepage&clickSource=story-heading&module=first-column-region&region=top-news&WT.nav=top-news&_r=0","103767526332478_1600549233320959",NA,35,17,8
"103767526332478","Congresswoman Susan Davis","Trump cutting nearly 20% from the budget of the National Institutes of Health will hurt San Diego’s economy and life-saving medical research.","2017-05-24T22:24:00+0000","link","https://www.nytimes.com/2017/05/24/us/california-today-life-sciences-industry.html?smprod=nytcore-iphone&smid=nytcore-iphone-share&_r=0","103767526332478_1600458129996736",NA,38,8,5
"103767526332478","Congresswoman Susan Davis","The Marines United website was a disgusting breach of trust. Proud to support the PRIVATE Act to update the Uniform Code of Military Justice to prohibit the wrongful distribution of nude or pornographic images.","2017-05-24T21:33:00+0000","video","https://www.facebook.com/RepSusanDavis/videos/1600283496680866/","103767526332478_1600283496680866",NA,40,3,0
"103767526332478","Congresswoman Susan Davis","Not all veterans get their healthcare from the VA. Trump slashing $800 billion from Medicaid jeopardizes health coverage of 1.7 million veterans.","2017-05-24T20:12:38+0000","link","http://familiesusa.org/product/cutting-medicaid-would-hurt-veterans","103767526332478_1600457623330120",NA,16,8,13
"103767526332478","Congresswoman Susan Davis","Yet another reason for an independent investigation. I signed a discharge petition to force a vote to create a commission to conduct one.","2017-05-24T16:09:12+0000","link","https://www.washingtonpost.com/world/national-security/trump-asked-intelligence-chiefs-to-push-back-against-fbi-collusion-probe-after-comey-revealed-its-existence/2017/05/22/394933bc-3f10-11e7-9869-bac8b446820a_story.html?hpid=hp_hp-top-table-main_trumprussia-629pm%3Ahomepage%2Fstory&utm_term=.c111fa7a268c","103767526332478_1600195590022990",NA,54,10,4
"103767526332478","Congresswoman Susan Davis","The president’s budget will give the wealthiest a lift to the penthouse. But it won’t even give most of my constituents stairs to the next floor.","2017-05-23T22:20:17+0000","link","https://susandavis.house.gov/media-center/press-releases/rep-susan-davis-this-is-not-a-budget-in-the-best-interest-of-working","103767526332478_1599195710122978",NA,96,17,8
"103767526332478","Congresswoman Susan Davis","I feel for the families devastated by what happened in Manchester.","2017-05-23T18:42:35+0000","link","http://www.npr.org/sections/thetwo-way/2017/05/23/529648436/manchester-concert-bombing-what-we-know-tuesday?utm_source=twitter.com&utm_medium=social&utm_--","103767526332478_1598925640149985",NA,10,3,1
"103767526332478","Congresswoman Susan Davis","Successful investments in our priorities are thanks to the voice of the people. I will continue to fight for what's important for our communities.","2017-05-22T21:39:34+0000","link","http://sduptownnews.com/guest-editorial-speaking/","103767526332478_1597809046928311",NA,29,4,0
"103767526332478","Congresswoman Susan Davis","Multiple moves can be disruptive and create stress for military families. I'm co-lead on a bill to give military families flexibility on how relocation works best for them.","2017-05-19T23:44:00+0000","link","https://susandavis.house.gov/media-center/press-releases/rep-davis-rep-wilson-senators-blunt-gillibrand-introduce-military-family","103767526332478_1593628210679728",NA,40,3,2
"103767526332478","Congresswoman Susan Davis","I look forward to hearing from you at my next town hall meeting. It will be on Monday, June 19 from 6pm - 7:30pm. Click below for details.","2017-05-19T19:04:10+0000","link","https://susandavis.house.gov/about/events/susan-davis-town-hall-meet","103767526332478_1593660854009797",NA,170,14,47
"103767526332478","Congresswoman Susan Davis","No question Robert Mueller can lead a competent investigation into Trump/Russia connection. It's still critical that congressional investigations move forward and an independent commission is established.","2017-05-18T21:42:07+0000","link","https://susandavis.house.gov/media-center/press-releases/rep-susan-davis-statement-on-appointment-of-a-special-counsel","103767526332478_1592624740780075",NA,160,16,8
"103767526332478","Congresswoman Susan Davis","Over Mothers Day, I led a bipartisan women’s congressional delegation to Afghanistan and Iraq. We met with military and government officials, Afghan women leaders and Afghan First Lady Rula Ghani.  Thanks to Franklin Elementary students for making these Mothers Day cards for our servicewomen who are away from their own families serving our country!","2017-05-18T15:48:00+0000","photo","https://www.facebook.com/RepSusanDavis/photos/a.112112472164650.6493.103767526332478/1592116297497586/?type=3","103767526332478_1592116297497586",NA,70,1,6
"103767526332478","Congresswoman Susan Davis","Proud to be up early with Team Davis racing with other government officials and members of the media in the ACLI Capital Challenge.","2017-05-17T16:09:08+0000","photo","https://www.facebook.com/RepSusanDavis/photos/a.112112472164650.6493.103767526332478/1590818090960740/?type=3","103767526332478_1590818090960740",NA,23,4,1
"103767526332478","Congresswoman Susan Davis","When will enough be enough for my GOP colleagues? They’re the key to whether we have an independent investigation into the Trump/Russia connection.","2017-05-17T14:43:59+0000","link","https://www.nytimes.com/2017/05/16/us/politics/james-comey-trump-flynn-russia-investigation.html?hp&action=click&pgtype=Homepage&clickSource=story-heading&module=a-lede-package-region&region=top-news&WT.nav=top-news&_r=1","103767526332478_1590721984303684",NA,41,12,6
"103767526332478","Congresswoman Susan Davis","Pell Grants have meant access to a college degree for millions of low-income students. Introduced a bill to ensure the program’s stability and its purchasing power into the future.","2017-05-16T21:19:21+0000","link","https://susandavis.house.gov/media-center/press-releases/davis-scott-hirono-murray-introduce-major-legislation-to-secure-pell","103767526332478_1589595371083012",NA,112,12,4
"103767526332478","Congresswoman Susan Davis","Investments in life-saving medical research are critical to finding cures and impacts our local economy. Hosted a panel of experts today to discuss what Trump's proposed cuts to the NIH will mean for our region.","2017-05-15T20:45:30+0000","photo","https://www.facebook.com/RepSusanDavis/photos/a.112112472164650.6493.103767526332478/1587936531248896/?type=3","103767526332478_1587936531248896",NA,33,5,0
"103767526332478","Congresswoman Susan Davis","Your opinion matters. Answer my survey on taxes and healthcare.","2017-05-12T21:37:37+0000","link","https://susandavis.house.gov/health-care-and-taxes-survey","103767526332478_1583297048379511",NA,36,5,9
"103767526332478","Congresswoman Susan Davis","A win for the climate change fight. Credit the American people for making their voices heard. #ActOnClimate","2017-05-11T15:42:02+0000","link","https://www.nytimes.com/2017/05/10/us/politics/regulations-methane-climate-change.html?hp&action=click&pgtype=Homepage&clickSource=story-heading&module=first-column-region&region=top-news&WT.nav=top-news&_r=0","103767526332478_1581466621895887",NA,87,2,12
"103767526332478","Congresswoman Susan Davis","I'm cosponsoring HR 356 to create a independent commission to #followthefacts on Russia. This bill should be brought to the floor for a vote when the House is back in session next week.","2017-05-10T21:32:38+0000","link","https://www.washingtonpost.com/news/post-politics/wp/2017/05/10/comey-sought-more-money-for-russia-probe-days-before-he-was-fired-officials-say/?hpid=hp_hp-top-table-main_comeymoney-12p%3Ahomepage%2Fstory&utm_term=.519711dc5ca0","103767526332478_1580278138681402",NA,383,62,41
"103767526332478","Congresswoman Susan Davis","With each passing day, it’s clear that we are not going to get to the truth on Russian interference unless we have an independent investigation.","2017-05-10T00:11:42+0000","link","https://www.nytimes.com/2017/05/09/us/politics/james-comey-fired-fbi.html?hp&action=click&pgtype=Homepage&clickSource=story-heading&module=span-ab-top-region&region=top-news&WT.nav=top-news&_r=0","103767526332478_1578839208825295",NA,224,40,29
"103767526332478","Congresswoman Susan Davis","Protecting the health and safety of American families should be based on science, not the bottom line.","2017-05-09T16:08:12+0000","link","https://www.nytimes.com/2017/05/07/us/politics/epa-dismisses-members-of-major-scientific-review-board.html?ref=politics&_r=0","103767526332478_1578206728888543",NA,35,11,7
"103767526332478","Congresswoman Susan Davis","In case you missed it, I was on Politically Speaking talking about my opposition to the ACA repeal and my bill to protect our kids from trafficking","2017-05-08T21:10:19+0000","video","https://www.facebook.com/RepSusanDavis/videos/1576864695689413/","103767526332478_1576864695689413",NA,70,8,1
"103767526332478","Congresswoman Susan Davis","Probably a lot.","2017-05-05T18:29:01+0000","photo","https://www.facebook.com/RepSusanDavis/photos/a.112112472164650.6493.103767526332478/1571755422867007/?type=3","103767526332478_1571755422867007",NA,73,58,17
"103767526332478","Congresswoman Susan Davis","You know a bill is bad when the Republicans' best argument for it is ""Don’t worry, the bill will be changed in the Senate."" It’s a sad day for the constituents who called my office worried about losing their coverage.","2017-05-04T22:40:40+0000","link","https://susandavis.house.gov/media-center/press-releases/rep-susan-davis-opposes-repeal-of-the-affordable-care-act","103767526332478_1570538209655395",NA,255,60,31
"103767526332478","Congresswoman Susan Davis","Thanks for the calls and stories. My NO vote on #TrumpCare will be for you and constituents like Elizabeth & Tim, whose pre-existing conditions will mean higher premiums.","2017-05-04T14:40:58+0000","photo","https://www.facebook.com/RepSusanDavis/photos/a.112112472164650.6493.103767526332478/1569924643050085/?type=3","103767526332478_1569926103049939","Congresswoman Susan Davis added 2 new photos.",270,58,10
"103767526332478","Congresswoman Susan Davis","There's no such thing as a good shutdown. Government shutdowns hurt families, hurt seniors, hurt our veterans, and hurt our military.","2017-05-03T18:27:43+0000","link","https://www.washingtonpost.com/news/post-politics/wp/2017/05/02/trump-raises-prospect-of-government-shutdown-to-leverage-better-budget-for-gop-in-fall/?utm_term=.4159f32879a4","103767526332478_1568550196520863",NA,55,22,6
"103767526332478","Congresswoman Susan Davis","San Diego gets about $800 million in NIH funding each year. Proud to lead the effort to get a $2 billion increase in this year's budget.","2017-05-02T21:02:39+0000","video","https://www.facebook.com/RepSusanDavis/videos/1567181106657772/","103767526332478_1567181106657772",NA,272,23,6
"103767526332478","Congresswoman Susan Davis","Each year, there are an estimated 8,000 to 11,000 victims of sex trafficking in San Diego County. My bill will help schools train educators to spot the signs of trafficking to keep our kids safe.","2017-05-02T18:46:57+0000","link","https://susandavis.house.gov/media-center/press-releases/rep-susan-davis-unveils-initiative-to-protect-children-and-combat-sex","103767526332478_1567044020004814",NA,88,5,5
"103767526332478","Congresswoman Susan Davis","Making your voices heard has made a difference.  Funding bill has many of our priorities - NIH increase, funding for Planned Parenthood and year-round Pell Grants. And no money wasted on a border wall.","2017-05-01T19:41:00+0000","link","https://www.washingtonpost.com/news/powerpost/paloma/daily-202/2017/05/01/daily-202-eight-ways-trump-got-rolled-in-his-first-budget-negotiation/590687f2e9b69b3a72331f09/?hpid=hp_hp-top-table-main_daily202-10a%3Ahomepage%2Fstory&utm_term=.34b9251d2611","103767526332478_1565627740146442",NA,181,19,18
"103767526332478","Congresswoman Susan Davis","My heart goes out to the victims and families of this senseless tragedy in University City.","2017-05-01T16:21:43+0000","link","http://www.sandiegouniontribune.com/news/public-safety/sd-me-shooting-universitycity-20170430-story.html","103767526332478_1565497336826149",NA,60,14,35
"103767526332478","Congresswoman Susan Davis","Trump could’ve spent first 100 days working together to help American families. Instead we’ve gotten chaos, confusion and broken promises.","2017-04-28T23:28:00+0000","video","https://www.facebook.com/RepSusanDavis/videos/1561506087225274/","103767526332478_1561506087225274",NA,67,31,20
"103767526332478","Congresswoman Susan Davis","Here’s your chance to weigh in on the Syrian conflict and the border wall. Take my survey.","2017-04-28T21:40:00+0000","link","https://susandavisforms.house.gov/news/email/show.aspx?ID=VLUEXJRTCDP3DXNYHXMBLK7ZZY","103767526332478_1561411560568060",NA,20,3,7
"103767526332478","Congresswoman Susan Davis","And it shows.","2017-04-28T20:39:00+0000","link","https://www.washingtonpost.com/news/politics/wp/2017/04/28/trump-now-agrees-with-the-majority-of-americans-he-wasnt-ready-to-be-president/?hpid=hp_hp-top-table-main_notready-750a%3Ahomepage%2Fstory&utm_term=.b356193fd7a5","103767526332478_1561410600568156",NA,352,47,51
"103767526332478","Congresswoman Susan Davis","7 months into the fiscal year and we’re still passing short-term funding bills, which only create uncertainty for our economy and our military. We need long term solutions.","2017-04-28T19:18:56+0000","link","https://www.washingtonpost.com/powerpost/lawmakers-poised-to-approve-one-week-spending-bill-friday-to-keep-government-open/2017/04/28/0bba76da-2c01-11e7-b605-33413c691853_story.html?utm_term=.5019b31d9c61&wpisrc=al_alert-COMBO-politics%252Bnation&wpmk=1","103767526332478_1561396423902907",NA,65,9,5
"103767526332478","Congresswoman Susan Davis","I was extremely honored to receive the National Alliance for Partnerships in Equity (NAPE) Legislator of the Year award and meet with NAPE representatives from the Sweetwater Union High School District.","2017-04-27T20:48:10+0000","photo","https://www.facebook.com/RepSusanDavis/photos/a.112112472164650.6493.103767526332478/1560131520696064/?type=3","103767526332478_1560131520696064",NA,29,0,2
"103767526332478","Congresswoman Susan Davis","Even in retirement these teachers never stop fighting for educators and students! Thanks for stopping by my office today.","2017-04-26T21:43:21+0000","photo","https://www.facebook.com/RepSusanDavis/photos/a.112112472164650.6493.103767526332478/1558954240813792/?type=3","103767526332478_1558954240813792",NA,70,3,1
"103767526332478","Congresswoman Susan Davis","Congrats to the students who entered my Congressional Art Competition, but especially to the winner Heyju Cho of Mater Dei High School. Her piece is called ""True leader"" and it will hang in the Capitol Complex.","2017-04-26T16:04:01+0000","photo","https://www.facebook.com/RepSusanDavis/photos/a.112112472164650.6493.103767526332478/1558633154179234/?type=3","103767526332478_1558633650845851","Congresswoman Susan Davis added 3 new photos.",36,1,3
"103767526332478","Congresswoman Susan Davis","The more the American people hear about the GOP health care bill the less they like about it. Time for Republicans to work with Democrats to build on the ACA.","2017-04-25T21:52:00+0000","link","https://www.washingtonpost.com/national/health-science/public-pans-republicans-latest-approach-to-replacing-affordable-care-act/2017/04/25/25355eb0-26aa-11e7-bb9d-8cd6118e1409_story.html?hpid=hp_hp-top-table-main_poll-725a%3Ahomepage%2Fstory&utm_term=.a87cc1262a1b","103767526332478_1557588270950389",NA,70,13,4
"103767526332478","Congresswoman Susan Davis","73% of Americans want an independent investigation. It’s time pass the Protect our Democracy Act to create bipartisan commission to #FollowTheFacts.","2017-04-25T19:30:27+0000","link","http://www.nbcnews.com/politics/first-read/poll-73-back-independent-probe-russian-election-interference-n750161?cid=sm_npd_nn_tw_ma","103767526332478_1557522187623664",NA,151,15,25
"103767526332478","Congresswoman Susan Davis","I called on Education Secretary DeVos to ensure we are honoring loan forgiveness to those who agree to a career in public service, such as in areas of education, military, or public health. We should be encouraging people to engage in public service careers.","2017-04-25T16:05:22+0000","link","https://susandavis.house.gov/media-center/press-releases/davis-sarbanes-meeks-and-grijalva-urge-secretary-devos-to-honor-federal","103767526332478_1557312574311292",NA,150,14,15
"103767526332478","Congresswoman Susan Davis","We will #neverforget the 11 million, including 6 million Jews, who perished in the Holocaust.","2017-04-24T21:07:00+0000","photo","https://www.facebook.com/RepSusanDavis/photos/a.112112472164650.6493.103767526332478/1556268157749067/?type=3","103767526332478_1556268157749067",NA,58,4,15
"103767526332478","Congresswoman Susan Davis","#earthday2017 has new significance with Trump rolling back environmental protections. My oped in San Diego UptownNews on how I’m resisting.","2017-04-22T18:06:00+0000","link","http://sduptownnews.com/guest-editorial-earth-day-allows-us-renew-commitment-environment/","103767526332478_1552200568155826",NA,80,7,8
"103767526332478","Congresswoman Susan Davis","We have a solemn responsibility to protect our planet for future generations. #EarthDay2017","2017-04-22T16:04:00+0000","photo","https://www.facebook.com/RepSusanDavis/photos/a.112112472164650.6493.103767526332478/1552199021489314/?type=3","103767526332478_1552199021489314",NA,82,7,3
"103767526332478","Congresswoman Susan Davis","Trump wants to slash federal aid for homelessness. We need to give cities the resources to get people off the streets.","2017-04-22T01:14:00+0000","link","http://www.sandiegouniontribune.com/news/homelessness/sd-me-homeless-count-20170419-story.html","103767526332478_1552145401494676",NA,100,40,22
"103767526332478","Congresswoman Susan Davis","Get the latest update in my most recent E-News, which is out now!","2017-04-21T23:13:00+0000","link","https://susandavisforms.house.gov/news/email/show.aspx?ID=VLUEXJRTCDP3CNP2IKFCZ7D2PY","103767526332478_1552145114828038",NA,27,0,1
"103767526332478","Congresswoman Susan Davis","The GOP should be working with Democrats to build on the successes of the ACA instead of risking healthcare access for millions of Americans.","2017-04-21T21:12:00+0000","link","http://www.vox.com/obamacare/2017/4/20/15373092/republicans-made-obamacare-more-popular","103767526332478_1552144588161424",NA,56,7,12
"103767526332478","Congresswoman Susan Davis","Immigration and judicial policies based on fear make us less safe. We need faith not fear.","2017-04-21T01:15:00+0000","link","http://www.sandiegouniontribune.com/news/religion/sd-me-faith-20170420-story.html","103767526332478_1550813921627824",NA,46,5,5
"103767526332478","Congresswoman Susan Davis","Here we go again. The fight to protect healthcare for 24 million Americans continues next week.","2017-04-20T23:14:00+0000","link","https://www.washingtonpost.com/blogs/plum-line/wp/2017/04/20/the-gop-has-a-new-plan-to-destroy-obamacare-its-even-crueler-than-the-last-one/","103767526332478_1550813078294575",NA,48,31,35
"103767526332478","Congresswoman Susan Davis","Had the pleasure of joining Meals on Wheels to deliver hot meals to our seniors. I’ll be resisting efforts by Trump to cut funding for this vital program.","2017-04-20T20:02:17+0000","photo","https://www.facebook.com/RepSusanDavis/photos/a.112112472164650.6493.103767526332478/1550729051636311/?type=3","103767526332478_1550729051636311",NA,222,25,11
"103767526332478","Congresswoman Susan Davis","‪Ending military hunger can be a simple fix if we pass my Military Hunger Prevention Act.‬","2017-04-19T19:28:17+0000","link","http://www.scpr.org/news/2017/04/18/70861/serving-their-country-but-struggling-to-feed-their/","103767526332478_1549428308433052",NA,97,13,16
"103767526332478","Congresswoman Susan Davis","Celebrating 20 years of the Hillcrest Farmers Market!","2017-04-16T23:21:53+0000","photo","https://www.facebook.com/RepSusanDavis/photos/a.606697372706155.1073741840.103767526332478/1545370445505505/?type=3","103767526332478_1545370472172169","Congresswoman Susan Davis added 2 new photos.",162,2,1
"103767526332478","Congresswoman Susan Davis","Appreciate that 206 colleagues joined my effort to increase funding for NIH and its life-saving med research. Especially important with Trump's proposed cuts!","2017-04-07T18:33:40+0000","link","https://susandavis.house.gov/media-center/press-releases/congresswoman-susan-davis-leads-206-house-members-in-call-to-increase","103767526332478_1532380113471205",NA,188,30,10
"103767526332478","Congresswoman Susan Davis","I need your opinion! My latest survey is on Trump's taxes and the Supreme Court. You can also see the results of my previous survey.","2017-04-06T18:55:50+0000","link","https://susandavisforms.house.gov/news/email/show.aspx?ID=VLUEXJRTCDP3CJJMS5TT5TIE3E","103767526332478_1530935806948969",NA,45,14,10
"103767526332478","Congresswoman Susan Davis","Meet the faces of the local resistance. Proud to meet with our local building trade unions who Wednesday held up #resist signs during Trump's speech.","2017-04-06T14:48:53+0000","link","https://www.washingtonpost.com/news/post-politics/wp/2017/04/04/building-trade-unions-eye-trump-warily-as-he-pitches-economic-populist-agenda/?utm_term=.d18e16eca3e3","103767526332478_1530875816954968",NA,87,10,5
"103767526332478","Congresswoman Susan Davis","American people have the right to know the President will put them before profits. I #DemandAVote to force Trump to release his tax returns.","2017-04-05T22:18:27+0000","photo","https://www.facebook.com/RepSusanDavis/photos/a.112112472164650.6493.103767526332478/1529859313723285/?type=3","103767526332478_1529859313723285",NA,135,20,3
"103767526332478","Congresswoman Susan Davis","Hearing from victims of the Marines United photo scandal. Those responsible must be held accountable.","2017-04-05T19:23:39+0000","photo","https://www.facebook.com/RepSusanDavis/photos/a.112112472164650.6493.103767526332478/1529669687075581/?type=3","103767526332478_1529669687075581",NA,41,5,1
"103767526332478","Congresswoman Susan Davis","Trump signed away your Internet privacy rights, which can now be sold to the highest bidder.","2017-04-05T01:06:00+0000","link","http://www.msnbc.com/rachel-maddow-show/trump-signs-measure-undermining-internet-privacy-safeguards","103767526332478_1528517660524117",NA,9,19,14
"103767526332478","Congresswoman Susan Davis","Congrats Kyle, Christina, and Angelica on winning the Congressional App Challenge for California's 53rd Congressional District! Their winning app helps students stay organized and keep up with school work.","2017-04-04T22:55:04+0000","photo","https://www.facebook.com/RepSusanDavis/photos/a.112112472164650.6493.103767526332478/1528515967190953/?type=3","103767526332478_1528515967190953",NA,29,1,0
"103767526332478","Congresswoman Susan Davis","Joined with Rep. Rosa DeLauro and Sen. Patty Murray to introduce the Paycheck Fairness Act and stand up for equal pay for equal work. #EqualPayDay","2017-04-04T19:18:08+0000","photo","https://www.facebook.com/RepSusanDavis/photos/a.112112472164650.6493.103767526332478/1528304083878808/?type=3","103767526332478_1528304083878808",NA,88,4,2
"103767526332478","Congresswoman Susan Davis","This year's Congressional Art Competition is upon us! High schoolers interested can click below to get all the details.","2017-04-03T21:58:38+0000","link","https://susandavis.house.gov/services/art-competition","103767526332478_1527047050671178",NA,31,1,6
"103767526332478","Congresswoman Susan Davis","The words of civil rights icon Cesar Chavez still ring true today. The struggle continues. #CesarChavezDay","2017-03-31T22:09:52+0000","photo","https://www.facebook.com/RepSusanDavis/photos/a.112112472164650.6493.103767526332478/1522803837762166/?type=3","103767526332478_1522803837762166",NA,91,8,9
"103767526332478","Congresswoman Susan Davis","National Service plays a crucial role in supporting communities across our country and teaching Americans about the value of national service. It is absolutely critical that we maintain and expand these life changing programs.","2017-03-31T17:02:45+0000","link","https://susandavis.house.gov/media-center/press-releases/rep-susan-davis-calls-on-trump-to-restore-cuts-to-national-service","103767526332478_1522500057792544",NA,75,12,3
"103767526332478","Congresswoman Susan Davis","GOP may want to temper that talk about repeal.","2017-03-30T23:53:01+0000","link","http://www.mcclatchydc.com/news/politics-government/article141562849.html","103767526332478_1521360591239824",NA,59,13,3
"103767526332478","Congresswoman Susan Davis","The decision says everything about the administration’s lack of interest in diversity.  Diversity only makes us stronger.","2017-03-30T21:52:00+0000","link","https://www.washingtonpost.com/news/education/wp/2017/03/29/trumps-education-department-nixes-obama-era-grant-program-for-school-diversity/?hpid=hp_no-name_hp-in-the-news%3Apage%2Fin-the-news&tid=sm_tw&utm_term=.08d7c6fce00b","103767526332478_1521359824573234",NA,27,9,18
"103767526332478","Congresswoman Susan Davis","Trump should listen to the American people. Immigration is a plus for our nation, not something to fear.","2017-03-30T19:37:47+0000","link","http://www.cnn.com/2017/03/17/politics/poll-oppose-trump-deportation-immigration-policy/","103767526332478_1521356057906944",NA,58,10,3
"103767526332478","Congresswoman Susan Davis","This is will make it easier to deny services and support for the LGBT community.","2017-03-30T01:18:25+0000","link","http://www.out.com/news-opinion/2017/3/28/breaking-trump-administration-removes-lgbtq-people-2020-census","103767526332478_1520123308030219",NA,6,16,16
"103767526332478","Congresswoman Susan Davis","Once again going back on his word. The President’s job is to protect the civil rights of the American people.","2017-03-30T00:20:04+0000","link","https://thinkprogress.org/trump-gutted-lgbt-executive-order-8dd0e3be69a","103767526332478_1520124264696790",NA,17,11,9
"103767526332478","Congresswoman Susan Davis","Trump is going to run into a little thing called the US Constitution.","2017-03-29T22:17:00+0000","link","http://talkingpointsmemo.com/dc/sanctuary-cities-sessions-trump-doj-california?utm_content=bufferb59b4&utm_medium=social&utm_source=twitter.com&utm_campaign=buffer","103767526332478_1520122714696945",NA,111,18,12
"103767526332478","Congresswoman Susan Davis","Advocates fighting for the vital services of Planned Parenthood visited my DC office. They have a partner in that fight in me. #StandWithPP","2017-03-29T21:32:40+0000","photo","https://www.facebook.com/RepSusanDavis/photos/a.112112472164650.6493.103767526332478/1520280624681154/?type=3","103767526332478_1520280624681154",NA,163,14,5
"103767526332478","Congresswoman Susan Davis","No Congressional committee is more important to have bipartisanship and a strong working relationship than on Intelligence. The Chair demonstrates a conflict with his role and is no longer able to lead on an issue of such import. Do right thing and step down.","2017-03-29T20:15:00+0000","link","https://www.washingtonpost.com/powerpost/house-panels-russia-probe-effectively-put-on-hold/2017/03/28/7a6ceedc-13f6-11e7-833c-503e1f6394c9_story.html?hpid=hp_rhp-top-table-main_russiaprobe-0842pm%3Ahomepage%2Fstory&utm_term=.762e1c76a796","103767526332478_1520126708029879",NA,125,22,23
"103767526332478","Congresswoman Susan Davis","It's one thing to use alt-facts for the size of a crowd, it's another to use alt-facts to determine the fate of our planet.","2017-03-29T17:55:44+0000","video","https://www.facebook.com/RepSusanDavis/videos/1520095651366318/","103767526332478_1520095651366318",NA,111,15,10
"103767526332478","Congresswoman Susan Davis","Thanks to #militarymonday blog for highlighting my fix to end hunger among our military families.","2017-03-29T01:38:00+0000","link","https://www.momsrising.org/blog/militarymonday-why-we-need-congress-to-help-more-military-families-qualify-for-food-aid?source=tw.mr","103767526332478_1518910781484805",NA,37,5,2
"103767526332478","Congresswoman Susan Davis","If it walks like a cover up, talks like a cover up…what is it?","2017-03-28T23:37:11+0000","link","https://www.washingtonpost.com/world/national-security/trump-administration-sought-to-block-sally-yates-from-testifying-to-congress-on-russia/2017/03/28/82b73e18-13b4-11e7-9e4f-09aa75d3ec57_story.html?hpid=hp_hp-top-table-main_yates1005a%3Ahomepage%2Fstory&utm_term=.d482effeac2f","103767526332478_1518910264818190",NA,101,17,24
"103767526332478","Congresswoman Susan Davis","Proud to join the Opportunity Youth panel today to ensure young people have an accessible pathway into our workforce. There is an immense return for every dollar that we invest in our nation’s youth.","2017-03-28T21:38:02+0000","photo","https://www.facebook.com/RepSusanDavis/photos/a.112112472164650.6493.103767526332478/1519053724803844/?type=3","103767526332478_1519053724803844",NA,20,3,2
"103767526332478","Congresswoman Susan Davis","Trump repealing Obama’s leadership on climate change won’t mean more jobs. It just means more pollution.","2017-03-28T19:21:00+0000","link","https://www.nytimes.com/2017/03/27/climate/planned-rollback-of-climate-rules-unlikely-to-achieve-all-trumps-goals.html?hp&action=click&pgtype=Homepage&clickSource=story-heading&module=first-column-region&region=top-news&WT.nav=top-news&_r=0","103767526332478_1518897574819459",NA,54,8,13
"103767526332478","Congresswoman Susan Davis","GOP plans to repeal President Obama’s Internet privacy protections so Internet Service Providers can sell your private information. I'm voting NO on S.J. Res. 34.","2017-03-28T17:25:26+0000","photo","https://www.facebook.com/RepSusanDavis/photos/a.112112472164650.6493.103767526332478/1518907854818431/?type=3","103767526332478_1518907854818431",NA,149,18,16
"103767526332478","Congresswoman Susan Davis","This is a good start. #FollowTheFacts","2017-03-28T02:27:01+0000","link","http://www.npr.org/2017/03/27/521655986/trump-son-in-law-jared-kushner-to-be-questioned-by-senate-intel-panel-over-russi?utm_source=facebook.com&utm_medium=social&utm_campaign=npr&utm_term=nprnews&utm_content=20170327","103767526332478_1517816814927535",NA,109,6,5
"103767526332478","Congresswoman Susan Davis","This Administration defunding much needed support for local law enforcement makes our cities less safe, and damages important relationships between communities and local authorities.","2017-03-28T00:19:00+0000","link","https://www.usnews.com/news/national-news/articles/2017-03-27/doj-announces-cut-in-funds-to-sanctuary-cities","103767526332478_1517806718261878",NA,28,34,6
"103767526332478","Congresswoman Susan Davis","It’s more clear than ever before that to get to the truth we need an independent commission.","2017-03-27T22:59:37+0000","link","https://www.washingtonpost.com/world/national-security/chairman-and-partisan-the-dual-roles-of-devin-nunes-raise-questions-about-house-investigation/2017/03/26/2c95ade2-1096-11e7-9b0d-d27c98455440_story.html?hpid=hp_hp-top-table-main_nunes-625pm%3Ahomepage%2Fstory&utm_term=.18d0e701e0d7","103767526332478_1517801681595715",NA,127,19,12
"103767526332478","Congresswoman Susan Davis","Women are more engaged than ever before. Read my editorial on what they have to offer.","2017-03-27T20:01:16+0000","link","http://www.sandiegouniontribune.com/opinion/commentary/sd-utbg-davis-women-politics-20170321-story.html","103767526332478_1517799408262609",NA,84,9,6
"103767526332478","Congresswoman Susan Davis","This is a victory for the American people and our democracy. It’s a testament to the power of the American people to have their voices heard on a bill that would have directly impacted their lives.   Clearly the American people didn't buy the Art of Repeal.","2017-03-24T22:25:20+0000","link","https://susandavis.house.gov/media-center/press-releases/rep-susan-davis-this-is-a-victory-for-the-american-people","103767526332478_1514204981955385",NA,275,35,13
"103767526332478","Congresswoman Susan Davis","This is why you need to have women in the room.","2017-03-24T18:26:24+0000","link","http://www.vox.com/identities/2017/3/23/15041620/ahca-men-maternity-coverage","103767526332478_1513989861976897",NA,187,43,58
"103767526332478","Congresswoman Susan Davis","I urge a NO vote on this healthcare disaster.","2017-03-24T14:35:00+0000","video","https://www.facebook.com/RepSusanDavis/videos/1513757752000108/","103767526332478_1513757752000108",NA,331,37,16
"103767526332478","Congresswoman Susan Davis","New CBO report is out on Trumpcare. Still leaves 24 million uninsured, but now it costs more.","2017-03-24T01:05:10+0000","link","http://www.vox.com/2017/3/23/15042460/cbo-revised-estimate-ahca","103767526332478_1513125842063299",NA,39,21,20
"103767526332478","Congresswoman Susan Davis","With the GOP healthcare bill showing just 17% support among Americans, it's not surprising the vote on the bill is being delayed. Even making the bill more extreme by deeming maternity care and mental health care not essential was not enough to get the fringes of the Republican Caucus to support the bill. Democrats will keep fighting to protect our care.","2017-03-23T22:05:15+0000","link","https://www.nytimes.com/2017/03/23/us/politics/health-republicans-vote.html?hp&action=click&pgtype=Homepage&clickSource=story-heading&module=a-lede-package-region&region=top-news&WT.nav=top-news&_r=0","103767526332478_1512965762079307",NA,87,14,9
"103767526332478","Congresswoman Susan Davis",NA,"2017-03-23T15:26:50+0000","video","https://www.facebook.com/HouseDemocrats/videos/10155034207108548/","103767526332478_1512600405449176","Congresswoman Susan Davis shared House Democrats's live video.",23,4,0
"103767526332478","Congresswoman Susan Davis","Tried to offer this amendment to protect maternity care and direct access to an OB/GYN but the GOP would not even allow a vote on it in the House.","2017-03-22T23:24:48+0000","photo","https://www.facebook.com/RepSusanDavis/photos/a.112112472164650.6493.103767526332478/1511749312200952/?type=3","103767526332478_1511749312200952",NA,83,44,52
"103767526332478","Congresswoman Susan Davis","Healthcare and the budget are on the agenda for my latest survey. I need your opinion.","2017-03-22T21:00:42+0000","link","https://susandavis.house.gov/health-care-and-budget-survey","103767526332478_1511688245540392",NA,52,12,17
"103767526332478","Congresswoman Susan Davis","TrumpCare will be coming up for a vote in the House of Representatives on Thursday. I will be voting NO in order to #ProtectOurCare.","2017-03-22T17:06:24+0000","photo","https://www.facebook.com/RepSusanDavis/photos/a.112112472164650.6493.103767526332478/1510418942333989/?type=3","103767526332478_1510418942333989",NA,229,44,35
"103767526332478","Congresswoman Susan Davis","I'll be on Atlantic Live soon to talk higher education. You can watch live.   https://www.theatlantic.com/live/events/higher-education-at-a-crossroads-an-atlantic-next-/2017/","2017-03-22T12:33:29+0000","link","https://www.theatlantic.com/live/events/higher-education-at-a-crossroads-an-atlantic-next-/2017/","103767526332478_1511188408923709",NA,18,7,1
"103767526332478","Congresswoman Susan Davis","Thrilled to talk track with four time Olympian and nine time Olympic gold medalist Carl Lewis.","2017-03-21T22:32:40+0000","photo","https://www.facebook.com/RepSusanDavis/photos/a.112112472164650.6493.103767526332478/1510499812325902/?type=3","103767526332478_1510499812325902",NA,74,2,3
"103767526332478","Congresswoman Susan Davis","I'm honored to be a guest at the Healthcare Town Hall with Assemblymember Todd Gloria and State Senators Toni Atkins and Dr. Ed Hernandez this Saturday. For more information about the event click here.","2017-03-21T20:01:53+0000","event","https://www.facebook.com/events/1061899740583299/","103767526332478_1510368449005705","Congresswoman Susan Davis shared Assemblymember Todd Gloria's event.",63,5,0
"103767526332478","Congresswoman Susan Davis","Looking forward to my first hearing as Ranking Member of the Higher Education Subcommittee to find ways to make college more affordable. You can watch it here.","2017-03-21T14:08:23+0000","link","https://www.youtube.com/watch?v=8R9YkupBBmE&feature=youtu.be","103767526332478_1510049639037586",NA,48,4,3
"103767526332478","Congresswoman Susan Davis","Promising to hear the FBI is investigating Russian hacking of 2016 election. Also need an independent commission to get to the truth. FBI Director Comey also says no evidence of Trump’s claim of wiretapping. Trump owes an apology to President Obama and the American people.","2017-03-20T18:44:15+0000","link","https://www.nytimes.com/2017/03/20/us/politics/intelligence-committee-russia-donald-trump.html?smid=tw-nytimes&smtyp=cur&_r=0","103767526332478_1509156842460199",NA,93,9,12
"103767526332478","Congresswoman Susan Davis","Under Trump plan being a woman would be a pre-existing condition again, meaning higher premiums for women than men.","2017-03-20T14:04:02+0000","link","http://m.huffpost.com/us/entry/us_58c84f0ce4b022994fa2dd41","103767526332478_1508913485817868",NA,20,12,32
"103767526332478","Congresswoman Susan Davis","The American people are not on board. Only 24% support Trumpcare. #ACAWorks #ProtectOurCare","2017-03-18T20:41:41+0000","link","http://www.huffingtonpost.com/entry/gop-health-care-bill-poll_us_58cc4279e4b0ec9d29dc180e?dtr","103767526332478_1507105829331967",NA,97,19,3
"103767526332478","Congresswoman Susan Davis","This administration continues to roll back key protections for our most vulnerable students. I promise to fight these efforts and ask for hearings on ways to protect student borrowers.","2017-03-18T17:35:31+0000","link","https://www.washingtonpost.com/news/grade-point/wp/2017/03/17/trump-administration-rolls-back-protections-for-people-in-default-on-student-loans/?utm_term=.214ae3be30d5","103767526332478_1506929376016279",NA,66,23,9
"103767526332478","Congresswoman Susan Davis","Juror discrimination on the basis of race, color, religion, sex, national origin, and economic status is already prohibited. It’s time that the LGBT community be free of such discrimination.","2017-03-17T15:05:07+0000","link","http://sdgln.com/commentary/2017/03/15/rep-susan-davis-introduces-bipartisan-bill-stop-lgbt-discrimination-jury","103767526332478_1505706389471911",NA,112,16,6
"103767526332478","Congresswoman Susan Davis","The President’s reckless budget will be met with fierce resistance in Congress.  Here are a few of low lights:  $4 billion in cuts to Pell Grants meaning fewer high school students will be able to go to college.  $6 billion in cuts to NIH, hurting San Diego and the lifesaving medical research done in our region.  Nearly $3 billion in job training, meaning a weaker American workforce.  Nearly $4 billion in teacher training and after-school and summer programs.  Nearly $10 billion in education.  Cuts President Obama’s entire Clean Power Plan to combat climate change.","2017-03-16T17:33:00+0000","status",NA,"103767526332478_1504823986226818",NA,68,42,32
"103767526332478","Congresswoman Susan Davis","The Marines United scandal is abhorrent and the perpetrators must be prosecuted. I'll be pressing the Marine Corps for accountability.","2017-03-16T15:16:27+0000","video","https://www.facebook.com/RepSusanDavis/videos/1504744149568135/","103767526332478_1504744149568135",NA,29,6,0
"103767526332478","Congresswoman Susan Davis","Once again the courts have blocked the President's illegal refugee and Muslim ban - a ban that's based on fear not strength that will ultimately make us less safe.","2017-03-16T13:59:40+0000","link","https://www.washingtonpost.com/local/social-issues/lawyers-face-off-on-trump-travel-ban-in-md-court-wednesday-morning/2017/03/14/b2d24636-090c-11e7-93dc-00f9bdd74ed1_story.html?hpid=hp_hp-banner-low_travelban-1010am%3Ahomepage%2Fstory&utm_term=.9914fb3fdfd2","103767526332478_1504675776241639",NA,65,9,6
"103767526332478","Congresswoman Susan Davis","The President promised insurance for everybody yet he's pushing the GOP #PayMoreForLess bill that will kick 24 million Americans off their health insurance.","2017-03-15T14:53:31+0000","photo","https://www.facebook.com/RepSusanDavis/photos/a.112112472164650.6493.103767526332478/1503638789678671/?type=3","103767526332478_1503638789678671",NA,17,9,4
"103767526332478","Congresswoman Susan Davis","I hear from constituents everyday who are afraid of losing their healthcare coverage. I'll keep fighting to #ProtectOurCare.","2017-03-14T16:18:40+0000","link","http://timesofsandiego.com/politics/2017/03/13/san-diego-democrats-blast-republican-effort-to-rip-healthcare-coverage/","103767526332478_1502671023108781",NA,171,18,9
"103767526332478","Congresswoman Susan Davis","It is clear the Republican healthcare repeal will hurt more people than it will help. The CBO reports their bill will result in 24 million Americans losing access to healthcare.","2017-03-13T22:20:47+0000","link","https://susandavis.house.gov/media-center/press-releases/rep-susan-davis-gop-healthcare-repeal-bill-hurts-more-americans-than-it","103767526332478_1501858619856688",NA,50,23,5
"103767526332478","Congresswoman Susan Davis","With our schools facing tight budgets, this bill will make a bad situation worse. We need to invest in all our children's future.","2017-03-13T16:26:00+0000","link","http://www.nbcsandiego.com/news/local/New-House-Bill-Pushes-Forward-School-Vouchers-Takes-Away-Nutrition-Requirement-415820583.html","103767526332478_1501433729899177",NA,16,12,2
"103767526332478","Congresswoman Susan Davis","My town hall meeting is coming to you live from Montezuma Hall at San Diego State University.","2017-03-11T17:51:08+0000","video","https://www.facebook.com/RepSusanDavis/videos/1499056013470282/","103767526332478_1499056013470282","Congresswoman Susan Davis was live.",265,151,62
"103767526332478","Congresswoman Susan Davis","Our men and women in uniform put their lives on the line to keep our nation safe.  They shouldn't have to worry about how to feed their families.","2017-03-11T01:47:00+0000","link","http://www.sandiegouniontribune.com/opinion/commentary/sd-utbg-military-families-snap-davis-20170223-story.html","103767526332478_1497054333670450",NA,61,10,6
"103767526332478","Congresswoman Susan Davis","The American people are demanding the truth. The American people deserve the truth. #FollowTheFacts","2017-03-10T22:38:00+0000","link","http://www.10news.com/news/national/most-back-special-prosecutor-for-russia-investigation-poll-states","103767526332478_1497041183671765",NA,105,16,4
"103767526332478","Congresswoman Susan Davis","I will be live streaming my town hall meeting on my Facebook page tomorrow Saturday, March 11 at 10 AM.","2017-03-10T20:34:55+0000","video","https://www.facebook.com/RepSusanDavis/videos/1498009296908287/","103767526332478_1498009296908287","Congresswoman Susan Davis was live.",117,10,12
"103767526332478","Congresswoman Susan Davis","We need to keep guns away from those who should not have them. GOP/Trump are rolling back those efforts, which I’m resisting.","2017-03-10T17:36:00+0000","link","https://www.washingtonpost.com/classic-apps/despite-a-mothers-plea-her-mentally-ill-daughter-was-sold-a-gun--with-tragic-results/2017/03/06/a533a450-ef28-11e6-9662-6eedf1627882_story.html?utm_term=.b066b7c32209","103767526332478_1497038837005333",NA,81,12,14
"103767526332478","Congresswoman Susan Davis","Ban or no ban?  Concerned about Russia/Trump? Let me know what you think in my survey for March.","2017-03-10T00:44:53+0000","link","https://susandavis.house.gov/march-survey","103767526332478_1497061050336445",NA,63,18,18
"103767526332478","Congresswoman Susan Davis","America’s future success depends on a quality higher education system. Here are my priorities as Ranking Member of Higher Ed Subcommittee.","2017-03-09T19:46:03+0000","link","http://sduptownnews.com/guest-editorial-higher-education-issue-time/","103767526332478_1495755787133638",NA,51,9,5
"103767526332478","Congresswoman Susan Davis","Trump’s immigration policies are making us less safe. Only comprehensive immigration reform will solve illegal immigration.","2017-03-09T05:45:00+0000","link","http://www.politico.com/story/2017/03/trump-coast-guard-budget-235750","103767526332478_1495754110467139",NA,56,22,18
"103767526332478","Congresswoman Susan Davis","On #InternationalWomensDay I offered an amendment to preserve access to women's preventive health, maternity care, and direct access to an OBGYN.","2017-03-08T23:21:10+0000","photo","https://www.facebook.com/RepSusanDavis/photos/a.112112472164650.6493.103767526332478/1495580187151198/?type=3","103767526332478_1495580920484458","Congresswoman Susan Davis added 2 new photos.",220,12,8
"103767526332478","Congresswoman Susan Davis","The Consumer Financial Protection Bureau (CFPB) has saved consumers $12 billion. Great explainer on why we must protect this effective agency.","2017-03-08T18:22:37+0000","link","http://democracyjournal.org/arguments/will-congress-remove-consumer-credit-seat-belts/","103767526332478_1495265497182667",NA,28,1,2
"103767526332478","Congresswoman Susan Davis","My office is fully decked out for #InternationalWomensDay. Celebrating women in America and around the world. Thank you to everyone who sent me the postcards!","2017-03-08T17:17:52+0000","photo","https://www.facebook.com/RepSusanDavis/photos/a.112112472164650.6493.103767526332478/1495250457184171/?type=3","103767526332478_1495251993850684","Congresswoman Susan Davis added 2 new photos.",83,0,3
"103767526332478","Congresswoman Susan Davis","After having their healthcare repeal bill under lock and key, refusing to let anyone read it, the GOP have finally freed the bill. After looking at it, I think they should have kept it hidden.","2017-03-07T17:08:05+0000","link","https://www.washingtonpost.com/powerpost/new-details-emerge-on-gop-plans-to-repeal-and-replace-obamacare/2017/03/06/04751e3e-028f-11e7-ad5b-d22680e18d10_story.html?utm_term=.f15322321808&wpisrc=al_alert-COMBO-politics%252Bnation&wpmk=1","103767526332478_1494005103975373",NA,140,34,11
"103767526332478","Congresswoman Susan Davis","Inspiring to see the community to come together to honor JD. Proud to carry the bill that made the “Jonathan ‘J.D.’ De Guzman Post Office Building” a reality.","2017-03-06T23:51:23+0000","video","https://www.facebook.com/RepSusanDavis/videos/1493182344057649/","103767526332478_1493182344057649",NA,32,3,1
"103767526332478","Congresswoman Susan Davis","Latest #refugee and #MuslimBan is unjust, unnecessary, and unconstitutional. #RefugeesWelcome","2017-03-06T20:47:16+0000","link","https://susandavis.house.gov/media-center/press-releases/rep-susan-davis-refugee-and-muslim-ban-unjust-unnecessary-and","103767526332478_1493063767402840",NA,112,14,3
"103767526332478","Congresswoman Susan Davis","Looking forward to honoring fallen hero Officer Jonathan ""J.D."" De Guzman this morning.","2017-03-06T17:11:52+0000","link","http://fox5sandiego.com/2017/03/05/post-office-to-be-renamed-after-slain-san-diego-police-officer-jonathan-de-guzman/","103767526332478_1492885560753994",NA,80,1,4
"103767526332478","Congresswoman Susan Davis","Yesterday, these two young ladies shared their heartfelt personal stories. Joined by their teachers and the American Friends Service Committee, we talked about ending the use of for-profit prisons and judicial reform. President Obama made progress in this area only to see it being reversed by this administration.","2017-03-05T00:08:00+0000","photo","https://www.facebook.com/RepSusanDavis/photos/a.112112472164650.6493.103767526332478/1490979634277920/?type=3","103767526332478_1490979634277920",NA,43,4,1
"103767526332478","Congresswoman Susan Davis","As ranking member of the Higher Education Subcommittee, I will resist any attempt by Trump to weaken our education system. I appreciate the school leaders and students who shared their higher education visions at my roundtable.","2017-03-04T21:22:17+0000","link","http://www.sandiegouniontribune.com/news/education/sd-me-davis-colleges-20170224-story.html","103767526332478_1490954960947054",NA,130,14,8
"103767526332478","Congresswoman Susan Davis","Led my Democratic colleagues on the House Committee on Education and the Workforce to urge Education Secretary Betsy DeVos to take concrete steps to ensure the safety of #trans student","2017-03-03T23:50:00+0000","link","https://susandavis.house.gov/media-center/press-releases/rep-susan-davis-leads-letter-to-education-secretary-urging-protections","103767526332478_1489886027720614",NA,75,8,0
"103767526332478","Congresswoman Susan Davis","Military families, LVC score, Trump's taxes, & more are in my latest E-News. Sign up to have it sent to your inbox.","2017-03-03T21:05:00+0000","link","https://susandavisforms.house.gov/news/email/show.aspx?ID=VLUEXJRTCDP3CQP3DK5MQI4GSA","103767526332478_1489856807723536",NA,28,3,1
"103767526332478","Congresswoman Susan Davis","An Attorney General who needs to recuse himself on an investigation this important should not lead the Department of Justice.","2017-03-02T21:55:19+0000","link","https://www.washingtonpost.com/powerpost/top-gop-lawmaker-calls-on-sessions-to-recuse-himself-from-russia-investigation/2017/03/02/148c07ac-ff46-11e6-8ebe-6e0dbe4f2bca_story.html?hpid=hp_hp-banner-main_sessions-banner-435pm%3Ahomepage%2Fstory&utm_term=.fc2736e6967e","103767526332478_1488798617829355",NA,215,37,26
"103767526332478","Congresswoman Susan Davis","The refugees seeking entry today share the same hopes and dreams as Quinn's parents did - to build a better life and contribute back to the community.","2017-03-01T23:55:04+0000","link","http://www.sandiegouniontribune.com/news/politics/sd-me-trump-guest-20170228-story.html","103767526332478_1487763297932887",NA,34,12,1
"103767526332478","Congresswoman Susan Davis","In his first 40 days, President Obama moved to save 4 million jobs. The only jobs this President has created is to give cabinet spots to billionaires. #WhereAreTheJobs","2017-03-01T21:59:00+0000","video","https://www.facebook.com/RepSusanDavis/videos/1487750547934162/","103767526332478_1487750547934162",NA,72,15,4
"103767526332478","Congresswoman Susan Davis","Thanks Tom Karlo, Nancy Worlie of KPBS and Kathleen Rae for coming to DC to talk about the importance of KPBS to our region. I'll be fighting to maintain federal funding to keep public radio and television on the air.","2017-03-01T20:24:56+0000","photo","https://www.facebook.com/RepSusanDavis/photos/a.112112472164650.6493.103767526332478/1487747897934427/?type=3","103767526332478_1487747897934427",NA,117,9,4
"103767526332478","Congresswoman Susan Davis","What we heard tonight was not the inspiring call to action that is needed. The president’s attempt at unifying the nation fell flat. The divisive rhetoric he has used over the past years is not going to be healed by a few words in a speech.","2017-03-01T03:43:52+0000","link","https://susandavis.house.gov/media-center/press-releases/rep-susan-davis-american-people-need-a-leader-that-sees-the-best","103767526332478_1487011714674712",NA,162,39,6
"103767526332478","Congresswoman Susan Davis","Honored to have Quinn Dang, daughter to Vietnamese refugees, as my guest to the President’s speech to Congress. Democrats filled the House chamber with immigrants and refugees to resist Trump’s anti-immigrant and anti-refugee policies and remind him that America must always be a safe haven for those fleeing oppression.","2017-03-01T01:19:03+0000","link","https://susandavis.house.gov/media-center/press-releases/congresswoman-susan-davis-invites-daughter-of-vietnamese-refugees-as","103767526332478_1486844441358106",NA,164,7,6
"103767526332478","Congresswoman Susan Davis","Proud to lead the effort of #WomenWearWhite to honor the women before us who struggled for equal rights. Watch as we stand out in the House tonight.","2017-02-28T23:43:39+0000","photo","https://www.facebook.com/RepSusanDavis/photos/a.112112472164650.6493.103767526332478/1486840964691787/?type=3","103767526332478_1486841501358400","Congresswoman Susan Davis added 2 new photos.",527,39,29
"103767526332478","Congresswoman Susan Davis","Lots of constituent meetings in DC today! Always glad to see our local Letter Carriers at my door. We're working together on my Door Delivery bill (H. Res. 28) which has 138 bipartisan cosponsors and counting!","2017-02-28T20:55:07+0000","photo","https://www.facebook.com/RepSusanDavis/photos/a.112112472164650.6493.103767526332478/1486718414704042/?type=3","103767526332478_1486718414704042",NA,38,0,1
"103767526332478","Congresswoman Susan Davis","Just voted with House Democrats to force Trump to release 10 years of taxes, but we were blocked by GOP. American people deserve the truth. We are not going away.","2017-02-28T01:16:58+0000","link","http://www.politico.com/story/2017/02/trump-tax-returns-democrats-235458","103767526332478_1485775738131643",NA,535,77,70
"103767526332478","Congresswoman Susan Davis","Stories of immigrants contributing to America are a millionfold. Immigrants should be valued not scorned or demonized.","2017-02-27T20:04:39+0000","link","http://www.10news.com/news/iranian-woman-achieves-the-american-dream-in-san-diego","103767526332478_1485541358155081",NA,140,17,14
"103767526332478","Congresswoman Susan Davis","This latest report of the White House pressuring the FBI to comment on a pending investigation can be added to a list – a list that keeps growing – of reasons to have a full, bipartisan and independent investigation.","2017-02-25T02:33:00+0000","link","https://susandavis.house.gov/media-center/press-releases/rep-davis-report-of-white-house-pressuring-fbi-another-reason-for","103767526332478_1482630605112823",NA,139,23,10
"103767526332478","Congresswoman Susan Davis","Thank you to the advocates who came out and for all you do for our immigrant community. We will keep working toward a humane approach to comprehensive immigration reform.","2017-02-25T01:21:00+0000","video","https://www.facebook.com/RepSusanDavis/videos/1482517338457483/","103767526332478_1482517338457483",NA,63,3,5
"103767526332478","Congresswoman Susan Davis","Meeting with just a few of the many members of Indivisible from the 53rd district.  Thank you for staying engaged with your government!","2017-02-25T00:10:57+0000","photo","https://www.facebook.com/RepSusanDavis/photos/a.112112472164650.6493.103767526332478/1482689968440220/?type=3","103767526332478_1482689968440220",NA,94,2,3
"103767526332478","Congresswoman Susan Davis","People are hungry for action and don't like the direction of their country. I sat down with KPBS to talk about resisting Trump, protecting our health care, and comprehensive immigration reform.","2017-02-24T22:46:26+0000","video","https://www.facebook.com/RepSusanDavis/videos/1482591898450027/","103767526332478_1482591898450027",NA,67,3,7
"103767526332478","Congresswoman Susan Davis","The American people have a right to know about the President’s financial ties with Russia. I’m cosponsoring Rep. Nadler’s resolution to order the release of Trump’s taxes and expose the truth. The GOP can try to bury this issue but it won’t go away.","2017-02-24T19:21:00+0000","link","http://www.politico.com/story/2017/02/trump-conflicts-house-resolution-235288","103767526332478_1481758088533408",NA,411,54,73
"103767526332478","Congresswoman Susan Davis","Proud of my perfect score. Thank you League of Conservation Voters for all you do for the environment. I'll keep fighting for clean air, clean water, and open spaces more than ever.","2017-02-24T17:34:02+0000","link","http://scorecard.lcv.org/","103767526332478_1481577861884764",NA,177,16,4
"103767526332478","Congresswoman Susan Davis","Shame on Trump for rescinding protections for transgender students. As a member of the Congressional LGBT Equality Caucus, I will keep fighting to #ProtectTransKids.","2017-02-23T22:55:00+0000","link","http://www.sandiegouniontribune.com/news/nation-world/ct-trump-transgender-bathroom-guidelines-20170222-story.html","103767526332478_1481555491887001",NA,131,20,3
"103767526332478","Congresswoman Susan Davis","Thank you for the overwhelming interest in my town hall meeting! It has reached capacity at the 1,200 seat venue. I'll be looking to live stream the meeting for those who can't attend.  You can always email me or call with specific issues. I want to hear from you!","2017-02-23T20:30:00+0000","link","https://susandavis.house.gov/contact","103767526332478_1481444581898092",NA,170,19,14
"103767526332478","Congresswoman Susan Davis","Holding a press conference with local immigration advocates to denounce Trump’s anti-immigration actions. Immigrants add to our rich heritage and are an economic benefit. According to a study, mass deportation would cost our economy over $2 trillion in lost GDP. His policies are only going to hurt families, our economy, and won’t make us safe. #RefugeesWelcome #ImmigrantsWelcome","2017-02-23T18:45:11+0000","photo","https://www.facebook.com/RepSusanDavis/photos/a.112112472164650.6493.103767526332478/1481416671900883/?type=3","103767526332478_1481416671900883",NA,240,26,11
"103767526332478","Congresswoman Susan Davis","As the new ranking member of the Higher Education Subcommittee, I wanted to hear the voices of local education leaders on how to approach improving our higher education system. We have an amazing turnout for my Higher Education Roundtable! I look forward to working with local education leaders and constituents on how we can make a degree more affordable and accessible.","2017-02-23T16:52:09+0000","photo","https://www.facebook.com/RepSusanDavis/photos/a.112112472164650.6493.103767526332478/1481331061909444/?type=3","103767526332478_1481331875242696","Congresswoman Susan Davis added 2 new photos.",78,6,3
"103767526332478","Congresswoman Susan Davis","Hope you can make it to my town hall meeting on March 11! Click below for details and to RSVP.","2017-02-22T22:09:24+0000","link","https://susandavis.house.gov/about/events/rep-susan-davis-town-hall-meeting","103767526332478_1480609928648224",NA,279,34,108
"103767526332478","Congresswoman Susan Davis","Just on KUSI talking military hunger, refugee and Muslim ban, and the rise in anti-semitism in our country.","2017-02-22T01:53:10+0000","video","https://www.facebook.com/RepSusanDavis/videos/1479752788733938/","103767526332478_1479752788733938",NA,57,9,6
"103767526332478","Congresswoman Susan Davis","Miss him yet? #PresidentsDay","2017-02-20T17:00:06+0000","photo","https://www.facebook.com/RepSusanDavis/photos/a.112112472164650.6493.103767526332478/1477602195615664/?type=3","103767526332478_1477602195615664",NA,250,48,10
"103767526332478","Congresswoman Susan Davis","I don’t always agree with Senator McCain, but here I do. Our independent press is a pillar of our democracy. #NotTheEnemy","2017-02-19T19:14:00+0000","link","https://amp.cnn.com/cnn/2017/02/18/politics/john-mccain-donald-trump-dictators/index.html","103767526332478_1477331388976078",NA,248,22,38
"103767526332478","Congresswoman Susan Davis","There's a new family health clinic in El Cajon. Repeal of the healthcare law would hurt the ability of community health centers in our region, such as this one, to provide services to the thousands of families that rely on them.","2017-02-19T16:49:01+0000","video","https://www.facebook.com/RepSusanDavis/videos/1477319545643929/","103767526332478_1477319545643929",NA,58,9,12
"103767526332478","Congresswoman Susan Davis","Community health clinics are a vital resource for families. Repeal of the healthcare law would have a devastating impact on their ability to provide health services. I joined with the dedicated people who run these clinics to #ProtectOurCare.","2017-02-18T22:15:50+0000","photo","https://www.facebook.com/RepSusanDavis/photos/a.112112472164650.6493.103767526332478/1476329469076270/?type=3","103767526332478_1476334525742431","Congresswoman Susan Davis added 2 new photos.",135,9,11
"103767526332478","Congresswoman Susan Davis","Those who sacrifice for us shouldn’t struggle to put food on the table. I reintroduced my bipartisan bill extending food assistance to military families.","2017-02-17T23:31:02+0000","link","https://susandavis.house.gov/media-center/press-releases/congresswoman-susan-davis-re-introduces-bipartisan-bill-to-expand-food","103767526332478_1475148645861019",NA,121,9,7
"103767526332478","Congresswoman Susan Davis","Trump needs to end the censorship on animal welfare information.","2017-02-17T20:20:46+0000","link","https://susandavis.house.gov/media-center/press-releases/rep-davis-calls-on-trump-to-restore-usda-animal-welfare-transparency","103767526332478_1474902995885584",NA,175,13,22
"103767526332478","Congresswoman Susan Davis","Congratulations to San Diego State University on their recent recognition as a National Model Undergraduate Entrepreneurship Program for 2017 by the United States Association for Small Business and Entrepreneurship (USASBE). I'm so proud to have such an asset in my district.","2017-02-17T19:08:00+0000","link","http://newscenter.sdsu.edu/sdsu_newscenter/news_story.aspx?sid=76564","103767526332478_1474773945898489",NA,50,0,3
"103767526332478","Congresswoman Susan Davis","Proud of my Democratic colleagues’ effort on Ways & Means Committee to get the President’s taxes. The American people have a right to know.","2017-02-17T17:30:33+0000","link","http://www.reuters.com/article/us-usa-trump-taxreturns-idUSKBN15T2BF","103767526332478_1474864962556054",NA,401,29,44
"103767526332478","Congresswoman Susan Davis","Two-state solution is the most credible way to achieve lasting peace.","2017-02-16T17:53:44+0000","link","http://timesofsandiego.com/politics/2017/02/15/rep-davis-trump-offered-confused-jumbled-position-on-israel/","103767526332478_1473369176038966",NA,53,11,2
"103767526332478","Congresswoman Susan Davis","America needs a Labor Secretary who is going to put workers first, and Andrew Puzder was not that person. I raised serious concerns about his nomination in a letter to the Senate.","2017-02-15T23:27:29+0000","link","https://susandavis.house.gov/media-center/press-releases/congresswoman-susan-davis-america-needs-a-labor-secretary-who-will-put","103767526332478_1472384136137470",NA,104,11,4
"103767526332478","Congresswoman Susan Davis","When is enough going to be enough for my GOP colleagues to allow a vote on independent investigation of the White House?","2017-02-15T19:36:00+0000","link","https://www.nytimes.com/2017/02/14/us/politics/russia-intelligence-communications-trump.html?hp&action=click&pgtype=Homepage&clickSource=story-heading&module=span-ab-top-region&region=top-news&WT.nav=top-news&_r=0","103767526332478_1472115639497653",NA,67,23,17
"103767526332478","Congresswoman Susan Davis","Instead of taking pensions away from Americans - as House GOP is doing today - we should be voting for a independent investigation into the White House.","2017-02-15T17:15:00+0000","video","https://www.facebook.com/RepSusanDavis/videos/1472012332841317/","103767526332478_1472012332841317",NA,119,15,12
"103767526332478","Congresswoman Susan Davis","Proud of my city for joining us in this fight and standing up for our values that have always made America great.","2017-02-15T16:17:12+0000","link","http://www.sandiegouniontribune.com/news/politics/sd-me-refugee-brief-20170214-story.html","103767526332478_1471987419510475",NA,201,7,18
"103767526332478","Congresswoman Susan Davis","The resignation of Michael Flynn underscores the increasing and disturbing potential of Russia’s grip on the White House. It’s another instance of someone in the Administration, the other being the President himself, who could potentially be subject to blackmail by the Russian government. There needs to be an outside, bipartisan, and independent investigation into Russian influence in the White House.","2017-02-14T20:07:33+0000","photo","https://www.facebook.com/RepSusanDavis/photos/a.112112472164650.6493.103767526332478/1471108776265006/?type=3","103767526332478_1471108776265006",NA,453,82,101
"103767526332478","Congresswoman Susan Davis","Congress has a responsibility to follow all the threads to reveal what this means to our national security and our democracy.","2017-02-14T05:29:21+0000","link","https://www.washingtonpost.com/world/national-security/michael-flynn-resigns-as-national-security-adviser/2017/02/13/0007c0a8-f26e-11e6-8d72-263470bf0401_story.html?hpid=hp_rhp-banner-main_flynnreigns-1138pm%3Ahomepage%2Fstory&utm_term=.f40a916ad548","103767526332478_1470391036336780",NA,192,38,11
"103767526332478","Congresswoman Susan Davis","Protecting ACA, Social Security & Medicare, pushing back on Trump. My priorities laid out in my interview here:","2017-02-13T18:30:32+0000","link","http://missionvalleynews.com/congressional-watch-conversation-susan-davis/","103767526332478_1469897486386135",NA,124,14,5
"103767526332478","Congresswoman Susan Davis","Was the executive order advancing our safety?  Good to see courts again say ""No."" This is grateful relief for those heavily vetted and wanting to bring their talents to our country.","2017-02-10T03:00:07+0000","link","https://www.washingtonpost.com/world/national-security/federal-appeals-court-maintains-suspension-of-trumps-immigration-order/2017/02/09/e8526e70-ed47-11e6-9662-6eedf1627882_story.html?hpid=hp_rhp-banner-main_trumpban-625pm%3Ahomepage%2Fstory&utm_term=.5f7a480b508f","103767526332478_1466167823425768",NA,125,13,5
"103767526332478","Congresswoman Susan Davis","We should be making it easier for Americans to vote, not harder. I introduced two bills that will increase access to the ballot and protect the integrity of our elections.","2017-02-09T18:13:14+0000","link","https://susandavis.house.gov/media-center/press-releases/rep-susan-davis-re-introduces-legislation-to-expand-access-to-voting-and","103767526332478_1465794066796477",NA,242,21,15
"103767526332478","Congresswoman Susan Davis","President Obama worked with states and local educators to create protections that ensure quality teachers for our kids. I led the opposition against ending these protections.","2017-02-08T01:47:08+0000","video","https://www.facebook.com/RepSusanDavis/videos/1463984040310813/","103767526332478_1463984040310813",NA,124,20,7
"103767526332478","Congresswoman Susan Davis","Blocking the public's access to info on animal welfare is unacceptable. The Dept of Agriculture should reinstate the webpage immediately.","2017-02-07T16:16:50+0000","link","https://www.washingtonpost.com/news/animalia/wp/2017/02/03/the-usda-abruptly-removes-animal-welfare-information-from-its-website/?utm_term=.880ce87449d5","103767526332478_1463427597033124",NA,84,15,27
"103767526332478","Congresswoman Susan Davis","Schools deserve help in their efforts to keep our kids safe. I'll be re-introducing my bill to provide federal funds to train educators to identify trafficking.","2017-02-06T21:00:31+0000","link","http://www.sandiegouniontribune.com/news/education/sd-me-schools-trafficking-20170201-story.html","103767526332478_1462620580447159",NA,166,15,8
"103767526332478","Congresswoman Susan Davis","Our values, our democracy, and our security won the day with the judge’s decision to put a nationwide hold on the President’s ban on refugees and Muslims. The President needs to rescind his immoral and unconstitutional executive order. As long as it remains, I will continue to pursue efforts in Congress to repeal it.","2017-02-04T22:17:36+0000","link","https://susandavis.house.gov/media-center/press-releases/rep-davis-statement-on-nationwide-ruling-against-the-refugee-and-muslim","103767526332478_1460313604011190",NA,256,36,7
"103767526332478","Congresswoman Susan Davis","Black History Month is a time to celebrate the lasting contributions African Americans have made to America and renew our commitment to the pursuit of justice and equality.","2017-02-02T21:00:26+0000","photo","https://www.facebook.com/RepSusanDavis/photos/a.112112472164650.6493.103767526332478/1458091280900089/?type=3","103767526332478_1458091280900089",NA,40,11,5
"103767526332478","Congresswoman Susan Davis","I went on Fox 5 in San Diego to talk about Democrats' fight to stop Trump’s Executive Order banning refugees.","2017-02-01T20:39:35+0000","video","https://www.facebook.com/RepSusanDavis/videos/1456912277684656/","103767526332478_1456912277684656",NA,92,24,6
"103767526332478","Congresswoman Susan Davis","I’m honored and excited to become the Ranking Democrat on the Higher Education and Workforce Training Subcommittee. Education policy has always been a passion of mine and I’m excited to work with my colleagues on increasing higher education opportunities for all!","2017-02-01T01:24:00+0000","link","https://susandavis.house.gov/media-center/press-releases/rep-susan-davis-takes-over-as-ranking-democrat-on-higher-education-and","103767526332478_1455959527779931",NA,367,20,9
"103767526332478","Congresswoman Susan Davis","This should never happen in America. A constituent of mine was crossing the border into San Diego when he was singled out for having brown skin.","2017-01-31T23:39:00+0000","video","https://www.facebook.com/RepSusanDavis/videos/1455914194451131/","103767526332478_1455914194451131",NA,112,38,31
"103767526332478","Congresswoman Susan Davis","Last chance to get covered with Covered California. Deadline to enroll in a health plan is today at midnight. #GetCovered","2017-01-31T20:55:07+0000","link","http://www.coveredca.com/","103767526332478_1455864394456111",NA,16,0,4
"103767526332478","Congresswoman Susan Davis","Today I contacted Customs and Border Protection to demand information on anyone being held at San Diego's airport and that they be released immediately. If you, or someone you know, are detained at the airport or traveling abroad with a visa or green card, please contact my office at (619) 280-5353 or (202) 225-2040 so that we can provide assistance.","2017-01-30T20:38:49+0000","link","https://susandavis.house.gov/media-center/press-releases/rep-susan-davis-calls-for-information-on-and-the-release-of-any-people","103767526332478_1454890567886827",NA,836,82,272
"103767526332478","Congresswoman Susan Davis","Federal courts have rightly stayed President Trump's unconstitutional executive order banning Muslims and refugees. Immigration officials need to follow and respect the rule of the federal judges.","2017-01-29T18:50:17+0000","link","https://susandavis.house.gov/media-center/press-releases/rep-susan-davis-calls-for-repeal-of-trump-order-targeting-muslims-and","103767526332478_1453828941326323",NA,319,45,13
"103767526332478","Congresswoman Susan Davis","America has always been a beacon of hope and freedom around the world. This executive order slams the door on those seeking refuge from violence and oppression and runs contrary to the values that have defined America for generations. The Muslim ban is a policy based on fear not strength. This will simply reduce the stature and influence America will have globally.","2017-01-28T03:00:54+0000","link","https://susandavis.house.gov/media-center/press-releases/congresswoman-susan-davis-statement-on-trump-executive-order-targeting","103767526332478_1452253038150580",NA,281,110,32
"103767526332478","Congresswoman Susan Davis","As we memorialize the millions of Holocaust victims and celebrate the resilience of survivors and their families let us renew our embrace of moral values and the commitment we made as a nation to be a land of opportunity for the world's most vulnerable. #HolocaustRemeberanceDay","2017-01-27T18:55:55+0000","photo","https://www.facebook.com/RepSusanDavis/photos/a.112112472164650.6493.103767526332478/1451902511518966/?type=3","103767526332478_1451902511518966",NA,98,15,5
"103767526332478","Congresswoman Susan Davis","A border wall is a simplistic approach to a complex problem. A wall will cost billions to build. Millions more tax dollars will be spent on eminent domain lawsuits as Americans fight to keep their property from being seized by the federal government. Only bipartisan comprehensive immigration reform is going solve the problem of illegal immigration.","2017-01-25T22:35:28+0000","link","https://susandavis.house.gov/media-center/press-releases/congresswoman-susan-davis-statement-on-executive-order-on-the-border","103767526332478_1449737395068811",NA,338,53,48
"103767526332478","Congresswoman Susan Davis",NA,"2017-01-25T00:23:00+0000","video","https://www.facebook.com/RepSusanDavis/videos/1448248371884380/","103767526332478_1448248371884380",NA,125,34,25
"103767526332478","Congresswoman Susan Davis","So proud of my former colleague Patrick Kennedy for his leadership. The Future of Mental Health Forum brought experts and the public together to fight for and champion critical issues that effect our lives every day.  Thank you Patrick.","2017-01-24T22:03:46+0000","photo","https://www.facebook.com/RepSusanDavis/photos/a.112112472164650.6493.103767526332478/1448201438555740/?type=3","103767526332478_1448201438555740",NA,89,5,1
"103767526332478","Congresswoman Susan Davis","Many of my constituents have cases before the federal government regarding VA benefits, Social Security, Medicare, etc. The President's move not only hurts federal employees in our region but the constituents who rely on those workers.","2017-01-24T01:08:00+0000","link","https://www.washingtonpost.com/powerpost/trump-freezes-hiring-of-federal-workers/2017/01/23/f14d8180-e190-11e6-ba11-63c4b4fb5a63_story.html?hpid=hp_rhp-top-table-main_freeze-pp-1213pm%3Ahomepage%2Fstory&utm_term=.10f078e95957","103767526332478_1446992722009945",NA,82,37,45
"103767526332478","Congresswoman Susan Davis","Reinstating the global gag rule is a threat to women’s health around the world. Studies have shows that access to family planning services actually reduces incidents of abortion.","2017-01-23T22:05:58+0000","link","https://susandavis.house.gov/media-center/press-releases/congresswoman-susan-davis-statement-on-reinstatement-of-global-gag-rule","103767526332478_1446881828687701",NA,221,34,30
"103767526332478","Congresswoman Susan Davis","Recent poll shows #7in10 Americans support #RoevWade. Fight for this right becomes more critical than ever before!","2017-01-22T18:14:00+0000","link","http://fusion.net/story/378564/pew-poll-roe-v-wade-support-overturn/?utm_source=nar.al&utm_medium=urlshortener&utm_campaign=TW","103767526332478_1443565512352666",NA,146,15,5
"103767526332478","Congresswoman Susan Davis","Instead of creating jobs or raising wages, the president's first act is a step to take healthcare from 20M Americans.","2017-01-22T03:53:51+0000","link","http://www.nytimes.com/2017/01/20/us/politics/trump-executive-order-obamacare.html?smprod=nytcore-iphone&smid=nytcore-iphone-share","103767526332478_1444804192228798",NA,60,39,36
"103767526332478","Congresswoman Susan Davis","Proud to join with women from #SanDiego & the country in DC for the discussion & fight for women's issues, equality for all! #WomensMarch","2017-01-21T20:49:46+0000","photo","https://www.facebook.com/RepSusanDavis/photos/a.606697372706155.1073741840.103767526332478/1444481468927737/?type=3","103767526332478_1444481975594353","Congresswoman Susan Davis added 2 new photos.",555,37,8
"103767526332478","Congresswoman Susan Davis","Further proof that we need a full and independent investigation into Russian involvement. I'm pushing legislation to do just that.","2017-01-20T23:39:34+0000","link","https://www.nytimes.com/2017/01/19/us/politics/trump-russia-associates-investigation.html?action=click&pgtype=Homepage&clickSource=story-heading&module=span-abc-region&region=span-abc-region&WT.nav=span-abc-region","103767526332478_1443549935687557",NA,151,20,25
"103767526332478","Congresswoman Susan Davis","As many of you know I am attending the inauguration. It's not to honor or support the incoming president. It's in respect of the peaceful transfer of power that is paramount to our democracy. Bearing witness to that is part of the way I interpret my role as a Representative. I'll also be in participating in the Women's March tomorrow to show the president and his team that they must represent all Americans, regardless of gender, ethnicity, race, religion or sexual orientation.","2017-01-20T16:44:45+0000","link","https://susandavis.house.gov/media-center/press-releases/rep-susan-davis-statement-on-attending-the-presidential-inauguration","103767526332478_1443226012386616",NA,337,87,16
"103767526332478","Congresswoman Susan Davis","Sad and yet honored to look back at the best mentor ever in Lucy Killea.  Enjoyed our chat over the Christmas holiday with her sense of humor and always classy keen intellect.","2017-01-18T22:48:53+0000","link","http://www.sandiegouniontribune.com/news/politics/sd-me-killea-obit-20170115-story.html","103767526332478_1441429802566237",NA,62,12,5
"103767526332478","Congresswoman Susan Davis","1100 strong at MLK breakfast this morning to celebrate his legacy and carry on his work. Let's all come together today in memory of  Martin Luther King, Jr. We have achieved much in his honor but have more to accomplish today in fighting for equality for all.","2017-01-16T23:47:05+0000","photo","https://www.facebook.com/RepSusanDavis/photos/a.112112472164650.6493.103767526332478/1439351399440744/?type=3","103767526332478_1439351399440744",NA,103,32,2
"103767526332478","Congresswoman Susan Davis","Holding a press conference with Rep. Scott Peters and constituents to put a face on what ACA repeal means. #ACAWorks #SavetheACA","2017-01-15T21:19:39+0000","photo","https://www.facebook.com/RepSusanDavis/photos/a.112112472164650.6493.103767526332478/1438111616231389/?type=3","103767526332478_1438111616231389",NA,261,125,14
"103767526332478","Congresswoman Susan Davis","I'm honored to again participate in this year's Human Trafficking Awareness Rally. We have to do everything we can to protect our young people and prosecute those who traffic victims!","2017-01-15T02:10:55+0000","photo","https://www.facebook.com/RepSusanDavis/photos/a.112112472164650.6493.103767526332478/1437208976321653/?type=3","103767526332478_1437208976321653",NA,105,14,1
"103767526332478","Congresswoman Susan Davis","Constituents continue to contact me fearful of an ACA repeal. I opposed the GOP budget resolution that sets a repeal in motion.","2017-01-14T00:07:01+0000","link","https://www.nytimes.com/2017/01/13/us/politics/affordable-care-act-senate-budget.html?emc=edit_na_20170113&nlid=53885974&ref=headline&_r=1","103767526332478_1435881953121022",NA,122,47,7
"103767526332478","Congresswoman Susan Davis","Chicano Park, a symbol of the strength of our diversity, has been designated a National Historic Landmark. Proud to join with Congressman Juan Vargas in his effort to help make this designation a reality.","2017-01-12T02:14:19+0000","link","http://www.sandiegouniontribune.com/news/politics/sd-me-chicano-historic-20170111-story.html","103767526332478_1433742326668318",NA,198,11,29
"103767526332478","Congresswoman Susan Davis","Thank you President Obama for your service to the nation. Thank you for fighting for working families by creating 16 million jobs, expanding health care to 20 million people, and staying true to our values that we hold dear as Americans.","2017-01-11T02:57:12+0000","photo","https://www.facebook.com/RepSusanDavis/photos/a.112112472164650.6493.103767526332478/1432096023499615/?type=3","103767526332478_1432096023499615",NA,247,12,8
"103767526332478","Congresswoman Susan Davis","Proper vetting is critical. The American people have the right to have a full understanding of those who will be working for them.","2017-01-10T22:03:50+0000","link","https://www.nytimes.com/2017/01/07/us/politics/senate-confirmation-hearings-background-checks.html","103767526332478_1431958720180012",NA,73,14,9
"103767526332478","Congresswoman Susan Davis","The integrity of our election process is paramount. There needs to be a thorough investigation into Russian influence on the 2016 election.","2017-01-06T21:41:00+0000","link","https://susandavis.house.gov/media-center/press-releases/rep-susan-davis-calls-for-bipartisan-independent-investigation-of","103767526332478_1424291487613402",NA,216,25,13
"103767526332478","Congresswoman Susan Davis","Ending door delivery of mail would hurt customers, businesses, and the Postal Service. My bipartisan resolution in the House will help protect this vital service.","2017-01-06T17:22:25+0000","link","https://susandavis.house.gov/media-center/press-releases/rep-susan-davis-re-introduces-bipartisan-resolution-to-protect-door","103767526332478_1423993440976540",NA,123,9,10
"103767526332478","Congresswoman Susan Davis","Meet your House Democratic Women of the 115th Congress. Ready to get things done!","2017-01-05T22:24:00+0000","photo","https://www.facebook.com/RepSusanDavis/photos/a.112112472164650.6493.103767526332478/1422275164481701/?type=3","103767526332478_1422275164481701",NA,421,31,31
"103767526332478","Congresswoman Susan Davis","I'm hearing from constituents concerned about a repeal of the Affordable Care Act, including a mom with a pre-existing condition who's worried about her family. #ACAWorks","2017-01-05T20:50:27+0000","video","https://www.facebook.com/RepSusanDavis/videos/1422395944469623/","103767526332478_1422395944469623",NA,132,42,6
"103767526332478","Congresswoman Susan Davis","Since the Affordable Care Act, the number of uninsured in the San Diego region has been nearly cut in half. Repeal would mean nearly 300,000 in our region would lose access to health care. #ACAWorks","2017-01-04T22:15:53+0000","link","https://www.washingtonpost.com/powerpost/obama-to-huddle-with-democrats-on-protecting-his-signature-health-care-law/2017/01/04/34b655e8-d1f9-11e6-945a-76f69a399dd5_story.html?hpid=hp_hp-top-table-main_obamacare-725a-1%3Ahomepage%2Fstory&utm_term=.69cb392eeb97","103767526332478_1420238891351995",NA,125,23,12
"103767526332478","Congresswoman Susan Davis","Always exciting to begin a new term despite the concerns I have. I'm dedicated to preventing the unraveling of the progress we've made, while moving forward in the areas we care about.","2017-01-03T23:08:17+0000","photo","https://www.facebook.com/RepSusanDavis/photos/a.112112472164650.6493.103767526332478/1417933648249186/?type=3","103767526332478_1417933648249186",NA,385,46,7
"103767526332478","Congresswoman Susan Davis","Your voices were heard! The GOP caved on their scheme to weaken the Office of Congressional Ethics. Thanks to those who called!","2017-01-03T18:46:59+0000","link","http://www.sandiegouniontribune.com/news/nation-world/la-na-trailguide-updates-speaker-paul-ryan-gop-leaders-unable-1483462553-htmlstory.html","103767526332478_1417554728287078",NA,331,13,19
