"from_id","from_name","message","created_time","type","link","id","story","likes_count","comments_count","shares_count"
"204705339555378","Rep. Steve Chabot","This week, Donna and I celebrated our 44th wedding anniversary.  So I thought I'd share a wedding photo, taken in front of St. Catharine Church in Westwood on June 22, 1973.  We were both 20 years old.","2017-06-24T14:04:41+0000","photo","https://www.facebook.com/RepSteveChabot/photos/a.228701227155789.78759.204705339555378/2072148482811045/?type=3","204705339555378_2072148482811045",NA,106,13,1
"204705339555378","Rep. Steve Chabot","I was saddened to learn of the passing of Forest Park City Councilman Charles Southall this week.  My thoughts and prayers go out to his family, friends and loved ones.  I've had the opportunity to work with Councilman Southall over the years, and he was a tireless advocate for economic development in Forest Park.  He will be missed.","2017-06-23T18:08:09+0000","photo","https://www.facebook.com/RepSteveChabot/photos/a.228701227155789.78759.204705339555378/2071008889591671/?type=3","204705339555378_2071008889591671",NA,10,0,0
"204705339555378","Rep. Steve Chabot","I'm a member of the Judiciary Subcommittee on Crime, Terrorism, Homeland Security, and Investigations. Since Rep. Trey Gowdy replaced Rep. Jason Chaffetz as Chairman of the Oversight Committee, I chaired today's subcommittee hearing, entitled “Juvenile Justice Reform in the Modern Era."" The hearing is the start to a much-needed conversation about the juvenile justice system.","2017-06-22T21:24:47+0000","photo","https://www.facebook.com/RepSteveChabot/photos/a.228701227155789.78759.204705339555378/2069819186377308/?type=3","204705339555378_2069819186377308",NA,19,6,0
"204705339555378","Rep. Steve Chabot","This morning, I had the opportunity to meet in the Capitol Building with U.S. Ambassador to the United Nations Nikki Haley, and get her perspective on a number of recent international developments.","2017-06-22T16:49:48+0000","photo","https://www.facebook.com/RepSteveChabot/photos/a.228701227155789.78759.204705339555378/2069530656406161/?type=3","204705339555378_2069530656406161","Rep. Steve Chabot with Rajibul Bashar Rajib.",59,12,1
"204705339555378","Rep. Steve Chabot","Congratulations to Natalie Carter from Springboro, Ohio; Pakrush Katragadda from Springboro, Ohio; Ellen Haney from Maineville, Ohio; and Katherine Skelly from Morrow, Ohio for receiving The Congressional Award Gold Medal. Receiving this award is no easy feat primarily because participants must complete hundreds of hours of community service, personal development, physical fitness and participate in an expedition and exploration.  Way to make us proud! #gold2017","2017-06-21T23:27:00+0000","photo","https://www.facebook.com/RepSteveChabot/photos/a.228701227155789.78759.204705339555378/2068453609847199/?type=3","204705339555378_2068455313180362","Rep. Steve Chabot added 9 new photos.",20,5,0
"204705339555378","Rep. Steve Chabot","Currently, 1.75 million refugee children have no access to primary education. This is unacceptable.   Last night, I spoke at the Girl Up World Refugee Day Reception on how education can help the more than 32 million displaced children worldwide lead productive lives after displacement. Several months ago I introduced the Protecting Girls’ Access to Education Act with my colleague Rep. Robin Kelly (D-IL) to promote education among displaced children, especially girls who are most vulnerable. Our work is far from finished, but I believe that this is a step in the right direction.   Read more here: https://chabot.house.gov/news/documentsingle.aspx?DocumentID=398739 .","2017-06-21T21:05:41+0000","photo","https://www.facebook.com/RepSteveChabot/photos/a.228701227155789.78759.204705339555378/2068413579851202/?type=3","204705339555378_2068436419848918","Rep. Steve Chabot added 3 new photos.",23,18,1
"204705339555378","Rep. Steve Chabot","Yesterday, I met with Vivian Hutson, CEO and Medical Center Director, and other members of the administration and medical staff at the Cincinnati VA Medical Center to discuss the steps they are taking to improve health care for local veterans.  They are currently implementing reforms to reduce patient wait times and improve access to the care and services our veterans desperately need and deserve.","2017-06-20T17:08:32+0000","photo","https://www.facebook.com/RepSteveChabot/photos/a.228701227155789.78759.204705339555378/2066698623356031/?type=3","204705339555378_2066698623356031",NA,32,10,1
"204705339555378","Rep. Steve Chabot","This morning, I had the opportunity to visit Cincinnati Job Corps, and see firsthand how their job training and work experience programs are helping to prepare students in the Greater Cincinnati area for the workforce.  Thank you to everyone for taking the time to meet with me.","2017-06-19T18:08:46+0000","photo","https://www.facebook.com/RepSteveChabot/photos/a.228701227155789.78759.204705339555378/2065209486838278/?type=3","204705339555378_2065209486838278",NA,15,2,3
"204705339555378","Rep. Steve Chabot","Earlier today, Donna and I took our moms to visit St. Joseph Cemetery in Price Hill to visit our fathers, and Vine Street Hill Cemetery to visit her grandparents.  It's kind of a Father's Day tradition for us.  My mom Doris is on the left, my mother-in-law Hilda is on the right.  Donna snapped the picture.  Happy Father's Day to all the dads out there!","2017-06-18T23:26:46+0000","photo","https://www.facebook.com/RepSteveChabot/photos/a.228701227155789.78759.204705339555378/2064120490280511/?type=3","204705339555378_2064120490280511","Rep. Steve Chabot with Maria Costello.",107,6,1
"204705339555378","Rep. Steve Chabot","For Father's Day, I thought I'd share a picture with my grandson Reed taken on the Fourth of July last year.  Happy Father's Day to all the dads out there.","2017-06-18T16:37:17+0000","photo","https://www.facebook.com/RepSteveChabot/photos/a.228701227155789.78759.204705339555378/2063697436989483/?type=3","204705339555378_2063697436989483",NA,98,5,2
"204705339555378","Rep. Steve Chabot","Softwood lumber, insurance options, and regulations are only a few of the many topics that were discussed during my meeting with the Home Builders Association of Greater Cincinnati. Thank you for stopping by Home Builders Association of Greater Cincinnati!","2017-06-16T20:00:00+0000","photo","https://www.facebook.com/RepSteveChabot/photos/a.228701227155789.78759.204705339555378/2060561150636445/?type=3","204705339555378_2060561150636445",NA,10,7,1
"204705339555378","Rep. Steve Chabot","Yesterday, representatives from the United Way of Greater Cincinnati visited my office to discuss health care and tax reform. Thank you for the information, and thank you for all you do.","2017-06-16T15:46:55+0000","photo","https://www.facebook.com/RepSteveChabot/photos/a.228701227155789.78759.204705339555378/2060558417303385/?type=3","204705339555378_2060558417303385",NA,16,8,0
"204705339555378","Rep. Steve Chabot","Today, at the House Foreign Affairs Committee budget hearing, I questioned Secretary of State Rex Tillerson on US-Taiwan relations. As a founding Member of the Congressional Taiwan Caucus, I want to ensure that the Administration knows first-hand that we must reaffirm our commitment to Taiwan and our shared democratic values. Watch more here:","2017-06-14T21:38:56+0000","video","https://www.facebook.com/RepSteveChabot/videos/2057994920893068/","204705339555378_2057994920893068",NA,150,15,101
"204705339555378","Rep. Steve Chabot","Happy Flag Day!","2017-06-14T18:43:49+0000","video","https://www.facebook.com/RepSteveChabot/videos/2057820900910470/","204705339555378_2057820900910470",NA,58,9,6
"204705339555378","Rep. Steve Chabot","While touring the Capital Candy Jar facility today, I witnessed firsthand how this novelty D.C. sweet shop hires people with disabilities and empowers them to live their lives to the fullest. Shops like the Capital Candy Jar, and stories about workers with differing abilities that are able to earn a paycheck with dignity, demonstrate how ABLE 2.0 (and its package of bills) can help continue to improve the lives of many Americans.","2017-06-13T18:28:58+0000","photo","https://www.facebook.com/RepSteveChabot/photos/a.228701227155789.78759.204705339555378/2056214941071066/?type=3","204705339555378_2056215547737672","Rep. Steve Chabot added 3 new photos.",71,16,5
"204705339555378","Rep. Steve Chabot","Last week, on the House Floor, I honored Warren County icon, Leslie Spaeth, who passed away recently at the age of 92. Mr. Spaeth was a WWII veteran, and a dedicated husband, father, grandfather and great-grandfather. He will be greatly missed by many throughout the First District.  If you have time, please watch the tribute here:","2017-06-12T21:56:49+0000","video","https://www.facebook.com/RepSteveChabot/videos/2054926484533245/","204705339555378_2054926484533245",NA,20,3,2
"204705339555378","Rep. Steve Chabot","Since it's President George H. W. Bush's 93rd birthday, I thought I'd share a picture taken with President Bush back in 1988 at the White House (he was Vice President at the time).  Happy birthday, Mr. President, and thank you for a lifetime of service to our nation.","2017-06-12T18:42:26+0000","photo","https://www.facebook.com/RepSteveChabot/photos/a.228701227155789.78759.204705339555378/2054717497887477/?type=3","204705339555378_2054717497887477",NA,38,7,1
"204705339555378","Rep. Steve Chabot","Yesterday, I participated in the House Judiciary Subcommittee on Crime, Terrorism, Homeland Security, and Investigations hearing on “Oversight of Department of Justice Grant Programs.” We discussed the management and administration of the Department of Justice’s grant programs. Learn more about the hearing and my Q&A session here: https://youtu.be/oz4riWFqSCA","2017-06-09T13:42:00+0000","photo","https://www.facebook.com/RepSteveChabot/photos/a.228701227155789.78759.204705339555378/2048929931799567/?type=3","204705339555378_2048929931799567",NA,28,13,1
"204705339555378","Rep. Steve Chabot","This afternoon, I met with Cincinnati City Councilmember Yvette Simpson, who serves as the Council's President Pro Tem as well as its representative on the city's Small Business Advisory Committee.  (As you may know, I am Chairman of the House Small Business Committee.) We had a great discussion about ongoing efforts to help small businesses in Cincinnati, including the importance of new markets tax credits, infrastructure improvements, and initiatives to improve access to capital.","2017-06-08T23:00:43+0000","photo","https://www.facebook.com/RepSteveChabot/photos/a.228701227155789.78759.204705339555378/2049069055118988/?type=3","204705339555378_2049069055118988",NA,31,11,0
"204705339555378","Rep. Steve Chabot","Just had a very good meeting with Treasury Secretary Steven Mnuchin.  One of the principal topics of discussion was the goal of passing significant tax reform this year.  I'm cautiously optimistic.","2017-06-08T16:08:15+0000","photo","https://www.facebook.com/RepSteveChabot/photos/a.228701227155789.78759.204705339555378/2048640761828484/?type=3","204705339555378_2048640761828484",NA,32,11,0
"204705339555378","Rep. Steve Chabot","Today, I joined Ambassador Ron Dermer, and my colleagues, as we commemorated 50 years of the reunification of Jerusalem and the strong bilateral relationship between our two nations. Watch full coverage of the event here: https://www.youtube.com/watch?v=DcbQtIegNN4 #50forJerusalem","2017-06-07T21:21:07+0000","photo","https://www.facebook.com/RepSteveChabot/photos/a.228701227155789.78759.204705339555378/2047620138597213/?type=3","204705339555378_2047620138597213","Rep. Steve Chabot with Minhaz.",21,9,0
"204705339555378","Rep. Steve Chabot","Each year, over 1,000,000 children are abused. The House Judiciary Committee is working diligently to protect children from exploitation and abuse.   If you would like more information on the House Judiciary Committee’s work for children, please follow this link: https://judiciary.house.gov/press-release/house-judiciary-committee-approves-bills-combat-child-sex-abuse-human-trafficking/","2017-06-07T17:52:13+0000","photo","https://www.facebook.com/RepSteveChabot/photos/a.228701227155789.78759.204705339555378/2046226748736552/?type=3","204705339555378_2047382581954302","Rep. Steve Chabot shared their photo.",24,4,0
"204705339555378","Rep. Steve Chabot","A few weeks ago, I was fortunate enough to have some veterans visit my office for a Capitol Tour. Thank you for your service and thank you for visiting.","2017-06-07T13:39:00+0000","photo","https://www.facebook.com/RepSteveChabot/photos/a.228701227155789.78759.204705339555378/2046225775403316/?type=3","204705339555378_2046225775403316",NA,13,5,0
"204705339555378","Rep. Steve Chabot","73 years ago today, the largest seaborne invasion in human history took place on the beaches of Normandy, France.  D-Day.  American, British, and Canadian troops battled German forces led by Field Marshall Erwin Rommel at Gold, Juno, Omaha, Sword and Utah beaches.  It was only a matter of time before Hitler's evil reign would come to an end, because of the bravery and sacrifice of what has been called the Greatest Generation.  Here's a photo of one of that generation, my father,  who served in France, England, and Germany during World War II.","2017-06-06T16:55:39+0000","photo","https://www.facebook.com/RepSteveChabot/photos/a.228701227155789.78759.204705339555378/2045930578766169/?type=3","204705339555378_2045930578766169",NA,45,8,5
"204705339555378","Rep. Steve Chabot","We stand united with our friends throughout Great Britain as they recover from yet another senseless and brutal terrorist attack.  Our thoughts and prayers go out to the victims and their families and loved ones.","2017-06-04T17:45:05+0000","photo","https://www.facebook.com/RepSteveChabot/photos/a.228701227155789.78759.204705339555378/2042705819088645/?type=3","204705339555378_2042705819088645",NA,46,9,1
"204705339555378","Rep. Steve Chabot","This past Monday was Memorial Day, and I participated in a parade in Cleves, and ceremonies at Maple Grove Cemetery nearby.  For #ThrowbackThursday, here's a photo taken over 50 years ago (in 1965).  I'm the Boy Scout looking towards the camera.  I think my dad snapped the picture.  #TBT","2017-06-01T14:51:51+0000","photo","https://www.facebook.com/RepSteveChabot/photos/a.228701227155789.78759.204705339555378/2037451602947400/?type=3","204705339555378_2037451602947400",NA,35,15,0
"204705339555378","Rep. Steve Chabot","On Memorial Day, I marched in the parade in Cleves and spoke at the dedication of the community's memorial to Sgt. David Kreuter.  Sgt. Kreuter grew up on Cincinnati's westside, and he graduated from St. Xavier High School and the University of Cincinnati.  He joined the U.S. Marine Reserves in 1998, and proudly served our nation until his tragic death in Iraq on August 3, 2005. On that fateful day, he was one of 14 marines killed when their transport vehicle hit a roadside bomb.  Sgt. Kreuter believed that hard work, preparation and a good education were the necessary components of a successful life, a belief reflected in his dedication to his duties. He was also a proud American, and cared deeply for the freedoms he fought every day to protect as a Marine. Our community and our nation lost a great man that day, and I am proud to stand with his family to honor his legacy.  Below is a picture with Sgt. Kreuter's mother Pat in front of the memorial.","2017-05-30T20:04:13+0000","photo","https://www.facebook.com/RepSteveChabot/photos/a.228701227155789.78759.204705339555378/2034747366551157/?type=3","204705339555378_2034747366551157",NA,80,11,1
"204705339555378","Rep. Steve Chabot","In addition to being Memorial Day, today would have been President John F. Kennedy's 100th birthday. In recognition of this milestone, I thought I'd share a photo taken three years ago in Japan. I was Chairman of the House Foreign Affairs Subcommittee on Asia and the Pacific at the time, and in that capacity, I led a congressional delegation trip to several Asian nations. Accompanying me on that CODEL was  Congressman Joe Kennedy III, grandson of JFK's brother, former Attorney General and Senator Robert F. Kennedy. While in Japan, we met with JFK's daughter, Caroline Kennedy, who was serving as U.S. Ambassador to Japan at that time. The picture below was taken after that meeting.","2017-05-29T16:46:34+0000","photo","https://www.facebook.com/RepSteveChabot/photos/a.228701227155789.78759.204705339555378/2033161230043104/?type=3","204705339555378_2033161230043104",NA,28,11,0
"204705339555378","Rep. Steve Chabot","We owe our veterans a tremendous debt of gratitude, because it is through their sacrifice that America remains safe and free. If I can ever be of assistance to you and your VA casework in any way, please do not hesitate to contact my Cincinnati office at (513) 684-2723. #memorialday","2017-05-29T14:09:44+0000","photo","https://www.facebook.com/RepSteveChabot/photos/a.228701227155789.78759.204705339555378/2032970926728801/?type=3","204705339555378_2032970926728801",NA,20,6,4
"204705339555378","Rep. Steve Chabot","I was deeply saddened to learn of the passing yesterday of baseball Hall of Famer and former U.S. Senator and Congressman Jim Bunning.  I served with Jim for four years in the House, and we continued to work together throughout Jim's 12 years in the Senate.  He was a principled conservative and a driven, tenacious leader for Kentucky and our entire nation.  One of the most memorable moments I shared with Jim was attending the funeral of Pope John Paul II, as part of the group selected to represent Congress at the ceremonies.  I took the photo below of Jim and his charming wife Mary in St. Peter's Square just outside St. Peter's Basilica in Vatican City.  Below the picture of Jim and Mary are a few other pictures from St. Peter's Square (from left to right): with actor Jim Caviezel (who played Jesus in The Passion Of The Christ, and most recently starred on the CBS show Person of Interest) and former Speaker John Boehner; with late Senator Ted Kennedy; and with former Senator and Secretary of State John Kerry.","2017-05-28T17:46:03+0000","photo","https://www.facebook.com/RepSteveChabot/photos/a.228701227155789.78759.204705339555378/2031727260186501/?type=3","204705339555378_2031727260186501",NA,28,10,0
"204705339555378","Rep. Steve Chabot","Yesterday, I had the opportunity to meet with new University of Cincinnati President Neville Pinto.  We had a great discussion about several issues important to both the university and the Greater Cincinnati area.","2017-05-26T20:51:46+0000","photo","https://www.facebook.com/RepSteveChabot/photos/a.228701227155789.78759.204705339555378/2029016003790960/?type=3","204705339555378_2029016003790960",NA,25,8,2
"204705339555378","Rep. Steve Chabot","For #ThrowbackThursday, here's a photo taken in Eden Park overlooking the Ohio River, back in the mid 1950's.  I'm the little guy in front, with my mom and brother Ron.  #TBT","2017-05-25T15:07:29+0000","photo","https://www.facebook.com/RepSteveChabot/photos/a.228701227155789.78759.204705339555378/2027235290635698/?type=3","204705339555378_2027235290635698",NA,62,11,2
"204705339555378","Rep. Steve Chabot","Today, I spoke on the House floor to congratulate a great Cincinnatian and an avid marathoner, Mike Fremont, for his latest record. Congratulations Mike!","2017-05-24T18:32:12+0000","video","https://www.facebook.com/RepSteveChabot/videos/2026061330753094/","204705339555378_2026061330753094",NA,37,22,3
"204705339555378","Rep. Steve Chabot","Please join me in praying for our British allies, and all of the victims of last night’s senseless terrorist attack in Manchester.","2017-05-23T16:35:28+0000","status",NA,"204705339555378_2024098417616052",NA,37,5,0
"204705339555378","Rep. Steve Chabot","I always enjoy school visits. Last week, I took the students of Middletown Christian School to the Speaker’s Balcony. While we were on the tour, I demonstrated the legendary “Whisper Spot” in the Old House Chamber. I asked the students to raise their hands if they could hear me, while standing on the other side of the room facing an opposite direction (because of acoustics, about a handful of students raised their hands).","2017-05-23T13:02:00+0000","photo","https://www.facebook.com/RepSteveChabot/photos/a.228701227155789.78759.204705339555378/2022498184442742/?type=3","204705339555378_2022498717776022","Rep. Steve Chabot added 3 new photos.",29,9,0
"204705339555378","Rep. Steve Chabot","Sayler Park School paid a visit to the House of Representatives bright and early last week. We walked around the Capitol for a tour and a quick history lesson, but most importantly, we practiced using the electronic voting machines.","2017-05-22T15:50:14+0000","photo","https://www.facebook.com/RepSteveChabot/photos/a.228701227155789.78759.204705339555378/2022490597776834/?type=3","204705339555378_2022497034442857","Rep. Steve Chabot added 3 new photos.",34,9,7
"204705339555378","Rep. Steve Chabot","This morning, I had the opportunity to speak to those participating in the Arthritis Foundation's annual Walk To Cure Arthritis.  I also introduced and met the honorees for this year's event -- Carol Filomena from Mason (pictured bottom right with her family) and toddler August ""Gus"" Spears from Cincinnati (pictured bottom left with his parents).","2017-05-21T19:38:56+0000","photo","https://www.facebook.com/RepSteveChabot/photos/a.228701227155789.78759.204705339555378/2021233091235918/?type=3","204705339555378_2021233091235918",NA,30,19,2
"204705339555378","Rep. Steve Chabot","Yesterday, Hamilton County Commissioner Todd Portune and I had a great meeting discussing the work that we’re doing together to support Cincinnati and Hamilton County.","2017-05-19T18:19:47+0000","photo","https://www.facebook.com/RepSteveChabot/photos/a.228701227155789.78759.204705339555378/2018166638209230/?type=3","204705339555378_2018166638209230",NA,43,22,3
"204705339555378","Rep. Steve Chabot","Yesterday afternoon, I had the opportunity to meet with former Cincinnati Mayor and Congressman Charlie Luken.  I've known Charlie since the 1980s when we, along with three other members of City Council (Ken Blackwell, Jim Cissell and the late John Mirlisena), joined together to form a bipartisan governing majority on Council, with the goal of streamlining City Hall and restoring fiscal responsibility to the city.","2017-05-18T20:08:38+0000","photo","https://www.facebook.com/RepSteveChabot/photos/a.228701227155789.78759.204705339555378/2016819171677310/?type=3","204705339555378_2016819171677310",NA,32,13,1
"204705339555378","Rep. Steve Chabot","Thank you for answering the call and keeping us safe! #NationalPoliceWeek","2017-05-17T18:45:54+0000","photo","https://www.facebook.com/RepSteveChabot/photos/a.228701227155789.78759.204705339555378/2015239151835312/?type=3","204705339555378_2015239151835312",NA,24,10,5
"204705339555378","Rep. Steve Chabot","This afternoon, I had the honor of presenting the Carnegie Medal to Rev. Timothy Carpenter, who was injured trying to save the life of a 60 year old woman in 2015.  The woman, who was bound to a wheelchair, was viciously attacked from behind by a young man with a knife.  When Rev. Carpenter saw the attack, he leapt into action.  He was able to disarm the assailant and stop the attack, but sadly the woman died from her wounds at the scene.    The Carnegie Medal is awarded by the Carnegie Hero Fund Commission to individuals who display ""outstanding acts of selfless heroism"" and ""risk their lives to an extraordinary degree to save or attempt to save the lives of others.""  Rev. Carpenter's actions epitomize the award, and we are fortunate to have individuals like him living in our community.  Thank you and congratulations, Rev. Carpenter.  And God bless you and your family!","2017-05-15T23:29:16+0000","photo","https://www.facebook.com/RepSteveChabot/photos/a.228701227155789.78759.204705339555378/2012400818785812/?type=3","204705339555378_2012400818785812",NA,63,17,3
"204705339555378","Rep. Steve Chabot","This week, I had the honor of announcing the winners of the First District's Congressional Art Competition at a reception held at the National Underground Railroad Freedom Center.  The winner was Ryan Sulesky from Bishop Fenwick High School (Franklin, Ohio).  Ryan's artwork will hang in the U.S. Capitol Building along with other winners from across the country for one year.  Second place went to Kara Heckmuller from Oak Hills High School (Oak Hills Local School District).  Kara's artwork will hang in my Washington, D.C. office for a year as well.  Congratulations to Ryan and Kara and everyone else who entered this year's competition.","2017-05-13T18:28:16+0000","photo","https://www.facebook.com/RepSteveChabot/photos/a.228701227155789.78759.204705339555378/2008538899172004/?type=3","204705339555378_2008538899172004",NA,26,11,1
"204705339555378","Rep. Steve Chabot","Yesterday, I met with the eighth grade classes from Rapid Run Middle School and  Bridgetown Middle School. Thank you for stopping by on your eighth grade trip.","2017-05-12T18:16:30+0000","photo","https://www.facebook.com/RepSteveChabot/photos/a.228701227155789.78759.204705339555378/2007122892646938/?type=3","204705339555378_2007125182646709","Rep. Steve Chabot added 5 new photos.",56,27,1
"204705339555378","Rep. Steve Chabot","Since Mother's Day is this Sunday, for #ThrowbackThursday, here's a photo I took 30 years ago (1987), of four of my favorite mothers.  From the left: my mom Doris, my mother-in-law Hilda, my wife Donna, and our daughter Erica (who's the mother of our grandson Reed.) Happy Mother's Day to all the moms out there!  #TBT","2017-05-11T13:59:05+0000","photo","https://www.facebook.com/RepSteveChabot/photos/a.228701227155789.78759.204705339555378/2005236586168902/?type=3","204705339555378_2005236586168902",NA,46,24,1
"204705339555378","Rep. Steve Chabot","Yesterday, I had the opportunity to speak to a great group of 8th graders at Bridgetown Middle School in preparation for their trip to Washington, D.C. later this week.  During my visit, I also presented the school with a flag that was flown over the U.S. Capitol Building.","2017-05-09T18:52:53+0000","photo","https://www.facebook.com/RepSteveChabot/photos/a.228701227155789.78759.204705339555378/2002445199781374/?type=3","204705339555378_2002445199781374",NA,29,29,2
"204705339555378","Rep. Steve Chabot","Over the weekend, my wife Donna and I attended mass at St. Catharine Church in Westwood (we are graduates and were married there many years ago.)  Amelia Carter, the granddaughter of Mike Cantwell who runs my Cincinnati office, received her First Holy Communion Sunday.  She is Donna's godchild.","2017-05-08T21:03:56+0000","photo","https://www.facebook.com/RepSteveChabot/photos/a.228701227155789.78759.204705339555378/2000251830000711/?type=3","204705339555378_2000251830000711",NA,136,26,3
"204705339555378","Rep. Steve Chabot","I was a school teacher at St. Joseph School in the West End (just down the street from Taft High School), in the mid 1970's.  I taught all subjects to the 7th and 8th graders (about 30 kids), and physical education to the whole school (about 200 kids).  I ran into one of those students over the weekend, Ronald Dumas.","2017-05-08T15:57:08+0000","photo","https://www.facebook.com/RepSteveChabot/photos/a.228701227155789.78759.204705339555378/1999663893392838/?type=3","204705339555378_1999663893392838",NA,53,16,1
"204705339555378","Rep. Steve Chabot","Today, I had a great meeting with the Warren County Chamber Alliance during their 3rd Annual Washington, D.C. fly-in. Thank you for visiting! #SmallBusinessWeek","2017-05-03T21:56:41+0000","photo","https://www.facebook.com/RepSteveChabot/photos/a.228701227155789.78759.204705339555378/1988079851217909/?type=3","204705339555378_1988079851217909",NA,25,136,1
"204705339555378","Rep. Steve Chabot","For #SmallBusinessWeek, we're celebrating small business accelerators and today's hearing titled ""Empowering Small Businesses: The Accelerator Model"" included Cincinnati's own Mr. Darrin M. Redus, Sr. Vice President of Cincinnati USA Regional Chamber. For more information head here: http://smallbusiness.house.gov/calendar/eventsingle.aspx?EventID=399890","2017-05-03T19:06:04+0000","photo","https://www.facebook.com/RepSteveChabot/photos/a.228701227155789.78759.204705339555378/1987774314581796/?type=3","204705339555378_1987774314581796",NA,18,36,1
"204705339555378","Rep. Steve Chabot","Happy National #SmallBusinessWeek! Be sure to shop local and help fuel America's 29 million small businesses!","2017-05-01T16:50:32+0000","photo","https://www.facebook.com/RepSteveChabot/photos/a.228701227155789.78759.204705339555378/1983160525043175/?type=3","204705339555378_1983160525043175",NA,4,20,2
"204705339555378","Rep. Steve Chabot","It is #SmallBusinessWeek  and we introduced H. Res. 288 recognizing America's 29 million small businesses! Read more about it here: http://smallbusiness.house.gov/news/documentsingle.aspx?DocumentID=399911","2017-05-01T15:03:42+0000","photo","https://www.facebook.com/RepSteveChabot/photos/a.228701227155789.78759.204705339555378/1982960945063133/?type=3","204705339555378_1982960945063133",NA,21,13,1
"204705339555378","Rep. Steve Chabot","With a big weekend series against the Cardinals starting tonight in St. Louis, I thought I'd share a photo with Cincinnati Reds owner Bob Castellini taken at the game last Sunday.  The Reds beat the World Champion Chicago Cubs 7-5.  GO REDS!!!!!","2017-04-28T20:22:52+0000","photo","https://www.facebook.com/RepSteveChabot/photos/a.228701227155789.78759.204705339555378/1977842665574961/?type=3","204705339555378_1977842665574961",NA,50,16,3
"204705339555378","Rep. Steve Chabot","For #ThrowbackThursday, here's a family shot from back in the mid 1980's.  Front row, right to left: my wife Donna, my mom, and our daughter Erica.  Back row, right to left: me, my dad, my brother Ron, my brother Dave, and my sister Carol.  Hope your family is well.  #TBT","2017-04-27T13:52:08+0000","photo","https://www.facebook.com/RepSteveChabot/photos/a.228701227155789.78759.204705339555378/1975570512468843/?type=3","204705339555378_1975570512468843",NA,38,26,3
"204705339555378","Rep. Steve Chabot","I also met several pediatricians from Cincinnati Children's Hospital Medical Center on Monday. They were in D.C. to talk about the importance of State Department programs that help provide children around the world better access to quality health care.","2017-04-25T23:51:54+0000","photo","https://www.facebook.com/RepSteveChabot/photos/a.228701227155789.78759.204705339555378/1973152429377318/?type=3","204705339555378_1973152429377318",NA,22,66,4
"204705339555378","Rep. Steve Chabot","Today, I had the opportunity to give a great group of students from St. Antoninus Parish and Parish School a tour of the Capitol Building.  It was great to meet the students as well as the parents and teachers that accompanied them on the tour.","2017-04-24T22:14:37+0000","photo","https://www.facebook.com/RepSteveChabot/photos/a.228701227155789.78759.204705339555378/1971476646211563/?type=3","204705339555378_1971476646211563",NA,68,16,15
"204705339555378","Rep. Steve Chabot","With prom season just around the corner, for #ThrowbackThursday, here's a photo of Donna and me taken around 1970, before either Cincinnati La Salle High School's or Mother of Mercy High School's prom.  In June, we'll be celebrating our 44th wedding anniversary. #TBT","2017-04-20T15:12:06+0000","photo","https://www.facebook.com/RepSteveChabot/photos/a.228701227155789.78759.204705339555378/1964286736930554/?type=3","204705339555378_1964286736930554",NA,80,18,2
"204705339555378","Rep. Steve Chabot","Since this week is National Osteopathic Medicine Week, I thought I'd share a photo from a recent meeting with several osteopathic medicine students from Cincinnati who were in  Washington representing the Student Osteopathic Medical Association (SOMA).","2017-04-19T20:35:30+0000","photo","https://www.facebook.com/RepSteveChabot/photos/a.228701227155789.78759.204705339555378/1963166130375948/?type=3","204705339555378_1963166130375948",NA,19,12,1
"204705339555378","Rep. Steve Chabot","Last week, I had the honor of meeting with two local veterans representing the American Legion -- Commander Aaron R. Cunningham II from the Yeager Benson American Legion Post 199 in Harrison and Robert Crisp, Area Representative for the Missing In America Project.  We had a great discussion about a number of issues important to veterans here in Cincinnati and across the country.","2017-04-18T18:44:17+0000","photo","https://www.facebook.com/RepSteveChabot/photos/a.228701227155789.78759.204705339555378/1961308310561730/?type=3","204705339555378_1961308310561730",NA,36,14,5
"204705339555378","Rep. Steve Chabot","For Easter, I thought I'd share a couple Easter photos from the early 1980's. Donna and I took turns holding the Easter bunny (our precious daughter Erica). From our family to yours, may you have a very blessed Easter season.","2017-04-16T13:49:56+0000","photo","https://www.facebook.com/RepSteveChabot/photos/a.228701227155789.78759.204705339555378/1957598714266023/?type=3","204705339555378_1957598714266023",NA,55,5,0
"204705339555378","Rep. Steve Chabot","Earlier this week, I also visited Oncology Hematology Care in Cincinnati.  While there, I toured their impressive facility, learned about the cutting edge treatment they provide patients throughout our community, and discussed health care policy with OHC physicians and administrators.","2017-04-15T20:24:04+0000","photo","https://www.facebook.com/RepSteveChabot/photos/a.228701227155789.78759.204705339555378/1956472554378639/?type=3","204705339555378_1956472554378639",NA,19,16,2
"204705339555378","Rep. Steve Chabot","This week, I had the honor of speaking to the Cheviot Police and Firemen's Association.  We had a great discussion about several issues related to the safety and security of our nation and our community.","2017-04-14T18:11:03+0000","photo","https://www.facebook.com/RepSteveChabot/photos/a.228701227155789.78759.204705339555378/1954449377914290/?type=3","204705339555378_1954449377914290",NA,25,13,2
"204705339555378","Rep. Steve Chabot","Opening Day was last week and the Cincinnati Reds are on fire - let's hope they can keep the momentum.  So for #ThrowbackThursday, here's a photo from 30 years ago - 1987.  Here's the story behind it.  As all Cincinnatians know, the Reds were the first professional baseball team.  And in recognition of that, the Reds played the first game each year.  Well, the Toronto Blue Jays tried to muscle in on that tradition, and the city councils of Toronto and Cincinnati got into a verbal clash, and jointly decided that we'd settle the score with a friendly baseball game between the two city councils.  I was on Cincinnati City Council at the time, and we travelled to Toronto, played the game in Blue Jays Stadium before a real game, and got our butts kicked.  Anyway from left to right, back row: David Mann (whom I would defeat 7 years later to be elected to Congress), Mayor Charlie Luken, Ken Blackwell's son Rashad, Ken Blackwell, Jim Cissell, the late Pete Strauss, the late John Mirlisena (whom I would defeat for Hamilton County Commissioner 3 and again 5 years later), Guy Guckenberger, and front row left to right: Arn Bortz, me, and channel 12 reporter Steve Langford (his shirt says ""city newshound"").  GO REDS!  #TBT","2017-04-13T13:54:48+0000","photo","https://www.facebook.com/RepSteveChabot/photos/a.228701227155789.78759.204705339555378/1952346574791237/?type=3","204705339555378_1952346574791237",NA,13,6,0
"204705339555378","Rep. Steve Chabot","I really enjoyed touring Per Scholas Cincinnati, which provides an IT certification program for individuals from often overlooked communities.  While visiting the facility, I had the opportunity to speak to a group of students and hear firsthand how the training program is helping to further their careers.  Per Scholas, Inc.","2017-04-12T22:58:46+0000","photo","https://www.facebook.com/RepSteveChabot/photos/a.228701227155789.78759.204705339555378/1951232774902617/?type=3","204705339555378_1951232774902617",NA,10,4,3
"204705339555378","Rep. Steve Chabot","Today, I had the opportunity to tour the Freestore Foodbank and learn about some of the new services they are providing, including Cincinnati COOKS!, a free culinary job training program.","2017-04-11T21:45:14+0000","photo","https://www.facebook.com/RepSteveChabot/photos/a.228701227155789.78759.204705339555378/1949402771752284/?type=3","204705339555378_1949402771752284",NA,23,9,2
"204705339555378","Rep. Steve Chabot","Today, I had the opportunity to speak to a really impressive group of sixth and seventh graders at Holy Family School in Price Hill, where I attended first, second and third grade. Thank you to the teachers and students for inviting me to visit your school.","2017-04-10T23:16:08+0000","photo","https://www.facebook.com/RepSteveChabot/photos/a.228701227155789.78759.204705339555378/1947933745232520/?type=3","204705339555378_1947933745232520",NA,25,9,1
"204705339555378","Rep. Steve Chabot","This week, I had an opportunity to discuss a number of important safety issues with the Ohio Fire Chiefs' Association.  Green Township Fire Chief Doug Witsken is seated.  The other gentlemen are fire chiefs from around the State of Ohio.","2017-04-09T14:45:56+0000","photo","https://www.facebook.com/RepSteveChabot/photos/a.228701227155789.78759.204705339555378/1945786992113862/?type=3","204705339555378_1945786992113862",NA,25,2,1
"204705339555378","Rep. Steve Chabot","I really enjoyed speaking to the 3rd, 4th and 5th grade classes at Evendale Elementary School this afternoon.  The students were enthusiastic and asked a lot of great questions.","2017-04-07T20:40:50+0000","photo","https://www.facebook.com/RepSteveChabot/photos/a.228701227155789.78759.204705339555378/1943188152373746/?type=3","204705339555378_1943188152373746",NA,22,10,1
"204705339555378","Rep. Steve Chabot","President Assad’s barbaric attack on innocent civilians demonstrates yet again that he will ignore the global community until he is forced to listen. My full statement: http://chabot.house.gov/news/documentsingle.aspx?DocumentID=398711","2017-04-07T17:05:59+0000","link","http://chabot.house.gov/news/documentsingle.aspx?DocumentID=398711","204705339555378_1942940749065153",NA,27,13,4
"204705339555378","Rep. Steve Chabot","Although the war had been going on for a number of years already, it was 100 years ago today, that the United States entered World War I.  So for #ThrowbackThursday, here are photos of my two grandfathers, both of whom were WWI veterans.  My dad's dad is seen here (on the left) in his air warden uniform during WWII.  My mom's dad is the one with the rifle.  His grandfather (my great great grandfather) was killed during the Civil War, at the Battle of Cold Harbor, just outside of Richmond, Virginia in 1864, on the Confederate side, since he was from North Carolina.  #TBT","2017-04-06T14:09:42+0000","photo","https://www.facebook.com/RepSteveChabot/photos/a.228701227155789.78759.204705339555378/1940876789271549/?type=3","204705339555378_1940876789271549",NA,34,6,1
"204705339555378","Rep. Steve Chabot","I really enjoyed meeting this afternoon with several representatives of the National Down Syndrome Society from Cincinnati.  We had a great discussion about the importance of the ABLE Act, Medicaid, and the Individuals with Disabilities Education Act.","2017-04-05T22:07:53+0000","photo","https://www.facebook.com/RepSteveChabot/photos/a.228701227155789.78759.204705339555378/1939647699394458/?type=3","204705339555378_1939647699394458",NA,34,8,6
"204705339555378","Rep. Steve Chabot","Looking to hearing from SBA Administrator Linda McMahon at today's House Small Business Committee hearing. Watch live:","2017-04-05T15:32:40+0000","video","https://www.facebook.com/SmallBusinessCommittee/videos/1415285568494103/","204705339555378_1939152836110611","Rep. Steve Chabot shared House Small Business Committee's live video.",10,5,0
"204705339555378","Rep. Steve Chabot","Happy #OpeningDay, everyone.  As we celebrate our unofficial holiday (the start of a new season for the Cincinnati Reds), I thought I'd share a video my staff and I put together a few years back when Cincinnati hosted the All Star Game.  Because we have votes today in the House, I unfortunately cannot be home to participate in all the festivities.  However, I will be following the game closely, and rooting for America's first professional baseball team.  Go Reds!","2017-04-03T20:45:15+0000","video","https://www.facebook.com/RepSteveChabot/videos/1935907173101844/","204705339555378_1935907173101844",NA,54,5,0
"204705339555378","Rep. Steve Chabot","Yesterday, I spoke to a great group of eighth graders at St John The Baptist School in Harrison.  The students, who will be visiting Washington, D.C. during their spring break, had excellent questions,  and I really enjoyed our discussion.","2017-04-01T16:33:58+0000","photo","https://www.facebook.com/RepSteveChabot/photos/a.228701227155789.78759.204705339555378/1932163390142889/?type=3","204705339555378_1932163390142889","Rep. Steve Chabot with Minhaz.",36,7,1
"204705339555378","Rep. Steve Chabot","This week, I also met with the owners of the Delta Queen Steamboat Company to discuss our legislative efforts to return the historic Delta Queen to its rightful place navigating the Ohio and Mississippi Rivers.","2017-03-31T16:10:28+0000","photo","https://www.facebook.com/RepSteveChabot/photos/a.228701227155789.78759.204705339555378/1930362590322969/?type=3","204705339555378_1930362590322969",NA,35,14,5
"204705339555378","Rep. Steve Chabot","The threat from North Korea has been in the news a lot recently, and for good reason.  Their lunatic leader, Kim Jong Un, is very close to being capable of targeting American cities on our west coast with nuclear weapons.  This cannot be allowed to happen.  For #ThrowbackThursday, here's a photo taken 15 years ago, in 2002, at the DMZ (the demilitarized zone on the border between North and South Korea.) This was the year after September 11th, and President Bush had famously named North Korea to the ""Axis of Evil"" list, along with Iran and Iraq.  From right to left are former Democratic Congressman from Texas Sylvestre Reyes, former Republican Congressman from Maryland Roscoe Bartlett, Congressman from South Carolina Joe Wilson (who 7 years later would yell out ""you lie"" to President Obama), and me.  If you look closely to the left of Joe Wilson, you can see an American soldier looking at a North  Korean soldier staring in the window.  #TBT","2017-03-30T14:01:17+0000","photo","https://www.facebook.com/RepSteveChabot/photos/a.228701227155789.78759.204705339555378/1928503447175550/?type=3","204705339555378_1928503447175550",NA,21,9,3
"204705339555378","Rep. Steve Chabot","Today, I met with several letter carriers from Cincinnati who were in our nation's capital for the annual National Association of Letter Carriers  D.C. fly-in.  We had a great discussion about a number of issues facing the postal system and its employees.","2017-03-29T22:27:55+0000","photo","https://www.facebook.com/RepSteveChabot/photos/a.228701227155789.78759.204705339555378/1927558877270007/?type=3","204705339555378_1927558877270007",NA,17,16,2
"204705339555378","Rep. Steve Chabot","Today, I met with Cincinnati representatives for the American Dental Association to discuss a number of issues important to dentists and their patients.  Dr. Joe Crowley (from Cincinnati and pictured third from the left) is the current President of the ADA.","2017-03-28T22:39:54+0000","photo","https://www.facebook.com/RepSteveChabot/photos/a.228701227155789.78759.204705339555378/1926122894080272/?type=3","204705339555378_1926122894080272",NA,24,23,2
"204705339555378","Rep. Steve Chabot","Congratulations to the Xavier Musketeers, Coach Chris Mack and all the Xavier players and coaches on an outstanding run in the postseason.  At their best, sports teach us lessons about life.  And the resiliency and determination the Musketeers demonstrated in the face of adversity provide an excellent example on how to fight through the challenges you face and come out better on the other side.    Combined with the great seasons by the Cincinnati Bearcats Mens Basketball team and the NKU Norse (Northern Kentucky University Athletics), the future has never looked brighter for college basketball fans in Greater Cincinnati.  Your efforts have made everyone in our community extremely proud.  Can't wait for next season.","2017-03-26T17:35:59+0000","photo","https://www.facebook.com/RepSteveChabot/photos/a.228701227155789.78759.204705339555378/1922621984430363/?type=3","204705339555378_1922621984430363",NA,44,10,1
"204705339555378","Rep. Steve Chabot","For #ThrowbackThursday, here's a photo of three sports legends (and one guy who played defensive line for Cincinnati La Salle High School), taken about 20 years ago.  From left to right: Olympic great Carl Lewis (winner of nine gold medals); me; boxing legend, the late Muhammad Ali; and legendary Baltimore Colts quarterback, the late Johnny Unitas.  I decided to go with this photo this week, because yesterday Carl Lewis made a return visit to Washington, and here I am with him 20 years later, along with Democratic Congresswoman Sheila Jackson Lee of Texas.  #TBT","2017-03-23T14:40:44+0000","photo","https://www.facebook.com/RepSteveChabot/photos/a.228701227155789.78759.204705339555378/1917414474951114/?type=3","204705339555378_1917414474951114",NA,25,27,1
"204705339555378","Rep. Steve Chabot","This afternoon, I met with representatives of LeadingAge, an association of non-profit organizations dedicated to improving the lives of our nation's seniors.  We had a great discussion about steps that Congress can take to help ensure that seniors continue to receive the services they need.","2017-03-22T22:47:50+0000","photo","https://www.facebook.com/RepSteveChabot/photos/a.228701227155789.78759.204705339555378/1916421398383755/?type=3","204705339555378_1916421398383755",NA,15,28,1
"204705339555378","Rep. Steve Chabot","Today, I joined my colleagues on the House Foreign Affairs Committee at a meeting with Iraqi Prime Minister Haider Al-Abadi in the Capitol Building.  Yesterday, the Prime Minister met with President Trump at the White House.","2017-03-21T21:36:01+0000","photo","https://www.facebook.com/RepSteveChabot/photos/a.228701227155789.78759.204705339555378/1914619565230605/?type=3","204705339555378_1914619565230605",NA,27,15,1
"204705339555378","Rep. Steve Chabot","This week, Ileana Ros-Lehtinen, Chairman of the Middle East and North Africa Subcommittee, hosted an informative briefing by Itamar Marcus and Palestinian Media Watch focused on the anti-Israeli activities by Fatah, a Palestinian political party and rival of Hamas.","2017-03-18T20:41:50+0000","photo","https://www.facebook.com/RepSteveChabot/photos/a.228701227155789.78759.204705339555378/1910309805661581/?type=3","204705339555378_1910309805661581","Rep. Steve Chabot with Itamar Marcus.",9,12,2
"204705339555378","Rep. Steve Chabot","I had a great meeting with SBA Administrator Linda McMahon, during which we discussed numerous ideas to help small businesses grow, thrive and prosper.","2017-03-17T18:14:44+0000","photo","https://www.facebook.com/RepSteveChabot/photos/a.228701227155789.78759.204705339555378/1908747275817834/?type=3","204705339555378_1908747275817834",NA,18,14,1
"204705339555378","Rep. Steve Chabot","Although we only got a little snow recently, the East Coast and New England got pounded.  So for #ThrowbackThursday, here's a photo from winter 1958.  My brother Ron is in front, I'm behind him, and the girls on the back were the daughters of an army buddy of our dad's.  I was 5 years old at the time.  Stay warm.  #TBT","2017-03-16T14:05:09+0000","photo","https://www.facebook.com/RepSteveChabot/photos/a.228701227155789.78759.204705339555378/1907124082646820/?type=3","204705339555378_1907124082646820",NA,33,9,0
"204705339555378","Rep. Steve Chabot","This afternoon, I met with representatives of the Cincinnati-Hamilton County Community Action Agency to discuss the services, like Head Start, that they help provide to Cincinnati area families.","2017-03-15T22:35:52+0000","photo","https://www.facebook.com/RepSteveChabot/photos/a.228701227155789.78759.204705339555378/1906304116062150/?type=3","204705339555378_1906304116062150",NA,22,15,2
"204705339555378","Rep. Steve Chabot","It was great meeting with the Indian American Chamber of Commerce of Greater Cincinnati and N. KY. yesterday.  Thank you for taking the time to discuss your organization and what can be done to boost the local economy.","2017-03-14T20:11:23+0000","photo","https://www.facebook.com/RepSteveChabot/photos/a.228701227155789.78759.204705339555378/1903591103000118/?type=3","204705339555378_1903591103000118",NA,27,8,2
"204705339555378","Rep. Steve Chabot","This morning, I met with representatives from Mortar Cincinnati and the Walnut Hills Redevelopment Foundation.  We had an informative discussion about a number of efforts underway to both assist minority entrepreneurs, as well as help boost the ongoing redevelopment and revitalization of Walnut Hills.","2017-03-13T16:11:32+0000","photo","https://www.facebook.com/RepSteveChabot/photos/a.228701227155789.78759.204705339555378/1901834483175780/?type=3","204705339555378_1901834483175780",NA,22,14,1
"204705339555378","Rep. Steve Chabot","This week, I also met with representatives from the Greater Cincinnati Northern Kentucky Apartment Association, to discuss a variety of issues impacting the housing industry, including tax reform, the federal flood insurance program, the availability of affordable housing, and fair housing policies.","2017-03-11T21:00:08+0000","photo","https://www.facebook.com/RepSteveChabot/photos/a.228701227155789.78759.204705339555378/1898910350134860/?type=3","204705339555378_1898910350134860",NA,16,11,7
"204705339555378","Rep. Steve Chabot","Yesterday afternoon, I met with respresentatives from the Southwest Ohio Regional Transit Authority (SORTA / Cincinnati Metro), who traveled to D.C. from Cincinnati to discuss federal transportation programs and our regional transportation needs.","2017-03-10T21:34:48+0000","photo","https://www.facebook.com/RepSteveChabot/photos/a.228701227155789.78759.204705339555378/1897414890284406/?type=3","204705339555378_1897414890284406",NA,23,13,1
"204705339555378","Rep. Steve Chabot","One of the more significant actions taken by President Trump recently was reviving the construction of the Keystone and Dakota Pipelines, which had been put on hold by the Obama Administration. In general, environmental organizations opposed Trump's decision, and business and labor groups favored the action.  For #ThrowbackThursday, here I am giving my wife Donna an assist to get up close and personal with the Alaskan Pipeline on a family vacation we took back in 2002. Either our daughter Erica or our son Randy took the picture.  #TBT","2017-03-09T15:54:59+0000","photo","https://www.facebook.com/RepSteveChabot/photos/a.228701227155789.78759.204705339555378/1895600883799140/?type=3","204705339555378_1895600883799140",NA,26,82,10
"204705339555378","Rep. Steve Chabot","This afternoon, I met with representatives from Cincinnati Parks to discuss plans for the entire park system, and in particular progress towards the completion of Smale Riverfront Park.  In December, Congress authorized the Army Corps of Engineers to conduct any studies and construction necessary to complete the final stages of the project, which has been a key piece to Cincinnati's revitalized riverfront.","2017-03-08T22:36:35+0000","photo","https://www.facebook.com/RepSteveChabot/photos/a.228701227155789.78759.204705339555378/1894189470606948/?type=3","204705339555378_1894189470606948",NA,18,11,1
"204705339555378","Rep. Steve Chabot","This afternoon, I had an opportunity to meet with representatives of the Arthritis Foundation from Cincinnati.  They're here in our nation's capital this week for their annual conference and to meet with members of Congress to share their stories about how arthritis has impacted their lives or the lives of their loved ones.","2017-03-07T21:56:56+0000","photo","https://www.facebook.com/RepSteveChabot/photos/a.228701227155789.78759.204705339555378/1892447170781178/?type=3","204705339555378_1892447170781178",NA,27,15,2
"204705339555378","Rep. Steve Chabot","Earlier today, I met with the owners of Murray Brothers Amusements and Murray Brothers Shows, Cincinnati based companies that specialize in providing rides and games to carnivals, fairs and church festivals.  During the meeting, we discussed the challenges they face trying to adequately staff their businesses during peak seasons, a concern I often hear from small business owners.","2017-03-07T00:12:03+0000","photo","https://www.facebook.com/RepSteveChabot/photos/a.228701227155789.78759.204705339555378/1891001027592459/?type=3","204705339555378_1891001027592459",NA,35,9,11
"204705339555378","Rep. Steve Chabot","February was Black History Month, and one of the icons of the civil rights movement was Rosa Parks, who refused to give up her seat on that bus in Montgomery, Alabama in 1955. For #ThrowbackThursday, here's a photo taken at her funeral in Detroit, Michigan, 50 years later, in 2005. About 60 Democratic Members of Congress attended the funeral, and 2 Republicans (including me.) Front row, left to right are 3 Ohioans: Representative Marcy Kaptur, the late Stephanie Tubbs Jones, and me. And behind us left to right are former Congressmen Harold Ford of Memphis, Tennessee (who's now a regular on MSNBC's Morning Joe), and Jesse Jackson Jr. of Chicago, Illinois. #TBT","2017-03-02T15:41:20+0000","photo","https://www.facebook.com/RepSteveChabot/photos/a.228701227155789.78759.204705339555378/1884320971593798/?type=3","204705339555378_1884320971593798",NA,23,16,1
"204705339555378","Rep. Steve Chabot","Yesterday, I met with U.S. Army Chief of Staff GEN Mark A. Milley, at the Congressional Army Caucus Spring Breakfast.  GEN Milley is the Army's 39th Chief of Staff, and he serves as a member of the Joint Chiefs of Staff, the primary military advisers to the President, the Secretary of State and the National Security Council.  Coincidentally, we also celebrated yesterday the promotion of my colleague and good friend Congressman Brad Wenstrup to Colonel in the U.S. Army Reserves.  Congratulations on this well-deserved recognition.  Thank you to both GEN Milley and Congressman Wenstrup for your service to our nation.","2017-03-01T23:08:27+0000","photo","https://www.facebook.com/RepSteveChabot/photos/a.228701227155789.78759.204705339555378/1883321971693698/?type=3","204705339555378_1883321971693698",NA,22,18,1
"204705339555378","Rep. Steve Chabot","I am proud to represent part of our great state. Happy Birthday #Ohio!","2017-03-01T22:57:53+0000","photo","https://www.facebook.com/RepSteveChabot/photos/a.228701227155789.78759.204705339555378/1883317235027505/?type=3","204705339555378_1883317235027505",NA,46,5,2
"204705339555378","Rep. Steve Chabot","Just met with Ken Griffey, Sr. to discuss how Congress can help end prostate cancer. Ken visited my Washington, DC office as part of ZERO—The End of Prostate Cancer's 2017 Summit.","2017-03-01T15:28:32+0000","photo","https://www.facebook.com/RepSteveChabot/photos/a.228701227155789.78759.204705339555378/1882797845079444/?type=3","204705339555378_1882797845079444",NA,69,28,3
"204705339555378","Rep. Steve Chabot","Vice President Mike Pence invited the 21 chairmen of the various House committees to his new home after votes yesterday evening.  I'm chairman of the House Small Business Committee, so I was there.  The previous occupants of One Observatory Circle on the grounds of the United States Naval Observatory were, of course, Joe Biden and his wife Jill.","2017-02-28T14:50:08+0000","photo","https://www.facebook.com/RepSteveChabot/photos/a.228701227155789.78759.204705339555378/1881441518548410/?type=3","204705339555378_1881441518548410",NA,75,31,2
"204705339555378","Rep. Steve Chabot","With Kentucky Governor Matt Bevin today in the Capitol Building.  He was in Washington for the National Governors Association Conference, and had dinner last night at the White House with President Trump.","2017-02-28T00:22:50+0000","photo","https://www.facebook.com/RepSteveChabot/photos/a.228701227155789.78759.204705339555378/1880621405297088/?type=3","204705339555378_1880621405297088",NA,64,24,2
"204705339555378","Rep. Steve Chabot","This week, I also had an opportunity to meet with representatives of the Archdiocese of Cincinnati. During the meeting, we discussed a wide array of issues ranging from respect for life and health care reform to immigration policy and international development and assistance.","2017-02-25T19:07:10+0000","photo","https://www.facebook.com/RepSteveChabot/photos/a.228701227155789.78759.204705339555378/1877604648932097/?type=3","204705339555378_1877604648932097",NA,25,54,0
"204705339555378","Rep. Steve Chabot","It was great meeting with representatives of AJC Cincinnati and the Jewish Community Relations Council of Cincinnati yesterday.  We had an informative discussion about the importance of the relationship between the United States and Israel, the rise of anti-Semitism, and how to combat the spread of radicalism around the globe.","2017-02-24T17:51:07+0000","photo","https://www.facebook.com/RepSteveChabot/photos/a.228701227155789.78759.204705339555378/1876094009083161/?type=3","204705339555378_1876094009083161",NA,27,28,4
"204705339555378","Rep. Steve Chabot","Chinese proverb:  ""Give a man a fish, and you feed him for a day; teach a man to fish, and you feed him for a lifetime.""  In that spirit for #ThrowbackThursday, here are two old family fishing pictures.  First, I'm the little guy in the middle, with my dad and my older brother Ron.  And although I obviously wasn't a man yet, and fortunately never had to survive on my fishing skills (or lack thereof), I learned at an early age that time spent with family is irreplaceable.    Passing on the family tradition, here's our son Randy about 40 years later.  (I snapped the picture.). #TBT","2017-02-23T17:15:12+0000","photo","https://www.facebook.com/RepSteveChabot/photos/a.228701227155789.78759.204705339555378/1874760372549858/?type=3","204705339555378_1874760372549858",NA,51,20,0
"204705339555378","Rep. Steve Chabot","I really enjoyed meeting with representatives from AARP yesterday.  We had a great discussion about Social Security, Medicare and health care reform.","2017-02-22T20:20:34+0000","photo","https://www.facebook.com/RepSteveChabot/photos/a.228701227155789.78759.204705339555378/1873733755985853/?type=3","204705339555378_1873733755985853",NA,25,23,1
"204705339555378","Rep. Steve Chabot","Today, I had the opportunity to tour GatesAir in Mason, and meet with management and employees to discuss the role they can play in future spectrum auctions.  Thank you to everyone who took the time to meet with me.","2017-02-21T21:58:35+0000","photo","https://www.facebook.com/RepSteveChabot/photos/a.228701227155789.78759.204705339555378/1872577699434792/?type=3","204705339555378_1872577699434792",NA,27,67,10
"204705339555378","Rep. Steve Chabot","This morning, I had the privilege of giving a tour of the Capitol to an impressive group of Indian Hill High School  students.  They are in Washington to participate in the Junior State of America's Winter Congress.","2017-02-17T23:12:49+0000","photo","https://www.facebook.com/RepSteveChabot/photos/a.228701227155789.78759.204705339555378/1866817023344193/?type=3","204705339555378_1866817023344193",NA,46,33,2
"204705339555378","Rep. Steve Chabot","Tuesday was Valentine's Day, so for #ThrowbackThursday, here's a photo taken back in 1973, in the doorway of St. Catharine Church in Westwood.  Donna and I were both 20 years old, and have been married for 43 years.❤️ #TBT","2017-02-16T15:36:39+0000","photo","https://www.facebook.com/RepSteveChabot/photos/a.228701227155789.78759.204705339555378/1864430110249551/?type=3","204705339555378_1864430110249551",NA,118,25,5
"204705339555378","Rep. Steve Chabot","I had the opportunity to meet with former Vice President Dick Cheney this morning.  His daughter, Liz Cheney, won election to Congress recently and now represents Wyoming in the House.  Here's a picture snapped this morning.","2017-02-15T21:39:28+0000","photo","https://www.facebook.com/RepSteveChabot/photos/a.228701227155789.78759.204705339555378/1862953680397194/?type=3","204705339555378_1862953680397194",NA,144,60,3
"204705339555378","Rep. Steve Chabot","I'm in New York City for several days on a retreat with a group of about 60 or so Members of Congress known as the RSC (Republican Study Committee). We're discussing such issues as tax reform, health care, security, immigration, etc. The speaker at dinner last night was legendary football coach Dr. Lou Holtz. Coincidentally, I was recruited by Coach Holtz to play for the College of William & Mary about 45 years ago. Here's a photo of Coach Holtz and me taken last night, and one taken back in 1971 in front of our family home in Westwood. I was 18 years old at the time, a senior at Cincinnati La Salle High School, and had just signed a letter of intent to attend and play football at William and Mary (the second oldest college in America, after Harvard.)","2017-02-10T17:42:07+0000","photo","https://www.facebook.com/RepSteveChabot/photos/a.228701227155789.78759.204705339555378/1855925461100016/?type=3","204705339555378_1855925461100016",NA,237,67,9
"204705339555378","Rep. Steve Chabot","Valentine's Day is just around the corner, so for #ThrowbackThursday, here's a photo of my mom and dad, shortly after my dad returned from the war.  They met at a USO dance in Charlotte, North Carolina, where my dad was stationed at the time, and my mom grew up.  After my dad returned from the war in Europe, they were married in Charlotte, and moved to Massachusetts where they lived for a year (my dad's family was there).  A job opening brought them to Cincinnati (where they didn't know anyone).  Over the years, they would have four kids, including me.  They were married for 52 years when my dad passed away back in 1998, and my mom is now 92 and doing well.  Happy Valentine's Day!  #TBT","2017-02-09T15:50:13+0000","photo","https://www.facebook.com/RepSteveChabot/photos/a.228701227155789.78759.204705339555378/1854431917916037/?type=3","204705339555378_1854431917916037",NA,97,14,5
"204705339555378","Rep. Steve Chabot","Today is President Ronald Reagan's birthday (he was born 106 years ago in Tampico, Illinois).  As we celebrate his life, I thought I'd share a photo taken one of the times I had the good fortune of meeting with President Reagan, who I consider the greatest president of my lifetime.  This picture was taken at the White House in 1988 (Reagan's last year in office).  I was on Cincinnati City Council and running for Congress for the first time against incumbent Tom Luken (I lost that particular race).","2017-02-06T15:34:04+0000","photo","https://www.facebook.com/RepSteveChabot/photos/a.228701227155789.78759.204705339555378/1849927568366472/?type=3","204705339555378_1849927568366472",NA,87,24,3
"204705339555378","Rep. Steve Chabot",NA,"2017-02-03T17:15:03+0000","photo","https://www.facebook.com/RepSteveChabot/photos/a.1845933198765909.1073741841.204705339555378/1845933252099237/?type=3","204705339555378_1845963588762870","Rep. Steve Chabot shared their album: Southwest Ohio March For Life reception 2017.",17,20,0
"204705339555378","Rep. Steve Chabot","For #ThrowbackThursday, here's a photo with Donald J. Trump in Washington, about two weeks before the Republican Convention last summer.  Congressman Joe Wilson of South Carolina snapped the picture.  (He gained notoriety when he yelled out ""you lie"" during a speech President Obama was giving some years back.) #TBT","2017-02-02T15:55:48+0000","photo","https://www.facebook.com/RepSteveChabot/photos/a.228701227155789.78759.204705339555378/1844525845573311/?type=3","204705339555378_1844525845573311",NA,57,28,3
"204705339555378","Rep. Steve Chabot","Thank you to everyone who participated in The March for Life today.  I always enjoy meeting the folks who come to Washington from Cincinnati to march on the Mall and stand up for the rights of the most vulnerable among us.    We took a lot of pictures at the reception that Congressman Brad Wenstrup and I hosted this afternoon, including the four below with high school students from Cincinnati (from left to right and top to bottom: Seton High School (Cincinnati, Ohio), McAuley High School, St. Xavier High School and Archbishop Moeller High School). We will be posting all the photos next week, once we've had a chance to upload all of them.  Stay tuned, and I'll let you know where you can find them.   Again, thanks to everyone who came out today.  God bless you and your families, and God bless America!   #MarchforLife","2017-01-28T00:31:05+0000","photo","https://www.facebook.com/RepSteveChabot/photos/a.228701227155789.78759.204705339555378/1837053679653861/?type=3","204705339555378_1837055509653678","Rep. Steve Chabot added 4 new photos.",85,19,7
"204705339555378","Rep. Steve Chabot","As promised, here are the photos from last week’s Southwest Ohio March for Life reception that I hosted with Brad Wenstrup after The March for Life. Take a look for pictures of you, your family, and your friends. It is great to see how energized the pro-life movement is. #WhyWeMarch","2017-02-03T16:45:58+0000","photo","https://www.facebook.com/RepSteveChabot/photos/a.1845933198765909.1073741841.204705339555378/1845933252099237/?type=3","204705339555378_1845942935431602","Rep. Steve Chabot added 123 new photos to the album: Southwest Ohio March For Life reception 2017 — at Rayburn House Office Building.",16,2,4
"204705339555378","Rep. Steve Chabot","Like millions of Americans, I was saddened to learn of Mary Tyler Moore's passing yesterday.  She was not only a great actress, but also a tireless advocate for those suffering from type 1 diabetes.  In celebration of her life, I thought for #ThrowbackThursday I'd share a photo taken roughly 20 years ago.  She was in Washington on behalf of the JDRF, and we met to discuss the importance of diabetes research.  #TBT","2017-01-26T16:12:00+0000","photo","https://www.facebook.com/RepSteveChabot/photos/a.228701227155789.78759.204705339555378/1835231346502761/?type=3","204705339555378_1835231346502761",NA,116,9,1
"204705339555378","Rep. Steve Chabot","With Ted Cruz, on the train trip from Washington to Philadelphia, to attend the Republican Senate/House retreat.","2017-01-25T18:05:44+0000","photo","https://www.facebook.com/RepSteveChabot/photos/a.228701227155789.78759.204705339555378/1833922823300280/?type=3","204705339555378_1833922823300280",NA,170,32,5
"204705339555378","Rep. Steve Chabot","As we approach the first weekend in months without meaningful football, I thought it would be fitting to look back at just how special this past high school football season was.  Here's a photo of Cincinnati's two state championship football teams -- St. Xavier High School in Division I and my alma mater Cincinnati La Salle High School in Division II.  What makes their championships so unique is that they not only share a league (the GCL South), but the two schools are located on the same road (North Bend Road), just down the street from each other.    The picture below shows each school's coach (Steve Specht at St. X, and Jim Hilvert at La Salle -- although Coach Hilvert recently accepted the head coaching position at Baldwin Wallace University in Berea, Ohio), surrounded by a number of players.   Again, congratulations to both schools, their coaches, players, students and all their supporters.  You've made all of us in Cincinnati proud.","2017-01-25T03:23:24+0000","photo","https://www.facebook.com/RepSteveChabot/photos/a.228701227155789.78759.204705339555378/1832930806732815/?type=3","204705339555378_1832930806732815",NA,152,5,24
"204705339555378","Rep. Steve Chabot","On our way back to Cincinnati from the Inauguration, my wife Donna and I stopped by my alma mater, the College of William & Mary in Williamsburg, Virginia.  While there, I took this selfie in front of the Sir Christopher Wren Building on campus.  Built between 1695 and 1700, the Wren Building is the oldest American college building still in use.  The design of the building has been attributed to famed English mathematician and architect,  Sir Christopher Wren, hence its name.  Wren is best known for rebuilding much of London after the great fire in 1666.  The most renowned structure Wren rebuilt during that period was St. Paul's Cathedral, to which Wren added a dome which was, in turn, the inspiration for the dome of the U.S. Capitol Building.    I also snapped this photo of a statue in Williamsburg of Thomas Jefferson drafting the Declaration of Independence.  The connection?  Jefferson lived in the Wren Building while a student at William & Mary.  Jefferson attended William & Mary a few years before I did.","2017-01-23T20:01:53+0000","photo","https://www.facebook.com/RepSteveChabot/photos/a.228701227155789.78759.204705339555378/1830666050292624/?type=3","204705339555378_1830666050292624",NA,97,12,3
"204705339555378","Rep. Steve Chabot","Thought you might like to see a few photos I snapped at the Inauguration of President Donald J. Trump (presented in chronological order, from left to right, top to bottom).  First, the Capitol Building from my office window the night before.  Although the media would have you believe differently, many Democrats did attend the event.  In fact, I was sitting next to Democrat John Larson from Connecticut (with a beard) and fellow Republican Robert Aderholt from Alabama.  More Democrats at the event: President Carter and President and Secretary Clinton.  It was also good to see President George W. and Laura Bush.  And obviously, the outgoing Administration was present, beginning with Michelle Obama and Jill Biden, and followed by President Obama and Vice President Biden.   You could really feel the excitement of the crowd build as the inaugural procession began.  Here is Speaker of the House Paul Ryan, followed by Vice President Mike Pence.  And of course, the crowd erupted as President Trump appeared.    All in all, it was an exciting day in our nation's capital.  I thought President Trump delivered a unifying message in his address, pledging to fight for a nation and a federal government that works for all Americans.  He offered a vision of an America where everyone has an opportunity to share in its successes and no one is left behind.  I look forward to working with him and my colleagues on both sides of the aisle to achieve these bold, optimistic goals.","2017-01-21T20:49:20+0000","photo","https://www.facebook.com/RepSteveChabot/photos/a.228701227155789.78759.204705339555378/1827840933908469/?type=3","204705339555378_1827840933908469",NA,211,35,19
"204705339555378","Rep. Steve Chabot","My birthday is Sunday.  So for #ThrowbackThursday, here's a photo of my parents and me when I was about 3.  If you're wondering how old I'll be Sunday, I'll give you a hint (with an assist from the Beatles.)  ""Will you still need me, will you still feed me, when I'm.....?""  #TBT","2017-01-19T15:46:39+0000","photo","https://www.facebook.com/RepSteveChabot/photos/a.228701227155789.78759.204705339555378/1824803850878844/?type=3","204705339555378_1824803850878844",NA,71,12,1
"204705339555378","Rep. Steve Chabot","For #ThrowbackThursday, here's another oldie.  I was born in January, 1953, and this photo was taken sometime in 1954, so I'm oneish.  I'm the little guy in the darker outfit, and that's my older brother Ron watching out for me.  Our sister Carol would arrive in about 5 years, and our brother Dave about 4 years after that.  #TBT","2017-01-12T16:04:40+0000","photo","https://www.facebook.com/RepSteveChabot/photos/a.228701227155789.78759.204705339555378/1814591645233398/?type=3","204705339555378_1814591645233398",NA,43,9,1
"204705339555378","Rep. Steve Chabot","It was good to see former Speaker Newt Gingrich in Washington this morning.","2017-01-11T15:41:18+0000","photo","https://www.facebook.com/RepSteveChabot/photos/a.228701227155789.78759.204705339555378/1811444638881432/?type=3","204705339555378_1811444638881432",NA,78,6,2
"204705339555378","Rep. Steve Chabot","My birthday is only a few weeks away, so for #ThrowbackThursday, here's me sometime during my first year, in 1953.  I look pretty happy (and well fed!)  #TBT","2017-01-05T15:38:40+0000","photo","https://www.facebook.com/RepSteveChabot/photos/a.228701227155789.78759.204705339555378/1798707506821812/?type=3","204705339555378_1798707506821812",NA,78,7,1
"204705339555378","Rep. Steve Chabot","With Kellyanne Conway at the Capitol today.  She was Donald J. Trump's campaign manager, and was recently appointed as Counselor to the President.  I've known her for nearly 30 years.","2017-01-04T16:12:18+0000","photo","https://www.facebook.com/RepSteveChabot/photos/a.228701227155789.78759.204705339555378/1796133337079229/?type=3","204705339555378_1796133337079229",NA,187,24,7
