"from_id","from_name","message","created_time","type","link","id","story","likes_count","comments_count","shares_count"
"178051136001622","Representative Trey Hollingsworth","This is the kind of government waste and inefficiencies that exist when you allow unelected bureaucrats to set our nation’s priorities. I applaud President Donald J. Trump for putting a stop to this unnecessary use of taxpayer dollars and pledge to work with him to continue slashing the bloated government bureaucracy.","2017-06-20T18:30:36+0000","link","https://www.bloomberg.com/politics/articles/2017-06-15/trump-orders-government-to-stop-work-on-y2k-bug-17-years-later","178051136001622_273174573155944",NA,177,62,33
"178051136001622","Representative Trey Hollingsworth","Please join me in keeping Majority Whip Congressman Steve Scalise, members of the U.S. Capitol Police, and everyone else who was targeted by this horrific shooting this morning in your thoughts and prayers.","2017-06-14T13:07:11+0000","status",NA,"178051136001622_270280023445399",NA,260,43,27
"178051136001622","Representative Trey Hollingsworth","In case you missed it, the Indiana Daily Student - idsnews wrote an article about some recent legislation I introduced.","2017-06-12T14:50:08+0000","link","http://www.idsnews.com/article/2017/06/hollingsworth-introduces-law-enforcement-legislation","178051136001622_269241666882568",NA,76,27,23
"178051136001622","Representative Trey Hollingsworth","This afternoon, the House passed the Financial CHOICE Act. This commonsense legislation returns power to consumers, brings overzealous regulations into check, and sends the era of ""too big to fail"" to the pages of history where it belongs. The CHOICE Act is the starting gun that will get our economy off and running.","2017-06-08T22:42:31+0000","photo","https://www.facebook.com/RepTrey/photos/a.185303771943025.1073741828.178051136001622/267514090388659/?type=3","178051136001622_267514090388659",NA,56,41,5
"178051136001622","Representative Trey Hollingsworth","A quick #TBT to when the House of Representatives utilized the Congressional Review Act earlier this year to overturn 14 overreaching federal regulations that saved Americans $3.7 billion in regulatory costs and 4.2 million hours that can now be spent with family or growing and expanding businesses.","2017-06-08T14:45:48+0000","photo","https://www.facebook.com/RepTrey/photos/a.185303771943025.1073741828.178051136001622/267321150407953/?type=3","178051136001622_267321150407953",NA,27,34,2
"178051136001622","Representative Trey Hollingsworth","Hours before the D-Day landings, General Eisenhower issued an order telling the soldiers, sailors, and airmen of the Allied Expeditionary Force that the eyes of the world were upon them and that they had the hopes and prayers of liberty-loving people everywhere. 73 years later, on this anniversary of D-Day, the liberty-loving people of the world have not forgotten the bravery and the sacrifices made in defense of freedom.","2017-06-06T15:15:48+0000","photo","https://www.facebook.com/RepTrey/photos/a.185303771943025.1073741828.178051136001622/266275967179138/?type=3","178051136001622_266275967179138",NA,118,8,27
"178051136001622","Representative Trey Hollingsworth","The time has come for Congress to pass term limits legislation on itself so that we can return to the style of government our founders envisioned - one where citizens would go and serve their nation for a short time and then return to private life. That is why I have written and introduced term limit legislation as well as added my name to seven additional term limits bills because this issue is vitally important to the future of our republic. This is not an issue or cause where it is important that one person get credit. Instead, we must come together as a team to pass this commonsense reform supported by so many Americans.","2017-06-03T15:00:00+0000","photo","https://www.facebook.com/RepTrey/photos/a.185303771943025.1073741828.178051136001622/264688834004518/?type=3","178051136001622_264688834004518",NA,290,56,195
"178051136001622","Representative Trey Hollingsworth","In case you missed it, I wrote a guest column regarding my ""Nay""  vote for the Continuing Resolution that Congress considered. At the end of the day, I simply could not support a measure that failed to prioritize issues that are important to Hoosiers such as our national debt, appropriate resourcing for our military, protecting our borders, investing in infrastructure, and keeping our promises to seniors. (If you don't subscribe to the The Reporter-Times, you can read the column on my website: https://hollingsworth.house.gov/news/documentsingle.aspx?DocumentID=81)","2017-06-01T14:26:30+0000","link","http://www.reporter-times.com/news/opinion/columns/column-hoosiers-demanded-fiscal-responsibility/article_eef90bb5-c136-5661-b47b-0197d93d0210.html","178051136001622_263760074097394",NA,67,49,6
"178051136001622","Representative Trey Hollingsworth","As we enjoy this Memorial Day, it is important that we pause, reflect, and give thanks for all those brave men and women who have faithfully and courageously paid the ultimate price for this great nation. Furthermore, let us use this time to reaffirm our resolve, in light of recent events, that freedom around the world should be protected and defended in the face of all evil.","2017-05-29T13:30:00+0000","photo","https://www.facebook.com/RepTrey/photos/a.185303771943025.1073741828.178051136001622/262385754234826/?type=3","178051136001622_262385754234826",NA,69,26,8
"178051136001622","Representative Trey Hollingsworth","Last week, as #NationalPoliceWeek came to a close, I introduced legislation that aims to protect law enforcement officers from becoming vulnerable targets and potential victims. The POLICE Act helps keep the men and women who protect our communities safe. At the end of the day, the trust we place in law enforcement officers does not end at the door frame of a federal building and neither should our laws. http://hollingsworth.house.gov/news/documentsingle.aspx?DocumentID=77","2017-05-23T16:54:36+0000","photo","https://www.facebook.com/RepTrey/photos/a.185303771943025.1073741828.178051136001622/259706331169435/?type=3","178051136001622_259706331169435",NA,75,34,16
"178051136001622","Representative Trey Hollingsworth","This past weekend, the community of Salem was devastated by flooding. Businesses, schools, and infrastructure were severely damaged. Prior to visiting the city, I spoke with Mayor Troy Merry by phone where I asked him what resources your Congressional office could help provide. Both on the phone and during my visit, it was abundantly clear that city officials and the residents of Salem had come together as a community to overcome this unexpected travesty and immediately started working to restore normalcy to the city they call home.","2017-05-22T13:35:42+0000","photo","https://www.facebook.com/RepTrey/photos/a.193677404438995.1073741829.178051136001622/259270564546345/?type=3","178051136001622_259276414545760","Representative Trey Hollingsworth added 10 new photos.",106,37,12
"178051136001622","Representative Trey Hollingsworth","During #NationalPoliceWeek, we give thanks for all those who keep our communities safe.","2017-05-17T14:07:06+0000","photo","https://www.facebook.com/RepTrey/photos/a.185303771943025.1073741828.178051136001622/257175774755824/?type=3","178051136001622_257175774755824",NA,75,15,10
"178051136001622","Representative Trey Hollingsworth","Happy Mother's Day to mothers across #IN09.","2017-05-14T22:42:52+0000","photo","https://www.facebook.com/RepTrey/photos/a.185303771943025.1073741828.178051136001622/256076978199037/?type=3","178051136001622_256076978199037",NA,36,19,0
"178051136001622","Representative Trey Hollingsworth","This week, we celebrate nurses across #IN09 and the country who sacrifice time with their families in order to care for their patients. Thank you.","2017-05-10T14:32:12+0000","photo","https://www.facebook.com/RepTrey/photos/a.185303771943025.1073741828.178051136001622/254209105052491/?type=3","178051136001622_254209105052491",NA,58,41,9
"178051136001622","Representative Trey Hollingsworth","Over 40 pieces of artwork were submitted by #IN09 District high school students for consideration in the 2017 Congressional Art Competition. I am excited to announce that the Grand Prize winner is Ms. Jenna Townsend for her piece ""A Look Into My Life."" I would also like to recognize Ms. Kelsey Humphrey, Mr. Gavin Livingston, and Ms. Shantanna Argueta. Many thanks to all the talented students who submitted their artwork.","2017-05-09T17:22:09+0000","link","http://hollingsworth.house.gov/news/documentsingle.aspx?DocumentID=76","178051136001622_253839328422802",NA,35,9,2
"178051136001622","Representative Trey Hollingsworth","Don't forget to vote for your favorite submission with a ""LIKE"". All submissions were created by high school students across #IN09.  PLEASE be respectful of the time and energy that these young artists dedicated to each piece of artwork. Because the focus of this competition is the art, any and all comments left on this album will be deleted.","2017-05-05T13:29:25+0000","photo","https://www.facebook.com/RepTrey/photos/a.250301718776563.1073741830.178051136001622/250325802107488/?type=3","178051136001622_251902241949844","Representative Trey Hollingsworth shared their album: 2017 Congressional Art Competition.",12,0,0
"178051136001622","Representative Trey Hollingsworth","I released the following statement after casting a 'yea' vote for the American Health Care Act.  ""The American people have lived with the burden of broken promises that Obamacare has left in its wake: higher premiums than promised, fewer choices than promised, and less access than promised. The passage of the American Health Care Act brings relief as that burden is lifted and Obamacare begins to unravel and fall away. The American Health Care Act is built upon the foundation of conservative principles, such as free-market solutions, returning power to the states, and protecting those Americans with pre-existing conditions. Today, the American people's goal of repealing Obamacare took physical form.""","2017-05-04T18:48:54+0000","photo","https://www.facebook.com/RepTrey/photos/a.185303771943025.1073741828.178051136001622/251582218648513/?type=3","178051136001622_251582218648513",NA,184,660,59
"178051136001622","Representative Trey Hollingsworth","Today, I voted against the $1.1 trillion spending bill because it neglected critical priorities such as our nation's nearly $20 trillion debt.","2017-05-03T22:34:43+0000","link","http://hollingsworth.house.gov/news/documentsingle.aspx?DocumentID=69","178051136001622_251199238686811",NA,170,157,24
"178051136001622","Representative Trey Hollingsworth","Small businesses are responsible for creating 63% of new jobs in the United States! #SmallBusinessWeek","2017-05-02T13:10:47+0000","photo","https://www.facebook.com/RepTrey/photos/a.185303771943025.1073741828.178051136001622/250610245412377/?type=3","178051136001622_250610245412377",NA,26,22,8
"178051136001622","Representative Trey Hollingsworth","These pieces of artwork were submitted for consideration for the 2017 Congressional Art Competition by high school students from across Indiana's 9th District. The Grand Prize submission will be displayed in the U.S. Capitol Building for the next year. You can help us select the winners by voting for your favorite pieces with a ""Like."" Part of the scoring rubric reflects how many ""Likes"" the student's submission received on Facebook.  PLEASE be respectful of the time and energy that these young artists dedicated to each piece of artwork. Because the focus of this competition is the art, any and all comments left on this album will be deleted.","2017-05-01T20:29:28+0000","photo","https://www.facebook.com/RepTrey/photos/a.250301718776563.1073741830.178051136001622/250325802107488/?type=3","178051136001622_250325802107488","Representative Trey Hollingsworth added 43 new photos to the album: 2017 Congressional Art Competition.",39,0,47
"178051136001622","Representative Trey Hollingsworth","This past Saturday, the United States Navy christened the newest Virginia-class submarine, the Indiana. This submarine is the 4th vessel to be named for the great Hoosier state.","2017-05-01T15:44:56+0000","photo","https://www.facebook.com/RepTrey/photos/a.185303771943025.1073741828.178051136001622/250263955447006/?type=3","178051136001622_250263955447006",NA,73,10,11
"178051136001622","Representative Trey Hollingsworth","Today, I voted against a Continuing Resolution measure that promoted the very culture and status quo that I was sent to Washington, D.C. to combat. The resolution that was presented would fund the federal government for an additional week at current spending levels for out-of-date priorities. Traditionally, Continuing Resolutions are passed in lieu of in-depth and comprehensive budgets. Instead of listening to the chorus of American voices demanding real change, politicians kicked the can down the road and promoted 'politics as usual.' I did not vote to continue funding Obamacare; I did not vote to continue out-of-control spending; I did not vote to continue inadequately-resourcing our men and women in uniform. Today, I voted to change the culture in Washington, D.C.","2017-04-28T18:19:46+0000","photo","https://www.facebook.com/RepTrey/photos/a.185303771943025.1073741828.178051136001622/249064722233596/?type=3","178051136001622_249064722233596",NA,225,150,32
"178051136001622","Representative Trey Hollingsworth","Attention all high school students: the deadline to submit your artwork for the 2017 Congressional Art Competition is this week! Make sure your talents are showcased! More information can be found here:","2017-04-24T14:27:08+0000","link","https://hollingsworth.house.gov/constituent-services/art-competition.htm","178051136001622_247270649079670",NA,19,12,12
"178051136001622","Representative Trey Hollingsworth","The April District Work Period is still underway, but it has already been extremely productive! It started nearly two weeks ago by visiting the Greenwood Municipal Airport where we discussed how they continue to grow and what that means for how the FAA categorizes them. Following that, I participated in a legislative townhall in Brownstown with representatives from state and local governments that was hosted by the Brownstown Chamber of Commerce. I also had the opportunity to visit with local businesses in Clark County to see how they continue to find innovative ways to serve the community. Last week, I was fortunate to be invited to address the attendees of a national security symposium at the Naval Surface Warfare Center, Crane Division; a military installation here in Indiana that is of extreme importance. Afterwards, I met with representatives with Citizens' Climate Lobby Indiana in Bloomington. I also had the chance to tour Seven Oaks Classical School where I saw students of all ages actively engaged in their learning process. I even had a chance to read a book to some kindergarteners. We ended that day in Bloomington by holding a Veterans Roundtable where we discussed critical issues facing those individuals who bravely and honorably defending our nation.  Stay on the look out for part 2 of the April District Work Period!","2017-04-20T14:32:45+0000","photo","https://www.facebook.com/RepTrey/photos/a.185303771943025.1073741828.178051136001622/245306732609395/?type=3","178051136001622_245316939275041","Representative Trey Hollingsworth added 12 new photos.",40,26,4
"178051136001622","Representative Trey Hollingsworth","From our family to yours, Happy Easter.","2017-04-16T22:03:00+0000","photo","https://www.facebook.com/RepTrey/photos/a.185303771943025.1073741828.178051136001622/243378482802220/?type=3","178051136001622_243378482802220",NA,61,15,0
"178051136001622","Representative Trey Hollingsworth","Today is President Thomas Jefferson's birthday. As a founding father and author of our Declaration of Independence, our nation can credit its creation to this patriot.","2017-04-13T19:52:20+0000","photo","https://www.facebook.com/RepTrey/photos/a.185303771943025.1073741828.178051136001622/241641822975886/?type=3","178051136001622_241641822975886",NA,52,20,10
"178051136001622","Representative Trey Hollingsworth","I wanted to take a few minutes during #TelecommunicationsWeek to thank all 911 Dispatchers, especially those in the 9th District, for working tirelessly to keep our Police, Fire, and EMS professionals safe. While they might sometimes go unrecognized, there is no doubt that 911 Dispatchers represent the front lines of First Responders.","2017-04-12T18:18:07+0000","photo","https://www.facebook.com/RepTrey/photos/a.185303771943025.1073741828.178051136001622/241078429698892/?type=3","178051136001622_241078429698892",NA,52,8,7
"178051136001622","Representative Trey Hollingsworth","Attention high school students across Indiana's 9th District: be on the lookout for information about the 2017 Congressional Art Competition!","2017-04-05T22:35:10+0000","photo","https://www.facebook.com/RepTrey/photos/a.185303771943025.1073741828.178051136001622/237344066738995/?type=3","178051136001622_237344066738995",NA,26,12,13
"178051136001622","Representative Trey Hollingsworth","The Consumer Financial Protection Bureau (CFPB) has failed in its core mission and has become a partisan seat of tyranny focused on suffocating small businesses and shackling consumers with bad policy.","2017-04-04T18:18:42+0000","photo","https://www.facebook.com/RepTrey/photos/a.185303771943025.1073741828.178051136001622/236653750141360/?type=3","178051136001622_236653750141360",NA,40,52,6
"178051136001622","Representative Trey Hollingsworth","It’s official! Last week, President Trump gave the Keystone XL Pipeline the necessary authorization to move forward. This project will create good-paying American jobs and ensure America’s energy independence which increases our national security.","2017-03-27T14:47:39+0000","photo","https://www.facebook.com/RepTrey/photos/a.185303771943025.1073741828.178051136001622/232264750580260/?type=3","178051136001622_232264750580260",NA,93,131,12
"178051136001622","Representative Trey Hollingsworth","My statement about the health care legislation:","2017-03-24T22:41:59+0000","photo","https://www.facebook.com/RepTrey/photos/a.185303771943025.1073741828.178051136001622/231046554035413/?type=3","178051136001622_231046554035413",NA,178,276,36
"178051136001622","Representative Trey Hollingsworth","Indiana is leading the way in medical device and bio-tech innovation. That is why I am proud to have introduced the Fostering Innovation Act with Congresswoman Kyrsten Sinema yesterday. This bipartisan, commonsense reduction of burdensome regulations will empower many industries throughout the Hoosier state to devote more resources to product innovation, research, and development. Read more about this legislation here: http://hollingsworth.house.gov/news/documentsingle.aspx?DocumentID=48","2017-03-23T01:54:25+0000","photo","https://www.facebook.com/RepTrey/photos/a.185303771943025.1073741828.178051136001622/230118957461506/?type=3","178051136001622_230118957461506",NA,44,57,3
"178051136001622","Representative Trey Hollingsworth","As I do every day, I spent time this morning calling random constituents across #IN09 to discuss issues that are important to them and their families.","2017-03-17T17:17:02+0000","photo","https://www.facebook.com/RepTrey/photos/a.185303771943025.1073741828.178051136001622/227490221057713/?type=3","178051136001622_227490221057713",NA,109,139,4
"178051136001622","Representative Trey Hollingsworth","Yesterday, I met with corn and soybean farmers from Southern Indiana. Like many small business owners, they have contended with overbearing bureaucrats and excessive regulations for too long. I look forward to working with them to make sure government does not prevent or deter those who grow the crops that end up on our dinner tables or in our gas tanks.","2017-03-14T19:27:30+0000","photo","https://www.facebook.com/RepTrey/photos/a.185303771943025.1073741828.178051136001622/226067917866610/?type=3","178051136001622_226068007866601","Representative Trey Hollingsworth added 2 new photos.",52,46,4
"178051136001622","Representative Trey Hollingsworth","For any constituents that are graduates of Franklin Community Schools in Johnson County: The school district is accepting nominations for its 2017 Hall of Fame Class. Nomination forms can be found at the link below. Tomorrow is the deadline!","2017-03-12T22:14:38+0000","link","http://www.franklinschools.org/site/default.aspx?PageType=3&DomainID=4&ModuleInstanceID=29&ViewID=047E6BE3-6D87-4130-8424-D8E4E9ED6C2A&RenderLoc=0&FlexDataID=4590&PageID=1","178051136001622_225115407961861",NA,8,21,0
"178051136001622","Representative Trey Hollingsworth","Yesterday, I had the opportunity to recognize Clark County Indiana Sheriff's Office Deputy Wes Harper's life-saving actions on the Floor of the United States House of Representatives. Thank you Deputy Harper for your faithful dedication and unwavering devotion to Hoosiers.","2017-03-03T23:02:52+0000","video","http://bit.ly/2mk7fp9","178051136001622_220281925111876",NA,55,26,18
"178051136001622","Representative Trey Hollingsworth","A quick #TBT and a big thank you to the students at the Hoosier Uplands Head Start and Early Head Start for providing some beautiful artwork that is proudly hanging in the Jeffersonville office of Indiana's 9th District!","2017-03-02T20:18:59+0000","photo","https://www.facebook.com/RepTrey/photos/a.185303771943025.1073741828.178051136001622/219724245167644/?type=3","178051136001622_219724245167644",NA,36,19,3
"178051136001622","Representative Trey Hollingsworth","Yesterday, I had the opportunity to sit down with Erin McPike and the team at Independent Journal Review. I enjoyed the conversation and appreciate the invitation to join them.","2017-03-01T15:41:39+0000","video","https://www.facebook.com/theijr/videos/1370480602975420/","178051136001622_219139241892811","Representative Trey Hollingsworth shared Independent Journal Review's live video.",23,35,0
"178051136001622","Representative Trey Hollingsworth","Our Caseworker, Shelly, is a graduate of Eastern High School in Pekin and was a Lady Musketeer herself. So, in celebration of the Lady Musketeers winning the State Championship on Saturday, some co-workers decorated her office. Congratulations again Eastern High School Lady Musketeers!","2017-02-27T14:09:37+0000","photo","https://www.facebook.com/RepTrey/photos/a.193677404438995.1073741829.178051136001622/218116331995102/?type=3","178051136001622_218117501994985","Representative Trey Hollingsworth added 3 new photos.",26,11,0
"178051136001622","Representative Trey Hollingsworth","Before my District work week could begin, I had the privilege of presiding over the House of Representatives Thursday evening prior to grabbing my flight home. We hit the ground running Friday morning by joining AT&T in New Albany for the announcement that new Fiber internet is coming to Southern Indiana. From there, I went and toured a Home Depot and discussed how important it is to their business that their employees remain thoughtful, knowledgeable, and approachable to keep customers first. Next, I had the opportunity to join the White River Township Fire Department at their annual awards dinner where we recognized the Firefighter, EMT, Paramedic, Officer, and Employee of the Year.  The next work day took us to Bloomington where I had the chance to tour Baxter Pharmaceuticals and meet with so many people that help save lives daily (they told me that every second, one of their products is administered somewhere in the world)! We ran up the road a little ways and visited with Bybee Stone Co, Inc where we talked about how stone from the Hoosier State makes its way all across the globe for projects. Before calling it a day, I sat down with educators from the Cook Center for Entrepreneurship at Ivy Tech Community College where we discussed the challenges facing students and teachers.   The next day, I spent time in Bedford where I met with local pharmacists and discussed how some excessive government regulations have made necessary prescriptions too expensive for Hoosiers. I also had a chance to tour Best Home Furnishings and see some great AMERICAN craftsmen in action.   The following two days, I had an opportunity to meet with members of the Greater Greenwood Chamber of Commerce as well as One Southern Indiana Chamber & Economic Development where I took questions on a whole range of issues that impact businesses of all sizes including an overburdensome federal government and a mandated healthcare program that doesn't work for employers, employees, or providers.  Additionally, I had productive conversations with local elected officials where we discussed issues that are impacting Hoosiers on the most local level and what can be done to address them. I also had a chance to visit Central Nine Career Center where I saw firsthand how they provide robust, hands-on training to those students who are passionate about joining the Hoosier workforce.   Finally, the team at Caterpillar invited me to tour their facility and experience how they re-manufacture engines, empower their workforce by fostering a community, and see how their ""cobots"" help human workers complete tasks. I also had a great opportunity to speak with the Keeping Our Public Politically Informed (KOPPI) student group at Center Grove High School. These young minds are the future of not only our state but our nation and they asked some great questions about our government and how they can remain involved and informed.  On top of all of these visits throughout our community, I also continued my daily habit of calling at least 50 random constituents a day to hear directly from them how they feel their government is working as well as what issues are important to their families.   I continue to value every minute I get to spend at home speaking with fellow Hoosiers. That's why I am on the first possible flight home from Washington, D.C. and on the last possible flight back. I am honored to represent you in the House of Representatives.","2017-02-26T23:26:59+0000","photo","https://www.facebook.com/RepTrey/photos/a.193677404438995.1073741829.178051136001622/217847682021967/?type=3","178051136001622_217863555353713","Representative Trey Hollingsworth added 32 photos and 2 videos.",62,42,10
"178051136001622","Representative Trey Hollingsworth","Congratulations to the Eastern High School Lady Musketeers of Pekin on winning the Indiana Girl's Basketball 2A State Championship this afternoon!","2017-02-25T23:54:35+0000","status",NA,"178051136001622_217352482071487",NA,39,12,3
"178051136001622","Representative Trey Hollingsworth","This editorial from Investor’s Business Journal perfectly sums up economic freedom under the Obama Administration: “…the U.S. [Freedom] Index was dragged down by Obama’s anti-growth war on businesses, investors, and other productive elements of the economy.” The time to restore American #EconomicFreedom is now.","2017-02-16T14:38:29+0000","link","http://www.investors.com/politics/editorials/thank-you-obama-the-u-s-steadily-lost-ground-on-economic-freedom-over-past-8-years/","178051136001622_211890569284345",NA,18,89,7
"178051136001622","Representative Trey Hollingsworth","Today, Chairwoman Janet Yellen testified before the House Committee on Financial Services. It is imperative that we drive changes to the Fed that are necessary for the future growth and success of the American Economy.","2017-02-15T20:31:38+0000","photo","https://www.facebook.com/RepTrey/photos/a.185303771943025.1073741828.178051136001622/211279732678762/?type=3","178051136001622_211279732678762",NA,12,39,1
"178051136001622","Representative Trey Hollingsworth","I had an absolutely wonderful time visiting the Hoosier Uplands Head Start and Early Head Start program in Bedford. It was amazing to see the impact that teachers and the entire team at Hoosier Uplands have on children and families within Lawrence County. Thank you so much for inviting me to spend time with all of you.","2017-02-09T22:21:58+0000","photo","https://www.facebook.com/RepTrey/photos/a.185303771943025.1073741828.178051136001622/207503609723041/?type=3","178051136001622_207527723053963","Representative Trey Hollingsworth added 3 new photos.",47,37,10
"178051136001622","Representative Trey Hollingsworth","I was honored to sit down with Indiana Bankers Association to talk about how we need to get intrusive, big government out of the way and empower lenders to enable more robust opportunities for Hoosiers.","2017-02-08T02:41:55+0000","photo","https://www.facebook.com/RepTrey/photos/a.185303771943025.1073741828.178051136001622/206535826486486/?type=3","178051136001622_206535826486486",NA,35,59,3
"178051136001622","Representative Trey Hollingsworth","Yesterday, the House unanimously passed H.Res. 387 which updated the Electronic Communications Privacy Act. Notably, it requires law enforcement to obtain a warrant for emails and clarifies privacy requirements for cloud computing services.","2017-02-07T16:11:11+0000","photo","https://www.facebook.com/RepTrey/photos/a.185303771943025.1073741828.178051136001622/206386826501386/?type=3","178051136001622_206386826501386",NA,31,8,0
"178051136001622","Representative Trey Hollingsworth","The Obama Administration developed a rule that, due to their lack of business experience, lessened the options small investors had available to enhance their retirements. Today, President Donald J. Trump returned options to millions of Hoosier and American investors by signing an Executive Order that struck down this misguided rule.","2017-02-03T19:03:04+0000","status",NA,"178051136001622_204399200033482",NA,33,91,14
"178051136001622","Representative Trey Hollingsworth","The Supreme Court of the United States was always envisioned to be the democratic conscience of our government. We the people need to return the Supreme Court to the role our Founding Fathers envisioned: one where the Court determines the constitutionality of issues, not legislates from behind the bench. This next #SCOTUS can return this institution to its rightful high perch in our beautiful Republic.","2017-02-01T01:56:44+0000","status",NA,"178051136001622_202839330189469",NA,61,55,1
"178051136001622","Representative Trey Hollingsworth","On this day in history (January 31, 1871 to be exact), the land was purchased to build Quartermaster Station in Jeffersonville, IN. I am proud to continue the tradition of maintaining a District Office in this historic place. Learn more about the intriguing history of the quadrangle and how it became a necessary military depot after the Civil War.","2017-01-31T14:38:43+0000","link","http://indianapublicmedia.org/momentofindianahistory/shirts-warthe-jeffersonville-quadrangle/","178051136001622_202549713551764",NA,28,34,0
"178051136001622","Representative Trey Hollingsworth","These men embodied the principles that mankind has embraced for centuries. We are meant to be explorers. We are meant to ask questions, dive deeper, reach farther, and fly higher. #Apollo1","2017-01-28T02:16:59+0000","photo","https://www.facebook.com/RepTrey/photos/a.185303771943025.1073741828.178051136001622/200518513754884/?type=3","178051136001622_200518513754884",NA,33,31,4
"178051136001622","Representative Trey Hollingsworth","I am proud to announce that the new, personalized website for #IN09 has been launched! This site contains all of the contact information for offices both in District and in Washington, D.C. as well as some helpful information about dealing with the federal government.","2017-01-25T18:56:17+0000","link","http://hollingsworth.house.gov/","178051136001622_199027710570631",NA,46,23,10
"178051136001622","Representative Trey Hollingsworth","Glad to see that President Donald J. Trump took the first steps to ensuring that unaccountable government bureaucrats stop leveling burdensome regulations on hardworking Hoosiers.","2017-01-23T01:21:29+0000","link","http://thehill.com/homenews/administration/315414-trump-signs-obamacare-executive-order","178051136001622_196958044110931",NA,47,61,1
"178051136001622","Representative Trey Hollingsworth","It was a pleasure to welcome Hoosiers from across #IN09 to THEIR office in Washington, D.C. for this momentous occasion.","2017-01-20T17:03:43+0000","photo","https://www.facebook.com/RepTrey/photos/a.193677404438995.1073741829.178051136001622/195177350955667/?type=3","178051136001622_195178620955540","Representative Trey Hollingsworth added 35 new photos.",32,16,1
"178051136001622","Representative Trey Hollingsworth","Not very long from now, America will have its 45th President inaugurated. I look forward to working with President Donald J. Trump and Vice President Mike Pence! #IN09","2017-01-20T15:37:37+0000","photo","https://www.facebook.com/RepTrey/photos/a.185303771943025.1073741828.178051136001622/195134234293312/?type=3","178051136001622_195134234293312",NA,25,10,3
"178051136001622","Representative Trey Hollingsworth","Yesterday was a busy day meeting with constituents and small business owners across #IN09! I started the morning meeting with Mayor Troy Merry of Salem, IN. I made sure to stop in and speak with Rita at Lincks Clothing and Shoes before meeting with Washington County Assessor Jason Cockerill.   From there, I made a stop at the Salem Apothecary and spoke with Rebecca about overreaching government regulations that force her to change the way she has been doing business for decades.   After a quick lunch at Christie's On The Square, I made the trip to Mitchell, IN to meet with Mayor JD England.   Next, I spent some time talking with the team at Springer-Springer Insurance in Orleans, IN about how their business is doing in today's economic climate.   Afterwards, I met with the team at Ramsey Popcorn Company and heard about all the great products they produce right here in Harrison County.   I ended the day with the Town of Clarksville honoring two Officers with the Clarksville Police Department who had been named Officers of the Year.   It was a packed day, but we're just getting started. I look forward to cross-crossing #IN09 multiple times in the coming months.","2017-01-18T13:00:46+0000","photo","https://www.facebook.com/RepTrey/photos/a.185303771943025.1073741828.178051136001622/193680414438694/?type=3","178051136001622_193688147771254","Representative Trey Hollingsworth added 16 new photos.",29,17,3
"178051136001622","Representative Trey Hollingsworth","Yesterday, in remembrance of Dr. Martin Luther King, Jr., I had the privilege of participating in a Memorial March in Jeffersonville. Dr. King's legacy is one of passionate leadership and selfless service that continues to inspire many throughout the world.","2017-01-18T04:20:54+0000","photo","https://www.facebook.com/RepTrey/photos/a.193677404438995.1073741829.178051136001622/193673741106028/?type=3","178051136001622_193677397772329","Representative Trey Hollingsworth added 7 new photos.",27,9,0
"178051136001622","Representative Trey Hollingsworth","On Sundays, my family and extended family gathers to complete an afternoon of community service together. Today, we spent time at a local food kitchen. It is extremely important that everyone takes time to give back to their community at all levels.","2017-01-15T21:17:48+0000","status",NA,"178051136001622_192345381238864",NA,49,45,3
"178051136001622","Representative Trey Hollingsworth","Today, we took the first step towards #FullRepeal by voting to defund Obamacare. Not only has this legislation been unaffordable, but it has also been devastating to small businesses and American families. Obamacare’s legacy will be one where 18 of the 23 exchanges that were set up by the government to benefit consumers failed. A health care option should not have premiums that increase by double digits all while choices for those who depend on this system decrease. Hoosiers and all Americans deserve a #BetterWay for health care: one where free market choices compete for Hoosiers’ hard-earned dollars.","2017-01-13T23:00:01+0000","photo","https://www.facebook.com/RepTrey/photos/a.185303771943025.1073741828.178051136001622/191083461365056/?type=3","178051136001622_191083461365056",NA,46,601,59
"178051136001622","Representative Trey Hollingsworth","Today, under Obamacare, the average American family premiums have soared by $4,300 and now totals a little less than $20,000 annually. Remember when President Obama promised premiums would decline by $2,500 per family under Obamacare? Obviously it is time for #FullRepeal and a #BetterWay.","2017-01-13T15:12:22+0000","photo","https://www.facebook.com/RepTrey/photos/a.185303771943025.1073741828.178051136001622/190928538047215/?type=3","178051136001622_190928538047215",NA,17,85,3
"178051136001622","Representative Trey Hollingsworth","A quick #TBT to the article from the Indiana Daily Student about the first piece of legislation I introduced: #TermLimits!","2017-01-12T16:07:50+0000","link","http://www.idsnews.com/article/2017/01/hollingsworth-proposes-term-limits-bill","178051136001622_190321548107914",NA,32,22,2
"178051136001622","Representative Trey Hollingsworth","Since day one, Obamacare has failed the American people: health insurance options have been greatly reduced, premiums have skyrocketed, and the government-created co-ops have already lost taxpayers over $1 billion. Obamacare is bad for American families' health care and has dampened job creation.  Now is the time for #FullRepeal.","2017-01-11T17:43:54+0000","status",NA,"178051136001622_189728008167268",NA,35,56,4
"178051136001622","Representative Trey Hollingsworth","Early this afternoon, I introduced my first piece of legislation: a Constitutional Amendment in favor of #TermLimits for Members of Congress. I made a promise to my fellow Hoosiers: that my highest priority in Congress will be working to return our government to one that is by the people and for the people. I am upholding my commitment to lead the fight for #TermLimits to ensure that Members of Congress serve constituents as public servants. As all Hoosiers know, our actions speak louder than our words. That is why I made sure that my first official act was to draft this important piece of legislation that Hoosiers desperately wish to see enacted.","2017-01-09T23:05:00+0000","status",NA,"178051136001622_188744931598909",NA,78,16,13
"178051136001622","Representative Trey Hollingsworth","Today is #LawEnforcementAppreciationDay and we should take a moment to thank those who protect and serve our communities throughout #IN09. I am currently making calls to Sheriffs and Police Chiefs across the District thanking them for the service that their departments perform on our behalf.","2017-01-09T20:55:02+0000","photo","https://www.facebook.com/RepTrey/photos/a.185303771943025.1073741828.178051136001622/188685444938191/?type=3","178051136001622_188685444938191",NA,39,0,10
"178051136001622","Representative Trey Hollingsworth","Today, I had the distinct honor and privilege of presenting a U.S. Flag, flown over the Capitol, to the #GoldStarFamily of SGT. Matthew L. Deckard, of Floyds Knobs, IN, in honor of his ultimate sacrifice. I am so glad I was able to join the Deckard family for this Honor and Remember - Indiana Chapter presentation.","2017-01-07T20:01:26+0000","photo","https://www.facebook.com/RepTrey/photos/a.185303771943025.1073741828.178051136001622/187512885055447/?type=3","178051136001622_187512885055447",NA,26,2,1
"178051136001622","Representative Trey Hollingsworth","Congratulations to President-elect Donald Trump and Vice President-elect Mike Pence on being certified as the next President and Vice President of the United States by a Joint Session of Congress today.","2017-01-06T19:52:05+0000","status",NA,"178051136001622_186893911784011",NA,33,3,0
"178051136001622","Representative Trey Hollingsworth","In case you missed it yesterday, I gave my inaugural floor speech in support of the #REINSAct which the House passed last night.","2017-01-06T13:35:15+0000","video","https://youtu.be/wjeh_hA8Eiw","178051136001622_186710335135702",NA,30,6,6
"178051136001622","Representative Trey Hollingsworth","I am honored that my colleagues have selected me to serve on the House Financial Services Committee. Together, we will reduce the burden of federal regulations!","2017-01-05T20:33:08+0000","link","https://t.co/9ohQTZ3PcD","178051136001622_186297425176993",NA,22,4,0
"178051136001622","Representative Trey Hollingsworth","Thanks to all those from #IN09 who reached out regarding this issue. It is my strongest belief that the House should always be transparent.","2017-01-04T01:41:27+0000","photo","https://www.facebook.com/RepTrey/photos/a.185303771943025.1073741828.178051136001622/185303731943029/?type=3","178051136001622_185303731943029",NA,21,0,1
"178051136001622","Representative Trey Hollingsworth","Officially a Member of the #115thCongress. I am excited to get to work for the Hoosiers of #IN09!","2017-01-04T01:40:41+0000","status",NA,"178051136001622_185303638609705",NA,23,7,2
