"from_id","from_name","message","created_time","type","link","id","story","likes_count","comments_count","shares_count"
"131326196940421","Rep. Virginia Foxx","Last weekend I joined local volunteers and Blue Star Mothers in Boone to pack boxes to send overseas to the deployed troops from North Carolina at the second NC Packs 4 Patriots event.","2017-06-24T13:48:00+0000","photo","https://www.facebook.com/RepVirginiaFoxx/photos/a.145041625568878.35895.131326196940421/1573167569422936/?type=3","131326196940421_1573171846089175","Rep. Virginia Foxx added 6 new photos.",68,10,3
"131326196940421","Rep. Virginia Foxx","Congratulations to Hill Douglas of Winston-Salem who received The Congressional Award Gold Medal this week at a ceremony in Washington.","2017-06-23T17:30:00+0000","photo","https://www.facebook.com/RepVirginiaFoxx/photos/a.145041625568878.35895.131326196940421/1573206089419084/?type=3","131326196940421_1573207966085563","Rep. Virginia Foxx added 2 new photos.",45,4,0
"131326196940421","Rep. Virginia Foxx","My thoughts and prayers are with the family and friends of Sgt. Dillion Baldridge as he is laid to rest in Ashe County today.","2017-06-23T12:03:08+0000","link","http://www.jeffersonpost.com/news/7959/funeral-procession-for-fallen-hero-rolls-through-ashe","131326196940421_1573087516097608",NA,120,7,13
"131326196940421","Rep. Virginia Foxx","All education is career education. Our nation’s career and technical education programs prepare many Americans to enter the workforce with the skills they need to succeed, and help close our nation’s skills gap. This bipartisan bill opens the door for more innovation in workforce development with the help of community leaders, educational institutions, and private business. We must continue to promote demand-driven workforce development that aligns education with the needs of employers who are anxious to hire American workers.","2017-06-22T21:39:06+0000","link","http://blogs.edweek.org/edweek/campaign-k-12/2017/06/career_and_technical_education_house_passes_bill.html","131326196940421_1573330132740013",NA,39,11,2
"131326196940421","Rep. Virginia Foxx","Today Congress will consider the bipartisan Strengthening Career and Technical Education for the 21st Century Act to update our skills-focused and credentialing programs to meet the needs of a modern workforce.","2017-06-22T12:50:00+0000","link","http://www.foxnews.com/opinion/2017/06/21/apprenticeships-technical-education-offer-path-to-successful-workforce-college-only-is-myth.html","131326196940421_1572130682859958",NA,58,9,9
"131326196940421","Rep. Virginia Foxx","We need a strong demand-driven workforce development system that aligns education with the needs of employers. #CTE","2017-06-21T17:04:00+0000","video","https://youtu.be/RBIPOvtHhk8","131326196940421_1570818886324471",NA,59,8,5
"131326196940421","Rep. Virginia Foxx","Congratulations to Charlotte Thomas of Lewisville who is one of only four U.S. Presidential Scholars from North Carolina for 2017.","2017-06-21T13:22:00+0000","photo","https://www.facebook.com/RepVirginiaFoxx/photos/a.145041625568878.35895.131326196940421/1570774199662273/?type=3","131326196940421_1570774199662273",NA,67,6,0
"131326196940421","Rep. Virginia Foxx",NA,"2017-06-20T17:27:01+0000","link","https://edworkforce.house.gov/news/documentsingle.aspx?DocumentID=401775","131326196940421_1570576989681994","Rep. Virginia Foxx shared a link.",18,7,0
"131326196940421","Rep. Virginia Foxx","Always good to see Appalachian State University Chancellor Sheri Everts.","2017-06-20T14:05:03+0000","photo","https://www.facebook.com/RepVirginiaFoxx/photos/a.145041625568878.35895.131326196940421/1570499439689749/?type=3","131326196940421_1570499439689749",NA,39,3,0
"131326196940421","Rep. Virginia Foxx","Enjoyed meeting with Ja’Net Adams of Kernersville last week. Ja’Net is the author of “Debt Sucks! A College Student’s Guide To Winning With Money So They Can Live Their Dreams!” and speaks around the world about financial literacy.","2017-06-19T16:16:44+0000","photo","https://www.facebook.com/RepVirginiaFoxx/photos/a.145041625568878.35895.131326196940421/1569380216468338/?type=3","131326196940421_1569380216468338",NA,65,7,1
"131326196940421","Rep. Virginia Foxx","‪Happy Father's Day!‬","2017-06-18T14:42:54+0000","status",NA,"131326196940421_1568109389928754",NA,37,2,0
"131326196940421","Rep. Virginia Foxx","‪Cheering on the Republicans at the Congressional Baseball Game for Charity with members of my staff. #ScaliseStrong ‬","2017-06-16T00:55:31+0000","photo","https://www.facebook.com/RepVirginiaFoxx/photos/a.145041625568878.35895.131326196940421/1564892270250466/?type=3","131326196940421_1564892270250466",NA,217,9,8
"131326196940421","Rep. Virginia Foxx","Proud to join President Trump today as he announced executive actions to expand educational opportunities for America’s workers.","2017-06-15T16:19:37+0000","photo","https://www.facebook.com/RepVirginiaFoxx/photos/a.145041625568878.35895.131326196940421/1564408970298796/?type=3","131326196940421_1564409203632106","Rep. Virginia Foxx added 2 new photos.",234,25,14
"131326196940421","Rep. Virginia Foxx","For years, hardworking Americans have been waiting for a champion in the White House who is willing to provide them with the tools to succeed in a recovering economy. The actions announced by the Trump administration today are a step in the right direction to closing the skills gap that exists in this country.  Republicans in Congress have been finding new ways to work with the private sector to promote earn-to-learn programs to recruit and retain high-qualified employees for a future workforce. All education is career education, and it is reassuring to see the White House join House Republican efforts to educate Americans for the future.","2017-06-15T15:52:47+0000","link","http://www.cnn.com/2017/06/15/politics/trump-executive-order-apprenticeship-job-training/index.html","131326196940421_1564377850301908",NA,136,22,14
"131326196940421","Rep. Virginia Foxx","Every day the men and women of the Capitol Police work hard to keep members of Congress, staff, press and visitors to the U.S. Capitol safe. Today the bravery of two Capitol Police officers prevented a tragedy. Praying for the swift recovery of Special Agent Crystal Griner and Special Agent David Bailey.","2017-06-14T17:48:46+0000","status",NA,"131326196940421_1563347057071654",NA,117,17,3
"131326196940421","Rep. Virginia Foxx","Please join me in praying for those injured in the shooting this morning.","2017-06-14T13:13:10+0000","status",NA,"131326196940421_1563051760434517",NA,343,37,12
"131326196940421","Rep. Virginia Foxx","Busy weekend in the 5th District.","2017-06-13T13:59:04+0000","photo","https://www.facebook.com/RepVirginiaFoxx/photos/a.145041625568878.35895.131326196940421/1561856750554018/?type=3","131326196940421_1561858407220519","Rep. Virginia Foxx added 8 new photos.",50,7,0
"131326196940421","Rep. Virginia Foxx","Congress needs to make sure onerous regulatory burdens don’t stand in the way of accessing or advancing all forms of American energy. Wilkesboro Hydroelectric Company has worked to ensure its project meets the requirements outlined by the federal government and this legislation is consistent with previous congressional action to spur hydropower development at Corps facilities.","2017-06-12T20:56:29+0000","link","https://foxx.house.gov/news/documentsingle.aspx?DocumentID=399062","131326196940421_1561021937304166",NA,41,16,0
"131326196940421","Rep. Virginia Foxx","Met my granddaughter Rana and her friend Stela at the Lincoln Memorial when I got to Washington last night. Always an impressive sight and a meaningful tribute to a great president.","2017-06-12T16:04:46+0000","photo","https://www.facebook.com/RepVirginiaFoxx/photos/a.145041625568878.35895.131326196940421/1560785873994439/?type=3","131326196940421_1560785873994439",NA,109,18,0
"131326196940421","Rep. Virginia Foxx","It was a privilege to pay tribute to the late Sheriff Elisha Bebber as the Alexander County Law Enforcement Center was named in his honor.","2017-06-10T13:01:00+0000","photo","https://www.facebook.com/RepVirginiaFoxx/photos/a.145041625568878.35895.131326196940421/1557460224327004/?type=3","131326196940421_1557461094326917","Rep. Virginia Foxx added 4 new photos.",31,6,0
"131326196940421","Rep. Virginia Foxx","Enjoyed chatting with Emily and Natalie Hill at the Deep Gap Ruritan Club Dinner last weekend.","2017-06-09T21:53:00+0000","photo","https://www.facebook.com/RepVirginiaFoxx/photos/a.145041625568878.35895.131326196940421/1557311007675259/?type=3","131326196940421_1557311007675259",NA,18,5,1
"131326196940421","Rep. Virginia Foxx","Last week I visited Fairplains Baptist Church to hear about their plans for Wilkes County's first inclusive handicap-accessible play park.","2017-06-09T17:49:00+0000","photo","https://www.facebook.com/RepVirginiaFoxx/photos/a.145041625568878.35895.131326196940421/1557307247675635/?type=3","131326196940421_1557307781008915","Rep. Virginia Foxx added 2 new photos.",44,10,0
"131326196940421","Rep. Virginia Foxx","Enjoyed meeting with NC educator Jamie Jessup and learning more about his organization Hoops4Him, a Christian citywide youth basketball league in Winston-Salem.","2017-06-09T13:30:00+0000","photo","https://www.facebook.com/RepVirginiaFoxx/photos/a.145041625568878.35895.131326196940421/1556215561118137/?type=3","131326196940421_1556216387784721","Rep. Virginia Foxx added 2 new photos.",94,6,7
"131326196940421","Rep. Virginia Foxx","The one-size-fits-all approach and hundreds of regulations resulting from Dodd-Frank have significantly impacted access to desperately needed capital and have driven up compliance costs. The Financial CHOICE Act provides regulatory relief to small businesses and job creators while also ensuring Washington is held accountable to hardworking American taxpayers.","2017-06-08T20:40:45+0000","link","https://foxx.house.gov/news/documentsingle.aspx?DocumentID=399057","131326196940421_1556314387774921",NA,31,21,2
"131326196940421","Rep. Virginia Foxx","The protection of religious belief and practice is enshrined in our Constitution’s First Amendment, and neither ends at the threshold of a house of worship. It’s time to alleviate the undue burden on religious non-profits under Obamacare. The people who serve in these ministries have dedicated their lives to living out their religious convictions and they – not the government – are the best guide for what violates those principles.","2017-06-07T21:46:37+0000","link","https://black.house.gov/press-release/draft-hhs-rule-win-religious-freedom","131326196940421_1555191834553843",NA,48,42,7
"131326196940421","Rep. Virginia Foxx","Together, these commonsense proposals will protect worker freedom and ensure fair union elections. The decision to join or not join a union is a personal one, and workers deserve time and privacy as they decide what’s best for them. I want to thank Representatives Walberg and Wilson for championing these proposals, which are the latest step in our efforts to restore fairness and balance to federal labor policies.","2017-06-07T16:28:21+0000","link","https://edworkforce.house.gov/news/documentsingle.aspx?DocumentID=401719","131326196940421_1554932834579743",NA,14,20,1
"131326196940421","Rep. Virginia Foxx","Great to see Dr. Howard Blumstein from Wake Forest Baptist Health in Washington today. We talked about issues important to the emergency physician community.","2017-06-06T19:46:37+0000","photo","https://www.facebook.com/RepVirginiaFoxx/photos/a.145041625568878.35895.131326196940421/1553901018016258/?type=3","131326196940421_1553901018016258",NA,21,14,0
"131326196940421","Rep. Virginia Foxx",NA,"2017-06-06T11:58:39+0000","photo","https://www.facebook.com/RepVirginiaFoxx/photos/a.145041625568878.35895.131326196940421/1553348181404875/?type=3","131326196940421_1553348181404875","Rep. Virginia Foxx added a new photo.",35,5,4
"131326196940421","Rep. Virginia Foxx","Celebrating with my granddaughter Rana who graduated from Watauga High School today.","2017-06-03T19:15:12+0000","photo","https://www.facebook.com/RepVirginiaFoxx/photos/a.145041625568878.35895.131326196940421/1549938735079153/?type=3","131326196940421_1549938735079153",NA,64,5,0
"131326196940421","Rep. Virginia Foxx","Every day, employers make countless decisions that affect whether or not they close their doors or stay open for business. Too often those decisions have been second-guessed by bureaucrats, lawmakers, and so-called experts who have no idea what it takes to make payroll, manage a staff, or meet the needs of customers. Yesterday I met with local hotel and franchise owners to discuss onerous federal regulations.","2017-06-02T14:27:19+0000","photo","https://www.facebook.com/RepVirginiaFoxx/photos/a.145041625568878.35895.131326196940421/1548296925243334/?type=3","131326196940421_1548305098575850","Rep. Virginia Foxx added 4 new photos.",25,14,2
"131326196940421","Rep. Virginia Foxx","Enjoyed attending ChickenFest in North Wilkesboro - great people and music.","2017-06-01T12:36:35+0000","photo","https://www.facebook.com/RepVirginiaFoxx/photos/a.145041625568878.35895.131326196940421/1547067788699581/?type=3","131326196940421_1547073868698973","Rep. Virginia Foxx added 11 new photos.",70,15,1
"131326196940421","Rep. Virginia Foxx","Last week Edward Jones set up a Memorial Garden along Blowing Rock Road where visitors could place handheld American flags in the ground in memory of loved ones who served. It was an honor to participate.","2017-05-31T18:23:18+0000","photo","https://www.facebook.com/RepVirginiaFoxx/photos/a.145041625568878.35895.131326196940421/1546238885449138/?type=3","131326196940421_1546245208781839","Rep. Virginia Foxx added 13 new photos.",28,4,0
"131326196940421","Rep. Virginia Foxx","Last call for applications for the 11th annual Teacher in Congress Internship. The internship will be conducted in my Washington, D.C. congressional office from July 14-21, 2017. Deadline to apply is Friday, June 2.","2017-05-31T12:38:00+0000","link","http://foxx.house.gov/teachers/default.aspx","131326196940421_1545140598892300",NA,16,10,3
"131326196940421","Rep. Virginia Foxx","Yesterday I joined VFW Pat Ray Post 4286- Newland, NC for its annual Memorial Day Observance to honor our fallen heroes.","2017-05-30T15:05:45+0000","photo","https://www.facebook.com/RepVirginiaFoxx/photos/a.145041625568878.35895.131326196940421/1544868938919466/?type=3","131326196940421_1544875242252169","Rep. Virginia Foxx added 25 new photos.",41,7,1
"131326196940421","Rep. Virginia Foxx","As we observe this Memorial Day, I urge you to join me in taking time to pause, reflect and honor the sacrifices of those who have given their lives in the pursuit of a more prosperous and free America. May we endeavor to live a life worthy of their legacy and vigilantly guard the history and stories of our fallen.","2017-05-29T10:37:10+0000","photo","https://www.facebook.com/RepVirginiaFoxx/photos/a.145041625568878.35895.131326196940421/1536301253109568/?type=3","131326196940421_1536301253109568",NA,51,1,4
"131326196940421","Rep. Virginia Foxx",NA,"2017-05-26T13:21:00+0000","photo","https://www.facebook.com/RepVirginiaFoxx/photos/a.145041625568878.35895.131326196940421/1537314779674882/?type=3","131326196940421_1537314779674882","Rep. Virginia Foxx added a new photo.",5,9,0
"131326196940421","Rep. Virginia Foxx","Enjoyed meeting with Jennifer Adams who was in Washington on behalf of Citizens for Space Exploration. A former teacher in Stokes County, Jennifer is pursuing a degree in mechanical engineering and is interning with NASA.","2017-05-25T13:18:00+0000","photo","https://www.facebook.com/RepVirginiaFoxx/photos/a.145041625568878.35895.131326196940421/1538449066228120/?type=3","131326196940421_1538449066228120",NA,25,11,0
"131326196940421","Rep. Virginia Foxx",NA,"2017-05-24T21:43:00+0000","link","http://edworkforce.house.gov/news/documentsingle.aspx?DocumentID=401706","131326196940421_1538478502891843","Rep. Virginia Foxx shared a link.",22,59,4
"131326196940421","Rep. Virginia Foxx","No one employed by the federal government should be immune from accountability, especially someone responsible for overseeing more than $1 trillion in federal student loans. This committee has repeatedly raised concerns about mismanagement within the Office of Federal Student Aid. Mr. Runcie has stood at the center of this mismanagement for years, and our concerns have largely fallen on deaf ears. Secretary DeVos has an important opportunity to instill new leadership and a new direction within the agency. I urge the secretary to seize this opportunity and work to ensure FSA is efficient, effective, and accountable to students, families, and hardworking taxpayers.","2017-05-24T16:12:53+0000","link","http://www.politico.com/story/2017/05/24/james-runcie-education-department-resigns-238762","131326196940421_1538201412919552",NA,69,25,7
"131326196940421","Rep. Virginia Foxx","Coming up at 10:30 AM: Discussing opportunities for improving transparency in higher education as well as ensuring federal student aid programs are effective and student privacy is protected.","2017-05-24T13:25:00+0000","video","https://youtu.be/CZ1gwVKIjgk","131326196940421_1537317656341261",NA,10,10,0
"131326196940421","Rep. Virginia Foxx","Today the House approved two bipartisan bills that are different in policy but share a similar purpose. One streamlines a law that provides support for missing and exploited children. The other makes reforms to assist at-risk youth and juvenile offenders. But both renew a commitment we have made to help and protect our most vulnerable children.","2017-05-23T21:28:34+0000","link","http://edworkforce.house.gov/news/documentsingle.aspx?DocumentID=401688","131326196940421_1537374576335569",NA,27,13,3
"131326196940421","Rep. Virginia Foxx","Students, workers, and small businesses cannot succeed in an economy that is crippled by too much government and too much debt. During the last eight years, we were told time and again that more spending on more programs would lead to more prosperity. Hardworking taxpayers were burdened by new programs they couldn’t afford, yet they never experienced the prosperity they were promised.   For too many years, the federal government has not lived within its means because policymakers have not set real priorities. The president’s budget proposal reflects the consequences of this failed approach, as well as the urgent need for tough choices and bold solutions to pursue a more responsible course.   As I said earlier this year, no one will agree with every proposal outlined in this budget. It is now up to Congress to review the details and establish important priorities. I look forward to working with my colleagues and the administration to advance much-needed reforms that deliver relief for America’s taxpayers and empower families and job creators to succeed.","2017-05-23T19:31:00+0000","link","http://edworkforce.house.gov/news/documentsingle.aspx?DocumentID=401690","131326196940421_1537216393018054",NA,38,30,4
"131326196940421","Rep. Virginia Foxx","The last administration inflicted a lot of pain on workers, families, and small businesses, and it is going to take bold leadership to undo the damage that's been done and pursue a better course.‎   The secretary's decision does not provide the relief workers and families urgently need from a deeply flawed rule. If this is the path the department is determined to take, then it must quickly develop a responsible solution for dealing with a regulatory scheme that will make it harder and more costly for low- and middle-income families to save for retirement.  For more than 40 years, the Department of Labor has been responsible for enforcing protections for retirement savers. The secretary has a responsibility to work with this committee to address this problem. We will continue to conduct oversight of the flawed rule and advance our own ideas for strengthening protections and ensuring all Americans have access to affordable retirement advice. That is precisely what we have done in recent years, and we expect the secretary will join us in our future efforts.","2017-05-23T16:43:35+0000","link","http://edworkforce.house.gov/news/documentsingle.aspx?DocumentID=401687","131326196940421_1537128599693500",NA,46,42,5
"131326196940421","Rep. Virginia Foxx","Coming up at 10 AM: The latest in our efforts to hold the EEOC accountable for its regulatory & enforcement policies.","2017-05-23T14:00:18+0000","video","https://youtu.be/FCyI26Krr0w","131326196940421_1536977686375258",NA,11,5,0
"131326196940421","Rep. Virginia Foxx","Attended Watauga High School's baccalaureate service for seniors on Sunday with my granddaughter Rana. #proudgrandmother","2017-05-22T15:21:16+0000","photo","https://www.facebook.com/RepVirginiaFoxx/photos/a.145041625568878.35895.131326196940421/1536037206469306/?type=3","131326196940421_1536037206469306",NA,91,6,0
"131326196940421","Rep. Virginia Foxx","The American Conservative Union recently presented me with the Award for Conservative Excellence.","2017-05-19T13:16:00+0000","photo","https://www.facebook.com/RepVirginiaFoxx/photos/a.145041625568878.35895.131326196940421/1527781883961505/?type=3","131326196940421_1527781883961505",NA,83,24,1
"131326196940421","Rep. Virginia Foxx","Welcoming lots of North Carolinians to Washington this week.","2017-05-18T13:15:00+0000","photo","https://www.facebook.com/RepVirginiaFoxx/photos/a.145041625568878.35895.131326196940421/1530237653715928/?type=3","131326196940421_1530238163715877","Rep. Virginia Foxx added 4 new photos.",16,8,0
"131326196940421","Rep. Virginia Foxx","This bill is about ensuring all Americans can pursue multiple pathways to success. Career and technical education has long made a positive difference for students and communities, despite the false perception it’s somehow less valuable than a bachelor's degree. We must continue to improve the narrative about CTE, and just as importantly, we must update our CTE policies to reflect the realities of today’s economy. That’s why I am proud to support this legislation, which will increase transparency, improve accountability, and help prepare students for in-demand jobs.","2017-05-17T19:03:00+0000","link","http://edworkforce.house.gov/news/documentsingle.aspx?DocumentID=401657","131326196940421_1530046083735085",NA,29,11,4
"131326196940421","Rep. Virginia Foxx",NA,"2017-05-17T15:47:47+0000","link","http://www.aei.org/events/remarks-and-discussion-with-chairwoman-virginia-foxx/","131326196940421_1530042140402146","Rep. Virginia Foxx shared a link.",18,4,1
"131326196940421","Rep. Virginia Foxx","During National Police Week, we honor those law enforcement officers who have lost their lives in the line of duty for the safety and protection of others. Their sacrifice is not forgotten and their families remain in our prayers during this week of remembrance.","2017-05-17T13:11:00+0000","photo","https://www.facebook.com/RepVirginiaFoxx/photos/a.145041625568878.35895.131326196940421/1527778320628528/?type=3","131326196940421_1527778320628528",NA,13,4,1
"131326196940421","Rep. Virginia Foxx","Visiting the Watauga County Public Library. Libraries are critical to providing a high-quality education to our communities.","2017-05-16T17:24:00+0000","photo","https://www.facebook.com/RepVirginiaFoxx/photos/a.145041625568878.35895.131326196940421/1527723127300714/?type=3","131326196940421_1527725907300436","Rep. Virginia Foxx added 9 new photos.",35,14,0
"131326196940421","Rep. Virginia Foxx","Great crowd at Mayfest 2017 in Pilot Mountain.","2017-05-16T13:29:00+0000","photo","https://www.facebook.com/RepVirginiaFoxx/photos/a.145041625568878.35895.131326196940421/1527726880633672/?type=3","131326196940421_1527730907299936","Rep. Virginia Foxx added 12 new photos.",46,17,1
"131326196940421","Rep. Virginia Foxx","Stopped by the Ashe Civic Center open house on Saturday to check out the facility's new look.","2017-05-15T17:29:14+0000","photo","https://www.facebook.com/RepVirginiaFoxx/photos/a.145041625568878.35895.131326196940421/1527676770638683/?type=3","131326196940421_1527679697305057","Rep. Virginia Foxx added 3 new photos.",19,6,0
"131326196940421","Rep. Virginia Foxx","A big thank you to Courtney Gant, the NCLA: North Carolina Library Association Student Ambassador for the 5th Congressional District, for showing me around the Alexander County Library.","2017-05-15T14:55:46+0000","photo","https://www.facebook.com/RepVirginiaFoxx/photos/a.145041625568878.35895.131326196940421/1527533297319697/?type=3","131326196940421_1527534330652927","Rep. Virginia Foxx added 16 new photos.",56,13,3
"131326196940421","Rep. Virginia Foxx",NA,"2017-05-14T14:08:00+0000","link","http://www.nsjonline.com/article/2017/05/for-the-few-mothers-who-serve-in-political-office-benefits-outweigh-challenges","131326196940421_1523857544353939","Rep. Virginia Foxx shared a link.",27,12,1
"131326196940421","Rep. Virginia Foxx","Stopped by the Flour Box Tea Room and Cafe in Winston-Salem last week.","2017-05-13T14:35:00+0000","photo","https://www.facebook.com/RepVirginiaFoxx/photos/a.145041625568878.35895.131326196940421/1519858161420544/?type=3","131326196940421_1519858161420544",NA,68,20,2
"131326196940421","Rep. Virginia Foxx","8th Annual Clemmons Community Day","2017-05-11T13:20:00+0000","photo","https://www.facebook.com/RepVirginiaFoxx/photos/a.145041625568878.35895.131326196940421/1519868414752852/?type=3","131326196940421_1519875681418792","Rep. Virginia Foxx added 26 new photos.",93,18,5
"131326196940421","Rep. Virginia Foxx","Opening day at the Watauga County Farmers' Market.","2017-05-10T17:34:00+0000","photo","https://www.facebook.com/RepVirginiaFoxx/photos/a.145041625568878.35895.131326196940421/1519854334754260/?type=3","131326196940421_1519857788087248","Rep. Virginia Foxx added 10 new photos.",72,16,3
"131326196940421","Rep. Virginia Foxx","Visiting with students at St. John’s Lutheran School in Winston-Salem last week.","2017-05-10T13:39:00+0000","photo","https://www.facebook.com/RepVirginiaFoxx/photos/a.145041625568878.35895.131326196940421/1519861414753552/?type=3","131326196940421_1519863558086671","Rep. Virginia Foxx added 14 new photos.",65,26,1
"131326196940421","Rep. Virginia Foxx","Great to see James Perry from the Winston-Salem Urban League in Washington last week.","2017-05-09T17:04:58+0000","photo","https://www.facebook.com/RepVirginiaFoxx/photos/a.145041625568878.35895.131326196940421/1514133668659660/?type=3","131326196940421_1514133668659660",NA,31,10,0
"131326196940421","Rep. Virginia Foxx","Great turnout at the Daniel Boone Bear Club Spring Dinner to help those in need in the community.","2017-05-09T13:20:00+0000","photo","https://www.facebook.com/RepVirginiaFoxx/photos/a.145041625568878.35895.131326196940421/1514190401987320/?type=3","131326196940421_1514191721987188","Rep. Virginia Foxx added 14 new photos.",57,15,1
"131326196940421","Rep. Virginia Foxx","Congratulations to Jessika N. from Wilkes Early College High School for winning North Carolina's 5th District Congressional Art Competition. Runners-up are Adelena P. and Abby M. from Walkertown High School.","2017-05-08T16:10:28+0000","photo","https://www.facebook.com/RepVirginiaFoxx/photos/a.145041625568878.35895.131326196940421/1518309251575435/?type=3","131326196940421_1518309251575435",NA,170,34,39
"131326196940421","Rep. Virginia Foxx","Enjoyed celebrating the 100th anniversary of Schneider Mills with the people of Taylorsville.","2017-05-08T13:05:00+0000","photo","https://www.facebook.com/RepVirginiaFoxx/photos/a.145041625568878.35895.131326196940421/1514164455323248/?type=3","131326196940421_1514165345323159","Rep. Virginia Foxx added 17 new photos.",50,11,1
"131326196940421","Rep. Virginia Foxx","Don't forget to vote for your favorite work of art.","2017-05-06T18:22:23+0000","photo","https://www.facebook.com/RepVirginiaFoxx/photos/a.1508937699179257.1073741938.131326196940421/1508937845845909/?type=3","131326196940421_1515881571818203","Rep. Virginia Foxx shared their album: 2017 Congressional Art Competition.",8,8,0
"131326196940421","Rep. Virginia Foxx","Happy National Small Business Week! Small businesses are the backbone of North Carolina’s economy and I am doing everything that I can to make sure that they can grow.","2017-05-05T18:15:00+0000","photo","https://www.facebook.com/RepVirginiaFoxx/photos/a.145041625568878.35895.131326196940421/1514038775335816/?type=3","131326196940421_1514038775335816",NA,29,33,5
"131326196940421","Rep. Virginia Foxx","As we celebrate National Charter Schools Week, I highlighted my recent visit to Success Academy Charter Schools on the House floor. Every student in every school deserves an excellent education, but unfortunately we are falling far short of that goal as a nation. Thankfully, innovative charter schools like Success Academy Harlem 1 are providing thousands of families with new hope and opportunity.","2017-05-05T13:07:00+0000","video","https://youtu.be/h_SBAsn3d60","131326196940421_1512617655477928",NA,40,46,1
"131326196940421","Rep. Virginia Foxx","For seven long years, families and small businesses have suffered the devastating consequences of Obamacare. Costs are skyrocketing, choices are diminishing, small businesses are struggling, and jobs are being destroyed. That’s what the American people have been forced to live with, and that’s why Republicans promised to provide a better way. We are on a rescue mission, and this vote is an important step in repealing a failed law and delivering free-market, patient-centered solutions.  Today’s action represents an important moment for our country and a central part of our broader effort to deliver health care relief for working families. Already, the House passed reforms that will empower small businesses to band together to offer working families greater access to affordable health coverage. These are the kind of smart, responsible health care solutions that the American people need, and we are determined to deliver.","2017-05-04T18:47:30+0000","link","http://edworkforce.house.gov/news/documentsingle.aspx?DocumentID=401637","131326196940421_1512781638794863",NA,213,389,38
"131326196940421","Rep. Virginia Foxx","Strengthening career and technical education continues to a leading priority for our committee. We came close last year to enacting reforms that would have provided more Americans with the knowledge and skills they need to succeed in the workforce. This is simply too important to students, families, and taxpayers, and that is why I am hopeful we will get the job done this year. Representatives Thompson and Krishnamoorthi are to be commended for their leadership, and I look forward to advancing this important bipartisan proposal in the coming weeks.","2017-05-04T15:53:39+0000","link","http://edworkforce.house.gov/news/documentsingle.aspx?DocumentID=401634","131326196940421_1512615445478149",NA,28,15,1
"131326196940421","Rep. Virginia Foxx",NA,"2017-05-03T17:23:32+0000","link","http://edworkforce.house.gov/news/documentsingle.aspx?DocumentID=401630","131326196940421_1511364478936579","Rep. Virginia Foxx shared a link.",25,8,4
"131326196940421","Rep. Virginia Foxx","It was a pleasure to meet Courtney Gant of Taylorsville who is the NCLA: North Carolina Library Association Student Ambassador for the 5th Congressional District.","2017-05-03T14:26:17+0000","photo","https://www.facebook.com/RepVirginiaFoxx/photos/a.145041625568878.35895.131326196940421/1511174952288865/?type=3","131326196940421_1511174952288865",NA,45,19,3
"131326196940421","Rep. Virginia Foxx","Enjoyed meeting the White family from Winston-Salem today. They are in Washington for ZERO TO THREE's #StrollingThunder. #ThinkBabies","2017-05-02T18:44:37+0000","photo","https://www.facebook.com/RepVirginiaFoxx/photos/a.145041625568878.35895.131326196940421/1510138575725836/?type=3","131326196940421_1510138575725836",NA,29,6,0
"131326196940421","Rep. Virginia Foxx","Today is the 69th anniversary of the independence of the State of Israel. The United States and Israel have long maintained a strong friendship, and our two countries share much more in common than many realize. We believe in freedom and equality and share many basic rights such as free elections, a free press and freedom of religion. We were both founded by people seeking relief from tyranny, and we both continue to serve today as symbols of liberty in a world plagued by oppression. Israel is a beacon of democracy in a sea of violence and hostility, and it deserves our support. A strong Israel is key to stability and security in the Middle East, and I will continue to stand with our friend and ally.","2017-05-02T14:28:26+0000","status",NA,"131326196940421_1509901965749497",NA,87,27,6
"131326196940421","Rep. Virginia Foxx","It’s time to vote for the 2017 Congressional Art Competition. The piece that receives the highest number of “likes” will win, and the artist will have the opportunity to travel to the U.S. Capitol for the installation of his or her work. Two runners-up will also be selected, and their artwork will be on display in one of my district offices. Voting will end on Monday, May 8, at noon.","2017-05-01T16:17:17+0000","photo","https://www.facebook.com/RepVirginiaFoxx/photos/a.1508937699179257.1073741938.131326196940421/1508937845845909/?type=3","131326196940421_1508937845845909","Rep. Virginia Foxx added 7 new photos to the album: 2017 Congressional Art Competition.",34,15,68
"131326196940421","Rep. Virginia Foxx",NA,"2017-05-01T14:37:18+0000","link","https://www.washingtonpost.com/opinions/president-trump-in-my-first-100-days-i-kept-my-promise-to-americans/2017/04/29/ad1c9574-2cfd-11e7-a616-d7c8a68c1a66_story.html?utm_term=.c8657635dfc6","131326196940421_1508850202521340","Rep. Virginia Foxx shared a link.",63,44,5
"131326196940421","Rep. Virginia Foxx","House Committee on Education and the Workforce hearing at 10 a.m. today to discuss strengthening accreditation to better protect students and taxpayers.","2017-04-27T13:56:15+0000","link","http://edworkforce.house.gov/calendar/eventsingle.aspx?EventID=401569","131326196940421_1503375203068840",NA,18,7,1
"131326196940421","Rep. Virginia Foxx","The House Committee on Education and the Workforce is leading the way in reducing the federal footprint in our K-12 schools, and I have long worked to get Washington bureaucrats out of our nation’s classrooms. We made important progress in the Every Student Succeeds Act by empowering parents, reining in the Department of Education, and restoring authority to state and local leaders. This executive order will help us take another step forward in this important effort.   A top-to-bottom review of the department’s regulatory policies will help identify other areas where Washington, D.C. is imposing its will on America’s schools. This problem has persisted for decades, and we must do everything we can to prevent the federal government from micromanaging our schools.   I commend President Trump for his leadership, and the committee looks forward to working with Secretary DeVos to ensure this regulatory review delivers the results students, parents, teachers, principals, and taxpayers deserve.","2017-04-26T20:58:36+0000","video","https://www.facebook.com/FoxNews/videos/10155363205941336/","131326196940421_1502324213173939","Rep. Virginia Foxx shared Fox News's video.",89,25,0
"131326196940421","Rep. Virginia Foxx","Today the House Committee on Education and the Workforce approved legislation to allow private-sector employers to offer workers the choice of paid time off in lieu of cash wages for overtime hours worked. We are giving workers the same option public-sector workers have received for decades. The bill includes strong protections to ensure employees have a real choice in the matter.","2017-04-26T18:46:10+0000","link","http://edworkforce.house.gov/news/documentsingle.aspx?DocumentID=401592","131326196940421_1502148703191490",NA,29,7,0
"131326196940421","Rep. Virginia Foxx",NA,"2017-04-26T15:33:24+0000","video","https://youtu.be/PmoWSA_ybgE","131326196940421_1501911193215241","Rep. Virginia Foxx shared a link.",18,4,0
"131326196940421","Rep. Virginia Foxx","Very moving remarks by all at today's U.S. Holocaust Museum Days of Remembrance Ceremony. #NeverForget","2017-04-25T17:57:00+0000","link","https://www.c-span.org/video/?427515-1%2Fpresident-trump-pledges-confront-antisemitism","131326196940421_1500536926686001",NA,58,13,1
"131326196940421","Rep. Virginia Foxx","Don't forget today is the deadline to submit entries for the 2017 Congressional Art Competition.","2017-04-24T13:41:00+0000","link","http://foxx.house.gov/constituent-services/artcompetition.htm","131326196940421_1492358387503855",NA,10,5,0
"131326196940421","Rep. Virginia Foxx","‪Today is #WorldBookDay. I'm currently reading Stoner by John Williams as well as Game of Loans by Beth Akers and Matthew Chingos. What are you reading?‬","2017-04-23T15:00:03+0000","status",NA,"131326196940421_1496968080376219",NA,23,26,0
"131326196940421","Rep. Virginia Foxx","Food was delicious at the Appalachian Shrine Club's Fish Fry.","2017-04-22T13:55:00+0000","photo","https://www.facebook.com/RepVirginiaFoxx/photos/a.145041625568878.35895.131326196940421/1487417571331270/?type=3","131326196940421_1487417571331270",NA,79,18,3
"131326196940421","Rep. Virginia Foxx","This week Bill Dinkins, the 2015 Teacher in Congress, invited me to speak to his students at Mount Tabor High School.","2017-04-21T13:37:00+0000","photo","https://www.facebook.com/RepVirginiaFoxx/photos/a.145041625568878.35895.131326196940421/1492353267504367/?type=3","131326196940421_1492353267504367",NA,42,13,3
"131326196940421","Rep. Virginia Foxx","Teachers from North Carolina's 5th District are encouraged to apply for the 11th annual Teacher in Congress Internship, which provides the participating teacher with a tangible way to give students a look inside the federal government. Deadline to apply is Friday, June 2.","2017-04-20T17:45:00+0000","link","http://foxx.house.gov/news/documentsingle.aspx?DocumentID=399044","131326196940421_1490261234380237",NA,25,8,18
"131326196940421","Rep. Virginia Foxx","Learning about the great work done by AMIKids North Carolina Family Services in Winston-Salem.","2017-04-20T13:05:00+0000","photo","https://www.facebook.com/RepVirginiaFoxx/photos/a.145041625568878.35895.131326196940421/1488613654544995/?type=3","131326196940421_1488613654544995",NA,28,13,2
"131326196940421","Rep. Virginia Foxx","Today is Congenital Diaphragmatic Hernia Awareness Day. Last month I met with representatives from CHERUBS - Congenital Diaphragmatic Hernia Research, Awareness and Support which was created to help families of babies born with CDH by providing support services, promoting research and raising awareness.","2017-04-19T17:02:16+0000","photo","https://www.facebook.com/RepVirginiaFoxx/photos/a.145041625568878.35895.131326196940421/1490266774379683/?type=3","131326196940421_1490266774379683",NA,12,8,1
"131326196940421","Rep. Virginia Foxx","Enjoyed speaking to the Rotary Club of Clemmons.","2017-04-19T13:10:00+0000","photo","https://www.facebook.com/RepVirginiaFoxx/photos/a.145041625568878.35895.131326196940421/1487050338034660/?type=3","131326196940421_1487051264701234","Rep. Virginia Foxx added 2 new photos.",37,9,0
"131326196940421","Rep. Virginia Foxx",NA,"2017-04-18T17:08:00+0000","link","http://www.speaker.gov/video/our-tax-code-should-work-us","131326196940421_1488536957885998","Rep. Virginia Foxx shared a link.",31,20,4
"131326196940421","Rep. Virginia Foxx","Stopped by the ARTifacts Yard Sale and Ashe County Farmers Market on Saturday.","2017-04-18T13:05:01+0000","photo","https://www.facebook.com/RepVirginiaFoxx/photos/a.145041625568878.35895.131326196940421/1487046028035091/?type=3","131326196940421_1487046224701738","Rep. Virginia Foxx added 2 new photos.",24,6,2
"131326196940421","Rep. Virginia Foxx",NA,"2017-04-17T14:04:48+0000","link","http://thehill.com/blogs/congress-blog/healthcare/328661-health-savings-accounts-should-not-fund-elective-abortion","131326196940421_1486999744706386","Rep. Virginia Foxx shared a link.",57,51,5
"131326196940421","Rep. Virginia Foxx","Happy Easter!","2017-04-16T13:09:00+0000","photo","https://www.facebook.com/RepVirginiaFoxx/photos/a.145041625568878.35895.131326196940421/1480863665319994/?type=3","131326196940421_1480863665319994",NA,92,8,5
"131326196940421","Rep. Virginia Foxx","In a time when so many Americans are looking for ideas and policies we can unite around, one point of agreement stands out. There is strong consensus among Americans that they do not want their taxpayer dollars being used to fund abortions. States once again have the flexibility to allocate Title X funds in a way that meets the needs of their citizens.","2017-04-14T17:38:00+0000","link","http://thehill.com/policy/healthcare/328674-trump-signs-bill-targeting-planned-parenthood-funding","131326196940421_1481116965294664",NA,59,43,3
"131326196940421","Rep. Virginia Foxx",NA,"2017-04-14T13:06:00+0000","link","http://www.mcclatchydc.com/news/politics-government/congress/article144444934.html","131326196940421_1481449411928086","Rep. Virginia Foxx shared a link.",241,46,37
"131326196940421","Rep. Virginia Foxx","Great to see these young ladies from the Alexander Central High School's track team compete earlier this week.","2017-04-13T17:10:28+0000","photo","https://www.facebook.com/RepVirginiaFoxx/photos/a.145041625568878.35895.131326196940421/1481087411964286/?type=3","131326196940421_1481087411964286",NA,41,8,1
"131326196940421","Rep. Virginia Foxx",NA,"2017-04-11T15:49:58+0000","link","http://www.journalnow.com/news/local/u-s-rep-virginia-foxx-tours-the-forsyth-tech-transportation/article_b77b7518-e8b2-51b0-bc9b-be5846b93fe1.html","131326196940421_1477515135654847","Rep. Virginia Foxx shared a link.",36,12,4
"131326196940421","Rep. Virginia Foxx","Last week I introduced legislation to prevent tax-favored health savings accounts from being used to fund elective abortion. Few things demean the sanctity of human life more than elective abortion. It is unconscionable to force millions of taxpayers who hold that view to provide tax advantages for abortion expenses, particularly when such advantages are barred for other controversial uses.","2017-04-10T14:41:59+0000","link","http://foxx.house.gov/news/documentsingle.aspx?DocumentID=399031","131326196940421_1475729009166793",NA,106,66,15
"131326196940421","Rep. Virginia Foxx",NA,"2017-04-08T14:19:00+0000","link","http://www.averyjournal.com/news/foxx-speaks-to-lees-mcrae-students/article_67c08652-9425-5fe5-9acb-67b2997e1f1d.html","131326196940421_1469401273132900","Rep. Virginia Foxx shared a link.",28,7,3
"131326196940421","Rep. Virginia Foxx",NA,"2017-04-07T21:55:18+0000","photo","https://www.facebook.com/RepVirginiaFoxx/photos/a.145041625568878.35895.131326196940421/1471271226279238/?type=3","131326196940421_1471271226279238","Rep. Virginia Foxx added a new photo.",110,19,5
"131326196940421","Rep. Virginia Foxx","The chemical attack in Syria earlier this week was a stark reminder that Syrian dictator Bashar al-Assad will stop at nothing to stay in power. The evidence of nerve agents used against his own people also proves that the dictator's word is faithless, as he previously agreed to disarm himself of his chemical arsenal. All of this has occurred because the United Nations has been completely ineffective in stopping the countless atrocities committed against the Syrian people. After six years of civil war, the United States and the international community can no longer stand aside while innocent men, women and children are murdered. The president's decisive but measured response to the chemical attack in Syria is an attempt to hold Assad accountable, and I am hopeful that the administration's new direction will chart a course to the end of the humanitarian crisis that has resulted from the prolonged conflict.","2017-04-07T18:45:00+0000","status",NA,"131326196940421_1471215812951446",NA,92,39,15
"131326196940421","Rep. Virginia Foxx","Great to see several North Carolina representatives from the Military Officers Association of America this week.","2017-04-06T19:38:43+0000","photo","https://www.facebook.com/RepVirginiaFoxx/photos/a.145041625568878.35895.131326196940421/1469715856434775/?type=3","131326196940421_1469715856434775",NA,14,1,0
"131326196940421","Rep. Virginia Foxx","Stopped by the RiverRun International Film Festival in Winston-Salem on Saturday.","2017-04-06T13:10:00+0000","photo","https://www.facebook.com/RepVirginiaFoxx/photos/a.145041625568878.35895.131326196940421/1465551213517906/?type=3","131326196940421_1465552583517769","Rep. Virginia Foxx added 5 new photos.",18,4,0
"131326196940421","Rep. Virginia Foxx","This legislation, which passed today, provides certainty for working families who depend on self-insured health care plans. Workers and employers are already facing limited choices in health care, and the least we can do is preserve the choices they still have. I want to thank Representative Roe for championing this commonsense bill. While there’s more we can and should do to ensure access to high-quality, affordable health care coverage, this bill is a positive step for workers and their families.","2017-04-05T20:43:10+0000","video","https://youtu.be/Mk9zZTkLJBo","131326196940421_1468228343250193",NA,19,11,3
"131326196940421","Rep. Virginia Foxx",NA,"2017-04-05T18:52:01+0000","link","https://www.washingtonpost.com/opinions/no-republicans-didnt-just-strip-away-your-internet-privacy-rights/2017/04/04/73e6d500-18ab-11e7-9887-1a5314b56a08_story.html?utm_term=.b40f9f509c82","131326196940421_1468113596595001","Rep. Virginia Foxx shared a link.",27,19,4
"131326196940421","Rep. Virginia Foxx","Congratulations to Bridges Academy, which celebrated their charter renewal last weekend.","2017-04-05T15:25:00+0000","photo","https://www.facebook.com/RepVirginiaFoxx/photos/a.145041625568878.35895.131326196940421/1465548013518226/?type=3","131326196940421_1465550306851330","Rep. Virginia Foxx added 13 new photos.",28,7,0
"131326196940421","Rep. Virginia Foxx","Visiting Gullion’s Christian Supply Center and Homeschool Headquarters in King.","2017-04-05T13:15:00+0000","photo","https://www.facebook.com/RepVirginiaFoxx/photos/a.145041625568878.35895.131326196940421/1465544773518550/?type=3","131326196940421_1465547516851609","Rep. Virginia Foxx added 6 new photos.",64,11,5
"131326196940421","Rep. Virginia Foxx","It's always good to see Lawson Millner during his visits to Washington on behalf of the North Carolina Society for Respiratory Care.","2017-04-04T21:34:00+0000","photo","https://www.facebook.com/RepVirginiaFoxx/photos/a.145041625568878.35895.131326196940421/1466852890054405/?type=3","131326196940421_1466852890054405",NA,21,6,0
"131326196940421","Rep. Virginia Foxx","Everyone deserves an opportunity to make a change for the better, and that’s what the reforms in this legislation are all about. By enhancing accountability, oversight and prevention, the bill will help state and local leaders better serve at-risk youth in their communities. I’d like to thank my colleagues Representative Lewis and Ranking Member Scott for their leadership. Together, they put forward a bipartisan proposal that will make a positive difference in the lives of vulnerable children across the country.","2017-04-04T18:51:00+0000","link","http://edworkforce.house.gov/news/documentsingle.aspx?DocumentID=401549","131326196940421_1466642450075449",NA,16,13,1
"131326196940421","Rep. Virginia Foxx","Touring the construction site of the Salemtowne Retirement Community in Winston-Salem on Saturday.","2017-04-04T15:41:00+0000","photo","https://www.facebook.com/RepVirginiaFoxx/photos/a.145041625568878.35895.131326196940421/1465543293518698/?type=3","131326196940421_1465544113518616","Rep. Virginia Foxx added 12 new photos.",22,11,2
"131326196940421","Rep. Virginia Foxx","Celebrating the opening of Wake Forest Baptist Health's new inpatient facility in Davie County.","2017-04-04T13:38:00+0000","photo","https://www.facebook.com/RepVirginiaFoxx/photos/a.145041625568878.35895.131326196940421/1465539073519120/?type=3","131326196940421_1465541170185577","Rep. Virginia Foxx added 18 new photos.",36,8,1
"131326196940421","Rep. Virginia Foxx","Met with several local business owners in the 5th District last weekend.","2017-04-03T21:04:00+0000","photo","https://www.facebook.com/RepVirginiaFoxx/photos/a.145041625568878.35895.131326196940421/1465536196852741/?type=3","131326196940421_1465538210185873","Rep. Virginia Foxx added 2 new photos.",18,8,0
"131326196940421","Rep. Virginia Foxx","High school students in North Carolina’s 5th District are encouraged to submit entries for the 2017 Congressional Art Competition. Deadline is Monday, April 24. Visit my website for additional details.","2017-04-03T19:02:00+0000","link","http://foxx.house.gov/constituent-services/artcompetition.htm","131326196940421_1465462990193395",NA,22,33,5
"131326196940421","Rep. Virginia Foxx","Great to see the community support for the Alleghany County Rescue Squad in Sparta on Friday night.","2017-04-03T17:06:00+0000","photo","https://www.facebook.com/RepVirginiaFoxx/photos/a.145041625568878.35895.131326196940421/1465335580206136/?type=3","131326196940421_1465346133538414","Rep. Virginia Foxx added 17 new photos.",23,2,1
"131326196940421","Rep. Virginia Foxx","Enjoyed sharing my story and talking about our government with the students at Lees-McRae College last week.","2017-04-03T13:41:02+0000","photo","https://www.facebook.com/RepVirginiaFoxx/photos/a.145041625568878.35895.131326196940421/1465187876887573/?type=3","131326196940421_1465191350220559","Rep. Virginia Foxx added 8 new photos.",50,14,1
"131326196940421","Rep. Virginia Foxx","Enjoyed meeting with Anna and Robert this morning and learning more about Appalachian State University's Scholars with Diverse Abilities program.","2017-03-31T18:17:42+0000","photo","https://www.facebook.com/RepVirginiaFoxx/photos/a.145041625568878.35895.131326196940421/1461236850616009/?type=3","131326196940421_1461240860615608","Rep. Virginia Foxx added 2 new photos.",66,8,5
"131326196940421","Rep. Virginia Foxx","Glad to see so many North Carolinians in Washington this week.","2017-03-31T15:06:51+0000","photo","https://www.facebook.com/RepVirginiaFoxx/photos/a.145041625568878.35895.131326196940421/1461059627300398/?type=3","131326196940421_1461060940633600","Rep. Virginia Foxx added 5 new photos.",21,6,1
"131326196940421","Rep. Virginia Foxx","Enjoyed visiting with North Carolina 4-H students in Washington today.","2017-03-29T17:00:43+0000","photo","https://www.facebook.com/RepVirginiaFoxx/photos/a.145041625568878.35895.131326196940421/1458680314204996/?type=3","131326196940421_1458680314204996",NA,23,9,0
"131326196940421","Rep. Virginia Foxx","Former Kansas Lt. Governor John Crutcher was respected and beloved by all who knew him. He will be greatly missed in the mountains of North Carolina, which he came to call home after marrying his lovely wife of 45 years Edith.","2017-03-28T18:49:00+0000","video","https://youtu.be/oZN28IIsuCQ","131326196940421_1457475607658800",NA,19,1,1
"131326196940421","Rep. Virginia Foxx",NA,"2017-03-28T15:13:00+0000","link","https://youtu.be/imt8ttjdh0M","131326196940421_1457333431006351","Rep. Virginia Foxx shared a link.",9,6,1
"131326196940421","Rep. Virginia Foxx","With the Every Student Succeeds Act, we made a promise to parents and state and local education leaders to reduce the federal footprint in their classrooms. The accountability rule was a last-ditch attempt by the Obama administration to break that promise and continue to micromanage the nation’s schools. Today, we are rejecting this failed overreach once and for all. With this resolution, parents, states, and education leaders can move forward confidently with efforts to implement the law in their schools and communities. We look forward to encouraging and supporting their work to ensure every child receives an excellent education.","2017-03-27T21:31:01+0000","link","http://edworkforce.house.gov/news/documentsingle.aspx?DocumentID=401505","131326196940421_1456359197770441",NA,73,28,16
"131326196940421","Rep. Virginia Foxx","The flawed blacklisting rule was always completely unnecessary. There has long been a system in place to hold federal contractors accountable, and the best way to ensure fair pay and safe workplaces is to enforce that system effectively. This duplicative rule would have served only to empower union bosses, while undermining our nation’s military readiness and the ability of small businesses to compete for federal contracts. I commend President Trump for rejecting this misguided approach. Now that the blacklisting rule is finally behind us, it is time to come together to ensure the rights of all American workers are protected.","2017-03-27T19:40:00+0000","link","http://edworkforce.house.gov/news/documentsingle.aspx?DocumentID=401506","131326196940421_1456257421113952",NA,34,21,2
"131326196940421","Rep. Virginia Foxx","We made a promise to deliver the free-market, patient-centered health care reforms the American people deserve, and today’s actions do not change our determination to keep our promise. We will continue to advance solutions that provide relief to the millions of hardworking men and women struggling under the consequences of Obamacare. We will continue to fight for policies that will lower costs, expand coverage and rescue a health care system that is collapsing. And we will continue working to ensure all Americans have access to the high-quality, affordable health care that they and their families need. I commend Speaker Paul Ryan for his strong leadership and look forward to working closely with him in the weeks ahead.","2017-03-24T21:12:10+0000","status",NA,"131326196940421_1452367221502972",NA,153,130,15
"131326196940421","Rep. Virginia Foxx","The House has taken an important step forward in our efforts to replace Obamacare with positive solutions that put working families first. These commonsense reforms will empower small businesses to purchase high-quality health care coverage at a lower cost for their employees — including across state lines. This is a win for the hardworking Americans who are struggling with soaring costs and deserve more affordable health care options. An important part of our three-phase plan to repeal and replace Obamacare, this vote reflects our commitment to delivering free-market, patient-centered reforms. I’d like to thank my colleagues Representative Johnson and Representative Walberg for leading this effort on behalf of our nation’s workers and small businesses.","2017-03-22T20:05:39+0000","link","http://edworkforce.house.gov/news/documentsingle.aspx?DocumentID=401495","131326196940421_1449698288436532",NA,59,101,7
"131326196940421","Rep. Virginia Foxx","Today I met with North Carolinians who are in Washington for the American Podiatric Medical Association's annual legislative conference.","2017-03-21T18:23:28+0000","photo","https://www.facebook.com/RepVirginiaFoxx/photos/a.145041625568878.35895.131326196940421/1448277141911980/?type=3","131326196940421_1448277141911980",NA,18,14,0
"131326196940421","Rep. Virginia Foxx","It was a pleasure to visit Forage Soaps in Newland this weekend and meet proprietors Lisa and Chad Smith and their son Jamil.","2017-03-20T19:49:54+0000","photo","https://www.facebook.com/RepVirginiaFoxx/photos/a.145041625568878.35895.131326196940421/1447088195364208/?type=3","131326196940421_1447088195364208",NA,43,12,1
"131326196940421","Rep. Virginia Foxx","Today I welcomed representatives from the North Carolina Council on Developmental Disabilities to Washington.","2017-03-20T16:46:38+0000","photo","https://www.facebook.com/RepVirginiaFoxx/photos/a.145041625568878.35895.131326196940421/1446930432046651/?type=3","131326196940421_1446930432046651",NA,12,7,1
"131326196940421","Rep. Virginia Foxx","Miracle Grounds Coffee Shop and Cafe is a working vocational classroom for The Crossnore School that provides students with hands-on experience in the running of a business.","2017-03-18T16:31:45+0000","photo","https://www.facebook.com/RepVirginiaFoxx/photos/a.658172067589162.1073741909.131326196940421/1444455982294096/?type=3","131326196940421_1444465138959847","Rep. Virginia Foxx added 3 new photos.",50,10,4
"131326196940421","Rep. Virginia Foxx","Check out this week's edition of the Foxx Report. You can sign up to receive this update from Washington at http://foxx.house.gov/signup/.","2017-03-17T17:30:32+0000","link","http://foxx.house.gov/news/email/show.aspx?ID=LG6HJ33YR2Z2FXKYAL3KL4GXBA","131326196940421_1443292485743779",NA,13,12,0
"131326196940421","Rep. Virginia Foxx",NA,"2017-03-16T21:39:40+0000","link","http://edworkforce.house.gov/news/documentsingle.aspx?DocumentID=401463","131326196940421_1442302322509462","Rep. Virginia Foxx shared a link.",41,13,1
"131326196940421","Rep. Virginia Foxx","Voluntary employee wellness plans have long helped lower health care costs for working families and promote the health and well-being of employees. I introduced the Preserving Employee Wellness Programs Act (H.R. 1313) to provide regulatory clarity so employers can have the certainty they need to continue offering their workers the option of participating in employee wellness programs. Unfortunately, critics of the bill are spreading false information to deny workers that option. Below are some basic facts to help set the record straight.","2017-03-16T18:22:29+0000","link","http://edworkforce.house.gov/news/documentsingle.aspx?DocumentID=401456","131326196940421_1442109282528766",NA,22,46,2
"131326196940421","Rep. Virginia Foxx","Crafting a budget is about setting priorities, and during the last eight years, it seems the only priority in Washington was to spend beyond our means and far more than hardworking taxpayers can afford. That approach isn't sustainable for family budgets, and it is not sustainable for the federal government. President Trump has promised to begin getting our nation's fiscal house in order, and this budget shows that he intends to keep his promise.  No one will agree with every proposal outlined in this budget, and it is up to Congress to carefully review the details. That is precisely what we will do in the coming weeks. We look forward to working with the president to implement fiscally responsible policies that promote economic prosperity, keep workers safe, and help ensure all Americans have access to an excellent education.","2017-03-16T17:08:19+0000","link","http://edworkforce.house.gov/news/documentsingle.aspx?DocumentID=401460","131326196940421_1442071579199203",NA,88,55,12
"131326196940421","Rep. Virginia Foxx","Last week I joined Dr. David Chadwick, pastor of Forest Hill Church in Charlotte, on his radio program to discuss education issues.","2017-03-12T14:09:13+0000","link","http://wbt.com/episodes/education-in-america/","131326196940421_1433183033421391",NA,28,58,3
"131326196940421","Rep. Virginia Foxx","Lots of North Carolinians visiting Washington in March.","2017-03-10T14:11:00+0000","photo","https://www.facebook.com/RepVirginiaFoxx/photos/a.145041625568878.35895.131326196940421/1433471976725830/?type=3","131326196940421_1433473183392376","Rep. Virginia Foxx added 9 new photos.",56,97,0
"131326196940421","Rep. Virginia Foxx","I periodically repost the community guidelines for this page, usually after a user's comment has been deleted. Thankfully, it’s rarely necessary to take that action. I want constituents to be able to freely communicate and discuss ideas on this page. Good faith criticism is a part of that, and as my mother used to say, ""If they're criticizing you, they're leaving someone else alone."" That said, using obscene or profane language will result in your post being removed. Multiple offenses will result in a user being banned. Thank you for your cooperation and understanding.","2017-03-09T22:38:00+0000","status",NA,"131326196940421_1431873760218985",NA,98,123,5
"131326196940421","Rep. Virginia Foxx",NA,"2017-03-09T13:56:24+0000","link","http://www.wataugademocrat.com/community/congresswoman-visits-mabel-school-students/article_735086a4-78d8-5351-b2ba-9a1a90d8201b.html","131326196940421_1431655563574138","Rep. Virginia Foxx shared a link.",36,16,1
"131326196940421","Rep. Virginia Foxx","These reforms will help expand affordable coverage for working families, lower health care costs for small businesses and their employees, and promote a healthy workforce. All of these proposals reflect the principle that individuals should have greater control over their health care and the freedom to do what’s best for their families.","2017-03-08T21:53:00+0000","link","http://edworkforce.house.gov/news/documentsingle.aspx?DocumentID=401422","131326196940421_1431960176877010",NA,26,117,8
"131326196940421","Rep. Virginia Foxx","Great to see the group from Lees-McRae College who are in Washington for the League of American Bicyclists 2017 National Bike Summit.","2017-03-08T20:25:33+0000","photo","https://www.facebook.com/RepVirginiaFoxx/photos/a.145041625568878.35895.131326196940421/1431882006884827/?type=3","131326196940421_1431882006884827",NA,11,5,0
"131326196940421","Rep. Virginia Foxx",NA,"2017-03-08T18:56:39+0000","link","http://www.washingtonexaminer.com/congresswoman-virginia-foxx-is-on-a-quest-to-roll-back-obamas-workplace-rules/article/2616182","131326196940421_1431656026907425","Rep. Virginia Foxx shared a link.",156,43,30
"131326196940421","Rep. Virginia Foxx","Today at 10 a.m. the House Committee on Education and the Workforce will consider legislative proposals to expand health care coverage, lower costs and promote a healthy workforce.","2017-03-08T14:40:26+0000","link","http://edworkforce.house.gov/news/documentsingle.aspx?DocumentID=401407","131326196940421_1431591553580539",NA,22,39,1
"131326196940421","Rep. Virginia Foxx","Republicans promised to deliver the health care solutions Americans desperately need. This week, we are making good on that promise and moving forward with an effort that will provide a better way on health care.","2017-03-07T18:04:50+0000","video","https://youtu.be/RqyqHZwftHE","131326196940421_1430447773694917",NA,67,61,5
"131326196940421","Rep. Virginia Foxx","We all know Obamacare has failed. What are House Republicans doing to replace it? The American Health Care Act is here. Get the first look at readthebill.gop.","2017-03-07T15:28:47+0000","link","https://housegop.leadpages.co/healthcare/","131326196940421_1430306490375712",NA,30,49,9
"131326196940421","Rep. Virginia Foxx","March is National Reading Month. On Friday I visited Forsyth Academy in Winston-Salem and read There's a Wocket in My Pocket! by Dr. Seuss to first grade students. They are doing great work at this charter school.","2017-03-06T18:15:35+0000","photo","https://www.facebook.com/RepVirginiaFoxx/photos/a.145041625568878.35895.131326196940421/1429180393821655/?type=3","131326196940421_1429180393821655",NA,24,11,3
"131326196940421","Rep. Virginia Foxx","In addition to the events I attend every weekend in North Carolina's 5th District, I do many of the same things that you do – attend church, pump my gas, go to the grocery store, etc. I always enjoy meeting constituents during these outings and hearing their thoughts on the issues of the day.","2017-03-06T14:38:31+0000","photo","https://www.facebook.com/RepVirginiaFoxx/photos/a.145041625568878.35895.131326196940421/1429071487165879/?type=3","131326196940421_1429071833832511","Rep. Virginia Foxx added 2 new photos.",64,25,1
"131326196940421","Rep. Virginia Foxx","Great crowd and impressive group of students at last night's Forbush High School JROTC Military Ball.","2017-03-05T19:48:50+0000","photo","https://www.facebook.com/RepVirginiaFoxx/photos/a.658172067589162.1073741909.131326196940421/1428204557252572/?type=3","131326196940421_1428209623918732","Rep. Virginia Foxx added 15 new photos.",46,3,5
"131326196940421","Rep. Virginia Foxx","Stopped by downtown West Jefferson yesterday to visit with constituents.","2017-03-05T12:53:45+0000","photo","https://www.facebook.com/RepVirginiaFoxx/photos/a.658172067589162.1073741909.131326196940421/1427811333958561/?type=3","131326196940421_1427811393958555","Rep. Virginia Foxx added 3 new photos.",79,16,2
"131326196940421","Rep. Virginia Foxx","Stopped by the Ashe County Library's ""Day in the District"" today. As a former librarian, I appreciate the efforts our local libraries put forth to implement quality programming.","2017-03-04T21:49:41+0000","photo","https://www.facebook.com/RepVirginiaFoxx/photos/a.145041625568878.35895.131326196940421/1427145624025132/?type=3","131326196940421_1427145624025132",NA,51,9,6
"131326196940421","Rep. Virginia Foxx","In 2014, the U.S. Environmental Protection Agency and the U.S. Army Corps of Engineers issued a rule to significantly broaden the federal government’s power to regulate waters and adjacent lands under the Clean Water Act, giving the federal government jurisdiction over puddles, roadside ditches, irrigation ditches and storm and wastewater systems. This week President Trump issued an executive order eliminating the Obama administration’s Waters of the U.S. rule, which would have threatened the livelihood of North Carolina’s farmers and saddled local governments with exorbitant compliance cost if implemented.","2017-03-02T20:52:00+0000","status",NA,"131326196940421_1423745167698511",NA,100,49,22
"131326196940421","Rep. Virginia Foxx","Members of the Carolinas Credit Union League were in Washington this week to talk about the costly and adverse effects of excessive regulation.","2017-03-02T18:11:00+0000","photo","https://www.facebook.com/RepVirginiaFoxx/photos/a.145041625568878.35895.131326196940421/1423715881034773/?type=3","131326196940421_1423715881034773",NA,31,16,1
"131326196940421","Rep. Virginia Foxx","It was a pleasure to welcome Yadkin County Commissioner Kevin Austin and his family to Washington this week.","2017-03-02T14:06:00+0000","photo","https://www.facebook.com/RepVirginiaFoxx/photos/a.145041625568878.35895.131326196940421/1423711854368509/?type=3","131326196940421_1423711854368509",NA,52,5,0
"131326196940421","Rep. Virginia Foxx","Great to meet with a delegation of neurologists yesterday from Wake Forest who are in Washington to discuss issues of concern to physicians and their patients.","2017-03-01T18:32:00+0000","photo","https://www.facebook.com/RepVirginiaFoxx/photos/a.145041625568878.35895.131326196940421/1423533021053059/?type=3","131326196940421_1423533511053010","Rep. Virginia Foxx added 2 new photos.",37,9,0
"131326196940421","Rep. Virginia Foxx","Today the House Committee on Education and the Workforce will hold a hearing on the legislative proposals to improve health care coverage and provide lower costs for families. You can watch live starting at 10 a.m.","2017-03-01T14:59:14+0000","link","http://edworkforce.house.gov/calendar/eventsingle.aspx?EventID=401360","131326196940421_1423428047730223",NA,34,12,1
"131326196940421","Rep. Virginia Foxx","Tonight the president outlined a positive vision for our country, one that reflects the renewed hope and optimism many Americans now share about the future. For too long, government bureaucrats have pursued an extreme, partisan agenda that favored powerful special interests and left countless working families behind. Fortunately, under unified Republican leadership, those days are now over and our best days are once again ahead of us.   The president’s address also highlighted the need for bold solutions to help solve our nation’s toughest challenges. There is no shortage of ideas for how to better support working families, help all students receive an excellent education, create good-paying jobs, and expand access to affordable health care coverage. In fact, Congress is already taking steps to tackle these and other national priorities.   As we look to the work that lies ahead, I urge my Democrat colleagues to become constructive partners in the process. The American people are looking for leadership that will help move the country in a better direction. As the president reaffirmed tonight, it’s time to move forward as one nation with one common purpose: building a stronger, brighter future for our country and its citizens. Our committee will continue to play a leading role in this important effort.","2017-03-01T03:37:24+0000","photo","https://www.facebook.com/RepVirginiaFoxx/photos/a.145041625568878.35895.131326196940421/1422887797784248/?type=3","131326196940421_1422887797784248",NA,128,28,8
"131326196940421","Rep. Virginia Foxx","Thank you Senator Tim Scott for helping organize today's #HBCUFlyIn. HBCUs change lives by delivering students an excellent education.","2017-02-28T22:16:13+0000","photo","https://www.facebook.com/RepVirginiaFoxx/photos/a.145041625568878.35895.131326196940421/1422601994479495/?type=3","131326196940421_1422601994479495",NA,107,7,2
"131326196940421","Rep. Virginia Foxx","Lots of North Carolinians in Washington this week. Today I met with local members of the American Society of Interior Designers/ASID.","2017-02-28T17:04:33+0000","photo","https://www.facebook.com/RepVirginiaFoxx/photos/a.145041625568878.35895.131326196940421/1422352671171094/?type=3","131326196940421_1422352671171094",NA,25,4,0
"131326196940421","Rep. Virginia Foxx","Enjoyed speaking to members of the NCACC this morning. Glad to have you in Washington this week.","2017-02-28T14:55:40+0000","photo","https://www.facebook.com/RepVirginiaFoxx/photos/a.145041625568878.35895.131326196940421/1422262241180137/?type=3","131326196940421_1422262241180137",NA,32,10,1
"131326196940421","Rep. Virginia Foxx","Great to see so many people supporting the work of Yadkin Christian Ministries on Saturday at the Courtney Baptist Church breakfast event.","2017-02-27T20:01:32+0000","photo","https://www.facebook.com/RepVirginiaFoxx/photos/a.145041625568878.35895.131326196940421/1421256624614032/?type=3","131326196940421_1421275304612164","Rep. Virginia Foxx added 11 new photos.",95,14,2
"131326196940421","Rep. Virginia Foxx","Tomorrow President Trump will address a joint session of Congress. What issues do you hope the president will talk about?","2017-02-27T18:36:11+0000","status",NA,"131326196940421_1421204101285951",NA,32,67,1
"131326196940421","Rep. Virginia Foxx","Great meal at the Chick-fil-A in Boone yesterday. They have a dedicated and hardworking staff, including Haley Pendley.","2017-02-25T15:33:46+0000","photo","https://www.facebook.com/RepVirginiaFoxx/photos/a.145041625568878.35895.131326196940421/1418802441526117/?type=3","131326196940421_1418802441526117",NA,135,17,1
"131326196940421","Rep. Virginia Foxx",NA,"2017-02-23T14:47:04+0000","link","http://www.realclearpolitics.com/articles/2017/02/23/in_foxx_trump__devos_have_a_staunch_education_ally_133162.html","131326196940421_1416598835079811","Rep. Virginia Foxx shared a link.",88,28,5
"131326196940421","Rep. Virginia Foxx",NA,"2017-02-21T14:56:02+0000","link","http://www.realcleareducation.com/articles/2017/02/15/new_opportunities_to_help_students_workers_and_job_creators_110121.html","131326196940421_1408689609204067","Rep. Virginia Foxx shared a link.",20,16,1
"131326196940421","Rep. Virginia Foxx",NA,"2017-02-17T14:57:02+0000","video","https://youtu.be/ymZho40BYmg","131326196940421_1408690719203956","Rep. Virginia Foxx shared a link.",18,15,1
"131326196940421","Rep. Virginia Foxx","Today the House passed a resolution of disapproval that blocks an Obama administration regulation forcing states to include abortion providers as recipients of Title X grant distributions. States should be given the flexibility to choose to allocate Title X funds in a way that meets the needs of their citizens.","2017-02-16T20:35:43+0000","video","https://youtu.be/x1j5mq5yAuY","131326196940421_1408681905871504",NA,70,23,4
"131326196940421","Rep. Virginia Foxx","Yesterday the House passed two resolutions of disapproval to block misguided regulations that would force private-sector workers into government-run IRAs without the long-standing protections provided by the Employee Retirement Income Security Act (ERISA). For decades, Congress has promised on a bipartisan basis to protect the retirement security of workers and their families, and with these resolutions, we are making good on that promise. Closing this regulatory loophole is a necessary and important step to ensure all workers and retirees enjoy strong protections for a secure retirement.","2017-02-16T15:21:10+0000","link","http://edworkforce.house.gov/news/documentsingle.aspx?DocumentID=401322","131326196940421_1408391992567162",NA,28,17,1
"131326196940421","Rep. Virginia Foxx","This is disappointing news for our nation’s workers and job creators. Andy is a good man, and he would have been a strong secretary of labor. He promised to provide a clear break from the failed policies of the last eight years. That made him an obvious target of union leaders and special interests who have long fought to preserve the status quo that is hurting hardworking Americans. I’m confident Andy will continue to be a strong advocate for commonsense solutions that promote the best interests of workers, entrepreneurs, and small businesses. I also urge President Trump to quickly select a new nominee so we can move the Department of Labor in a better direction — just as the American people deserve.","2017-02-15T22:30:35+0000","link","http://edworkforce.house.gov/news/documentsingle.aspx?DocumentID=401323","131326196940421_1407522329320795",NA,41,33,4
"131326196940421","Rep. Virginia Foxx",NA,"2017-02-15T19:10:50+0000","link","http://www.speaker.gov/general/we-saw-coming-another-major-insurer-exit-obamacare","131326196940421_1407338122672549","Rep. Virginia Foxx shared a link.",54,23,6
"131326196940421","Rep. Virginia Foxx","Today the Subcommittee on Early Childhood, Elementary, and Secondary Education held a hearing to discuss federal, state and local efforts to serve at-risk youth and juvenile offenders.","2017-02-15T15:50:06+0000","video","https://youtu.be/q5pXJndA3Bo","131326196940421_1407157309357297",NA,23,8,1
"131326196940421","Rep. Virginia Foxx","It's a busy week for the House Committee on Education and the Workforce as we hold hearings to discuss a number of important issues facing America’s workers, job creators and vulnerable youth.","2017-02-14T15:09:51+0000","link","http://edworkforce.house.gov/news/documentsingle.aspx?DocumentID=401294","131326196940421_1406103629462665",NA,22,17,2
"131326196940421","Rep. Virginia Foxx","Tom Price is a good man, dear friend and dedicated public servant, and he is to be congratulated on his successful confirmation as Secretary of Health and Human Services. This tremendous responsibility comes at a pivotal moment for our country, and no one is more qualified to rise to the challenge than Tom. He will play a leading role in our efforts to repeal the failed health care law and provide the American people with more affordable, patient-centered care. As he takes the helm of an agency responsible for more than $1 trillion in annual spending, Tom will help ensure the federal government is efficient, effective and accountable to hardworking taxpayers. I look forward to working with Secretary Price as we address our nation’s tough challenges and build a brighter future for all Americans.","2017-02-10T13:42:27+0000","status",NA,"131326196940421_1401665253239836",NA,70,27,1
"131326196940421","Rep. Virginia Foxx","This week the House voted to block two flawed Obama administration regulations that, if implemented, would expand the federal role in education and diminish the ability for state and local leaders to make decisions affecting their students, teachers, and schools.","2017-02-09T18:27:58+0000","video","https://youtu.be/b60CSXgwPcA","131326196940421_1400870503319311",NA,67,24,6
"131326196940421","Rep. Virginia Foxx","Spent time in Elkin last weekend visiting with constituents.","2017-02-08T17:16:25+0000","photo","https://www.facebook.com/RepVirginiaFoxx/photos/a.145041625568878.35895.131326196940421/1399672990105729/?type=3","131326196940421_1399675590105469","Rep. Virginia Foxx added 5 new photos.",66,12,0
"131326196940421","Rep. Virginia Foxx",NA,"2017-02-07T17:49:58+0000","link","http://edworkforce.house.gov/news/documentsingle.aspx?DocumentID=401276","131326196940421_1398491743557187","Rep. Virginia Foxx shared a link.",140,40,3
"131326196940421","Rep. Virginia Foxx","Tune in today at 10:30 am as the House Committee on Education and the Workforce examines the current state of America’s higher education system and explores ways to strengthen the system for students, parents, institutions, and taxpayers.","2017-02-07T15:05:42+0000","link","http://edworkforce.house.gov/calendar/eventsingle.aspx?EventID=401221","131326196940421_1398313890241639",NA,14,3,0
"131326196940421","Rep. Virginia Foxx","President Trump has taken a necessary and appropriate step that will protect low- and middle-income families from a devastating regulation. The so-called fiduciary rule would have made it more difficult and more costly for many families to save for retirement. For years, we expressed our willingness to work with the Department of Labor on a responsible approach that would protect access to affordable retirement advice and require advisors to serve the best interests of their clients. Our repeated offers were rejected by the previous administration, but the offer still stands. We look forward to working with the Trump administration to enhance protections for retirement savers and help Americans retire with the financial security they need.","2017-02-03T20:47:23+0000","status",NA,"131326196940421_1394044007335294",NA,104,25,4
"131326196940421","Rep. Virginia Foxx","New to North Carolina's 5th District? Sign up for the Foxx Report to stay up-to-date on my activities in Washington. You can read previous issues at http://foxx.house.gov/news/email/.","2017-02-03T18:20:19+0000","link","http://foxx.house.gov/signup/","131326196940421_1393936600679368",NA,13,5,0
"131326196940421","Rep. Virginia Foxx","Today House voted to protect workers, taxpayers, small businesses, and our Armed Forces by passing a resolution of disapproval to block the Obama administration’s flawed “blacklisting” rule. The rule would make a system designed to protect workers less efficient, undermine our nation’s military readiness and limit the ability of small businesses to compete for federal contracts.","2017-02-02T22:53:17+0000","link","http://edworkforce.house.gov/news/documentsingle.aspx?DocumentID=401252","131326196940421_1393011240771904",NA,18,1,1
"131326196940421","Rep. Virginia Foxx","Yesterday the House Committee on Education and the Workforce held a hearing to examine the failures and consequences of Obamacare and to discuss patient-centered solutions toward better, more affordable health care. Small businesses gave first-hand accounts of how Obamacare has increased costs, limited choices and made it harder to provide health care coverage for employees.","2017-02-02T17:04:11+0000","link","http://edworkforce.house.gov/news/documentsingle.aspx?DocumentID=401237","131326196940421_1392714947468200",NA,27,11,0
"131326196940421","Rep. Virginia Foxx","This week I introduced legislation to include political robocalls in the national Do Not Call Registry, giving the American people the opportunity to opt out of these bothersome campaign season interruptions.","2017-02-01T17:25:31+0000","video","https://youtu.be/-7X8NYdW_pA","131326196940421_1391529977586697",NA,160,24,9
"131326196940421","Rep. Virginia Foxx",NA,"2017-01-31T20:37:56+0000","photo","https://www.facebook.com/RepVirginiaFoxx/photos/a.131611523578555.26821.131326196940421/1390471814359180/?type=3","131326196940421_1390471984359163","Rep. Virginia Foxx updated their profile picture.",219,23,2
"131326196940421","Rep. Virginia Foxx","My piece for the North State Journal on why Obamacare must go.","2017-01-31T16:24:29+0000","link","http://www.nsjonline.com/article/2017/01/foxx-expensive-and-unsustainable-obamacare-must-go","131326196940421_1390251784381183",NA,153,27,8
"131326196940421","Rep. Virginia Foxx","We have always been a country that welcomes immigrants. However, it is also important to remember that national security is the number one job of the federal government. Given shortcomings in the current screening process, I joined a bipartisan House majority in supporting legislation to strengthen the vetting process for individuals seeking entry to the United States through the Visa Waiver Program or as refugees. The Executive Order signed by the president on Friday came with little clarity and caused much uncertainty for foreign travelers. Additional implementing guidance is needed to ensure that the order can be applied in a fair and equitable manner.","2017-01-30T20:27:51+0000","status",NA,"131326196940421_1389251054481256",NA,187,39,7
"131326196940421","Rep. Virginia Foxx","Today thousands gather in Washington to acknowledge the anniversary of Roe v. Wade and the millions of babies who have been robbed of the most fundamental of all rights. Through their presence at the March for Life, they are cherishing and celebrating the sacred and God-given right to life.   Few things demean the sanctity of human life more than elective abortion. One day, I hope it will be different. I hope life will cease to be valued on a sliding scale. I hope the era of elective abortions, ushered in by an unelected court, will be closed and collectively deemed one of the darkest chapters in American history. Until that day comes, it remains my solemn duty to speak for those who cannot. Regardless of the length of this journey, I will continue to promote policies in Washington that allow families to flourish and that protect life at all stages.","2017-01-27T14:39:58+0000","status",NA,"131326196940421_1385647001508328",NA,162,34,10
"131326196940421","Rep. Virginia Foxx","Great to see Surry County Schools Superintendent Dr. Travis Reeves in Washington this week.","2017-01-26T14:39:38+0000","photo","https://www.facebook.com/RepVirginiaFoxx/photos/a.145041625568878.35895.131326196940421/1384377931635235/?type=3","131326196940421_1384377931635235",NA,46,4,2
"131326196940421","Rep. Virginia Foxx","Yesterday I joined students, teachers, and parents at a Capitol Hill rally celebrating National School Choice Week. Innovative charter schools, magnet schools, homeschooling and scholarship programs have provided thousands of families new hope and opportunity. Let’s help extend that hope and opportunity to every community across the country. Every student in every school deserves an excellent education.","2017-01-25T15:46:14+0000","photo","https://www.facebook.com/RepVirginiaFoxx/photos/a.145041625568878.35895.131326196940421/1383133758426319/?type=3","131326196940421_1383133758426319",NA,54,12,8
"131326196940421","Rep. Virginia Foxx","Today the House passed legislation that codifies the Hyde amendment, which has been regularly attached to annual appropriations bills for nearly 40 years to prevent federal funding of abortion with limited exceptions. This common-sense measure restores a longstanding agreement that protects the unborn and prevents taxpayers from being forced to finance thousands of elective abortions. It reflects the will of the American people and is the product of what has historically been a bipartisan, bicameral consensus in Congress.","2017-01-24T21:58:21+0000","video","https://youtu.be/4Bjsol-dbec","131326196940421_1382196668520028",NA,138,26,12
"131326196940421","Rep. Virginia Foxx","The American people do not want the government to spend their hard-earned tax dollars counseling women in foreign countries to have abortions. President Trump has restored a common-sense policy and sent a powerful message about his dedication to protecting the unborn.","2017-01-24T17:34:35+0000","link","http://dailycaller.com/2017/01/23/trump-reinstates-ban-on-funding-and-promoting-abortions-overseas/","131326196940421_1381966415209720",NA,214,26,18
"131326196940421","Rep. Virginia Foxx",NA,"2017-01-24T14:30:23+0000","link","http://edworkforce.house.gov/news/documentsingle.aspx?DocumentID=401198","131326196940421_1381807651892263","Rep. Virginia Foxx shared a link.",41,15,0
"131326196940421","Rep. Virginia Foxx",NA,"2017-01-23T21:15:00+0000","link","http://thestokesnews.com/news/local-news-1/8219/foxx-stops-in-stokes","131326196940421_1380633102009718","Rep. Virginia Foxx shared a link.",32,0,0
"131326196940421","Rep. Virginia Foxx","Last week I stopped by Town and Country Restaurant in King to visit with constituents. We're glad to have Stokes County back in North Carolina's 5th District.","2017-01-23T18:08:10+0000","photo","https://www.facebook.com/RepVirginiaFoxx/photos/a.145041625568878.35895.131326196940421/1380634458676249/?type=3","131326196940421_1380636632009365","Rep. Virginia Foxx added 5 new photos.",107,3,3
"131326196940421","Rep. Virginia Foxx","Visiting the Avery County Senior Center.","2017-01-23T15:05:06+0000","photo","https://www.facebook.com/RepVirginiaFoxx/photos/a.145041625568878.35895.131326196940421/1380456945360667/?type=3","131326196940421_1380457278693967","Rep. Virginia Foxx added 5 new photos.",39,2,0
"131326196940421","Rep. Virginia Foxx","Today is a very exciting and positive day for the people of the United States. We pride ourselves on the peaceful transfer of power, and I believe this tradition is a strong statement to people all over the world who value freedom. We are a privileged nation and we must never be casual with the freedoms we have inherited.  President Trump and Vice President Pence have been granted a sacred, public trust. They care deeply about this country, and I am confident they will work hard to uphold the resilient tradition of liberty and limited government inscribed in our Constitution. They will meet the trials ahead with strength and resolve, and I will do everything I can to help them.","2017-01-20T17:29:11+0000","status",NA,"131326196940421_1377101662362862",NA,144,19,4
"131326196940421","Rep. Virginia Foxx","It's a busy day in my Washington office as North Carolinians stop by to pick up their tickets to tomorrow's 58th Presidential Inauguration.","2017-01-19T18:15:03+0000","photo","https://www.facebook.com/RepVirginiaFoxx/photos/a.145041625568878.35895.131326196940421/1376094835796878/?type=3","131326196940421_1376095189130176","Rep. Virginia Foxx added 2 new photos.",90,4,0
"131326196940421","Rep. Virginia Foxx","It is our job, as women, who are trailblazers, to mark the path we are taking so that those who come behind us will know where the stumbling places are.","2017-01-19T15:44:36+0000","link","https://www.gop.gov/republican-women-making-history/","131326196940421_1376069272466101",NA,35,2,3
"131326196940421","Rep. Virginia Foxx",NA,"2017-01-18T21:55:46+0000","link","http://www.rollcall.com/news/hawkings/house-republican-women","131326196940421_1375285195877842","Rep. Virginia Foxx shared a link.",25,0,1
"131326196940421","Rep. Virginia Foxx",NA,"2017-01-18T18:08:00+0000","link","http://mtairynews.com/news/47530/foxx-says-obamacare-repeal-ahead","131326196940421_1374933249246370","Rep. Virginia Foxx shared a link.",115,22,7
"131326196940421","Rep. Virginia Foxx","I agree with Speaker Ryan that this decision by President Obama puts in place a dangerous precedent that those who compromise our national security won’t be held accountable for their crimes.","2017-01-18T14:40:48+0000","link","http://www.speaker.gov/press-release/statement-chelsea-manning","131326196940421_1374918792581149",NA,56,18,5
"131326196940421","Rep. Virginia Foxx","I recently spoke with 88.5 WFDD to discuss my new role as chairwoman of the House Education and the Workforce Committee.","2017-01-17T19:00:23+0000","link","http://www.wfdd.org/story/new-role-foxx-targets-education-department-seeks-more-charters-and-vouchers","131326196940421_1374125805993781",NA,41,11,1
"131326196940421","Rep. Virginia Foxx","Did you miss Speaker Paul Ryan's town hall on CNN last night?  Check out this highlight reel of the most important moments.","2017-01-13T21:58:11+0000","link","http://www.speaker.gov/general/highlight-reel-speaker-ryans-cnn-townhall","131326196940421_1370049666401395",NA,9,3,0
"131326196940421","Rep. Virginia Foxx","Today I spoke on the House floor in support of the fiscal year 2017  budget resolution, which promises relief from Obamacare and provides the tools necessary to repeal this failed law.   The status quo is not sustainable. Republicans are on a rescue mission to provide relief to the American people from this fatally-flawed health care law. It’s time to advance patient-centered reforms that lower costs, provide more choices and put working families — not government bureaucrats — in control of their health care.","2017-01-13T17:03:26+0000","video","https://youtu.be/TEm8RhHA3PE","131326196940421_1369795659760129",NA,87,33,6
"131326196940421","Rep. Virginia Foxx","This vote marks the next step in an important process to repeal Obamacare and provide a stable transition to a patient-centered health care system. The American people refuse to accept the unsustainable status quo. Relief is on the way for families currently facing fewer choices and higher costs and for small businesses burdened by misguided mandates. I look forward to moving this process forward in the House to deliver the high-quality, affordable health care Americans desperately need.","2017-01-12T15:54:41+0000","link","http://hosted.ap.org/dynamic/stories/U/US_SENATE_HEALTH_CARE?SITE=AP&SECTION=HOME&TEMPLATE=DEFAULT&CTIME=2017-01-12-10-15-36","131326196940421_1368528693220159",NA,68,17,1
"131326196940421","Rep. Virginia Foxx","Relief from the president’s failed government takeover of health care is finally on the way. This week, Congress will take the next step in the process of repealing Obamacare and providing a stable transition to a patient-centered health care system.   Still, there are those who prefer the failed status quo of dwindling choices and soaring costs and have chosen to deny the facts. Here are the numbers that explain how the status quo is creating hardship for working families and small business owners, and why Republicans are determined to change it.","2017-01-11T20:01:38+0000","link","http://edworkforce.house.gov/news/documentsingle.aspx?DocumentID=401179","131326196940421_1366945493378479",NA,135,35,36
"131326196940421","Rep. Virginia Foxx","My legislation does not seek to prevent the federal government from regulating; rather, it seeks to ensure that its regulations are deliberative and economically defensible. Asking regulators to understand the cost of a rule in addition to its benefits should not be controversial. It is just plain common sense.","2017-01-11T14:15:01+0000","link","http://www.journalnow.com/news/local/nc-rep-virginia-foxx-co-sponsors-bill-targeting-costs-incurred/article_ae7459b7-9f2a-58d9-a366-dc61444533cf.html","131326196940421_1364906340249061",NA,92,9,2
"131326196940421","Rep. Virginia Foxx","Yesterday I joined several of my colleagues from North Carolina in urging the Center for Medicare & Medicaid Services to reject North Carolina Governor Roy Cooper’s illegal Obamacare expansion. No governor of North Carolina has the legal authority to submit a Medicaid expansion plan to CMS, and such actions would commit the state to approximately $600 million in new spending each year.","2017-01-10T14:14:00+0000","link","http://virginiafoxx.house.gov/UploadedFiles/NC_Letter_CMS.pdf","131326196940421_1362676500472045",NA,217,41,30
"131326196940421","Rep. Virginia Foxx","The men and women who dedicate their lives to law enforcement willingly do the dangerous work that keeps our communities safe. This blue light in my office window honors our nation’s law enforcement and the work they do. #LawEnforcementAppreciationDay","2017-01-09T23:17:12+0000","photo","https://www.facebook.com/RepVirginiaFoxx/photos/a.145041625568878.35895.131326196940421/1362966747109687/?type=3","131326196940421_1362966747109687",NA,65,3,3
"131326196940421","Rep. Virginia Foxx",NA,"2017-01-09T18:36:00+0000","link","http://edworkforce.house.gov/news/documentsingle.aspx?DocumentID=401176","131326196940421_1362467617159600","Rep. Virginia Foxx shared a link.",23,7,0
"131326196940421","Rep. Virginia Foxx",NA,"2017-01-09T14:57:45+0000","link","http://www.journalnow.com/opinion/editorials/our-view-foxx-is-right-on-ethics-watchdog/article_f94ae7d6-d658-5660-b6bc-e4b96fb49351.html","131326196940421_1362314610508234","Rep. Virginia Foxx shared a link.",39,3,4
"131326196940421","Rep. Virginia Foxx","It's official - Congress has certified the Electoral College vote and Donald J. Trump will be the 45th president of the United States. I look forward to working with him.","2017-01-06T20:35:30+0000","status",NA,"131326196940421_1358370004236028",NA,237,17,4
"131326196940421","Rep. Virginia Foxx",NA,"2017-01-06T18:20:20+0000","link","http://blogs.wsj.com/washwire/2017/01/06/three-women-are-helping-the-house-gop-change-its-image/?mod=e2twtt","131326196940421_1358207874252241","Rep. Virginia Foxx shared a link.",24,3,1
"131326196940421","Rep. Virginia Foxx","It’s clear from the facts that the Security Council resolution is just the latest salvo in the U.N.’s never ending anti-Israel agenda, and we must stand up for our friend and ally.","2017-01-06T14:02:45+0000","link","http://www.foxnews.com/politics/2017/01/05/house-overwhelmingly-votes-to-condemn-uns-anti-israel-resolution.html","131326196940421_1357779977628364",NA,128,9,9
"131326196940421","Rep. Virginia Foxx","Today members of the 115th Congress will read the document we have sworn to uphold. Watch as we read the U.S. Constitution on the House floor.","2017-01-05T14:55:00+0000","link","http://www.house.gov/content/features/story2/","131326196940421_1354602031279492",NA,48,9,2
"131326196940421","Rep. Virginia Foxx","Proud to join with U.S. Congressman Henry Cuellar (TX-28) to introduce bipartisan legislation that would shed light on how federal policies impact the budgets of state and local governments and private sector employers.","2017-01-04T16:14:08+0000","link","http://foxx.house.gov/news/documentsingle.aspx?DocumentID=398990","131326196940421_1354039554669073",NA,21,1,3
"131326196940421","Rep. Virginia Foxx","Serving the people of North Carolina is a profound honor, and I am grateful for the opportunity to represent the 5th District in Congress. In the 115th Congress, I will continue to work with my colleagues to tackle the difficult issues facing this nation and do everything in my power to advance the priorities of North Carolinians. It’s time to build a better future for American families.","2017-01-03T20:50:09+0000","photo","https://www.facebook.com/RepVirginiaFoxx/photos/a.145041625568878.35895.131326196940421/1352185788187783/?type=3","131326196940421_1352185788187783",NA,177,17,5
"131326196940421","Rep. Virginia Foxx","Yesterday I voted against an amendment to the House rules package that would make changes to the Office of Congressional Ethics. While I agree the Office of Congressional Ethics is in need of reform, I believe that changes should be made in a bipartisan manner.","2017-01-03T16:56:12+0000","status",NA,"131326196940421_1351760784896950",NA,89,14,5
"131326196940421","Rep. Virginia Foxx",NA,"2017-01-01T14:24:00+0000","photo","https://www.facebook.com/RepVirginiaFoxx/photos/a.145041625568878.35895.131326196940421/1324707654268930/?type=3","131326196940421_1324707654268930","Rep. Virginia Foxx added a new photo.",57,6,1
