"from_id","from_name","message","created_time","type","link","id","story","likes_count","comments_count","shares_count"
"187654104587692","Rep Tim Walberg","These bipartisan reforms will bring long-overdue accountability to the VA and make a real difference for veterans and their families. So glad to see this bill signed into law this week.","2017-06-24T20:54:00+0000","link","https://walberg.house.gov/media/press-releases/sweeping-veterans-accountability-reforms-now-law-land","187654104587692_1569792603040495",NA,32,11,4
"187654104587692","Rep Tim Walberg","So thankful to hear this wonderful news. Welcome home, Matt!","2017-06-24T00:56:40+0000","link","http://www.wxyz.com/news/michigan-native-matt-mika-discharged-from-hospital-after-gop-baseball-shooting","187654104587692_1569917566361332",NA,405,13,17
"187654104587692","Rep Tim Walberg","Invasive species like Asian carp pose a real threat to the Great Lakes ecosystem. Today’s news that one was discovered just nine miles from Lake Michigan increases the urgency to take bipartisan, commonsense steps to protect the Great Lakes. The administration should promptly release the Brandon Road Study so we can move forward with long-term solutions to combat Asian carp before it’s too late.","2017-06-23T18:46:39+0000","link","http://www.detroitnews.com/story/news/environment/2017/06/23/asian-carp-great-lakes/103134946/","187654104587692_1569658603053895",NA,81,31,46
"187654104587692","Rep Tim Walberg","Great news: Our bipartisan bill to strengthen career and technical education passed the House today. It will help more students and workers in Michigan get the hands-on experience they need to succeed in the workforce.","2017-06-22T23:33:00+0000","link","https://walberg.house.gov/media/press-releases/walberg-champions-career-and-technical-education-21st-century-job-creation","187654104587692_1568664879819934",NA,93,29,15
"187654104587692","Rep Tim Walberg","Had a great visit today with students from the Future Farmers of America chapters in Branch and Hillsdale Counties. They have a bright future ahead as our state's agriculture leaders.","2017-06-22T18:56:35+0000","photo","https://www.facebook.com/RepWalberg/photos/a.189564381063331.45718.187654104587692/1568475003172255/?type=3","187654104587692_1568475003172255",NA,64,4,4
"187654104587692","Rep Tim Walberg","Received some mail from President Trump today: A signed copy of my resolution, now law, to strengthen retirement protections.","2017-06-21T23:52:00+0000","photo","https://www.facebook.com/RepWalberg/photos/a.189564381063331.45718.187654104587692/1567282656624823/?type=3","187654104587692_1567282656624823",NA,186,46,10
"187654104587692","Rep Tim Walberg","Congratulations to Carly Claucherty from Springport High School for being named a Presidential Scholar in Career and Technical Education. She’s one of just 20 students from around the country to receive this distinguished award.","2017-06-21T17:49:27+0000","video","https://www.facebook.com/RepWalberg/videos/1567230386630050/","187654104587692_1567230386630050",NA,106,6,49
"187654104587692","Rep Tim Walberg","Check out my latest column in the Jackson Citizen Patriot about our bipartisan work to combat human trafficking.","2017-06-20T00:12:00+0000","link","http://www.mlive.com/opinion/jackson/index.ssf/2017/06/guest_column_taking_action_to.html","187654104587692_1564623346890754",NA,49,11,6
"187654104587692","Rep Tim Walberg","The spring season for high school sports wrapped up this past weekend and a number of teams from across the 7th District won state championships. Congratulations on an incredible season!","2017-06-19T15:48:52+0000","photo","https://www.facebook.com/RepWalberg/photos/a.189564381063331.45718.187654104587692/1564291336923955/?type=3","187654104587692_1564291336923955",NA,15,1,1
"187654104587692","Rep Tim Walberg","My twin brother and I were blessed with a great father who invested time into our lives from an early age. The simple things had great impact. I wish all the fathers out there a wonderful Father's Day filled with continuing impact and lifelong memories.","2017-06-18T16:53:12+0000","photo","https://www.facebook.com/RepWalberg/photos/a.189564381063331.45718.187654104587692/1562861917066897/?type=3","187654104587692_1562861917066897",NA,100,3,0
"187654104587692","Rep Tim Walberg","Beautiful day for a race today at Michigan International Speedway, located in the heart of the 7th District. What a finish!","2017-06-17T20:25:06+0000","photo","https://www.facebook.com/RepWalberg/photos/a.757760457577051.1073741830.187654104587692/1562027707150318/?type=3","187654104587692_1562027770483645","Rep Tim Walberg added 4 new photos.",56,9,1
"187654104587692","Rep Tim Walberg","Through my work on the Education and the Workforce Committee, I've been a longtime advocate for career and technical education and providing students with hands-on work experience. This announcement is another promising step to help increase opportunities for more Americans to succeed in the workplace.","2017-06-16T16:01:24+0000","link","http://www.washingtonexaminer.com/trump-signs-executive-order-to-encourage-more-apprenticeship-programs-for-workers/article/2626080","187654104587692_1560492483970507",NA,76,15,8
"187654104587692","Rep Tim Walberg","Matt Mika was a former staff member during my first term in Congress and has remained a close friend ever since. Matt is a graduate of Adrian College, and as a former baseball player, he was volunteering at this morning’s practice to help the congressional team get ready for the game. This is deeply personal and Sue and I are praying for Matt as he receives medical attention.","2017-06-14T17:50:10+0000","link","http://www.mlive.com/news/index.ssf/2017/06/michigan_native_critical_after.html","187654104587692_1558223994197356",NA,168,78,110
"187654104587692","Rep Tim Walberg","Praying for my friend Congressman Steve Scalise, the Capitol Police, and everyone affected by this morning's horrible shooting.","2017-06-14T13:21:10+0000","status",NA,"187654104587692_1557834047569684",NA,117,23,5
"187654104587692","Rep Tim Walberg","The entrenched culture problems at the VA have gone on for far too long. These bipartisan reforms will help clean up the VA and ensure America’s veterans receive high quality care worthy of their service and sacrifice.","2017-06-13T23:34:00+0000","link","https://walberg.house.gov/media/press-releases/walberg-house-advance-landmark-veterans-accountability-legislation","187654104587692_1557090097644079",NA,51,18,5
"187654104587692","Rep Tim Walberg","☑ H.R. 1109 unanimously passed the House today.","2017-06-12T21:46:02+0000","link","https://walberg.house.gov/media/press-releases/house-passes-walberg-dingell-legislation-ease-paperwork-burdens-lower-energy","187654104587692_1555815271104895",NA,73,16,8
"187654104587692","Rep Tim Walberg","It's free fishing weekend in Michigan where anyone can fish – no license required. Enjoy the outdoors!","2017-06-10T12:13:00+0000","photo","https://www.facebook.com/RepWalberg/photos/a.189564381063331.45718.187654104587692/1551982768154812/?type=3","187654104587692_1551982768154812",NA,16,6,10
"187654104587692","Rep Tim Walberg","This week the Michigan delegation introduced bipartisan legislation to modernize the Soo Locks. Great Lakes shipping has a significant impact on jobs and Michigan's economy, and the Soo Locks are a critical gateway in transporting products across the entire region.","2017-06-09T20:58:13+0000","link","http://www.uppermichiganssource.com/content/news/Bipartisan-Soo-Locks-Modernization-Act-introduced-427106133.html","187654104587692_1551962601490162",NA,54,12,8
"187654104587692","Rep Tim Walberg","Blessed to be celebrating 43 years of marriage today. Happy anniversary to my wife Sue—my best friend and love of my life.","2017-06-08T13:57:56+0000","photo","https://www.facebook.com/RepWalberg/photos/a.189564381063331.45718.187654104587692/1550296651656757/?type=3","187654104587692_1550296651656757",NA,268,74,3
"187654104587692","Rep Tim Walberg","Today, the Energy and Commerce Committee approved a number of bipartisan bills, including my legislation introduced with Rep. Debbie Dingell to help ease paperwork burdens and ensure affordable energy for Michigan families. It passed unanimously. We also advanced the FDA Reauthorization Act, which will help speed up the approval process for life-saving drugs and boost medical innovation.","2017-06-07T22:00:47+0000","link","https://energycommerce.house.gov/news-center/press-releases/fullcmte-advances-fdara-public-health-bills-and-11-energyinfrastructure","187654104587692_1549351731751249",NA,39,22,4
"187654104587692","Rep Tim Walberg","73 years ago today, on D-Day, Allied forces stormed the beaches of Normandy. We will always remember the courage and sacrifice of the Greatest Generation.","2017-06-06T14:01:03+0000","photo","https://www.facebook.com/RepWalberg/photos/a.189564381063331.45718.187654104587692/1547304618622627/?type=3","187654104587692_1547304618622627",NA,55,12,11
"187654104587692","Rep Tim Walberg","Modernizing the VA's electronic health records system will better serve our veterans and improve their access to care. Today's announcement is an important step to help bring the VA into the 21st century.","2017-06-05T20:10:37+0000","link","http://abcnews.go.com/Politics/wireStory/trump-tweets-veterans-stay-tuned-ahead-va-newser-47839651","187654104587692_1546334362052986",NA,26,11,6
"187654104587692","Rep Tim Walberg","On behalf of a grateful nation, we say thank you.","2017-05-31T16:14:15+0000","link","http://www.mlive.com/news/jackson/index.ssf/2017/05/vietnam_veterans_receive_thank.html#incart_river_home","187654104587692_1540062349346854",NA,28,199,0
"187654104587692","Rep Tim Walberg","We hosted our 7th annual job fair today in Jackson. Thanks to all the local employers and job seekers who attended and made it such a success.","2017-05-30T19:38:00+0000","photo","https://www.facebook.com/RepWalberg/photos/a.189564381063331.45718.187654104587692/1539125962773826/?type=3","187654104587692_1539128266106929","Rep Tim Walberg added 4 new photos — at Commonwealth Commerce Center.",34,70,4
"187654104587692","Rep Tim Walberg","Today, as we remember the fallen, a grateful nation also says thank you to the men and women, past and present, who serve our country in the military. Thanks to South Jackson Community Church for hosting a special ceremony this afternoon to pay tribute to our veterans.","2017-05-29T21:33:00+0000","photo","https://www.facebook.com/RepWalberg/photos/a.189564381063331.45718.187654104587692/1538135962872826/?type=3","187654104587692_1538137526206003","Rep Tim Walberg added 5 new photos.",31,28,0
"187654104587692","Rep Tim Walberg","In Saline this morning for a Memorial Day parade and ceremony. Today we pause to remember the men and women who gave the ultimate sacrifice to protect our freedom. Their memory endures in our hearts and their heroism will not be forgotten.","2017-05-29T16:42:14+0000","photo","https://www.facebook.com/RepWalberg/photos/a.757760457577051.1073741830.187654104587692/1538005839552505/?type=3","187654104587692_1538005886219167","Rep Tim Walberg added 2 new photos.",68,18,1
"187654104587692","Rep Tim Walberg","We owe immeasurable gratitude to our nation’s veterans, and these bills reflect a continued bipartisan commitment to the heroes who served our country.","2017-05-27T20:31:00+0000","link","https://walberg.house.gov/media/press-releases/walberg-house-pass-bipartisan-veterans-bills","187654104587692_1534913829861706",NA,41,16,5
"187654104587692","Rep Tim Walberg","The Branch Area Careers Center is doing important work providing career and technical education and preparing students for success in the workplace. Thanks for showing me around your facility.","2017-05-27T13:46:00+0000","photo","https://www.facebook.com/RepWalberg/photos/a.189564381063331.45718.187654104587692/1535163006503455/?type=3","187654104587692_1535163996503356","Rep Tim Walberg added 2 new photos.",17,10,1
"187654104587692","Rep Tim Walberg","Today, along with Branch County Sheriff John Pollack, I presented Connie Winter with a congressional record tribute to honor the memory of her husband, Sheriff Posse Deputy Michael Winter, who lost his life in the line of duty. Deputy Winter is a hero in every sense of the word. He is deeply missed, but not forgotten.","2017-05-26T21:15:41+0000","photo","https://www.facebook.com/RepWalberg/photos/a.189564381063331.45718.187654104587692/1535140349839054/?type=3","187654104587692_1535140999838989","Rep Tim Walberg added 2 new photos — at Branch County Sheriff's Office.",50,5,7
"187654104587692","Rep Tim Walberg","It's great to be in Coldwater today for another coffee hour. Thanks to everyone who attended.","2017-05-26T14:54:13+0000","photo","https://www.facebook.com/RepWalberg/photos/a.189564381063331.45718.187654104587692/1534840853202337/?type=3","187654104587692_1534840853202337","Rep Tim Walberg at Henry L Brown Municipal Building.",34,75,4
"187654104587692","Rep Tim Walberg",NA,"2017-05-25T22:10:15+0000","link","https://walberg.house.gov/media/press-releases/walberg-sablan-introduce-bipartisan-legislation-fight-human-trafficking","187654104587692_1534115653274857","Rep Tim Walberg shared a link.",37,21,4
"187654104587692","Rep Tim Walberg","Attention job seekers: You're invited to my annual Job Fair in Jackson on Tuesday, May 30. Local employers and organizations will be on hand to accept resumes and talk about available openings.","2017-05-25T13:23:00+0000","link","https://walberg.house.gov/about/events/job-fair-jackson-1","187654104587692_1533142076705548",NA,290,49,365
"187654104587692","Rep Tim Walberg","As co-chair of the House Motorcycle Caucus and a fellow rider, I enjoyed meeting with ABATE of Michigan members today to discuss motorcycle issues.","2017-05-24T22:41:59+0000","photo","https://www.facebook.com/RepWalberg/photos/a.189564381063331.45718.187654104587692/1533138226705933/?type=3","187654104587692_1533138226705933",NA,55,18,3
"187654104587692","Rep Tim Walberg","This bipartisan bill strengthens efforts of the National Center for Missing and Exploited Children to carry out their mission.","2017-05-23T21:00:01+0000","link","https://walberg.house.gov/media/press-releases/house-passes-walberg-backed-bills-help-vulnerable-children-combat-human","187654104587692_1532039206815835",NA,80,21,11
"187654104587692","Rep Tim Walberg","It was a privilege to present The Congressional Award to Amanda Coy today at Saline High School and celebrate her hard work to better herself and the community. To receive this medal, Amanda spent hundreds of hours serving the community, doing volunteer work, and meeting personal development goals. Congratulations, Amanda, on this incredible achievement!","2017-05-22T17:31:04+0000","photo","https://www.facebook.com/RepWalberg/photos/a.189564381063331.45718.187654104587692/1530926086927147/?type=3","187654104587692_1530926086927147","Rep Tim Walberg at Saline High School.",34,5,2
"187654104587692","Rep Tim Walberg","On Armed Forces Day, we thank and honor the brave men and women who serve our country.","2017-05-20T17:26:31+0000","photo","https://www.facebook.com/RepWalberg/photos/a.189564381063331.45718.187654104587692/1528948980458191/?type=3","187654104587692_1528948980458191",NA,14,6,9
"187654104587692","Rep Tim Walberg","It was great to visit with students from Hudson Middle School in Lenawee County this week during their trip to our nation's capital.","2017-05-19T21:17:29+0000","photo","https://www.facebook.com/RepWalberg/photos/a.189564381063331.45718.187654104587692/1528032163883206/?type=3","187654104587692_1528032163883206",NA,51,7,11
"187654104587692","Rep Tim Walberg","Yesterday, the Education and the Workforce Committee advanced the Strengthening Career and Technical Education for the 21st Century Act. This bipartisan bill will help prepare more students for success in workplace, and I'm glad to see it move a step closer towards passing the House.","2017-05-18T21:23:30+0000","link","http://edworkforce.house.gov/news/documentsingle.aspx?DocumentID=401657","187654104587692_1526985910654498",NA,23,8,2
"187654104587692","Rep Tim Walberg","I authored legislation to restore important retirement protections that workers have counted on for decades, and I'm proud that the President has now signed it into law.","2017-05-18T14:28:42+0000","link","https://walberg.house.gov/media/press-releases/president-signs-walberg-resolution-upholding-strong-retirement-protections","187654104587692_1526680844018338",NA,116,35,15
"187654104587692","Rep Tim Walberg","Today, I spoke on the House floor to honor the memory of Branch County Sheriff Posse Deputy Michael Winter, who lost his life in the line of duty. This week, during National Police Week, Deputy Winter's name was carved into the National Law Enforcement Officers Memorial in Washington, DC.","2017-05-17T20:29:43+0000","video","https://www.facebook.com/RepWalberg/videos/1525980100755079/","187654104587692_1525980100755079",NA,70,22,62
"187654104587692","Rep Tim Walberg","This Saturday, the Jackson Police Department and Henry Ford Allegiance Health are holding a free event for the community to safely dispose of unwanted, expired, or unused medications.","2017-05-17T13:22:25+0000","event","https://www.facebook.com/events/1266594446726928/","187654104587692_1525580907461665","Rep Tim Walberg shared Michigan Medication Take-Back Events's event.",19,11,0
"187654104587692","Rep Tim Walberg","Thanks to Saline Lectronics, Inc. for showing me around your manufacturing facility today. It's always great to see Michigan manufacturers doing innovative work in our community.","2017-05-15T22:37:33+0000","photo","https://www.facebook.com/RepWalberg/photos/a.189564381063331.45718.187654104587692/1523967074289715/?type=3","187654104587692_1524037464282676","Rep Tim Walberg added 2 new photos.",25,17,2
"187654104587692","Rep Tim Walberg","On Peace Officers Memorial Day, families, friends, and fellow officers from across the country gathered at the U.S. Capitol today to remember the law enforcement officers who lost their lives in the line of duty this past year. It is a particularly solemn time for the Branch County community, as Sheriff Deputy Michael Winter was one of the names of the fallen etched into the National Law Enforcement Officers Memorial.","2017-05-15T17:34:46+0000","photo","https://www.facebook.com/RepWalberg/photos/a.189564381063331.45718.187654104587692/1523803070972782/?type=3","187654104587692_1523803070972782",NA,18,5,1
"187654104587692","Rep Tim Walberg","Wishing a happy Mother’s Day to my wife Sue and all the moms who sacrifice so much for our families. We love and appreciate you.","2017-05-14T12:44:00+0000","photo","https://www.facebook.com/RepWalberg/photos/a.189564381063331.45718.187654104587692/1520737221279367/?type=3","187654104587692_1520737221279367",NA,41,21,1
"187654104587692","Rep Tim Walberg","It was an honor to give the commencement address today at Spring Arbor University and share a word of encouragement with the graduates. Congratulations to the Class of 2017!","2017-05-13T17:01:39+0000","photo","https://www.facebook.com/RepWalberg/photos/a.189564381063331.45718.187654104587692/1521669891186100/?type=3","187654104587692_1521669891186100",NA,73,14,2
"187654104587692","Rep Tim Walberg",NA,"2017-05-13T00:10:00+0000","link","https://walberg.house.gov/media/press-releases/walberg-introduces-bipartisan-bill-protect-injured-and-amputee-veterans","187654104587692_1520794447940311","Rep Tim Walberg shared a link.",73,15,6
"187654104587692","Rep Tim Walberg","Teamed up with Google today to deliver the Online Safety Roadshow at Charlotte Middle School. It was a fun assembly and opportunity to teach the students how to develop smart and safe internet habits.","2017-05-12T17:20:06+0000","photo","https://www.facebook.com/RepWalberg/photos/a.189564381063331.45718.187654104587692/1520629824623440/?type=3","187654104587692_1520639607955795","Rep Tim Walberg added 5 new photos — at Charlotte Middle School.",38,23,2
"187654104587692","Rep Tim Walberg",NA,"2017-05-11T23:05:28+0000","video","https://www.facebook.com/WLNSTV/videos/10158758552585650/","187654104587692_1519868828032873","Rep Tim Walberg shared WLNS-TV's live video.",16,7,0
"187654104587692","Rep Tim Walberg","Just wrapped up a coffee hour in Jackson this morning. Thanks to everyone who attended and to Mindy Bradish-Orta, President of the Jackson Chamber, for serving as the moderator.","2017-05-11T14:44:01+0000","photo","https://www.facebook.com/RepWalberg/photos/a.189564381063331.45718.187654104587692/1519472711405818/?type=3","187654104587692_1519472711405818",NA,54,65,0
"187654104587692","Rep Tim Walberg","We will not forget those who paid the ultimate sacrifice serving our community.","2017-05-11T01:43:28+0000","link","http://www.mlive.com/news/jackson/index.ssf/2017/05/officers_killed_in_the_line_of.html#incart_gallery","187654104587692_1518971294789293",NA,47,6,5
"187654104587692","Rep Tim Walberg","As a member of the Education and the Workforce Committee, I'm committed to advancing policies to close the skills gap and help prepare students for in-demand jobs. This recently introduced bipartisan legislation to strengthen career and technical education is an important part of that effort.","2017-05-09T19:02:51+0000","link","http://edworkforce.house.gov/news/documentsingle.aspx?DocumentID=401634","187654104587692_1517750974911325",NA,51,55,2
"187654104587692","Rep Tim Walberg","It is exciting to see Toyota continue to invest, innovate, and create jobs in Washtenaw County. Congratulations on the new expansion!","2017-05-06T19:35:45+0000","link","http://www.mlive.com/business/ann-arbor/index.ssf/2017/05/toyota_completes_154_million_e.html","187654104587692_1514533971899692",NA,58,30,12
"187654104587692","Rep Tim Walberg","Enjoyed being at today's Monroe County Chamber of Commerce legislative luncheon. Spoke and answered questions about fixing our health care system, reforming the tax code, protecting the Great Lakes, and many other important issues to our community.","2017-05-05T22:13:00+0000","photo","https://www.facebook.com/RepWalberg/photos/a.189564381063331.45718.187654104587692/1513388702014219/?type=3","187654104587692_1513388702014219",NA,39,87,4
"187654104587692","Rep Tim Walberg","In this op-ed, my colleague Congresswoman Cathy McMorris Rodgers explains how the American Health Care Act protects people with pre-existing conditions, like her son Cole who has Down syndrome.","2017-05-05T17:00:55+0000","link","https://www.gop.gov/mcmorris-rodgers-washington-post-son-pre-existing-condition-hes-one-reasons-voted-ahca/","187654104587692_1513268045359618",NA,76,180,41
"187654104587692","Rep Tim Walberg","Today the House also passed H.R. 2192, which requires Congress to live under the American Health Care Act. There should be no exemptions for Members of Congress and their staff.","2017-05-04T21:01:11+0000","status",NA,"187654104587692_1512301368789619",NA,443,284,126
"187654104587692","Rep Tim Walberg","Obamacare is on the brink of collapse and has failed to live up to its many promises. We told our constituents we would fix the mess Obamacare created, and this legislation is an important step towards undoing the damage and providing relief.","2017-05-04T18:51:51+0000","link","https://walberg.house.gov/media/press-releases/walberg-statement-american-health-care-act","187654104587692_1512179618801794",NA,161,623,38
"187654104587692","Rep Tim Walberg","Check out my latest column in the Monroe News about the steps we're taking to continue to bolster the federal response to the heroin and opioid epidemic.","2017-05-03T14:47:29+0000","link","https://walberg.house.gov/media/opinion-editorials/monroe-news-offering-hope-help-drug-epidemic","187654104587692_1510959355590487",NA,45,120,8
"187654104587692","Rep Tim Walberg","The House just passed the Working Families Flexibility Act, a commonsense bill to empower workers with more options to balance work, life, and family.","2017-05-02T23:02:42+0000","link","https://walberg.house.gov/media/press-releases/walberg-votes-increase-workplace-flexibility-working-families","187654104587692_1510223435664079",NA,36,59,14
"187654104587692","Rep Tim Walberg","This Saturday is National Prescription Drug Take Back Day. If you have any expired or unwanted prescription drugs, you can safely dispose of them at locations around the 7th District.","2017-04-27T17:33:37+0000","link","http://walberg.house.gov/news/documentsingle.aspx?DocumentID=399414","187654104587692_1504626109557145",NA,24,33,12
"187654104587692","Rep Tim Walberg","The web of occupational licensing requirements are some of the most burdensome obstacles for aspiring workers and entrepreneurs. Today I introduced a bipartisan bill to help reduce unnecessary barriers for those seeking to enter the workforce.","2017-04-26T18:56:39+0000","link","http://walberg.house.gov/news/documentsingle.aspx?DocumentID=399412","187654104587692_1503580632995026",NA,65,31,10
"187654104587692","Rep Tim Walberg","It's always a highlight to welcome families from across the 7th District to the nation's capital. Here are some of our recent office visitors. If you're planning a trip to DC this spring or summer, my staff can help with scheduling tours: http://walberg.house.gov/howmayiserveyou/visitdc.htm","2017-04-23T16:22:00+0000","photo","https://www.facebook.com/RepWalberg/photos/a.189564381063331.45718.187654104587692/1497901630229593/?type=3","187654104587692_1497921213560968","Rep Tim Walberg added 4 new photos.",28,17,0
"187654104587692","Rep Tim Walberg","April is Donate Life Month, which raises awareness about the potential to save and heal lives through organ, tissue, and eye donation. Watch this video to learn more about joining Michigan's organ donor registry.","2017-04-21T21:33:43+0000","video","https://www.facebook.com/MichiganSoS/videos/1418877194835252/","187654104587692_1497889300230826","Rep Tim Walberg shared Michigan Secretary of State's Office's video.",26,20,0
"187654104587692","Rep Tim Walberg","Pointe Mouillee is a beautiful spot on the shores of Lake Erie in Monroe County. With the help of the Great Lakes Restoration Initiative and Ducks Unlimited, a restoration project is underway to protect the area's wetlands and wildlife habitats. It's one of the many reasons why the GLRI has received widespread bipartisan support and needs to be preserved.","2017-04-19T23:35:40+0000","photo","https://www.facebook.com/RepWalberg/photos/a.189564381063331.45718.187654104587692/1495524873800602/?type=3","187654104587692_1495524973800592","Rep Tim Walberg added 2 new photos.",71,31,7
"187654104587692","Rep Tim Walberg","This week is National Park Week, and in the 7th District, we are fortunate to have the River Raisin National Battlefield Park right here in Monroe County. If you've never been, I encourage you to visit this historical site and learn more about the War of 1812 and this important chapter in American history.","2017-04-17T19:29:35+0000","photo","https://www.facebook.com/RepWalberg/photos/a.189564381063331.45718.187654104587692/1492697850749971/?type=3","187654104587692_1492699254083164","Rep Tim Walberg added 2 new photos.",18,19,9
"187654104587692","Rep Tim Walberg","Wishing you and your family a happy and most blessed Easter.","2017-04-16T12:32:05+0000","photo","https://www.facebook.com/RepWalberg/photos/a.189564381063331.45718.187654104587692/1490250207661402/?type=3","187654104587692_1490250207661402",NA,90,18,2
"187654104587692","Rep Tim Walberg","Sue and I are beyond blessed to welcome another grandchild. One of many selfies to come with grandpa and Hannah Belle.","2017-04-15T19:03:43+0000","photo","https://www.facebook.com/RepWalberg/photos/a.189564381063331.45718.187654104587692/1489967354356354/?type=3","187654104587692_1489967354356354",NA,303,37,3
"187654104587692","Rep Tim Walberg","Let's hope this finally brings some justice for the family of Brian Terry.","2017-04-13T18:42:26+0000","link","http://www.monroenews.com/news/20170413/feds-arrest-suspected-shooter-of-border-agent-brian-terry","187654104587692_1487285374624552",NA,59,5,9
"187654104587692","Rep Tim Walberg","Pinwheel for Prevention gardens are being planted across Monroe County in April to raise awareness for Child Abuse Prevention Month. Thank you to Craig Haugen and the Child Advocacy Network for the important work you do on behalf of children and families in our community.","2017-04-12T15:47:01+0000","photo","https://www.facebook.com/RepWalberg/photos/a.189564381063331.45718.187654104587692/1485728014780288/?type=3","187654104587692_1485728014780288","Rep Tim Walberg at Bedford Library.",15,5,4
"187654104587692","Rep Tim Walberg","Regulatory reform is a key component to more robust job creation and economic growth. Read my latest column in the Jackson Citizen Patriot about our work to roll back heavy-handed federal regulations.","2017-04-11T16:59:20+0000","link","http://www.mlive.com/opinion/jackson/index.ssf/2017/04/guest_column_rolling_back_red.html#incart_river_home","187654104587692_1484509244902165",NA,31,31,6
"187654104587692","Rep Tim Walberg","Calling all high school students in Michigan's 7th District interested in participating in the Congressional Art Competition. My office is now accepting submissions.","2017-04-10T18:10:49+0000","link","http://walberg.house.gov/news/documentsingle.aspx?DocumentID=399407","187654104587692_1483331598353263",NA,9,10,17
"187654104587692","Rep Tim Walberg","What a moving visit this week with Brandon from Jackson County to help fulfill his dream trip. WLNS-TV captured his story.","2017-04-08T17:41:00+0000","video","https://www.facebook.com/RepWalberg/videos/1479505022069254/","187654104587692_1479505022069254",NA,18,9,5
"187654104587692","Rep Tim Walberg","Great to be in Monroe County today for a coffee hour in Luna Pier. Thanks to everyone who came out.","2017-04-07T22:17:00+0000","photo","https://www.facebook.com/RepWalberg/photos/a.189564381063331.45718.187654104587692/1479504498735973/?type=3","187654104587692_1479504498735973","Rep Tim Walberg at Water Tower Park.",26,18,1
"187654104587692","Rep Tim Walberg","Using chemical weapons against your own people—brutally murdering innocent children and civilians—is the very definition of barbarism. Last night’s missile strike against the Syrian airbase used to launch the chemical weapons attack was a decisive and targeted response. It puts the Assad regime on notice that these unimaginable acts of evil cannot continue and will not be tolerated. Moving forward, it is important the Administration work with Congress and our allies to develop a long-term strategy for Syria and the region.","2017-04-07T16:55:33+0000","status",NA,"187654104587692_1479287785424311",NA,198,83,14
"187654104587692","Rep Tim Walberg","Yesterday, I spoke in support of the Self-Insurance Protection Act, which passed the House by a vote of 400 to 16. Over 60 percent of employers who offer health care coverage utilize self-insured plans, and this bipartisan bill will help ensure workers and families can continue to receive these flexible, affordable health care options. https://go.usa.gov/xXQEj","2017-04-06T19:05:53+0000","video","https://www.facebook.com/RepWalberg/videos/1478007595552330/","187654104587692_1478007595552330",NA,42,24,5
"187654104587692","Rep Tim Walberg","It was inspiring to meet Brandon Martz and his family from Jackson County today. With the help of the Dream Foundation, which fulfill dreams for terminally-ill young people and adults, Brandon and his family are visiting our nation's capital and raising awareness about Duchenne muscular dystrophy. It was an honor to be part of helping turn his dream into reality. Learn more about Brandon's story here: https://go.usa.gov/xXnhU.","2017-04-05T23:58:21+0000","photo","https://www.facebook.com/RepWalberg/photos/a.189564381063331.45718.187654104587692/1476818379004585/?type=3","187654104587692_1476828602336896","Rep Tim Walberg added 8 new photos.",100,6,20
"187654104587692","Rep Tim Walberg","It was an honor to be at the Lions Club district convention today in Jackson to pay tribute to those who serve our country and present Vietnam veterans with their 50th anniversary lapel pins.","2017-04-01T16:20:45+0000","photo","https://www.facebook.com/RepWalberg/photos/a.757760457577051.1073741830.187654104587692/1470931379593285/?type=3","187654104587692_1470945019591921","Rep Tim Walberg added 4 new photos — at Baker College of Jackson.",26,18,2
"187654104587692","Rep Tim Walberg","Had a great day meeting with folks across Eaton County.","2017-03-31T22:29:40+0000","photo","https://www.facebook.com/RepWalberg/photos/a.757760457577051.1073741830.187654104587692/1469748919711531/?type=3","187654104587692_1469750363044720","Rep Tim Walberg added 5 new photos.",19,19,0
"187654104587692","Rep Tim Walberg","Thanks to everyone who joined us for coffee hour this morning at Michigan's Grand Army of the Republic Memorial Hall and Museum in Eaton Rapids.","2017-03-31T15:27:15+0000","photo","https://www.facebook.com/RepWalberg/photos/a.189564381063331.45718.187654104587692/1469327546420335/?type=3","187654104587692_1469327546420335",NA,33,30,4
"187654104587692","Rep Tim Walberg","Good meeting today with health care professionals to discuss providing quality, affordable care to communities across the 7th District. Thank you to the Center for Family Health in Jackson and Hillsdale Counties, Cherry Health in Eaton County, and Family Medical Center of Michigan in Monroe and Lenawee Counties.","2017-03-30T16:36:59+0000","photo","https://www.facebook.com/RepWalberg/photos/a.189564381063331.45718.187654104587692/1468059506547139/?type=3","187654104587692_1468069386546151","Rep Tim Walberg added 2 new photos.",33,76,3
"187654104587692","Rep Tim Walberg","It was great to see Tammi Carr and her family this morning before she testified in front of Congress about The ChadTough Foundation and the importance of cancer research.","2017-03-29T14:59:03+0000","photo","https://www.facebook.com/RepWalberg/photos/a.189564381063331.45718.187654104587692/1466823916670698/?type=3","187654104587692_1466823916670698",NA,48,32,4
"187654104587692","Rep Tim Walberg","More encouraging news for Michigan jobs and our state's continued leadership in car manufacturing and innovation.","2017-03-28T17:46:54+0000","link","http://www.detroitnews.com/story/business/autos/ford/2017/03/27/ford-invest/99709766/","187654104587692_1465775703442186",NA,86,31,19
"187654104587692","Rep Tim Walberg","Had a great time at last night's Monroe Ducks Unlimited dinner with my fellow outdoorsmen and women.","2017-03-27T00:37:22+0000","photo","https://www.facebook.com/RepWalberg/photos/a.757760457577051.1073741830.187654104587692/1462827320403691/?type=3","187654104587692_1462827340403689","Rep Tim Walberg added 2 new photos.",51,25,2
"187654104587692","Rep Tim Walberg","When it comes to accessing high quality health care coverage, small businesses should not be treated any differently than large corporations and unions. My bipartisan bill, which passed the House today, will level the playing field for small businesses and empower them to band together to provide better coverage at lower cost for their workers.","2017-03-22T22:10:05+0000","link","http://walberg.house.gov/news/documentsingle.aspx?DocumentID=399389","187654104587692_1456692827683807",NA,68,100,9
"187654104587692","Rep Tim Walberg","In Michigan and across the country there's been a surge of fentanyl, a synthetic opioid that is 50 times more potent than heroin. At a House Committee on Energy and Commerce hearing, we examined ways to bolster our response to this growing crisis. https://go.usa.gov/xXkjv","2017-03-22T14:10:35+0000","video","https://www.facebook.com/RepWalberg/videos/1456103577742732/","187654104587692_1456103577742732",NA,33,53,7
"187654104587692","Rep Tim Walberg","Happy National Agriculture Day to all of the farmers in Michigan who work hard each day to put food on our tables.","2017-03-21T23:50:22+0000","photo","https://www.facebook.com/RepWalberg/photos/a.189564381063331.45718.187654104587692/1455194764500280/?type=3","187654104587692_1455194764500280",NA,23,15,3
"187654104587692","Rep Tim Walberg","Started off the week with a coffee hour this morning at the Chelsea American Legion. Thank you to everyone who attended.","2017-03-20T15:23:27+0000","photo","https://www.facebook.com/RepWalberg/photos/a.189564381063331.45718.187654104587692/1453178951368528/?type=3","187654104587692_1453178951368528",NA,55,43,2
"187654104587692","Rep Tim Walberg",NA,"2017-03-19T17:05:44+0000","link","http://trib.al/3GMwFkF","187654104587692_1451930698160020","Rep Tim Walberg shared a link.",23,11,9
"187654104587692","Rep Tim Walberg","Good to be at the Lily Missions Center in Jackson today for their breast cancer awareness and screening event. Thanks to Pastor Hines for hosting.","2017-03-19T00:31:50+0000","photo","https://www.facebook.com/RepWalberg/photos/a.757760457577051.1073741830.187654104587692/1450927204927036/?type=3","187654104587692_1450927248260365","Rep Tim Walberg added 2 new photos — at Lily Missions Center.",31,13,4
"187654104587692","Rep Tim Walberg","Thank you to everyone who joined us for coffee hour this morning at the LISD TECH Center in Adrian.","2017-03-18T16:04:54+0000","photo","https://www.facebook.com/RepWalberg/photos/a.189564381063331.45718.187654104587692/1450415124978244/?type=3","187654104587692_1450415124978244","Rep Tim Walberg at LISD TECH Center.",39,21,0
"187654104587692","Rep Tim Walberg","I'm working with Senator Rand Paul and a bipartisan group of lawmakers to curb civil asset forfeiture abuse and protect property rights. Learn more about the FAIR Act that we introduced this week. ⬇️","2017-03-17T23:35:00+0000","link","http://walberg.house.gov/news/documentsingle.aspx?DocumentID=399378","187654104587692_1449451001741323",NA,67,12,10
"187654104587692","Rep Tim Walberg","This week, Rep. Debbie Dingell and I introduced ""Jessie's Law,"" legislation named after a young woman living in Michigan who tragically died last year of an opioid overdose. As we continue fighting back against this deadly epidemic, this bipartisan bill will help prevent another tragedy like Jessie's.","2017-03-17T16:11:14+0000","link","http://walberg.house.gov/news/documentsingle.aspx?DocumentID=399375","187654104587692_1449109331775490",NA,44,22,3
"187654104587692","Rep Tim Walberg","It's always a highlight to talk with students from around the 7th District, and today's visit with a great group of students from Clinton Community Schools was no exception. Enjoy the rest of your trip!","2017-03-16T23:18:46+0000","photo","https://www.facebook.com/RepWalberg/photos/a.189564381063331.45718.187654104587692/1448192831867140/?type=3","187654104587692_1448200071866416","Rep Tim Walberg added 2 new photos.",53,24,6
"187654104587692","Rep Tim Walberg","Great to see these jobs are coming back to the GM Delta Township Plant.","2017-03-15T16:18:50+0000","link","http://wlns.com/2017/03/15/good-news-gm-to-bring-back-500-jobs-to-lansing-delta-plant/","187654104587692_1446450298708060",NA,107,30,30
"187654104587692","Rep Tim Walberg","I encourage you to watch Speaker Ryan's presentation on the American Health Care Act. He provides an in-depth explanation about the step-by-step plan to expand access to affordable, high quality health care for all Americans.","2017-03-10T23:23:39+0000","link","http://www.speaker.gov/general/watch-speaker-ryan-s-presentation-american-health-care-act","187654104587692_1440879759265114",NA,59,244,23
"187654104587692","Rep Tim Walberg","Two committees that I serve on are marking up legislative proposals today to expand access to affordable, dependable, and high quality health care.  The Education and the Workforce Committee will be considering my bill, the Small Business Health Fairness Act, which empowers small businesses to band together through association health plans to negotiate for lower health insurance costs on behalf of their employees. You can watch it live here: https://go.usa.gov/xXavN.  The Energy and Commerce Committee will be marking up the American Health Care Act, which advances patient-centered solutions that will bring down costs, increase choice and competition, and put families back in control of their care. You can watch it live here: https://go.usa.gov/xXav5.  Today's hearings are just one of many steps the House will be taking in an open and transparent way to make health care work for all Americans.","2017-03-08T15:13:14+0000","photo","https://www.facebook.com/RepWalberg/photos/a.189564381063331.45718.187654104587692/1438073319545758/?type=3","187654104587692_1438073319545758",NA,20,111,4
"187654104587692","Rep Tim Walberg","Obamacare hasn’t worked as promised, and as a result, too many families have seen costs soar, quality drop, and choices reduced. The American Health Care Act is a patient-centered approach that will bring down costs, increase choice and competition, and put families back in control of their care. It protects patients with pre-existing conditions and provides a stable transition to a better health care system. This is one of many steps the House will be taking to make health care work for all Americans. You can read the entire bill online at http://readthebill.gop.","2017-03-07T17:28:23+0000","link","http://readthebill.gop/","187654104587692_1437056359647454",NA,59,141,12
"187654104587692","Rep Tim Walberg","On Black Balloon Overdose Awareness Day, we remember those in our community who lost their life to drug addiction. Today, along with Jackson County Sheriff Steve Rand and Mike Hirst from Andy's Angels, I spoke with inmates at the Jackson County Jail and visited the Jackson Recovery Resource Center. Working together in our community, we can continue to raise awareness about the opioid epidemic and support those on the path to recovery.","2017-03-07T00:02:59+0000","link","http://www.mlive.com/news/jackson/index.ssf/2017/03/us_rep_visits_jail_recovery_ce.html","187654104587692_1436274103059013",NA,57,41,34
"187654104587692","Rep Tim Walberg","I'm proud to be on this list of the top 10 town hall holders in all of Congress.","2017-03-06T01:52:29+0000","link","http://thehill.com/homenews/state-watch/322024-gop-lawmakers-lead-way-in-holding-town-halls","187654104587692_1435369729816117",NA,123,91,18
"187654104587692","Rep Tim Walberg","Thanks to everyone who joined me for coffee hour this morning at Hillsdale City Hall. I appreciate the opportunity to hear your concerns and answer your questions. Look forward to continuing to do more across the 7th District.","2017-03-03T16:56:59+0000","photo","https://www.facebook.com/RepWalberg/photos/a.189564381063331.45718.187654104587692/1433018823384541/?type=3","187654104587692_1433018823384541","Rep Tim Walberg at Hillsdale City Hall.",61,90,5
"187654104587692","Rep Tim Walberg","Good news: The Regulatory Integrity Act, my bipartisan bill to bring more transparency to regulatory process, passed the House today.","2017-03-02T23:57:27+0000","link","http://walberg.house.gov/news/documentsingle.aspx?DocumentID=399361","187654104587692_1432280723458351",NA,57,37,2
"187654104587692","Rep Tim Walberg","At today's House Committee on Education and the Workforce hearing, we discussed my bill, the Small Business Health Fairness Act, that will empower small businesses to provide employees better health care at lower costs. https://go.usa.gov/xX3Ea","2017-03-01T21:20:18+0000","video","https://www.facebook.com/RepWalberg/videos/1431290780224012/","187654104587692_1431290780224012",NA,56,29,3
"187654104587692","Rep Tim Walberg","Tonight, the President outlined positive solutions to tackle a number of critical issues facing our country. To grow a healthy economy, we need to roll back costly regulations and overhaul the tax code to incentivize investments and more good-paying jobs here at home. Too many families are struggling with skyrocketing health care costs, and we need a new patient-centered approach that lowers costs and expands access to quality, affordable health care options. Protecting our national security and taking care of our veterans when they return from the battlefield is a solemn responsibility and must also be a top priority. Important work lies ahead to address these and other pressing challenges, and I’m committed to working with the President and my colleagues on both sides of the aisle to create a safer and more prosperous future for every American.","2017-03-01T03:24:49+0000","status",NA,"187654104587692_1430540593632364",NA,233,97,14
"187654104587692","Rep Tim Walberg","I'm honored to have Mike Hirst from Jackson as my guest at tomorrow's joint address to Congress. Through his work speaking at schools and forums, counseling addicts, and supporting families, Mike has been a tireless and compassionate advocate for raising awareness about the dangers of drug addiction and offering a helping hand to those in need.","2017-02-28T00:32:30+0000","link","http://www.mlive.com/news/jackson/index.ssf/2017/02/us_rep_tim_walberg_invites_mik.html#incart_river_home","187654104587692_1429272053759218",NA,78,46,7
"187654104587692","Rep Tim Walberg","As we work to repair our broken health care system, one important component is maintaining protections for patients with pre-existing conditions. That's why I'm a co-sponsor of H.R. 1121, the Pre-Existing Conditions Protection Act. http://go.usa.gov/x9hKC","2017-02-24T19:42:02+0000","video","https://www.facebook.com/RepWalberg/videos/1426100564076367/","187654104587692_1426100564076367",NA,103,150,14
"187654104587692","Rep Tim Walberg","This February, we recognize Career and Technical Education Month, and the important real world experience CTE programs provide today's students as they prepare for tomorrow's jobs. In the 7th District, we are fortunate to have places like the Southern Michigan Center for Science and Industry in Hudson, Monroe County Community College, the Jackson Area Career Center, and many more schools that help students learn in-demand skills.","2017-02-22T21:15:38+0000","video","https://www.facebook.com/RepWalberg/videos/1424288187590938/","187654104587692_1424288187590938",NA,44,61,5
"187654104587692","Rep Tim Walberg","Proper disposal of old and unwanted prescription drugs is one important way we can help combat this epidemic affecting our communities. Grateful for these drop off locations in Monroe County and many others across the 7th District.","2017-02-22T00:09:50+0000","link","http://www.monroenews.com/news/20170221/pill-dropoffs-help-fight-drug-abuse-in-area","187654104587692_1423485871004503",NA,54,29,7
"187654104587692","Rep Tim Walberg","Today we celebrate George Washington and those who have served in our nation's highest office. Happy Presidents' Day.","2017-02-20T17:36:45+0000","photo","https://www.facebook.com/RepWalberg/photos/a.189564381063331.45718.187654104587692/1422122054474218/?type=3","187654104587692_1422122054474218",NA,44,50,4
"187654104587692","Rep Tim Walberg","Today I helped introduce the Small Business Health Fairness Act to empower small businesses to provide their employees greater access to quality, affordable health care. It’s another step in delivering the patient-centered health care solutions the American people deserve.","2017-02-16T23:28:16+0000","link","http://walberg.house.gov/news/documentsingle.aspx?DocumentID=399341","187654104587692_1417748168244940",NA,93,73,10
"187654104587692","Rep Tim Walberg","Enjoyed meeting with Monroe County Community College, Jackson College, Lansing Community College, and Washtenaw Community College this week to discuss the important role community colleges play in preparing students for future careers.","2017-02-15T23:30:10+0000","photo","https://www.facebook.com/RepWalberg/photos/a.189564381063331.45718.187654104587692/1416409265045497/?type=3","187654104587692_1416485235037900","Rep Tim Walberg added 2 new photos.",48,94,9
"187654104587692","Rep Tim Walberg","Obtaining a degree provides such a valuable foundation for our children’s future and a successful career. My bipartisan bill, recently introduced with Rep. Dan Kildee, will give families increased opportunities to save for and afford the rising cost of education.","2017-02-13T16:35:37+0000","link","http://walberg.house.gov/news/documentsingle.aspx?DocumentID=399335","187654104587692_1414101611942929",NA,43,42,1
"187654104587692","Rep Tim Walberg","Good discussion at today's ShopTalk meeting with Lenawee County farmers about MAEAP and conservation best practices.","2017-02-10T18:57:47+0000","photo","https://www.facebook.com/RepWalberg/photos/a.189564381063331.45718.187654104587692/1411246732228417/?type=3","187654104587692_1411246732228417","Rep Tim Walberg in Palmyra, Michigan.",36,21,3
"187654104587692","Rep Tim Walberg","Inspired by my conversation with members of Srsly Chelsea and Srsly Dexter. These young people are leaders in their schools and are doing exemplary work to educate their peers and help prevent substance abuse in their communities.","2017-02-08T20:56:44+0000","photo","https://www.facebook.com/RepWalberg/photos/a.189564381063331.45718.187654104587692/1409384069081350/?type=3","187654104587692_1409384069081350",NA,29,14,5
"187654104587692","Rep Tim Walberg","At today's House Committee on Education and the Workforce hearing, we discussed ways to strengthen the workforce and close the skills gap by improving collaboration between employers and higher education institutions. http://go.usa.gov/x9Fzu","2017-02-08T00:18:49+0000","video","https://www.facebook.com/RepWalberg/videos/1408413999178357/","187654104587692_1408413999178357",NA,24,17,1
"187654104587692","Rep Tim Walberg","Technology has advanced dramatically in the last 30 years and our obsolete digital privacy laws need to be modernized for the 21st century. The Email Privacy Act, which passed the House tonight with my support, protects the American people's constitutional rights and requires the government to obtain a warrant in order to access an individual's emails.","2017-02-06T23:47:35+0000","link","http://thehill.com/policy/cybersecurity/318162-house-passes-bill-requiring-warrants-for-digital-data","187654104587692_1407166932636397",NA,57,11,6
"187654104587692","Rep Tim Walberg","Had a great time last night in Saline at Snowblast 2017 to support the Foundation for Saline Area Schools.","2017-02-05T21:12:51+0000","photo","https://www.facebook.com/RepWalberg/photos/a.757760457577051.1073741830.187654104587692/1405887852764305/?type=3","187654104587692_1405887886097635","Rep Tim Walberg added 3 new photos.",54,29,3
"187654104587692","Rep Tim Walberg","Michigan is on the forefront of automotive and technological innovation, and with new investments like General Motors and Honda announced earlier this week, we will continue to lead the way.","2017-02-03T22:42:57+0000","video","https://www.facebook.com/RepWalberg/videos/1403744982978592/","187654104587692_1403744982978592",NA,60,13,3
"187654104587692","Rep Tim Walberg","Judge Neil Gorsuch is a distinguished jurist with a sterling legal mind. Throughout his career, he has earned a reputation as a steadfast and intellectual defender of the Constitution and the rule of law. Judge Gorsuch is an excellent selection to follow in the philosophical tradition of Justice Scalia on the Supreme Court.","2017-02-01T01:27:12+0000","status",NA,"187654104587692_1400350703318020",NA,243,49,7
"187654104587692","Rep Tim Walberg","As National School Choice Week comes to a close, may we continue working to provide every child, no matter where they are from, with access to a quality education and an opportunity to pursue their dreams.","2017-01-28T14:29:01+0000","photo","https://www.facebook.com/RepWalberg/photos/a.189564381063331.45718.187654104587692/1395800040439753/?type=3","187654104587692_1395800040439753",NA,19,80,1
"187654104587692","Rep Tim Walberg","On this day in 1837, Michigan became our nation's 26th state. Happy 180th birthday, Michigan!","2017-01-26T16:52:25+0000","photo","https://www.facebook.com/RepWalberg/photos/a.189564381063331.45718.187654104587692/1394381853914905/?type=3","187654104587692_1394381853914905",NA,85,15,22
"187654104587692","Rep Tim Walberg","Exciting things happening at the LISD TECH Center to prepare students for job opportunities in the skilled trades.","2017-01-25T16:40:24+0000","link","http://www.lenconnect.com/news/20170124/tech-center-expands-welding-program","187654104587692_1393325450687212",NA,50,3,7
"187654104587692","Rep Tim Walberg","Moving forward with the Keystone XL and Dakota Access pipelines is welcome news for American workers. Construction of these infrastructure projects will put more Americans back to work, bolster our nation’s long-term energy security, and boost economic growth.","2017-01-24T19:34:21+0000","status",NA,"187654104587692_1392266880793069",NA,202,231,26
"187654104587692","Rep Tim Walberg","Through its career and technical education programs, the LISD TECH Center does tremendous work preparing students for success in the workplace. Glad to be in Adrian today to recognize the Tech Center's many contributions to the community.","2017-01-23T21:44:58+0000","photo","https://www.facebook.com/RepWalberg/photos/a.189564381063331.45718.187654104587692/1391134317572992/?type=3","187654104587692_1391134317572992",NA,46,3,3
"187654104587692","Rep Tim Walberg","It was an honor to join with Americans from across the country today to witness democracy in action. With the peaceful transfer of power now complete, it is time to work together to chart a new course and build a brighter future for our children and grandchildren.","2017-01-20T20:40:36+0000","photo","https://www.facebook.com/RepWalberg/photos/a.189564381063331.45718.187654104587692/1387674641252293/?type=3","187654104587692_1387707334582357","Rep Tim Walberg added 6 new photos.",469,59,19
"187654104587692","Rep Tim Walberg","The stage is set for tomorrow's inauguration ceremonies where we will witness the peaceful transition of power. It's been great to welcome so many Michigan families who are visiting our nation's capital this week to attend the inauguration.","2017-01-19T19:13:02+0000","photo","https://www.facebook.com/RepWalberg/photos/a.189564381063331.45718.187654104587692/1386726461347111/?type=3","187654104587692_1386726461347111",NA,73,15,3
"187654104587692","Rep Tim Walberg","Manning was convicted of stealing and distributing highly sensitive military secrets, putting American lives and national security at risk. This commutation is totally egregious and puts politics above security.","2017-01-18T02:26:29+0000","link","https://www.washingtonpost.com/world/national-security/obama-largely-commutes-sentence-of-chelsea-manning-us-soldier-convicted-for-leaking-classified-information/2017/01/17/f3205a1a-dcf8-11e6-ad42-f3375f271c9c_story.html?utm_term=.cf8e9b5214a6","187654104587692_1384868874866203",NA,50,58,24
"187654104587692","Rep Tim Walberg","Great to see more positive news for Michigan jobs and manufacturing.","2017-01-17T22:06:34+0000","link","http://www.detroitnews.com/story/business/autos/general-motors/2017/01/16/gm-investment/96652786/","187654104587692_1384730214880069",NA,130,7,23
"187654104587692","Rep Tim Walberg","Today we honor the legacy of Dr. Martin Luther King Jr. and his courage and commitment to freedom, justice, and opportunity.","2017-01-16T18:50:26+0000","photo","https://www.facebook.com/RepWalberg/photos/a.189564381063331.45718.187654104587692/1383763994976691/?type=3","187654104587692_1383763994976691",NA,30,8,3
"187654104587692","Rep Tim Walberg","It was great to be at the Detroit River International Wildlife Refuge today for a ceremony to name the visitors center the John D Dingell Jr. Visitor Center.","2017-01-14T19:37:43+0000","photo","https://www.facebook.com/RepWalberg/photos/a.757760457577051.1073741830.187654104587692/1381984075154683/?type=3","187654104587692_1381987038487720","Rep Tim Walberg added 3 new photos.",28,4,3
"187654104587692","Rep Tim Walberg","Today I introduced bipartisan legislation with Rep. Debbie Dingell to increase transparency at VA hospitals, and help ensure our nation’s veterans receive the highest quality care in a timely fashion.","2017-01-12T22:38:51+0000","link","http://walberg.house.gov/news/documentsingle.aspx?DocumentID=399236","187654104587692_1380231698663254",NA,127,20,16
"187654104587692","Rep Tim Walberg","This week kicks off the North American International Auto Show in Detroit. And as a car guy all my life, I never miss the world’s premier automotive event.","2017-01-10T19:00:37+0000","video","https://www.facebook.com/RepWalberg/videos/1378040635549027/","187654104587692_1378040635549027",NA,21,7,0
"187654104587692","Rep Tim Walberg","The men and women in law enforcement deserve our deepest gratitude for all they do to keep our communities safe. Each day when they walk out the door, they risk their lives to protect ours. I encourage people in Michigan and across the country to show their support for law enforcement today—wear blue clothing, display a blue light, or say a simple word of thanks to a police officer in your neighborhood.","2017-01-09T16:01:48+0000","link","http://walberg.house.gov/news/documentsingle.aspx?DocumentID=399232","187654104587692_1377159238970500",NA,149,6,18
"187654104587692","Rep Tim Walberg","The recent anti-Israel resolution at the United Nations was a shameful conclusion to eight years of the Obama administration’s disastrous foreign policy. It only undermined our close, democratic ally and the possibility of peace. Tonight, in a strong bipartisan fashion, the House voted to condemn these actions and stand shoulder to shoulder with Israel.","2017-01-06T00:19:27+0000","link","http://thehill.com/blogs/floor-action/house/312956-house-votes-to-rebuke-un-vote-on-israel","187654104587692_1374188685934222",NA,140,24,24
"187654104587692","Rep Tim Walberg","I'm honored to join the House Committee on Energy and Commerce this Congress. The Committee has broad jurisdiction over issues of great importance to Michigan families and all Americans, and I'm excited to get to work on solutions to tackle our nation's most pressing challenges.","2017-01-05T15:26:15+0000","link","http://walberg.house.gov/news/documentsingle.aspx?DocumentID=399229","187654104587692_1373874819298942",NA,144,27,10
"187654104587692","Rep Tim Walberg","Some good news for Michigan taxpayers in the first week of the new Congress. The Taxpayers Right-To-Know Act, my bill to shine light on wasteful federal spending, passed the House today. http://go.usa.gov/x928C","2017-01-04T20:48:37+0000","video","https://www.facebook.com/RepWalberg/videos/1373208342698923/","187654104587692_1373208342698923",NA,183,31,34
"187654104587692","Rep Tim Walberg","I'm deeply honored to once again have the opportunity to serve Michigan's 7th District and bring your voice and values to the halls of Congress.","2017-01-03T23:13:17+0000","link","http://walberg.house.gov/news/documentsingle.aspx?DocumentID=399226","187654104587692_1372411846111906",NA,355,45,5
"187654104587692","Rep Tim Walberg",NA,"2017-01-02T16:01:44+0000","link","http://www.mlive.com/opinion/jackson/index.ssf/2017/01/guest_column_reflecting_on_201.html#incart_river_home","187654104587692_1371274899558934","Rep Tim Walberg shared a link.",15,10,1
"187654104587692","Rep Tim Walberg","Sunny, blue sky, 37 degrees makes for a great first ride of 2017! Happy New Year!","2017-01-01T22:41:48+0000","photo","https://www.facebook.com/RepWalberg/photos/a.189564381063331.45718.187654104587692/1370666259619798/?type=3","187654104587692_1370666259619798",NA,190,20,5
"187654104587692","Rep Tim Walberg","Wishing you and yours a healthy, prosperous, and happy New Year.","2017-01-01T05:01:02+0000","photo","https://www.facebook.com/RepWalberg/photos/a.189564381063331.45718.187654104587692/1354928194526938/?type=3","187654104587692_1354928194526938",NA,56,6,1
