"from_id","from_name","message","created_time","type","link","id","story","likes_count","comments_count","shares_count"
"50850514797","Senator Richard Shelby","Great news for Alabama! This week, President Trump announced his intention to nominate three Alabamians to serve as U.S. Attorneys for the state’s Northern, Middle, and Southern districts.   Jay E. Town, of Huntsville, to be U.S. Attorney for the Northern District of Alabama. Since 2005, Jay has been in the Madison County District Attorney's office, where he is a senior prosecutor. He previously served as a judge advocate in the U.S. Marine Corps for 12 years. Jay Town is very qualified and, once confirmed, will be a great fit for the position.   Louis V. Franklin, Sr., of Montgomery, to be U.S. Attorney for the Middle District of Alabama. For close to three decades, Louis has been a federal prosecutor in the Middle District. He was the Assistant U.S. Attorney from 1990 to 1996 and again from 1998 to 2001. Louis Franklin is an honorable pick, and his immense expertise will enable him, once confirmed, to step into this role with ease.  Richard W. Moore, of Mobile, to be U.S. Attorney for the Southern District of Alabama. Moore is currently the inspector general for the Tennessee Valley Authority, a position he was nominated to by George W. Bush in 2003. Prior to his time at TVA, he served as an Assistant U.S. Attorney in Alabama’s Southern District from 1985 to 2003. Richard Moore, once confirmed, will serve this post with the utmost integrity.  Congratulations to these three exceptionally qualified nominees. I look forward to working with my colleagues to confirm them in the Senate.","2017-06-16T20:37:45+0000","status",NA,"50850514797_10155393801774798",NA,337,104,40
"50850514797","Senator Richard Shelby","Today I questioned Secretary James Mattis & General Joseph Dunford on the Department of Defense Fiscal Year 2018 budget request. General Dunford and I discussed the importance of the Littoral Combat Ship.","2017-06-14T22:47:06+0000","video","https://www.youtube.com/watch?v=DZRAyj57ZOs&feature=youtu.be","50850514797_10155387714114798",NA,53,29,4
"50850514797","Senator Richard Shelby","Received The American Conservative Union's Award for Conservative Achievement for my commitment to our nation's foundational principles and the U.S. Constitution. Thank you for the recognition.","2017-06-08T21:54:57+0000","photo","https://www.facebook.com/RichardShelby/photos/a.392177924797.171560.50850514797/10155368142744798/?type=3","50850514797_10155368142744798",NA,174,126,9
"50850514797","Senator Richard Shelby","Great news for our country and for Huntsville! Yesterday the U.S. Missile Defense Agency (MDA), based on Huntsville's Redstone Arsenal, successfully intercepted and destroyed an intercontinental ballistic missile (ICBM) target during the first live-fire test of MDA's Ground-Based Midcourse Defense (GMD) system. The GMD is designed to stop missiles – such as North Korean missiles – during the midcourse of their flight through space. This is critical in defending our homeland from U.S. adversaries.","2017-05-31T16:39:02+0000","link","https://www.mda.mil/news/17news0003.html","50850514797_10155340823499798",NA,633,86,141
"50850514797","Senator Richard Shelby","Airport infrastructure directly impacts safety and efficiency, as well as economic competitiveness in communities. Mobile’s airport will see long-term benefits from this grant funding, which will improve aviation services that are important to businesses and residents of South Alabama.","2017-05-22T19:02:14+0000","link","https://www.shelby.senate.gov/public/index.cfm/2017/5/shelby-announces-2-2m-for-mobile-airport-improvements","50850514797_10155312601699798",NA,93,88,9
"50850514797","Senator Richard Shelby","It was great to have Alabama Football Coach Scott Cochran and his family in Washington today. Roll Tide!","2017-05-15T22:31:40+0000","photo","https://www.facebook.com/RichardShelby/photos/a.392177924797.171560.50850514797/10155289608644798/?type=3","50850514797_10155289611019798","Senator Richard Shelby added 2 new photos.",235,55,10
"50850514797","Senator Richard Shelby","Royal Cup Coffee and Tea was founded in 1896 in Birmingham, Alabama. Thank you to Royal Cup and Hatton Smith for making a special Senatorial blend, which I plan to share with all of my Republican Senate colleagues today at lunch.","2017-05-11T16:54:33+0000","photo","https://www.facebook.com/RichardShelby/photos/a.392177924797.171560.50850514797/10155275743364798/?type=3","50850514797_10155275743364798",NA,366,120,20
"50850514797","Senator Richard Shelby","Visiting with the Tuscaloosa Rotary Honor Flight each year during their time in Washington is a great honor. Yesterday was no exception. We are forever grateful for their service to our country.","2017-05-11T14:10:54+0000","photo","https://www.facebook.com/RichardShelby/photos/a.392177924797.171560.50850514797/10155275278934798/?type=3","50850514797_10155275285864798","Senator Richard Shelby added 4 new photos.",131,30,5
"50850514797","Senator Richard Shelby","Today I introduced Jimmy Lyons, Director of the Alabama State Port Authority, during a Senate Committee on Environment and Public Works hearing on water resources.","2017-05-09T23:14:13+0000","link","https://www.shelby.senate.gov/public/index.cfm/2017/5/shelby-introduces-alabama-port-authority-director-during-water-resources-hearing","50850514797_10155270433239798",NA,64,51,3
"50850514797","Senator Richard Shelby","‪Today I celebrated my 83rd birthday with the staff in my Washington office. Thanks for all of the decorations.‬","2017-05-08T19:48:35+0000","photo","https://www.facebook.com/RichardShelby/photos/a.392177924797.171560.50850514797/10155267139704798/?type=3","50850514797_10155267139704798",NA,918,259,28
"50850514797","Senator Richard Shelby","Today I sat down with Dr. Charles Roberts and Robert Clark from St. Jude Children's Research Hospital to discuss their affiliate clinic in Huntsville and NIH funding. Enjoyed the meeting.","2017-05-04T22:36:11+0000","photo","https://www.facebook.com/RichardShelby/photos/a.392177924797.171560.50850514797/10155255812639798/?type=3","50850514797_10155255812639798",NA,95,85,5
"50850514797","Senator Richard Shelby","This afternoon, I voted to confirm Jay Clayton as the next chairman of the Securities and Exchange Commission. His background, education, and experience make him particularly well-suited for this respected position. I look forward to working with Mr. Clayton on efforts to promote and sustain our nation’s economic growth.","2017-05-02T22:06:00+0000","status",NA,"50850514797_10155249017899798",NA,65,33,5
"50850514797","Senator Richard Shelby","I am deeply troubled and disappointed with NOAA’s decision to considerably shorten the federal recreational fishing season for red snapper in the Gulf. NOAA’s announcement today is unacceptable. Over the years, I have consistently authored several provisions to improve the red snapper stock assessments and allowable catch limits. These actions include expanding the state boundary for catching reef fish out to nine miles, which is not subject to the federal season. In fact, the recent FY2017 government funding bill makes this boundary permanent. NOAA’s rule is a significant step backward in our progress to increase limits for private anglers in federal waters. I look forward to working with President Trump and Commerce Secretary Ross to develop a system that actually serves the U.S. recreational fishing community.","2017-05-02T21:50:58+0000","link","https://www.shelby.senate.gov/public/index.cfm/2017/5/shelby-noaa-s-announcement-to-shorten-recreational-red-snapper-season-is-unacceptable","50850514797_10155248984634798",NA,209,142,71
"50850514797","Senator Richard Shelby","Enjoyed breakfast this morning with the Huntsville/Madison County Chamber, a good group of hard-working, ambitious people. It’s a great honor to serve as one of their Senators.","2017-05-02T13:47:25+0000","photo","https://www.facebook.com/RichardShelby/photos/a.392177924797.171560.50850514797/10155247881439798/?type=3","50850514797_10155247881439798",NA,70,102,3
"50850514797","Senator Richard Shelby","Today I visited with the Alabama Rural Electric Association of Cooperatives about providing secure, reliable energy sources. Grateful for the good work they do in Alabama.  Alabama Rural Electric Association","2017-04-26T19:30:47+0000","photo","https://www.facebook.com/RichardShelby/photos/a.392177924797.171560.50850514797/10155230293164798/?type=3","50850514797_10155230293164798",NA,68,25,6
"50850514797","Senator Richard Shelby","Stephen is well-respected across the state of Alabama and is known for his ability to reach across the aisle and get things done. President Trump has made a great pick in nominating someone with Stephen’s level of integrity and character for this esteemed position.","2017-04-25T23:06:49+0000","link","https://www.shelby.senate.gov/public/index.cfm/2017/4/shelby-statement-on-assistant-ag-nomination","50850514797_10155227692554798",NA,147,34,14
"50850514797","Senator Richard Shelby","Agriculture is one of the largest industries in Alabama, and I believe Secretary Perdue will be an excellent proponent of our state’s interests. I offer him my congratulations and look forward to working with him on issues impacting our farmers and rural communities.","2017-04-25T20:41:55+0000","link","https://www.shelby.senate.gov/public/index.cfm/2017/4/shelby-announcement-on-agriculture-secretary-perdue","50850514797_10155227393769798",NA,53,15,1
"50850514797","Senator Richard Shelby","‪Enjoyed visiting today with recently-appointed Alabama Attorney General Steven T. Marshall, former Alabama Supreme Court Chief Justice Sue Bell Cobb, and Judge J. Michael Joiner.‬","2017-04-25T17:08:49+0000","photo","https://www.facebook.com/RichardShelby/photos/a.392177924797.171560.50850514797/10155226901689798/?type=3","50850514797_10155226901689798",NA,77,19,4
"50850514797","Senator Richard Shelby","I just wrapped up another successful visit to the great state of Alabama. It was a privilege to spend time with constituents and tour local businesses in Fort Payne, Leesburg, Rainbow City, Anniston, Heflin, Roanoke, and Ashland.","2017-04-18T21:40:38+0000","photo","https://www.facebook.com/RichardShelby/photos/a.10152510425169798.1073741828.50850514797/10155204438654798/?type=3","50850514797_10155204439394798","Senator Richard Shelby added 11 new photos.",107,52,8
"50850514797","Senator Richard Shelby","On Tax Day, the American people are reminded that our nation’s tax code is unnecessarily complex, confusing, and inefficient.  The SMART Act is a straightforward solution that would require taxpayers to only file a simple postcard size return, which would save Americans time and money.  The SMART Act would also allow businesses to redirect resources away from tax compliance and instead focus on expanding their businesses and creating jobs.","2017-04-18T15:15:07+0000","link","https://www.shelby.senate.gov/public/index.cfm/newsreleases?ID=E1901A5D-92CF-435D-9E84-8F87E05BEE75","50850514797_10155203292144798",NA,568,147,118
"50850514797","Senator Richard Shelby","The American people’s trust in their government depends on the integrity and dignity of those in office, and it is clear that Alabamians have lost this in Governor Bentley. As governor, Bentley was elected by the people of Alabama to the highest position of authority and should consequentially treat the office with the utmost respect. I believe he has made the right decision in offering his resignation.   I look forward to working with Lieutenant Governor Kay Ivey in her new capacity as Governor of Alabama.","2017-04-10T22:19:58+0000","link","https://www.shelby.senate.gov/public/index.cfm/2017/4/shelby-statement-on-governor-robert-bentley-s-resignation","50850514797_10155177850054798",NA,241,82,16
"50850514797","Senator Richard Shelby","Aerojet Rocketdyne’s announcement today is excellent news for our state. North Alabama remains the nation’s epicenter for aerospace and defense research, development, and production. I am pleased to see Aerojet Rocketdyne investing and growing in Alabama, and I look forward to working with them and other businesses to continue boosting economic development opportunities.","2017-04-10T20:23:41+0000","link","https://www.shelby.senate.gov/public/index.cfm/newsreleases?ID=1B585495-80FD-4B75-A647-15602B21F68B","50850514797_10155177567609798",NA,63,7,2
"50850514797","Senator Richard Shelby","I was proud to support and confirm Judge Neil Gorsuch to serve on the United States Supreme Court. Judge Gorsuch has clearly demonstrated that he consistently applies the law, as it is written, fairly and equally to all.  There is no doubt that Judge Gorsuch will use this position to serve the American people with unwavering commitment to the Constitution, and I am confident that he will preserve the late Justice Antonin Scalia’s legacy on the bench for years to come.","2017-04-07T18:38:32+0000","link","https://www.shelby.senate.gov/public/index.cfm/newsreleases?ID=DD1D248D-7C35-4531-BF36-3B3FB097DD51","50850514797_10155163895699798",NA,406,80,8
"50850514797","Senator Richard Shelby","President Obama and his administration had a vague and weak Syrian policy that I could not support. However, President Trump’s actions last night in retaliation of Bashar Al-Assad’s use of chemical weapons against innocent civilians were appropriate, targeted, and strategic. I believe that the President must articulate a comprehensive plan to Congress and the American people, one that details how we can best protect our nation’s interests both at home and abroad.","2017-04-07T15:46:16+0000","photo","https://www.facebook.com/RichardShelby/photos/a.392177924797.171560.50850514797/10155163326669798/?type=3","50850514797_10155163326669798",NA,235,113,22
"50850514797","Senator Richard Shelby","Judge Gorsuch is one of the most qualified nominees that I have seen while serving in the United States Senate. His background, credentials, and commitment to the Constitution speak for themselves. Unfortunately, Senate Democrats decided to put partisan politics ahead of what is best for our nation.  The American people spoke clearly when they elected President Trump, and their voices deserve to be heard. By filibustering this nomination, the Democrats are disregarding 230 years of precedent and tradition. This is why I fully support changing the Senate rules to confirm Judge Gorsuch to serve on our nation’s highest Court.","2017-04-06T18:34:25+0000","link","https://www.shelby.senate.gov/public/index.cfm/2017/4/shelby-statement-on-senate-rule-change-to-confirm-supreme-court-nominee-judge-gorsuch","50850514797_10155159771454798",NA,465,153,39
"50850514797","Senator Richard Shelby","While Senate Democrats threaten the first partisan filibuster on a Supreme Court Nominee in American history, I am hopeful that my colleagues will decide to give exceptionally qualified candidate, Judge Gorsuch, the up-or-down vote he deserves.","2017-04-06T14:10:20+0000","status",NA,"50850514797_10155158941859798",NA,213,101,8
"50850514797","Senator Richard Shelby","Everyone stay safe and please take proper precautions with the impending weather in Alabama today.","2017-04-05T13:36:23+0000","link","http://www.al.com/news/birmingham/index.ssf/2017/04/nws_forecasters_everybody_in_t.html#incart_2box","50850514797_10155155433019798",NA,69,8,10
"50850514797","Senator Richard Shelby","Today I had the honor and privilege of speaking at the Port of Huntsville’s International Intermodal Center’s (IIC) 30th Anniversary celebration. Beginning operations in 1986, the IIC has served as a central hub for receiving, transferring, storing, and distributing goods via air, rail, and highway. I am a proud supporter of the work the IIC does for the great state of Alabama.","2017-04-03T15:44:22+0000","photo","https://www.facebook.com/RichardShelby/photos/a.392177924797.171560.50850514797/10155149507094798/?type=3","50850514797_10155149507094798",NA,43,14,6
"50850514797","Senator Richard Shelby","I enjoyed my time today traveling through the great state of Alabama. I appreciated the opportunity to meet with business owners and constituents in Huntsville, Decatur, and Moulton and talk with them about the issues facing our nation.","2017-04-01T23:09:50+0000","photo","https://www.facebook.com/RichardShelby/photos/a.10152510425169798.1073741828.50850514797/10155144864334798/?type=3","50850514797_10155144882239798","Senator Richard Shelby added 4 new photos.",124,38,7
"50850514797","Senator Richard Shelby","Today's announcement by DRS is great news for Alabama and potential economic growth in the Tuskegee region. I am extremely proud of our state's dynamic workforce and long history of supporting America's men and women in uniform.","2017-03-30T17:51:03+0000","link","http://www.wsfa.com/story/35032832/global-aerospace-and-defense-firm-bids-to-build-aircraft-create-jobs-in-tuskegee","50850514797_10155138322549798",NA,78,21,10
"50850514797","Senator Richard Shelby","I enjoyed meeting with members of the Alabama Cattlemen's Association and hearing about the current issues that impact their industry.","2017-03-29T21:47:11+0000","photo","https://www.facebook.com/RichardShelby/photos/a.392177924797.171560.50850514797/10155136194269798/?type=3","50850514797_10155136194269798",NA,102,41,4
"50850514797","Senator Richard Shelby","It was a great privilege to meet World War II Purple Heart recipient John Wesley Garmon and his family. He exemplifies the highest degree of duty and honor. Please join me in thanking Mr. Garmon, along with all of those who are willing to fight for our freedom, for their sacrifices.","2017-03-28T23:27:18+0000","photo","https://www.facebook.com/RichardShelby/photos/a.392177924797.171560.50850514797/10155133572499798/?type=3","50850514797_10155133580534798","Senator Richard Shelby added 3 new photos.",143,21,6
"50850514797","Senator Richard Shelby","I just wrapped up another successful day of traveling through the great state of Alabama. I enjoyed my time meeting with business owners in Dadeville, Lanett, Phenix City, Auburn, Tuskegee, and Union Springs. I appreciate the opportunity to listen to hardworking Alabamians and discuss the current state of our nation.","2017-03-25T21:57:23+0000","photo","https://www.facebook.com/RichardShelby/photos/a.10152510425169798.1073741828.50850514797/10155122942624798/?type=3","50850514797_10155122950694798","Senator Richard Shelby added 7 new photos.",110,79,11
"50850514797","Senator Richard Shelby","I am deeply saddened by the tragic news of the passing of Emily Armistead. The state of Alabama and the Republican Party have both suffered a great loss. My thoughts and prayers are with former Chairman Armistead and his family during this difficult time.","2017-03-24T19:53:53+0000","link","http://www.alreporter.com/2017/03/24/emily-armistead-killed-accident-thursday/","50850514797_10155119671199798",NA,71,9,9
"50850514797","Senator Richard Shelby","Today my staff had the privilege of attending the VORTEX-Southeast Media Day in Huntsville, Alabama. I am pleased to see The University of Alabama in Huntsville collaborating with NOAA National Severe Storms Laboratory to promote VORTEX-Southeast’s Tornado Project Field Operations in efforts to study tornadoes in our region.","2017-03-21T22:46:27+0000","photo","https://www.facebook.com/RichardShelby/photos/a.392177924797.171560.50850514797/10155110622359798/?type=3","50850514797_10155110622359798",NA,52,16,4
"50850514797","Senator Richard Shelby","Great news today from Alabama's Coastal Conservation Association. cc: American Sportsfishing Association; asafishing.org/senator-shelby-leads-way-better-gulf-red-snapper-data/","2017-03-20T21:48:00+0000","photo","https://www.facebook.com/RichardShelby/photos/a.392177924797.171560.50850514797/10155107744959798/?type=3","50850514797_10155107744959798",NA,39,18,9
"50850514797","Senator Richard Shelby","Thank you to The American Society of Civil Engineers for the meeting yesterday. I appreciate these Alabamians traveling to our nation's Capitol to update me on several important infrastructure needs in the state.","2017-03-16T20:38:00+0000","photo","https://www.facebook.com/RichardShelby/photos/a.392177924797.171560.50850514797/10155095717839798/?type=3","50850514797_10155095717839798",NA,39,18,3
"50850514797","Senator Richard Shelby","Today’s announcement by NOAA is a critical step towards much-needed reform to the way fish are counted in the Gulf of Mexico. These efforts will help ensure that NOAA counts red snapper where they actually live – on reefs.  I’m pleased that this assessment will provide an independent check on NOAA’s internal counts for red snapper in the Gulf, which is long overdue. My goal has always been, and will continue to be, to get our Gulf fishermen more days out on the water.","2017-03-14T13:49:35+0000","link","http://www.shelby.senate.gov/public/index.cfm/newsreleases?ID=91443760-0EB2-412B-9598-92189051B4A0","50850514797_10155088982594798",NA,121,32,24
"50850514797","Senator Richard Shelby","On March 12, 1946 the War Department renamed the Army Air Forces School ‘Air University.’ To this day, Air University remains the U.S. Air Force’s institution of higher learning and provides education in military subjects to all U.S. military services and air forces of other countries. I am proud that Air University calls Montgomery home.  cc: Maxwell Air Force Base, Alabama","2017-03-13T19:05:08+0000","link","http://alabamanewscenter.com/2017/03/12/on-this-day-in-alabama-history-war-department-names-air-university-maxwell-air-force-base/","50850514797_10155086833384798",NA,73,14,9
"50850514797","Senator Richard Shelby","I enjoyed my time today traveling through the great state of Alabama. I appreciate the opportunity I had to speak with business owners and constituents in Florence, Muscle Shoals, Russellville, Haleyville, and Winfield on the current state of our nation.","2017-03-11T22:32:35+0000","photo","https://www.facebook.com/RichardShelby/photos/a.10152510425169798.1073741828.50850514797/10155079959609798/?type=3","50850514797_10155079963119798","Senator Richard Shelby added 5 new photos.",71,32,4
"50850514797","Senator Richard Shelby","I had a great meeting with Associated Builders & Contractors of Alabama yesterday afternoon. I always enjoy receiving an update on the needs of their industry.","2017-03-10T14:45:42+0000","photo","https://www.facebook.com/RichardShelby/photos/a.392177924797.171560.50850514797/10155075336189798/?type=3","50850514797_10155075336189798",NA,49,16,2
"50850514797","Senator Richard Shelby","It was a pleasure to meet with Emma Turner and Sydney Ross today.  They are in Washington this week representing Alabama in the United States Senate Youth Program.   Emma attends Indian Springs School and Sydney attends Grissom High School.  I am proud to have these bright, young students here in our nation's capital and look forward to seeing their future achievements.","2017-03-08T23:48:11+0000","photo","https://www.facebook.com/RichardShelby/photos/a.392177924797.171560.50850514797/10155068974649798/?type=3","50850514797_10155069048489798","Senator Richard Shelby added 2 new photos.",62,19,3
"50850514797","Senator Richard Shelby","Did you know that the majority of all the peanuts grown in the United States are grown within a 100-mile radius of Dothan, Alabama?  Dothan Area Chamber of Commerce, City of Dothan Government","2017-03-07T22:39:03+0000","photo","https://www.facebook.com/RichardShelby/photos/a.392177924797.171560.50850514797/10155064893799798/?type=3","50850514797_10155064893799798",NA,210,27,36
"50850514797","Senator Richard Shelby","I was glad to hear that students from Briarwood Christian School in Birmingham had the opportunity to meet President Trump this morning during their tour of the White House. I welcome these young Alabamians to our nation’s capital and hope that they have a great educational experience.","2017-03-07T18:15:37+0000","link","http://altoday.com/archives/15670-donald-trump-surprises-alabama-students-during-white-house-tour","50850514797_10155063380819798",NA,693,52,67
"50850514797","Senator Richard Shelby","The safety and security of the American people must be a top priority.  I have always supported a rigorous review of our vetting process for those who cross our nation’s borders, and I am pleased that President Trump has appropriately modified his executive order to achieve this critical goal.    I look forward to working with the Trump Administration and my colleagues in Congress to keep our citizens safe from any individual seeking to enter our nation and do us harm.","2017-03-06T22:25:09+0000","link","http://www.shelby.senate.gov/public/index.cfm/newsreleases?ID=3D4B5B5A-AA44-4C1F-9318-64BEA6877905","50850514797_10155060979739798",NA,198,56,19
"50850514797","Senator Richard Shelby","I just wrapped up another day of traveling throughout the state to talk with Alabamians about their views on the issues facing our nation.  I enjoyed spending time in Chatom, Silas, Livingston, Aliceville, and Millport.","2017-03-04T22:10:48+0000","photo","https://www.facebook.com/RichardShelby/photos/a.10152510425169798.1073741828.50850514797/10155054861444798/?type=3","50850514797_10155054862039798","Senator Richard Shelby added 15 new photos.",113,29,7
"50850514797","Senator Richard Shelby","The EPA’s rule redefining ‘waters of the United States’ was a prime example of the Obama Administration’s overreach.  The rule placed thousands of streams, creeks, wetlands, ponds, and ditches throughout the country under the control of Washington bureaucrats instead of private property owners.    President Trump’s executive order instructing the EPA and the Army Corps of Engineers to review and reconsider the WOTUS rule is great news for the American people. I look forward to working with the Trump Administration to protect the rights of rural Americans.","2017-03-03T13:30:10+0000","link","http://www.cnbc.com/2017/02/28/trump-executive-order-seeks-to-roll-back-controversial-obama-water-rule.html","50850514797_10155050131359798",NA,212,115,33
"50850514797","Senator Richard Shelby","This afternoon I watched Attorney General Sessions’ press conference where he thoroughly explained his responses to the Judiciary Committee.  As I have said before, I hold Jeff’s integrity in the highest regard and his action solidifies my respect for his leadership.     I firmly believe that Jeff has committed no wrongdoing and his statement today proves as much.  Attorney General Sessions’ decision to recuse himself was wise, and I fully support him.","2017-03-02T23:28:50+0000","link","http://www.shelby.senate.gov/public/index.cfm/newsreleases?ID=80FF2205-571C-4930-A5CF-32DFC5094B1B","50850514797_10155048045704798",NA,675,153,65
"50850514797","Senator Richard Shelby","It was a privilege to meet this week with Dr. Heather Wilson, President Trump’s nominee for Secretary of the Air Force. As a member of the Senate Appropriations Subcommittee on Defense, I look forward to supporting her nomination and urge my Senate colleagues to join me.","2017-03-02T14:39:17+0000","photo","https://www.facebook.com/RichardShelby/photos/a.392177924797.171560.50850514797/10155046816014798/?type=3","50850514797_10155046816014798",NA,91,10,2
"50850514797","Senator Richard Shelby","Today marks the 10th anniversary of the EF4 tornado that devastated Enterprise High School and Coffee County, Alabama. My thoughts and prayers are with my friends in Enterprise as we remember and honor the nine souls lost in this tragic disaster.  http://www.al.com/living/index.ssf/2017/03/march_1st_is_the_10th_annivers.html","2017-03-01T21:34:36+0000","link","http://www.al.com/living/index.ssf/2017/03/march_1st_is_the_10th_annivers.html","50850514797_10155045105294798",NA,32,5,3
"50850514797","Senator Richard Shelby","In tonight’s address to Congress, President Trump laid out his vision for the nation and reiterated his commitment to ensuring that the American people have the opportunity to succeed.  His remarks were a refreshing change from the last eight years, and I look forward to working with him on the many priorities discussed.  In particular, I stand ready to work with the President on overhauling our broken tax code, rolling back burdensome rules and regulations, and getting Washington out of the way so that Americans can get back to work.   It’s time for us to deliver on our promises for the American people.","2017-03-01T03:33:44+0000","link","http://www.shelby.senate.gov/public/index.cfm/2017/2/shelby-statement-on-president-trump","50850514797_10155043193869798",NA,814,115,54
"50850514797","Senator Richard Shelby","It was great to see former staff member and current Montgomery County Commissioner Ronda McCaul Walker and her husband Jason Walker today in DC.","2017-02-28T23:02:36+0000","photo","https://www.facebook.com/RichardShelby/photos/a.392177924797.171560.50850514797/10155042734589798/?type=3","50850514797_10155042734589798",NA,84,11,1
"50850514797","Senator Richard Shelby","I am deeply saddened by the news coming out of Gulf Shores today. Please join me in praying for all who were injured.","2017-02-28T19:16:31+0000","link","http://www.foxnews.com/us/2017/02/28/vehicle-drives-into-gulf-shores-mardi-gras-parade-injuries-reported.html","50850514797_10155042266014798",NA,154,14,38
"50850514797","Senator Richard Shelby","I strongly condemn the recent threats made against the Levite Jewish Community Center in Birmingham.  These threats have no place in our country and should be taken very seriously.  I'm pleased to learn that the FBI is investigating, and I stand with the Jewish community in Birmingham and all across America against these hateful and dangerous actions.","2017-02-27T21:52:42+0000","link","http://www.al.com/news/birmingham/index.ssf/2017/02/levite_jewish_community_center.html","50850514797_10155039866619798",NA,295,55,63
"50850514797","Senator Richard Shelby","I enjoyed a visit to Gulf States Mobility, Inc. this morning in Wetumpka. They employ 8 Alabamians currently and will soon double the size of the facility, adding 4 more jobs. Out of the 310 certified mobility vendors in the United States, Gulf States Mobility is one of three veteran-owned.","2017-02-25T17:32:29+0000","photo","https://www.facebook.com/RichardShelby/photos/a.10152510425169798.1073741828.50850514797/10155034124284798/?type=3","50850514797_10155034126864798","Senator Richard Shelby added 2 new photos.",113,40,5
"50850514797","Senator Richard Shelby","Today I enjoyed another day of traveling throughout the state. It was a privilege to spend time with constituents and tour local businesses in Dallas, Perry, Bibb, Chilton, and Autauga counties.","2017-02-25T05:11:01+0000","photo","https://www.facebook.com/RichardShelby/photos/a.10152510425169798.1073741828.50850514797/10155032728479798/?type=3","50850514797_10155032735979798","Senator Richard Shelby added 5 new photos from February 24.",68,18,5
"50850514797","Senator Richard Shelby","I had another great day spending time with Alabamians to discuss the current direction of our nation.  I started the morning at Fort Rucker, Alabama then visited Brantley, Luverne, Greenville, Fort Deposit, and Camden.","2017-02-24T02:52:57+0000","photo","https://www.facebook.com/RichardShelby/photos/a.10152510425169798.1073741828.50850514797/10155029623479798/?type=3","50850514797_10155029624304798","Senator Richard Shelby added 23 new photos.",108,35,6
"50850514797","Senator Richard Shelby","I spent the day traveling around our great state to talk with constituents about the Trump Administration, rolling back burdensome regulations, tax reform, and more.  I enjoyed meeting with Alabamians in Dothan, Headland, Eufaula, Troy, and Midland City.  Todd Farms E&H Steel Corporation Key Hose Lockheed Martin Southern Plastics","2017-02-22T22:52:01+0000","photo","https://www.facebook.com/RichardShelby/photos/a.10152510425169798.1073741828.50850514797/10155026430354798/?type=3","50850514797_10155026430819798","Senator Richard Shelby added 13 new photos.",110,45,15
"50850514797","Senator Richard Shelby","This morning I enjoyed seeing some of the Lady Knights from Montgomery Catholic Preparatory School before their basketball game in Dothan.","2017-02-22T13:52:26+0000","photo","https://www.facebook.com/RichardShelby/photos/a.392177924797.171560.50850514797/10155025258069798/?type=3","50850514797_10155025258069798",NA,86,22,8
"50850514797","Senator Richard Shelby","Thanks for having me today, Furniture City!","2017-02-21T23:28:36+0000","photo","https://www.facebook.com/furniturecityal/photos/a.325052204827.148936.162655969827/10155146926044828/?type=3","50850514797_10155023834959798","Senator Richard Shelby shared Furniture City's photo.",51,26,0
"50850514797","Senator Richard Shelby","I enjoyed spending time with constituents in Robertsdale, Atmore, Castleberry, Opp, and Hartford today.  These small and medium-sized businesses make our state proud and prove that Alabama is open for business. Furniture City","2017-02-21T23:19:21+0000","photo","https://www.facebook.com/RichardShelby/photos/a.10152510425169798.1073741828.50850514797/10155023810234798/?type=3","50850514797_10155023812424798","Senator Richard Shelby added 19 new photos.",49,23,8
"50850514797","Senator Richard Shelby","I had a great day visiting with constituents in Boligee, Moundville, Linden, Thomasville, and Beatrice today.  Small businesses are the backbone of our economy, and I will continue to fight for them in Washington. cc: Monroe Sausage","2017-02-20T22:14:02+0000","photo","https://www.facebook.com/RichardShelby/photos/a.10152510425169798.1073741828.50850514797/10155020962779798/?type=3","50850514797_10155020963479798","Senator Richard Shelby added 15 new photos.",144,61,13
"50850514797","Senator Richard Shelby","Today I met with job creators in Pell City, Warrior, Cullman, Jasper, and Fayette.  I always enjoy the opportunity to talk with my constituents and hear firsthand about the impact of federal policies on Alabama's economy.","2017-02-18T23:53:35+0000","photo","https://www.facebook.com/RichardShelby/photos/a.10152510425169798.1073741828.50850514797/10155015623069798/?type=3","50850514797_10155015623349798","Senator Richard Shelby added 5 new photos.",149,101,17
"50850514797","Senator Richard Shelby","Today I was proud to vote in favor of Scott Pruitt to serve as the Administrator of the U.S. Environmental Protection Agency.  As a member of the Senate Committee on Environment and Public Works, I look forward to working with Administrator Pruitt in his new role.    Read my full statement below.","2017-02-17T19:29:16+0000","link","http://www.shelby.senate.gov/public/index.cfm/2017/2/shelby-votes-to-confirm-scott-pruitt-as-epa-administrator","50850514797_10155011468754798",NA,295,166,24
"50850514797","Senator Richard Shelby","When President Donald Trump nominated Jeff Sessions to serve as our United States Attorney General, there was no doubt in my mind that he was an excellent and wise choice.   Read more in my op-ed in The Daily Caller: http://dailycaller.com/2017/02/16/jeff-sessions-restores-integrity-at-the-doj/","2017-02-16T21:21:36+0000","link","http://dailycaller.com/2017/02/16/jeff-sessions-restores-integrity-at-the-doj/","50850514797_10155007705284798",NA,426,90,21
"50850514797","Senator Richard Shelby",NA,"2017-02-14T23:15:57+0000","link","http://yellowhammernews.com/politics-2/shelbys-new-committee-post-puts-close-battle-cut-epa-regulations/","50850514797_10155000802159798","Senator Richard Shelby shared Yellowhammer News's post.",91,47,0
"50850514797","Senator Richard Shelby","Tonight the Senate unanimously confirmed Dr. David Shulkin to serve as our next Secretary of the U.S. Department of Veterans Affairs.  I look forward to working with Secretary Shulkin to ensure that our nation's veterans receive the care that they have earned and deserve.","2017-02-14T01:07:57+0000","link","http://www.washingtonexaminer.com/article/2614720/","50850514797_10154998057164798",NA,100,23,6
"50850514797","Senator Richard Shelby","I'm pleased to announce that I am joining the Senate Committee on Environment and Public Works (EPW).  This is a critical time for our nation’s environment and public works, which is why I am delighted to pick up where Attorney General Sessions left off in the EPW committee.  I look forward to working with my colleagues to protect our nation’s environment while rolling back unnecessary EPA regulations that harm economic growth.  I also stand ready to work with the committee and the Trump Administration to bring infrastructure into the 21st Century both in Alabama and across the country.  Read more here: http://www.shelby.senate.gov/public/index.cfm/2017/2/shelby-joins-environment-and-public-works-committee","2017-02-13T19:04:28+0000","link","http://www.shelby.senate.gov/public/index.cfm/2017/2/shelby-joins-environment-and-public-works-committee","50850514797_10154997316864798",NA,172,43,9
"50850514797","Senator Richard Shelby","The Senate confirmed, with my vote, Dr. Tom Price to serve as our next Secretary of the Department of Health and Human Services.  I look forward to working with him to replace Obamacare with a health care system that actually works for Alabamians and all Americans.","2017-02-10T13:55:51+0000","photo","https://www.facebook.com/SenateGOP/photos/a.10150526406149360.391511.11052154359/10154932556549360/?type=3","50850514797_10154988292064798","Senator Richard Shelby shared Senate GOP's photo.",114,38,0
"50850514797","Senator Richard Shelby","I am pleased that Governor Robert Bentley took the appointment of Jeff Sessions' Senate seat very seriously.  While Jeff leaves behind big shoes to fill in the Senate, I have no doubt that Luther Strange will step in to this position seamlessly.   I have always known Luther to have the best interest of the state of Alabama in the forefront of his mind.  I look forward to partnering with him to fight for conservative principles in the Senate.","2017-02-09T13:59:03+0000","link","http://www.shelby.senate.gov/public/index.cfm/2017/2/shelby-statement-on-governor-bentley-s-senate-appointment","50850514797_10154985387784798",NA,214,55,10
"50850514797","Senator Richard Shelby","Tonight it was my distinct privilege to speak on the Senate floor in support of my friend and our United States Attorney General Jeff Sessions.  Jeff has served the people of Alabama with honor, which is undoubtedly how he will approach the job as our nation’s chief law enforcement officer.         While I will miss partnering with him in the Senate on behalf of our great state, our work together will not come to a close tonight.  I join my fellow Alabamians and Senate colleagues in congratulating Attorney General Sessions, and I look forward to working with him in his new role.  Watch my remarks on the Senate floor below.","2017-02-09T01:32:14+0000","video","https://www.facebook.com/RichardShelby/videos/10154984248909798/","50850514797_10154984248909798",NA,789,73,40
"50850514797","Senator Richard Shelby","I am pleased to share that Elizabeth Lipp, 16, of Mountain Brook and Louise Adair, 13, of Tuscaloosa have been recognized as two of our nation’s top youth volunteers for 2017 by The Prudential Spirit of Community Awards.  I commend these two students for their outstanding dedication to volunteerism.  Read more about Elizabeth, Louise, and other distinguished Alabama finalists here: http://bit.ly/2lhkGXq","2017-02-07T21:57:09+0000","link","http://bit.ly/2lhkGXq","50850514797_10154980743134798",NA,142,33,13
"50850514797","Senator Richard Shelby","This morning I had a productive meeting at Mercedes-Benz U.S. International in Vance.  The manufacturing plant has a tremendous impact on our state's economy, and I'm proud to have them in Tuscaloosa County.","2017-02-06T15:25:57+0000","link","http://www.mbusi.com/factory","50850514797_10154976870364798",NA,175,71,6
"50850514797","Senator Richard Shelby","It is my honor to announce that I have nominated 35 students from across the state of Alabama to attend United States service academies.  Service academies include the U.S. Naval Academy, U.S. Air Force Academy, U.S. Military Academy, and the U.S. Merchant Marine Academy.  These students are among the best and brightest in Alabama as evidenced by their achievements both inside and outside the classroom.  It is my honor to recommend them, and I wish them the very best.   Read more about the students here: http://www.shelby.senate.gov/public/index.cfm/newsreleases?page=1","2017-02-03T22:13:33+0000","link","http://www.shelby.senate.gov/public/index.cfm/newsreleases?page=1","50850514797_10154969058679798",NA,294,33,13
"50850514797","Senator Richard Shelby","Great news: The Senate Judiciary Committee approved the nomination of Senator Jeff Sessions to be our next Attorney General.  I look forward to supporting him when the vote comes before the full Senate.","2017-02-01T17:57:16+0000","link","http://yellowhammernews.com/politics-2/judiciary-committee-approves-sessions-ag/","50850514797_10154962529764798","Senator Richard Shelby shared Yellowhammer News's post.",621,70,0
"50850514797","Senator Richard Shelby","President Trump has made an outstanding selection in nominating Judge Neil Gorsuch to the Supreme Court.  Justice Antonin Scalia was a conservative lion, and I am confident that Judge Gorsuch will preserve his legacy on the bench for generations to come.   Our next Supreme Court Justice must be a steadfast supporter of the rule of law with an unwavering commitment to the Constitution.  There is no doubt that Judge Gorsuch meets these necessary qualifications.    I look forward to supporting his nomination and urge my Senate colleagues to join me.","2017-02-01T01:30:19+0000","link","http://www.shelby.senate.gov/public/index.cfm/2017/1/shelby-applauds-president-trump-s-supreme-court-nominee","50850514797_10154960584679798",NA,438,44,24
"50850514797","Senator Richard Shelby","Making good on my promise, I delivered Priester's Pecans to Senator Tim Scott today and congratulated him on Clemson's national championship.  I also reminded him that the 2017 season starts tomorrow with National Signing Day. #RollTide","2017-01-31T23:05:36+0000","photo","https://www.facebook.com/RichardShelby/photos/a.392177924797.171560.50850514797/10154960259934798/?type=3","50850514797_10154960265839798","Senator Richard Shelby added 2 new photos.",271,20,15
"50850514797","Senator Richard Shelby","I was proud to support Secretary Elaine Chao today in the Senate.  She will bring great skill and expertise to the Department of Transportation.  I look forward to working with her to modernize and improve our nation’s infrastructure, including many critical priorities in the state of Alabama.","2017-01-31T18:56:38+0000","photo","https://www.facebook.com/SenateGOP/photos/a.10150526406149360.391511.11052154359/10154905084589360/?type=3","50850514797_10154959677779798","Senator Richard Shelby shared Senate GOP's photo.",71,11,0
"50850514797","Senator Richard Shelby","Today Aerojet Rocketdyne announced that it is bringing 100 new jobs to Huntsville.  This is excellent news for the area and our entire state.    North Alabama’s world-class workforce and long history of supporting our nation’s space and defense needs makes the area an attractive location for companies looking to grow.","2017-01-30T23:28:01+0000","link","http://www.shelby.senate.gov/public/index.cfm/2017/1/shelby-praises-aerojet-rocketdyne-s-job-announcement-in-huntsville","50850514797_10154956702709798",NA,159,14,19
"50850514797","Senator Richard Shelby","It was great to see Dr. Billy Hawkins, President of Talladega College, today in my DC office.","2017-01-30T22:00:39+0000","photo","https://www.facebook.com/RichardShelby/photos/a.392177924797.171560.50850514797/10154956442289798/?type=3","50850514797_10154956443094798","Senator Richard Shelby added 2 new photos.",143,8,4
"50850514797","Senator Richard Shelby","I'm pleased to share that Ryan Williams from Madison, Alabama, recently completed the United States Senate Page Program.  Ryan, a student at Bob Jones High School, is an outstanding young man who represented the state of Alabama extremely well during his time in the program.  The Page Program is a highly rigorous and competitive academic experience that allows students from around the country to play an important role in the day-to-day operations of Congress.  I am grateful for Ryan’s hard work and ambition, and I am confident that he has a bright future ahead.","2017-01-27T16:39:59+0000","photo","https://www.facebook.com/RichardShelby/photos/a.392177924797.171560.50850514797/10154947167979798/?type=3","50850514797_10154947168909798","Senator Richard Shelby added 2 new photos.",145,33,4
"50850514797","Senator Richard Shelby","Today is the annual March for Life event in DC.  I believe that human life is a gift that should be cherished and protected.  #MarchForLife2017","2017-01-27T15:52:22+0000","status",NA,"50850514797_10154947042244798",NA,256,43,17
"50850514797","Senator Richard Shelby","President Trump issued an executive order today regarding sanctuary cities, which are local municipalities that obstruct policies to remove illegal immigrants who have committed crimes.  Sanctuary cities blatantly ignore our nation’s immigration laws, which is why I have long advocated restricting their access to the Department of Justice’s state and local grant funding.    Today's action by President Trump is a step in the right direction, and I look forward to working with his Administration on this important issue.","2017-01-26T01:01:17+0000","link","http://www.shelby.senate.gov/public/index.cfm/2017/1/shelby-applauds-president-trump-s-action-on-sanctuary-cities","50850514797_10154942529249798",NA,454,60,58
"50850514797","Senator Richard Shelby","In the 115th Congress, I am honored to be the Chairman of the Senate Rules Committee and to continue to serve on the Banking and Appropriations Committees.  There is much work to be done, and I look forward to hitting the ground running in these committees to deliver results for Alabamians.  Read more about my committee and subcommittee assignments here: http://www.shelby.senate.gov/public/index.cfm/2017/1/shelby-announces-committee-chairmanship-assignments-for-115th-congress","2017-01-25T15:54:33+0000","link","http://www.shelby.senate.gov/public/index.cfm/2017/1/shelby-announces-committee-chairmanship-assignments-for-115th-congress","50850514797_10154940988174798",NA,207,22,20
"50850514797","Senator Richard Shelby","It is great news that President Trump is already delivering on his promise to get Washington out of the way in order to unleash American job growth and opportunity.    The Obama Administration unnecessarily blocked the Keystone XL Pipeline project for far too long, which delayed the creation of good-paying jobs across the country.","2017-01-24T19:47:05+0000","photo","https://www.facebook.com/RichardShelby/photos/a.392177924797.171560.50850514797/10154937515359798/?type=3","50850514797_10154937515359798",NA,317,149,45
"50850514797","Senator Richard Shelby","This morning in the Senate Banking Committee, I voted for Dr. Ben Carson to become our next Secretary of the U.S. Department of Housing and Urban Development.    It is my hope that the full Senate will swiftly confirm his nomination, and I look forward to working with him.","2017-01-24T15:50:15+0000","link","http://thehill.com/regulation/315799-senate-committee-clears-carson-nomination","50850514797_10154936764099798",NA,790,46,61
"50850514797","Senator Richard Shelby","As Americans gather for the annual March for Life this Friday, I am proud to support their efforts to protect the unborn.  Today I joined more than 30 of my Senate colleagues in cosponsoring the ""No Taxpayer Funding for Abortion Act."" This bill seeks to create a permanent, government-wide prohibition of taxpayer funding for abortion.","2017-01-23T22:27:42+0000","link","https://www.congress.gov/bill/115th-congress/senate-bill/184?r=1","50850514797_10154933532754798",NA,281,41,43
"50850514797","Senator Richard Shelby",NA,"2017-01-20T23:45:50+0000","photo","https://www.facebook.com/SenateGOP/photos/a.10150526406149360.391511.11052154359/10154867822589360/?type=3","50850514797_10154922257729798","Senator Richard Shelby shared Senate GOP's photo.",123,7,0
"50850514797","Senator Richard Shelby",NA,"2017-01-20T23:45:41+0000","photo","https://www.facebook.com/SenateGOP/photos/a.10150526406149360.391511.11052154359/10154867817684360/?type=3","50850514797_10154922257509798","Senator Richard Shelby shared Senate GOP's photo.",96,2,0
"50850514797","Senator Richard Shelby","The Inauguration is an extraordinary moment for our nation, and it was my great honor to attend the swearing-in of President Donald J. Trump and Vice President Mike Pence.   Read my full statement here: http://www.shelby.senate.gov/public/index.cfm/2017/1/shelby-statement-on-the-inauguration-of-president-donald-j-trump","2017-01-20T18:29:55+0000","link","http://www.shelby.senate.gov/public/index.cfm/2017/1/shelby-statement-on-the-inauguration-of-president-donald-j-trump","50850514797_10154921399549798",NA,221,10,7
"50850514797","Senator Richard Shelby","It was an honor to welcome Alabamians to our nation's capital yesterday.  I hope that they enjoy this historic occasion. #ALinDC","2017-01-20T14:08:38+0000","photo","https://www.facebook.com/RichardShelby/photos/a.392177924797.171560.50850514797/10154920669684798/?type=3","50850514797_10154920671344798","Senator Richard Shelby added 7 new photos.",341,3,5
"50850514797","Senator Richard Shelby","I just sat down with Sherri Jackson in my DC office to discuss the upcoming Inauguration, the 115th Congress, President-Elect Trump's nominees, and more.    Tune in to CBS42 tonight to watch the interview: http://wiat.com/.","2017-01-19T18:15:25+0000","photo","https://www.facebook.com/RichardShelby/photos/a.392177924797.171560.50850514797/10154918508649798/?type=3","50850514797_10154918508884798","Senator Richard Shelby added 2 new photos.",53,3,4
"50850514797","Senator Richard Shelby","I enjoyed meeting with students from Baker High School in Mobile and Virgil Grissom High School in Huntsville who are participating in the Close Up - Washington D.C. Educational Programs this week.","2017-01-19T17:07:51+0000","photo","https://www.facebook.com/RichardShelby/photos/a.392177924797.171560.50850514797/10154918380429798/?type=3","50850514797_10154918380939798","Senator Richard Shelby added 2 new photos.",71,4,2
"50850514797","Senator Richard Shelby","The White House has indicated that President Obama plans to release more terrorists from Guantanamo Bay before his final day in office.  The prisoners housed at Guantanamo pose a serious threat to our national security, and I strongly oppose their release or transfer.    It is unfortunate that President Obama has prioritized his legacy over the safety and security of our nation.","2017-01-17T15:06:16+0000","link","http://www.washingtonexaminer.com/royce-intel-community-says-gitmo-detainees-are-returning-to-terrorism/article/2611397?custom_click=rss","50850514797_10154897940009798",NA,64,43,43
"50850514797","Senator Richard Shelby","Today we pause to reflect on the life and legacy of Dr. Martin Luther King, Jr. #MLKDay","2017-01-16T15:57:03+0000","photo","https://www.facebook.com/SenateGOP/photos/a.10150526406149360.391511.11052154359/10154855274804360/?type=3","50850514797_10154909425339798","Senator Richard Shelby shared Senate GOP's photo.",89,16,0
"50850514797","Senator Richard Shelby",NA,"2017-01-13T22:47:36+0000","link","http://yellowhammernews.com/politics-2/shelby-ben-carsons-nomination-hud-says-will-make-difference/","50850514797_10154901338639798","Senator Richard Shelby shared Yellowhammer News's post.",51,9,0
"50850514797","Senator Richard Shelby","It is great news for our state and nation that these two historic sites in Alabama will be honored as national monuments.","2017-01-13T18:35:38+0000","link","http://yellowhammernews.com/politics-2/pres-obama-designates-monuments-honoring-alabamas-civil-rights-history/","50850514797_10154900749269798",NA,75,11,5
"50850514797","Senator Richard Shelby","This morning, the Senate Banking Committee will meet on the nomination of Dr. Ben Carson to serve as the next Secretary of the U.S. Department of Housing and Urban Development.    Watch the hearing live online here: http://www.banking.senate.gov/public/index.cfm/hearings?ID=71EDE1AD-9AB5-4BAE-8AF4-C6E26C3DF6A5","2017-01-12T14:55:41+0000","link","http://www.banking.senate.gov/public/index.cfm/hearings?ID=71EDE1AD-9AB5-4BAE-8AF4-C6E26C3DF6A5","50850514797_10154896628164798",NA,70,9,3
"50850514797","Senator Richard Shelby","In our first major act in the 115th Congress, Senate Republicans voted last night to pave the way towards repealing and replacing Obamacare with patient-centered health care reforms.  After more than six years since the enactment of the massive government takeover of health care, there is no doubt that Obamacare is broken beyond repair.    Read my full statement here: http://www.shelby.senate.gov/public/index.cfm/2017/1/shelby-senate-lays-groundwork-to-give-americans-relief-from-obamacare","2017-01-12T14:48:14+0000","link","http://www.shelby.senate.gov/public/index.cfm/2017/1/shelby-senate-lays-groundwork-to-give-americans-relief-from-obamacare","50850514797_10154896611229798",NA,236,69,21
"50850514797","Senator Richard Shelby",NA,"2017-01-11T21:58:18+0000","link","http://www.wbrc.com/story/34230752/shelby-confident-committee-will-give-sessions-favorable-report","50850514797_10154892647519798","Senator Richard Shelby shared a link.",125,7,4
"50850514797","Senator Richard Shelby","While it was a long day of questioning for Jeff Sessions, he was well-prepared and represented the state of Alabama admirably. #ConfirmSessions","2017-01-11T01:11:28+0000","link","http://www.shelby.senate.gov/public/index.cfm/2017/1/shelby-praises-sessions-performance-in-senate-judiciary-hearing-today","50850514797_10154890323039798",NA,553,36,29
"50850514797","Senator Richard Shelby","In Case You Missed It: I spoke to WSFA-TV today and shared my thoughts on Jeff Sessions' confirmation hearing.","2017-01-10T23:19:45+0000","video","https://www.facebook.com/RichardShelby/videos/10154890094129798/","50850514797_10154890094129798",NA,42,3,3
"50850514797","Senator Richard Shelby","It was my distinct pleasure to introduce Jeff Sessions in the Senate Judiciary Committee this morning.  I am confident that the Committee will report favorably and expeditiously his nomination to be the next United States Attorney General.  Read my full remarks here: http://www.shelby.senate.gov/public/index.cfm/2017/1/shelby-introduces-sessions-in-judiciary-committee-ag-confirmation-hearing","2017-01-10T16:27:35+0000","video","https://www.facebook.com/RichardShelby/videos/10154889240579798/","50850514797_10154889240579798",NA,299,13,18
"50850514797","Senator Richard Shelby","The Senate Judiciary Committee begins its hearing on the nomination of Senator Jeff Sessions to serve as our next United States Attorney General at 8:30am CT.   Watch me introduce my friend and colleague at this historic hearing:  https://www.c-span.org/video/?420932-1/attorney-general-nominee-jeff-sessions-testifies-confirmation-hearing","2017-01-10T13:53:09+0000","link","https://www.c-span.org/video/?420932-1%2Fattorney-general-nominee-jeff-sessions-testifies-confirmation-hearing","50850514797_10154888820339798",NA,139,18,14
"50850514797","Senator Richard Shelby",NA,"2017-01-10T01:15:45+0000","video","https://www.facebook.com/AlabamaAthletics/videos/10154752434087209/","50850514797_10154887469329798","Senator Richard Shelby shared University of Alabama Athletics's video.",95,6,0
"50850514797","Senator Richard Shelby","Tomorrow morning, I will have the honor of introducing my friend Senator Jeff Sessions at his Senate Judiciary confirmation hearing.  I look forward to discussing his unmatched qualifications to be the next U.S. Attorney General as well as his extraordinary character and integrity.   You can watch the hearing live at 8:30am CT on C-SPAN: https://www.c-span.org/","2017-01-09T21:22:04+0000","link","https://www.c-span.org/","50850514797_10154886958069798",NA,505,42,39
"50850514797","Senator Richard Shelby","Tonight is the College Football National Championship game, and I have placed a friendly wager with South Carolina Senator Tim Scott.  If the Crimson Tide wins, Senator Scott is promising to send Cromer’s Peanuts to my office. If the Tigers win, I will deliver Priester's Pecans to Senator Scott's office.  I have no doubt that Coach Saban will have our team prepared and that he will lead the Tide to another National Championship victory!","2017-01-09T20:26:01+0000","link","http://www.wsfa.com/story/34216401/senator-showdown-on-college-football-national-championship","50850514797_10154886816339798",NA,171,25,8
"50850514797","Senator Richard Shelby","Today I was honored to receive the Distinguished Public Service Award from the United States Navy.  This award is the highest recognition that the Secretary may offer a civilian not employed by the Department.  As we begin the 115th Congress, my support for the finest maritime force in the history of the world remains as strong as it has ever been.  I'm proud to reaffirm my commitment to ensuring that the Navy has the capabilities and resources that it requires to be successful.    Read my full statement here: http://www.shelby.senate.gov/public/index.cfm/2017/1/shelby-receives-distinguished-public-service-award-from-the-united-states-navy","2017-01-05T23:36:14+0000","photo","https://www.facebook.com/RichardShelby/photos/a.392177924797.171560.50850514797/10154876111044798/?type=3","50850514797_10154876111044798",NA,219,25,14
"50850514797","Senator Richard Shelby","Today I introduced legislation in the Senate proposing a constitutional amendment that would require Congress to have a balanced budget.  The idea behind a balanced budget amendment is simple: the federal government should be required to do what hardworking Americans do every day.  A $19 trillion debt is simply unsustainable and will place a heavy burden on our children and grandchildren if we do not take steps to reverse this irresponsible course.  I’m pleased to once again introduce this common sense policy that would reduce wasteful government spending, restore confidence in our economy, and foster job growth.","2017-01-04T22:08:56+0000","link","http://www.shelby.senate.gov/public/index.cfm/2017/1/shelby-proposes-balanced-budget-amendment-to-the-constitution","50850514797_10154873188909798",NA,455,65,55
"50850514797","Senator Richard Shelby",NA,"2017-01-04T19:57:15+0000","photo","https://www.facebook.com/SenateGOP/photos/a.10150526406149360.391511.11052154359/10154819079469360/?type=3","50850514797_10154872867334798","Senator Richard Shelby shared Senate GOP's photo.",86,27,0
"50850514797","Senator Richard Shelby","Today I was sworn-in to the U.S. Senate.  It is a tremendous honor and privilege to represent the people of Alabama for another six years.  In this next term, I am committed to continuing my record of service and working to ensure that Alabama’s interests are represented and protected in Washington.   The 115th Congress presents a great opportunity for Alabamians and all Americans under the leadership of President-elect Trump and our Republican majorities in Congress.  From filling the late Justice Antonin Scalia’s seat on the Supreme Court with a conservative voice to rolling back burdensome rules and regulations, I am confident that we will make much-needed progress for our country in the coming weeks, months, and years.","2017-01-03T21:24:12+0000","link","http://www.shelby.senate.gov/public/index.cfm/2017/1/shelby-sworn-in-to-sixth-term-in-u-s-senate","50850514797_10154870245709798",NA,515,63,37
"50850514797","Senator Richard Shelby",NA,"2017-01-01T16:21:47+0000","photo","https://www.facebook.com/RichardShelby/photos/a.392177924797.171560.50850514797/10154863886534798/?type=3","50850514797_10154863886534798","Senator Richard Shelby added a new photo.",106,15,3
