"from_id","from_name","message","created_time","type","link","id","story","likes_count","comments_count","shares_count"
"656523967813557","Senator Mazie K. Hirono","On the 45th anniversary of Title IX, we celebrate my friend Patsy Mink's legacy of creating educational opportunity for women and girls across our country.  But more work remains. That's why I introduced the Patsy T. Mink Gender Equity in Education Act, which provides additional resources to fully implement this watershed law.","2017-06-23T23:09:00+0000","photo","https://www.facebook.com/senatorhirono/photos/a.666505916815362.1073741834.656523967813557/1071223779676905/?type=3","656523967813557_1071223779676905",NA,95,7,15
"656523967813557","Senator Mazie K. Hirono","In this week's Democratic Address, I shared what U.S. Senate Democrats are fighting for – universal healthcare that is a right, and not a privilege, for every American. Mitch McConnell and Donald Trump can try to jam this bill down our throats, but we aren’t going to let them succeed and they will be held accountable.","2017-06-23T19:43:48+0000","video","https://www.facebook.com/senatorhirono/videos/1071176733014943/","656523967813557_1071176733014943",NA,242,77,113
"656523967813557","Senator Mazie K. Hirono","I sat down with KITV Island News' Paula Akana in Washington, D.C. to announce a positive change in my battle with kidney cancer and to discuss the fights ahead in the Senate.","2017-06-23T05:10:31+0000","video","https://www.facebook.com/senatorhirono/videos/1070725133060103/","656523967813557_1070725133060103",NA,143,22,28
"656523967813557","Senator Mazie K. Hirono","To Americans living with serious and chronic diseases, #Trumpcare sends a simple message: you're on your own. Join us as we hear from survivors and families living with serious diseases on how Trumpcare could literally be the difference between life & death.  #AmericaSpeaksOut","2017-06-22T19:00:08+0000","video","https://www.facebook.com/senatorhirono/videos/1070219149777368/","656523967813557_1070463619752921","Senator Mazie K. Hirono was live.",238,280,354
"656523967813557","Senator Mazie K. Hirono","Had a great time at tonight's Congressional Women's Softball Game cheering for the Members of Congress Team's MVP Senator Shelley Moore Capito, who played on my behalf.","2017-06-22T02:00:01+0000","video","https://www.facebook.com/senatorhirono/videos/1069965266469423/","656523967813557_1069965266469423",NA,94,8,4
"656523967813557","Senator Mazie K. Hirono","Right now 13 of my male colleagues are sequestered away somewhere, plotting how to deprive millions of women across our country access to essential health care. Frankly, it’s sad that we are having this debate at all. But it isn’t surprising. Republicans in Congress have fought to deny women access to health care for decades. Now, they have a willing and complicit ally in this crusade – Donald Trump. #Trumpcare","2017-06-21T22:06:35+0000","video","https://www.facebook.com/senatorhirono/videos/1069808499818433/","656523967813557_1069808499818433","Senator Mazie K. Hirono was live.",223,115,61
"656523967813557","Senator Mazie K. Hirono","We joined the Alzheimer's Association Aloha Chapter this month to support Alzheimer’s and brain awareness. We remain united in our fight against #Trumpcare, which cuts Medicaid services that support care for Alzheimer’s and other diseases. #GoPurple","2017-06-21T21:31:33+0000","photo","https://www.facebook.com/senatorhirono/photos/a.666505916815362.1073741834.656523967813557/1069829856482964/?type=3","656523967813557_1069840889815194","Senator Mazie K. Hirono added 2 new photos.",78,7,1
"656523967813557","Senator Mazie K. Hirono","President Trump & Mitch McConnell are pushing through a health care bill that would give massive tax cuts to the mega-rich at the expense of seniors and families who would lose access to health care. We can't let him get away with hurting millions and millions of Americans.","2017-06-21T13:30:00+0000","video","https://www.facebook.com/senatorhirono/videos/1069294819869801/","656523967813557_1069294819869801",NA,96,42,38
"656523967813557","Senator Mazie K. Hirono","The Trump budget zeros out funding to preserve Hawaii's fragile ecosystems and protect our water resources under our federal ""Island Forests at Risk"" proposal. So I asked Interior Secretary Ryan Zinke how he can justify cutting these critical programs while prioritizing fossil fuel extraction.","2017-06-20T23:54:44+0000","video","https://www.facebook.com/senatorhirono/videos/1069147419884541/","656523967813557_1069147419884541",NA,121,30,35
"656523967813557","Senator Mazie K. Hirono",NA,"2017-06-20T01:05:12+0000","photo","https://www.facebook.com/USSenateDemocrats/photos/a.140299529372583.27744.119747438094459/1367678353301355/?type=3","656523967813557_1068550969944186","Senator Mazie K. Hirono shared U.S. Senate Democrats's photo.",87,18,0
"656523967813557","Senator Mazie K. Hirono","Welcome home Hokulea & Hikianalia! Wish I could be there in person to celebrate the  Polynesian Voyaging Society's accomplishment of spreading the message of #MalamaHonua around the world, including in Washington, D.C. last year.","2017-06-18T00:04:45+0000","photo","https://www.facebook.com/senatorhirono/photos/a.666943513438269.1073741835.656523967813557/1067253453407271/?type=3","656523967813557_1067253476740602","Senator Mazie K. Hirono added 2 new photos.",116,1,4
"656523967813557","Senator Mazie K. Hirono","A sweet way to wrap up #HawaiiontheHill week- sharing Lappert's Hawaii, Diamond Bakery Co., Ltd., Hawaiian Chip Company, and the Aloha Spirit with our Senate ohana.","2017-06-16T20:48:40+0000","video","https://www.facebook.com/senatorhirono/videos/1066421930157090/","656523967813557_1066421930157090",NA,165,14,22
"656523967813557","Senator Mazie K. Hirono","While the Russia investigation continues, we won't be distracting from doing everything we can to stop #Trumpcare.","2017-06-16T20:19:51+0000","video","https://www.facebook.com/senatorhirono/videos/1066409256825024/","656523967813557_1066409256825024",NA,141,24,27
"656523967813557","Senator Mazie K. Hirono","Some highlights from last night's event at #HawaiiontheHill. Mahalo to all those who attended!","2017-06-15T18:47:36+0000","photo","https://www.facebook.com/senatorhirono/photos/a.666505916815362.1073741834.656523967813557/1065675106898439/?type=3","656523967813557_1065676880231595","Senator Mazie K. Hirono added 23 new photos.",116,5,4
"656523967813557","Senator Mazie K. Hirono","Tonight, at the Fourth Annual Taste of Hawaii on Capitol Hill we celebrated the success of nearly 70 participating Hawaii businesses with over 1,600 attendees. They were greeted with fresh orchid lei from the Orchard Lei Company, and learned more about doing business in Hawaii and the Aloha Spirit. #HawaiiontheHill","2017-06-15T01:40:18+0000","video","https://www.facebook.com/senatorhirono/videos/1065165770282706/","656523967813557_1065165770282706",NA,128,5,15
"656523967813557","Senator Mazie K. Hirono","The Aloha Spirit was in Washington, DC today. Mahalo to all who attended #HawaiiontheHill!","2017-06-15T00:40:38+0000","photo","https://www.facebook.com/senatorhirono/photos/a.666943513438269.1073741835.656523967813557/1065140583618558/?type=3","656523967813557_1065141140285169","Senator Mazie K. Hirono added 6 new photos.",181,6,9
"656523967813557","Senator Mazie K. Hirono","Today, we welcomed nearly 75 members of Hawaii’s business community to Capitol Hill for the Fourth Annual Hawaii on the Hill Policy Summit. Business leaders representing diverse industries – including manufacturing, health care, transportation, and others – participated in the event.","2017-06-14T19:51:20+0000","video","https://www.facebook.com/senatorhirono/videos/1065007930298490/","656523967813557_1065007930298490",NA,71,3,5
"656523967813557","Senator Mazie K. Hirono","Given the uncertainties of the current administration, it has become more important than ever that Hawaii’s business community knows the D.C. landscape and can advocate for themselves. I’m pleased that in our fourth year of Hawaii on the Hill we were able to connect nearly 70 local businesses with top officials. #HawaiiontheHill","2017-06-14T18:15:36+0000","photo","https://www.facebook.com/senatorhirono/photos/a.666505916815362.1073741834.656523967813557/1064959420303341/?type=3","656523967813557_1064961633636453","Senator Mazie K. Hirono added 2 new photos.",67,4,0
"656523967813557","Senator Mazie K. Hirono","It's more important than ever that Hawaii's business community connect directly with news and policy makers. Watch our #HawaiiontheHill Policy Summit live.","2017-06-14T13:59:26+0000","video","https://www.facebook.com/senatorhirono/videos/1064735273659089/","656523967813557_1064735273659089","Senator Mazie K. Hirono was live.",60,4,3
"656523967813557","Senator Mazie K. Hirono","My thoughts are with Rep. Scalise, Congressional staff, and Capitol Police officers. Mahalo to brave first responders who protect us every day.","2017-06-14T13:16:16+0000","status",NA,"656523967813557_1064749793657637",NA,81,12,1
"656523967813557","Senator Mazie K. Hirono","Mahalo to the KITV news team for the Morning Shaka. I will continue to do everything in my power to protect Social Security, Medicare, and Medicaid for seniors in Hawaii and across the country.","2017-06-14T01:00:00+0000","video","https://www.facebook.com/senatorhirono/videos/1064163023716314/","656523967813557_1064163023716314",NA,130,16,10
"656523967813557","Senator Mazie K. Hirono","Today, the Senate Indian Affairs Committee heard a bill that would eliminate federal Native Hawaiian housing programs. The BUIILD Act strikes a blow not only to the 37,000 Native Hawaiians who would benefit from their inclusion, but also over 500,000 Native Hawaiians in our country. But this is about much more than just stripping out Native Hawaiian housing programs from a bill. At a time when we see ""us against them"" perspectives rising in our country, we cannot allow ""divide and conquer"" tactics to undermine collaborative efforts to bring people together.","2017-06-13T21:54:23+0000","video","https://www.facebook.com/senatorhirono/videos/1064282873704329/","656523967813557_1064282873704329",NA,143,45,116
"656523967813557","Senator Mazie K. Hirono","Every year Orchid Lei Company brings thousands of lei for #HawaiiOnTheHill. Learn more about Sukit and his family at this year's #HawaiiOnTheHill tomorrow.","2017-06-13T14:41:44+0000","video","https://www.facebook.com/senatorhirono/videos/1064070273725589/","656523967813557_1064070273725589",NA,113,12,18
"656523967813557","Senator Mazie K. Hirono","Today we pause to remember the 49 people who lost their lives at Pulse nightclub and reflect on the battles still ahead in our pursuit of full equality for every American. I was honored to share the following message this weekend. #HonorThemWithAction","2017-06-12T20:46:36+0000","photo","https://www.facebook.com/senatorhirono/photos/a.666505916815362.1073741834.656523967813557/1063595830439700/?type=3","656523967813557_1063595830439700",NA,72,18,4
"656523967813557","Senator Mazie K. Hirono","Court after court has seen this Muslim Ban for what it is: an illegal attack on a group of individuals singled out for their religion. Today is a victory not only for Hawaii, but for our shared American values. The decision is a welcome reminder that the federal courts serve an invaluable function in our system of checks and balances.   Although President’s Trump’s cabinet may think otherwise, today’s ruling affirms that judges in Hawaii are more than capable of applying our laws and Constitution to President Trump’s dangerous policies. I’m proud that my home state has shown leadership in fighting against President Trump’s Muslim Ban.","2017-06-12T18:25:54+0000","status",NA,"656523967813557_1063555243777092",NA,214,38,18
"656523967813557","Senator Mazie K. Hirono","Today, we honored the legacy of King Kamehameha in the U.S. Capitol. We have a proud history in Hawaii of people coming together and fighting for each other. As we honor King Kamehameha, we must continue together, in solidarity, to advocate for our state.","2017-06-11T22:57:38+0000","video","https://www.facebook.com/senatorhirono/videos/1063018907164059/","656523967813557_1063018907164059",NA,157,4,11
"656523967813557","Senator Mazie K. Hirono","This past weekend, I met a father who asked me how he could tell his son it was wrong to lie with Donald Trump as President. Since last November, we’ve all had to wrestle with how to instill good values in our communities when the president of the United States seems to demonstrate such contempt for them. I discussed my take with the American Constitution Society for Law and Policy today.","2017-06-09T22:11:23+0000","video","https://www.facebook.com/senatorhirono/videos/1061566180642665/","656523967813557_1061566180642665",NA,171,58,38
"656523967813557","Senator Mazie K. Hirono",NA,"2017-06-09T14:01:47+0000","video","https://www.facebook.com/vicenews/videos/809273279232624/","656523967813557_1061362987329651","Senator Mazie K. Hirono shared VICE News's video.",151,29,0
"656523967813557","Senator Mazie K. Hirono","Just a few minutes ago, Andres Magana Ortiz was scheduled to report to ICE in Honolulu to be deported from his home of nearly 30 years. Secretary Kelly, I renew our call once more: Let Andres stay in our country. Let his children have a father present and active in their lives. It’s not too late to keep this family together.","2017-06-08T19:25:44+0000","video","https://www.facebook.com/senatorhirono/videos/1060812740718009/","656523967813557_1060812740718009","Senator Mazie K. Hirono was live.",250,118,55
"656523967813557","Senator Mazie K. Hirono","AARP Hawaii was on the Hill today to oppose #Trumpcare. I spoke with Barbara Kim Stanton about how devastating the Republican proposal will be to Hawaii families.","2017-06-07T22:07:11+0000","video","https://www.facebook.com/senatorhirono/videos/1060219257444024/","656523967813557_1060219257444024",NA,90,23,12
"656523967813557","Senator Mazie K. Hirono","At a time when we have so many concerns about President Trump’s interference with the FBI’s investigation of his team’s ties with Russia, it is critical that our next FBI director remains fiercely independent of the White House. By his own admission, Donald Trump fired the former FBI Director, James Comey, with the hope it would bring the Russia investigation to an end. In doing so, the President forfeited any benefit of the doubt with this nomination. I will be looking closely to see if Donald Trump’s nominee Chris Wray will approach the responsibilities of the job seriously and free of politics. His loyalty pledge must be to the Constitution and the country, not to Donald Trump.","2017-06-07T17:02:01+0000","status",NA,"656523967813557_1060058920793391",NA,193,27,11
"656523967813557","Senator Mazie K. Hirono","Mahalo to the KITV news team for the Morning Shaka this AM for new federal funding to support recruitment of new STEM teachers in Hawaii.","2017-06-02T02:31:59+0000","video","https://www.facebook.com/senatorhirono/videos/1056711214461495/","656523967813557_1056711214461495",NA,66,2,4
"656523967813557","Senator Mazie K. Hirono","President Trump’s decision to withdraw the United States from the Paris Climate Agreement is irresponsible, hasty, and short-sighted. In Hawaii we understand why it’s important to take care of our land, ocean, and air – our way of life depends on it. Today, it’s more important than ever for states like Hawaii to boldly take the lead on clean energy innovation and good stewardship of our aina.","2017-06-02T00:15:00+0000","status",NA,"656523967813557_1056668917799058",NA,510,67,64
"656523967813557","Senator Mazie K. Hirono","Kahului Airport and Hilo International Airport will receive more than $10 million in funding from the FAA so that airports in Hawaii can strengthen their runway safety and operations. Ensuring safe and secure air travel is critical to sustaining Hawaii’s economy and commerce.","2017-06-01T01:33:15+0000","link","https://mauinow.com/2017/05/31/kahului-airport-gets-6m-for-purchase-of-13-acres/","656523967813557_1056196127846337",NA,84,5,2
"656523967813557","Senator Mazie K. Hirono","Today, we pay respect to the men and women who served faithfully in our Armed Services and gave the ultimate sacrifice on behalf of our country. Memorial Day also serves as a poignant reminder for the loss a family endures when a member of their ohana is taken in service to the nation. We share their grief as they mourn those who have passed while in service.","2017-05-29T17:07:49+0000","status",NA,"656523967813557_1054829014649715",NA,102,6,1
"656523967813557","Senator Mazie K. Hirono","Kimchi is the new kale! My kimchi recipe won the the healthiest recipe award at the March of Dimes Gourmet Gala.","2017-05-24T15:32:38+0000","photo","https://www.facebook.com/senatorhirono/photos/a.666505916815362.1073741834.656523967813557/1051828008283149/?type=3","656523967813557_1051828008283149",NA,337,17,21
"656523967813557","Senator Mazie K. Hirono","President Trump’s budget is dangerous for Hawaii families. It dismantles Medicaid, breaks his promise not to cut Social Security, eliminates Native Hawaiian programs, slashes food stamps and other support for working families, guts federal education programs, and defunds federal investments that create local jobs. I will fight tooth and nail in opposition to these dangerous and devastating cuts to programs Hawaii families depend on every day.","2017-05-24T13:29:05+0000","status",NA,"656523967813557_1051768998289050",NA,261,60,35
"656523967813557","Senator Mazie K. Hirono","I'm back at work today to vote in the Senate. It's meant so much to me to hear from so many friends throughout the past week. Mahalo nui.","2017-05-22T22:27:03+0000","video","https://www.facebook.com/senatorhirono/videos/1050873455045271/","656523967813557_1050873455045271",NA,571,102,54
"656523967813557","Senator Mazie K. Hirono","Just in from Senator Hirono- ""Got out of surgery and doing okay! Thank you everyone for the well wishes!""  -Staff","2017-05-17T20:12:07+0000","status",NA,"656523967813557_1047931908672759",NA,489,70,16
"656523967813557","Senator Mazie K. Hirono","During a routine pre-operative physical for my eye surgery, my doctor discovered an abnormality on my chest x-ray. After a series of follow up tests, I have been diagnosed with kidney cancer that is also present in my seventh rib.  My treatment is being overseen by one of the preeminent kidney cancer specialists in the country at Medstar Georgetown University Hospital. He has designed a comprehensive treatment plan – including surgery to remove my right kidney and an innovative, non-invasive, outpatient procedure called Cyberknife to eradicate the lesion on my rib. At the conclusion of this treatment, there will be no identifiable disease left untreated. My doctor expects I will make a full recovery from these treatments.  I will continue working during my recovery, and look forward to returning to the Senate as soon as possible.   I face this fight with the same determination I’ve fought for the people of Hawaii. And I never quit, especially when things get tough.  I appreciate your support and good wishes, and look forward to getting back to the Senate to continue fighting for Hawaii as soon as possible.","2017-05-16T20:06:16+0000","status",NA,"656523967813557_1047389065393710",NA,470,394,131
"656523967813557","Senator Mazie K. Hirono","Jeff Sessions' directive to charge drug offenders at the highest level sets back bipartisan efforts to enact sentencing reform.","2017-05-15T17:23:12+0000","link","https://www.nytimes.com/2017/05/14/us/politics/jeff-sessions-criminal-sentencing.html","656523967813557_1046735992125684",NA,32,18,13
"656523967813557","Senator Mazie K. Hirono","Happy Mother's Day to my mom Laura & all moms celebrating today!","2017-05-14T18:41:49+0000","photo","https://www.facebook.com/senatorhirono/photos/a.666505916815362.1073741834.656523967813557/1046165208849429/?type=3","656523967813557_1046165208849429",NA,202,3,3
"656523967813557","Senator Mazie K. Hirono","I joined MSNBC's Chris Jansing to talk about the importance of appointing a special prosecutor to conduct an independent, thorough investigation into the Russia/Trump matter.","2017-05-11T21:05:00+0000","video","https://www.facebook.com/senatorhirono/videos/1044448405687776/","656523967813557_1044448405687776",NA,159,42,18
"656523967813557","Senator Mazie K. Hirono","#Trumpcare would hurt working moms & families. Watch live as we lay out the real-life impact","2017-05-11T19:07:35+0000","video","https://www.facebook.com/USSenateDemocrats/videos/1328414140561110/","656523967813557_1044421399023810","Senator Mazie K. Hirono shared U.S. Senate Democrats's live video.",54,19,0
"656523967813557","Senator Mazie K. Hirono","LIVE: We are learning, practically on an hourly basis, about how the President made his decision to fire Director Comey and why. We need for a special prosecutor with the mandate and authority to follow the facts wherever they lead, free of political considerations.","2017-05-11T16:59:22+0000","video","https://www.facebook.com/senatorhirono/videos/1044339745698642/","656523967813557_1044339745698642","Senator Mazie K. Hirono was live.",278,88,35
"656523967813557","Senator Mazie K. Hirono","These are unprecedented times, and we can't act like it's business as usual in the Senate. We must come together in a bipartisan way to call for a special prosecutor to investigate the Trump team's ties to Russia.","2017-05-10T21:27:17+0000","video","https://www.facebook.com/senatorhirono/videos/1043865502412733/","656523967813557_1043865502412733",NA,265,76,21
"656523967813557","Senator Mazie K. Hirono","#Trumpcare would hurt millions of American families. We need your stories to help us defeat this bill.","2017-05-10T19:01:14+0000","video","https://www.facebook.com/USSenateDemocrats/videos/1327444657324725/","656523967813557_1043815859084364","Senator Mazie K. Hirono shared U.S. Senate Democrats's live video.",33,11,0
"656523967813557","Senator Mazie K. Hirono","The President’s decision to fire FBI Director James Comey in this manner, under this pretext, and at this time is a total disservice to the American people.  The country is asking, Mr. President, what do you have to hide?  There is no question that President Trump wants the investigation of Russian interference with the 2016 Presidential election, and the Trump team’s ties to those efforts, to just go away.  Knowing this, it is hard to interpret the decision to fire Director Comey as being motivated by anything other than a desire to shut down or derail the FBI’s investigation. In fact, it only raises further suspicions about the Trump team’s ties to Russian interference in our election.  For months, I have called for a special prosecutor and an independent investigation into this serious matter. We need a special prosecutor who will conduct an impartial, thorough investigation untainted by political considerations.","2017-05-09T23:52:21+0000","status",NA,"656523967813557_1043355869130363",NA,413,96,51
"656523967813557","Senator Mazie K. Hirono","LIVE: We're continuing to investigate Russian interference in our democracy. Watch live as I question Sally Yates and James Clapper.","2017-05-08T21:07:53+0000","video","https://www.facebook.com/senatorhirono/videos/1042647422534541/","656523967813557_1042647422534541","Senator Mazie K. Hirono was live.",144,65,22
"656523967813557","Senator Mazie K. Hirono","Tune in live to my Oahu town hall","2017-05-06T20:05:31+0000","video","https://www.facebook.com/civilbeat/videos/1541121109253945/","656523967813557_1041541169311833","Senator Mazie K. Hirono shared Honolulu Civil Beat's live video.",76,9,0
"656523967813557","Senator Mazie K. Hirono","I’m thinking of the thousands of Hawaii residents I’ve heard from who are living in fear of losing their insurance and other protections they’ve received thanks to the Affordable Care Act. Constituents like Kathryn, a teacher and single parent, who is afraid of losing her insurance because of a preexisting condition; and Anne, who gave birth to a healthy baby boy thanks to Medicaid coverage. The fight to save the Affordable Care Act in the Senate starts today. I will stand strong to ensure Trumpcare does not undermine Prepaid Health Care and Affordable Care Act protections for Hawaii families.","2017-05-05T19:28:46+0000","status",NA,"656523967813557_1040964189369531",NA,363,84,35
"656523967813557","Senator Mazie K. Hirono","Federal judges- members of our independent judiciary- are receiving death threats because of rulings that the President disagreed with. I asked FBI Director Comey what he is doing to protect federal judges, and will continue to hold the FBI accountable.","2017-05-03T18:41:01+0000","video","https://www.facebook.com/senatorhirono/videos/1039632792836004/","656523967813557_1039632792836004",NA,170,29,19
"656523967813557","Senator Mazie K. Hirono","In Hawaii, we see first-hand the impacts of climate change on our oceans, our weather, and the land around us. The collective voices of the #climatemarch are forcing this administration to take notice and not undo the progress we've made.","2017-04-29T22:38:54+0000","photo","https://www.facebook.com/senatorhirono/photos/a.666505916815362.1073741834.656523967813557/1037255139740436/?type=3","656523967813557_1037255139740436",NA,119,35,16
"656523967813557","Senator Mazie K. Hirono","Thanks to programs like those offered by the Maui Economic Development Board, Inc., Hawaii's students are excelling in #STEM fields. Maui High School students highlighted this progress for Hiki No Student News","2017-04-28T14:29:16+0000","link","https://youtu.be/7HoWR20CARg?t=11m10s","656523967813557_1036397369826213",NA,39,1,9
"656523967813557","Senator Mazie K. Hirono",NA,"2017-04-26T19:40:54+0000","event","https://www.facebook.com/events/610543962475061/","656523967813557_1035299689935981","Senator Mazie K. Hirono shared their event.",29,6,0
"656523967813557","Senator Mazie K. Hirono",NA,"2017-04-26T19:40:42+0000","event","https://www.facebook.com/events/1926624594241332/","656523967813557_1035299656602651","Senator Mazie K. Hirono shared their event.",41,3,0
"656523967813557","Senator Mazie K. Hirono","Senator Mazie Hirono invites you to her Kauai town hall meeting on Saturday, May 6 at Chiefess Kamakahelei Middle School. While RSVPs are not required, they are encouraged to ensure that we have enough seating and material for all participants. Free parking will be available.  Anyone will be able to ask a question at the town hall meeting, but if you would like to submit a question in advanced, please email it to townhall@hirono.senate.gov. Those submitting questions should include their name and zip code in the body of the email. All questions sent via email will receive a written response from Senator Hirono.","2017-04-26T19:25:12+0000","event","https://www.facebook.com/events/610543962475061/","656523967813557_610543962475061","Senator Mazie K. Hirono added an event.",11,1,0
"656523967813557","Senator Mazie K. Hirono","Senator Mazie Hirono invites you to her Oahu town hall meeting on Saturday, May 6 at her alma mater, Kaimuki High School. While RSVPs are not required, they are encouraged to ensure that we have enough seating and material for all participants. Free parking will be available.  Anyone will be able to ask a question at the town hall meeting, but if you would like to submit a question in advanced, please email it to townhall@hirono.senate.gov. Those submitting questions should include their name and zip code in the body of the email. All questions sent via email will receive a written response from Senator Hirono.","2017-04-26T19:14:16+0000","event","https://www.facebook.com/events/1926624594241332/","656523967813557_1926624594241332","Senator Mazie K. Hirono added an event.",63,4,0
"656523967813557","Senator Mazie K. Hirono","""Jeff Sessions, the attorney general of the United States, appears to need a reminder: Hawaii was granted statehood in 1959. I'm happy to tell him where I was when Hawaii became a state. I was in sixth grade at Koko Head Elementary School in Honolulu, and was chosen to pin the 50th star on the American flag in front of my teachers and classmates at a special assembly to celebrate statehood.  ""Like my fellow citizens in Hawaii, I am a proud American. This is why Sessions' ignorant comments about US District Judge Derrick Watson from Hawaii were so insulting and prejudiced.""","2017-04-21T18:19:45+0000","link","http://www.cnn.com/2017/04/21/opinions/sessions-comments-on-hawaii-hirono/index.html","656523967813557_1031428713656412",NA,350,57,68
"656523967813557","Senator Mazie K. Hirono","The suggestion that being from Hawaii somehow disqualifies Judge Watson from performing his Constitutional duty is dangerous, ignorant, and prejudiced. I am frankly dumbfounded that our nation’s top lawyer would attack our independent judiciary. But we shouldn’t be surprised. This is just the latest in the Trump Administration’s attacks against the very tenets of our Constitution and democracy.","2017-04-20T20:43:43+0000","status",NA,"656523967813557_1030812050384745",NA,575,90,130
"656523967813557","Senator Mazie K. Hirono","ICYMI: Last week, I joined KITV's Good Morning Hawaii to discuss my upcoming town halls, and the latest Republican attempts to repeal the Affordable Care Act","2017-04-18T19:03:40+0000","video","https://www.facebook.com/senatorhirono/videos/1029257210540229/","656523967813557_1029257210540229",NA,32,4,2
"656523967813557","Senator Mazie K. Hirono","In consultation with her physician, Senator Mazie Hirono has elected to undergo surgery to implant a lens to improve the vision in her left eye.   Because this surgery requires some preparation, Senator Hirono plans to have this procedure during the Congressional recess, which will allow her to get back to work when the Senate is back in session. She looks forward to a speedy recovery.   “While I’m disappointed that I won’t be able to come home for the current state work period, I’m looking forward to holding town halls on Oahu and Kauai on May 6, and expect to be back at work by the time the Senate reconvenes on April 24,” said Senator Hirono.","2017-04-10T23:28:09+0000","status",NA,"656523967813557_1023780811087869",NA,113,52,4
"656523967813557","Senator Mazie K. Hirono","The repeated use of chemical weapons by the Assad regime against his own people is an atrocity and breach of international law, and the international community must hold him accountable. The Civil War in Syria adds layers of complexity in a country and region where there are no easy answers and opportunities for missteps are great. In light of this, President Trump must present a coherent strategy for addressing the ongoing situation in Syria, including our own responsibility in confronting the humanitarian catastrophe and refugee crisis.","2017-04-07T15:05:55+0000","status",NA,"656523967813557_1021343554664928",NA,93,27,3
"656523967813557","Senator Mazie K. Hirono",NA,"2017-04-06T14:09:36+0000","video","https://www.facebook.com/USSenateDemocrats/videos/1287106164691908/","656523967813557_1020527238079893","Senator Mazie K. Hirono shared U.S. Senate Democrats's live video.",65,14,0
"656523967813557","Senator Mazie K. Hirono","The actions of the Roberts Court in Citizens United and Shelby County make clear the stakes of Judge Gorsuch's nomination. They make clear what the Senate Republicans had in mind in their unprecedented and arrogant refusal to consider President Obama’s nomination of Merrick Garland to the Supreme Court. They wanted a Justice like Judge Gorsuch who would continue the rightward march of the 5-4 conservative majority on the Roberts Court. #StopGorsuch","2017-04-06T13:50:04+0000","video","https://www.facebook.com/senatorhirono/videos/1020498041416146/","656523967813557_1020498041416146",NA,100,27,30
"656523967813557","Senator Mazie K. Hirono","U.S. Senate Democrats are up all night to #StopGorsuch. I'll be live on Facebook shortly and back on the Senate floor at 5:00 pm HST/11:00 pm EST","2017-04-05T23:17:03+0000","video","https://www.facebook.com/USSenateDemocrats/videos/1286244548111403/","656523967813557_1020019608130656","Senator Mazie K. Hirono shared U.S. Senate Democrats's live video.",49,8,0
"656523967813557","Senator Mazie K. Hirono",NA,"2017-04-05T17:16:06+0000","video","https://www.facebook.com/washingtonpost/videos/10154960943672293/","656523967813557_1019788338153783","Senator Mazie K. Hirono shared Washington Post's live video.",95,14,0
"656523967813557","Senator Mazie K. Hirono","From earlier today: No one is forcing Mitch McConnell to go this route on #SCOTUS. Judge Gorsuch has been hand picked by the most conservative groups in our country- the Federalist Society and the Heritage Foundation. They want him on the Court to make 5-4 decisions like the one that denied Lilly Ledbetter equal pay for equal work. #EqualPayDay","2017-04-04T23:27:40+0000","video","https://www.facebook.com/senatorhirono/videos/1019250311540919/","656523967813557_1019250311540919",NA,150,37,18
"656523967813557","Senator Mazie K. Hirono","It's #EqualPayDay & Senate Democratic women are holding the floor to talk about the consequences that #SCOTUS and Judge Gorsuch's decisions have on women and working families","2017-04-04T19:30:05+0000","video","https://www.facebook.com/senatorhirono/videos/1019055504893733/","656523967813557_1019055504893733","Senator Mazie K. Hirono was live.",177,162,118
"656523967813557","Senator Mazie K. Hirono","Senate Republicans are willing to blow up Senate rules just to get their far-right #SCOTUS nominee on the bench. I joined Chris Hayes to talk about why they're presenting us with a false choice.","2017-04-04T13:30:00+0000","video","https://www.facebook.com/senatorhirono/videos/1018611874938096/","656523967813557_1018611874938096",NA,123,35,22
"656523967813557","Senator Mazie K. Hirono","ICYMI from my conversation with NPR's All Things Considered, ""I believe in fighting the fights that need to be fought, not just the ones that we can win.""","2017-04-04T03:09:05+0000","link","http://www.npr.org/2017/04/03/522503879/sen-hirono-on-support-for-democratic-filibuster-on-gorsuch-nomination","656523967813557_1018610591604891",NA,116,14,10
"656523967813557","Senator Mazie K. Hirono","Senate Democrats on the Judiciary Committee are making our closing arguments against Neil Gorsuch. In looking at Judge Gorsuch and his record, and listening carefully through four days of hearings, Judge Gorsuch would be a Justice for some, not a Justice for all. #WeObject","2017-04-03T18:05:32+0000","video","https://www.facebook.com/senatorhirono/videos/1018271784972105/","656523967813557_1018271784972105","Senator Mazie K. Hirono was live.",134,67,21
"656523967813557","Senator Mazie K. Hirono","At rallies across the country today, thousands are speaking up to say #WeObject to Judge Gorsuch putting corporations before people. #StopGorsuch","2017-04-01T15:16:20+0000","photo","https://www.facebook.com/senatorhirono/photos/a.666505916815362.1073741834.656523967813557/1016811328451484/?type=3","656523967813557_1016811328451484",NA,102,22,3
"656523967813557","Senator Mazie K. Hirono","I welcomed Superintendent of the Air Force Academy, Lt. Gen Michelle Johnson and her successor, Brig Gen (S) Kristin Goodwin today to discuss how we can work together to ensure cadets receive the training and support they need to succeed.","2017-03-30T22:12:48+0000","photo","https://www.facebook.com/senatorhirono/photos/a.666505916815362.1073741834.656523967813557/1015584408574176/?type=3","656523967813557_1015584408574176",NA,45,3,1
"656523967813557","Senator Mazie K. Hirono","""None of us got here by being namby-pamby."" I chatted with POLITICO's Carrie Budoff Brown on my path to the Senate, and why it's so important to encourage women to enter the political pipeline. Click through to listen:","2017-03-30T21:40:27+0000","link","http://www.politico.com/womenrule/podcasts","656523967813557_1015579215241362",NA,48,6,6
"656523967813557","Senator Mazie K. Hirono","Vice President Pence was just here to break a tie because even Republicans in Congress couldn’t get enough men to tell women what they can do with their bodies. I'm live on the Senate floor with reactions.","2017-03-30T16:00:17+0000","video","https://www.facebook.com/senatorhirono/videos/1015422618590355/","656523967813557_1015422618590355","Senator Mazie K. Hirono was live.",157,43,40
"656523967813557","Senator Mazie K. Hirono","Republicans in Congress want to make it harder for you to save for retirement.   In Hawaii, the average monthly Social Security benefit is $1,408. Given the costs of housing, medical insurance, and other necessities. that is not nearly enough. And taking away tools that states and local governments can use to help bolster retirement savings makes no sense.","2017-03-29T22:15:26+0000","video","https://www.facebook.com/senatorhirono/videos/1014943258638291/","656523967813557_1014943258638291",NA,82,20,15
"656523967813557","Senator Mazie K. Hirono","I'm live on the Senate floor, asking you to keep up the activist energy to help Senate Democrats #StopGorsuch.","2017-03-28T21:14:06+0000","video","https://www.facebook.com/senatorhirono/videos/1014281832037767/","656523967813557_1014281832037767","Senator Mazie K. Hirono was live.",138,46,17
"656523967813557","Senator Mazie K. Hirono","The President's executive order ending the #CleanPowerPlan is clear proof that this Administration is not committed to an ‘all of the above’ energy strategy. The President continues to promote alternative facts over empirical scientific evidence of climate change and unravel the clean and renewable energy progress that we have made over the past eight years.  While the President can afford to live in this alternate universe, Hawaii and other island communities are forced to grapple with the reality of climate change. Our coral reefs are dying because of historically high ocean temperatures. By 2100, Hawaii’s sea levels will rise by more than three feet. We owe it to our keiki to listen to our climate scientists, and build upon, not erase, the progress we’ve made.","2017-03-28T19:46:29+0000","status",NA,"656523967813557_1014276408704976",NA,135,17,15
"656523967813557","Senator Mazie K. Hirono","We need a Supreme Court Justice who will represent all Americans, not just the wealthy and corporate interests. That's why I will oppose Neil Gorsuch's nomination.","2017-03-27T18:03:37+0000","video","https://www.facebook.com/senatorhirono/videos/1013586232107327/","656523967813557_1013586232107327",NA,326,49,105
"656523967813557","Senator Mazie K. Hirono","Senate Republicans on Judge Gorsuch: It’s unfair to judge him on his past writing.   Senate Republicans on Justice Sotomayor: ¯\_(ツ)_/¯","2017-03-23T00:44:08+0000","video","https://www.facebook.com/senatorhirono/videos/1010462862419664/","656523967813557_1010462862419664",NA,60,24,4
"656523967813557","Senator Mazie K. Hirono","#GorsuchHearing is about every day Americans who would be impacted by #SCOTUS decisions. We're wrapping up Day 3 here","2017-03-22T23:25:20+0000","video","https://www.facebook.com/senatorhirono/videos/1010392825760001/","656523967813557_1010392825760001","Senator Mazie K. Hirono was live.",63,53,16
"656523967813557","Senator Mazie K. Hirono","It's Day 3 of the #GorsuchHearing, & I'm still looking for reassurance that he would be the kind of Justice who is open to applying the law and the Constitution to protect the rights of the working poor who are one paycheck away from being on the streets. Think he'll finally answer a question in a straightforward manner? Watch live:","2017-03-22T20:02:26+0000","video","https://www.facebook.com/senatorhirono/videos/1010315722434378/","656523967813557_1010315722434378","Senator Mazie K. Hirono was live.",67,177,15
"656523967813557","Senator Mazie K. Hirono","Judge Gorsuch has refused to answer questions to how he approaches cases that previous Supreme Court nominees have answered. Day 3 of his hearing is coming up, and I will continue to hold him accountable.","2017-03-22T15:26:31+0000","video","https://www.facebook.com/senatorhirono/videos/1010165832449367/","656523967813557_1010165832449367",NA,130,46,11
"656523967813557","Senator Mazie K. Hirono","My Republican colleagues are letting Judge Gorsuch off the hook, but I'm up next at #SCOTUShearing, and I  plan on getting answers on real issues that affect Hawaii families. Watch live:","2017-03-21T22:58:15+0000","video","https://www.facebook.com/senatorhirono/videos/1009627762503174/","656523967813557_1009627762503174","Senator Mazie K. Hirono was live.",178,190,22
"656523967813557","Senator Mazie K. Hirono","I joined MSNBC's Katy Tur to recap Day 1 of the #SCOTUS hearing- I would not be doing my job if I simply rubber stamped another Justice who would put corporations over people.","2017-03-21T15:32:26+0000","video","https://www.facebook.com/senatorhirono/videos/1009422449190372/","656523967813557_1009422449190372",NA,97,35,9
"656523967813557","Senator Mazie K. Hirono",NA,"2017-03-20T23:20:56+0000","video","https://www.facebook.com/USSenateDemocrats/videos/1267034160032442/","656523967813557_1009024775896806","Senator Mazie K. Hirono shared U.S. Senate Democrats's video.",77,11,0
"656523967813557","Senator Mazie K. Hirono","The #SCOTUS hearing is about more than considering a nominee for the Supreme Court. It's about the future of our country. Watch my opening statement live:","2017-03-20T18:13:24+0000","video","https://www.facebook.com/senatorhirono/videos/1008890132576937/","656523967813557_1008890132576937","Senator Mazie K. Hirono was live.",77,37,29
"656523967813557","Senator Mazie K. Hirono","This week, I'm in #SCOTUS hearings, holding the President's nominee accountable. Watch live:","2017-03-20T15:49:03+0000","video","https://www.facebook.com/USSenateDemocrats/videos/1266614296741095/","656523967813557_1008826349249982","Senator Mazie K. Hirono shared U.S. Senate Democrats's live video.",31,10,0
"656523967813557","Senator Mazie K. Hirono","Judge Watson's ruling is yet another blow to the President's unconstitutional Muslim Ban. President Trump during the campaign made clear his intention to impose a Muslim ban. He has done so and no amount of spinning can obfuscate his intent. Every time our country has targeted a minority group for discriminatory treatment, we have been very wrong, and this Administration's actions are no different. In finding this Executive Order to be unconstitutional, Judge Watson exemplifies the importance of an independent judiciary.","2017-03-16T01:40:07+0000","status",NA,"656523967813557_1006059686193315",NA,193,33,11
"656523967813557","Senator Mazie K. Hirono","In the wake of reports of Marines sharing explicit photos of their female comrades, I pressed Commandant of the Marine Corps General Robert Neller for a commitment to address sexual assault and the mistreatment of women in the Armed Forces.","2017-03-14T19:51:36+0000","video","https://www.facebook.com/senatorhirono/videos/1005331819599435/","656523967813557_1005331819599435",NA,114,12,11
"656523967813557","Senator Mazie K. Hirono","No matter what distractions the President throws out into the universe, we must stay focused on fighting the GOP's destructive agenda.","2017-03-13T20:25:11+0000","video","https://www.facebook.com/senatorhirono/videos/1004777716321512/","656523967813557_1004777716321512",NA,136,28,23
"656523967813557","Senator Mazie K. Hirono","Instead of debating how best to expand access, Republicans are fighting with each other to see just how many people they can kick off insurance rolls – all in a crusade to save money. #Trumpcare is not a crusade to improve the lives of as many Americans as possible. It is a crusade to service their radical, anti-government ideology.","2017-03-09T16:01:01+0000","video","https://www.facebook.com/senatorhirono/videos/1001462826653001/","656523967813557_1001462826653001",NA,89,65,27
"656523967813557","Senator Mazie K. Hirono","The past two months have shown that battles don't stay won. But we will keep fighting. #DayWithoutWomen #InternationalWomensDay","2017-03-08T23:30:53+0000","photo","https://www.facebook.com/senatorhirono/photos/a.666505916815362.1073741834.656523967813557/1000981243367826/?type=3","656523967813557_1000981243367826",NA,101,7,1
"656523967813557","Senator Mazie K. Hirono","Companies use mandatory arbitration to limit consumers' ability to seek recourse on problems with common products like my Fitbit to investments like a college education. Today, I joined a number of my colleagues to introduce several bills to tell companies that they can't force customers into mandatory arbitration.","2017-03-08T02:58:40+0000","video","https://www.facebook.com/senatorhirono/videos/1000339900098627/","656523967813557_1000339900098627",NA,73,8,11
"656523967813557","Senator Mazie K. Hirono","Disappointed that both nominees for Deputy & Associate Attorney General refused to commit to protecting transgender students under Title IX. The only appropriate answer to this question is yes.","2017-03-07T20:16:59+0000","video","https://www.facebook.com/senatorhirono/videos/1000171803448770/","656523967813557_1000171803448770",NA,90,27,13
"656523967813557","Senator Mazie K. Hirono","The President's new executive order is still basically a Muslim ban. It's still a ban based on one's religion, and every time our country has targeted a minority group for discriminatory treatment, we have been proven to be very, very wrong, and the President is wrong in this instance. #NoBanNoWallNoRaids","2017-03-06T23:53:45+0000","video","https://www.facebook.com/senatorhirono/videos/999643860168231/","656523967813557_999643860168231",NA,88,20,13
"656523967813557","Senator Mazie K. Hirono","I would welcome Jeff Sessions' resignation as Attorney General. But we need to get to the bottom of Russia's interference in our democracy -- starting with Jeff Sessions coming back to the Judiciary Committee to testify under oath & continuing with an independent investigation.","2017-03-03T19:57:00+0000","video","https://www.facebook.com/senatorhirono/videos/997619480370669/","656523967813557_997619480370669",NA,156,46,19
"656523967813557","Senator Mazie K. Hirono","Hawaii projects have made so much progress over the past 8 years to embrace a clean and renewable energy future. Rick Perry and the Trump administration would work to reverse this progress and take us backward.","2017-03-02T23:07:47+0000","video","https://www.facebook.com/senatorhirono/videos/997122937086990/","656523967813557_997122937086990",NA,74,24,10
"656523967813557","Senator Mazie K. Hirono","The Attorney General made the correct decision to recuse himself, but it is not sufficient. We need an independent investigation into the Trump administration’s ties to the Russian government.","2017-03-02T22:39:50+0000","status",NA,"656523967813557_997114740421143",NA,178,38,9
"656523967813557","Senator Mazie K. Hirono","Planned Parenthood Votes Northwest and Hawaii activsts are in the Capitol today sending a strong message to my Republican colleagues that funding cuts would be devastating to millions across the country. #StandwithPP","2017-03-01T21:04:50+0000","photo","https://www.facebook.com/senatorhirono/photos/a.666505916815362.1073741834.656523967813557/996498907149393/?type=3","656523967813557_996498907149393",NA,147,21,17
"656523967813557","Senator Mazie K. Hirono","With this President, I pay attention to what he does more than what he says because in his first month in office, Donald Trump’s actions have not lived up to the clichés he delivered tonight. He stands by executive orders that have spread fear and chaos throughout the country. Tonight he called for repealing the Affordable Care Act and replacing it with rhetoric. He also clearly called for school vouchers, and in this he has the right Education Secretary who does not believe in public education. For all his rhetoric about national security and American interests, he had absolutely nothing to say about getting to the bottom of Russian interference with our democracy. No matter what the President said tonight, I remain resolved to resist his dangerous, divisive actions.","2017-03-01T04:52:01+0000","status",NA,"656523967813557_996099637189320",NA,639,98,82
"656523967813557","Senator Mazie K. Hirono","I visited Haleakala National Park last November, where park rangers saved the Haleakala silversword from near extinction. Under Ryan Zinke's leadership, I doubt that the U.S. Department of the Interior would remain committed to conservation & public lands. #publiclandsproud","2017-02-28T22:19:08+0000","video","https://www.facebook.com/senatorhirono/videos/995962327203051/","656523967813557_995962327203051",NA,79,7,9
"656523967813557","Senator Mazie K. Hirono","In Hawaii, we know the importance of protecting our aina. Proud to have voted with the League of Conservation Voters 100% of the time in 2016. #LCVScorecard","2017-02-28T15:39:47+0000","link","http://scorecard.lcv.org/","656523967813557_995832983882652",NA,77,7,9
"656523967813557","Senator Mazie K. Hirono","My message on Hawaii News Now this morning: I'm fighting alongside the millions of people in Hawaii and across our country who are speaking out against all the terrible things the Trump Administration is doing. Please continue to stay engaged, and continue to contact me. #Resist","2017-02-23T20:00:24+0000","video","https://www.facebook.com/senatorhirono/videos/993008130831804/","656523967813557_993008130831804",NA,144,27,11
"656523967813557","Senator Mazie K. Hirono","Congratulations to Trinity Christian School's Rayla Okasaki for winning Hawaii's Doodle4Google competition! Looking forward to voting for Rayla's doodle as she competes as part of a national contest to be featured on the Google homepage.","2017-02-23T04:43:09+0000","photo","https://www.facebook.com/senatorhirono/photos/a.666505916815362.1073741834.656523967813557/992452507554033/?type=3","656523967813557_992453150887302","Senator Mazie K. Hirono added 2 new photos.",72,5,3
"656523967813557","Senator Mazie K. Hirono","ICYMI: Senator Catherine Cortez Masto, Senator Dick Durbin, and I introduced legislation to reverse President Trump’s executive order that targets nearly 8 million undocumented immigrant families for deportation.","2017-02-22T02:08:24+0000","link","https://mauinow.com/2017/02/18/sen-hirono-other-democrats-introduce-bill-rescinding-trumps-deportation-order/","656523967813557_991841650948452",NA,137,18,9
"656523967813557","Senator Mazie K. Hirono","The internment of Japanese Americans during World War II remains a dark period in our nation’s history. Whenever our country has targeted a particular ethnicity, race, national origin, or religion for discriminatory treatment, we have been very deeply wrong. But today, we are seeing the same discriminatory treatment with President Trump’s targeting of refugees, immigrants, and the Muslim community. I will continue to fight these actions, and will reintroduce a resolution in the Senate recognizing the significance of Executive Order 9066, and affirming that we must stand up for the civil rights of all. #DayofRemembrance #EO9066","2017-02-19T17:37:37+0000","status",NA,"656523967813557_990359941096623",NA,179,20,29
"656523967813557","Senator Mazie K. Hirono","#PollutingPruitt's record paints a clear picture: his priorities directly conflict with the EPA’s mission to protect public health and the environment. He is much more concerned about protecting corporate interests than keeping our communities healthy and safe from pollution. I will oppose his nomination.","2017-02-17T17:55:26+0000","video","https://www.facebook.com/senatorhirono/videos/988886677910616/","656523967813557_988886677910616",NA,108,15,11
"656523967813557","Senator Mazie K. Hirono","I'm opposing the nomination of #pollutingPruitt & will be on the Senate floor tomorrow morning to urge my colleagues to do the same.","2017-02-16T23:19:07+0000","status",NA,"656523967813557_988201591312458",NA,217,42,7
"656523967813557","Senator Mazie K. Hirono","I stand with families across the country participating in  #ADayWithoutImmigrants, but I came work today to fight against President Trump's fearmongering, anti-immigrant agenda","2017-02-16T19:31:24+0000","link","https://youtu.be/TJYlDse-74g?t=10m15s","656523967813557_988002414665709",NA,104,8,8
"656523967813557","Senator Mazie K. Hirono","Hawaii has experienced first-hand the threat of volcanic activity to our daily lives with the ongoing eruption at Kilauea. This bipartisan bill will update and unify the five volcano observatories across the nation and creates a grant program that will support monitoring research and technology development.","2017-02-14T23:19:20+0000","link","http://www.hawaiinewsnow.com/story/34494055/us-senators-propose-bill-to-improve-volcano-monitoring","656523967813557_986758428123441",NA,58,5,5
"656523967813557","Senator Mazie K. Hirono","Credible economists have warned that we could end up in another financial crisis. My question is, who would a Secretary Mnuchin try to save – Wall Street or the millions of people who will be adversely impacted? His record shows which path he’d choose. And it’s why I will #RejectMnuchin.","2017-02-13T22:13:53+0000","video","https://www.facebook.com/senatorhirono/videos/986087381523879/","656523967813557_986087381523879",NA,137,17,7
"656523967813557","Senator Mazie K. Hirono","The Ninth Circuit's decision to block President Trump's unconstitutional #MuslimBan is a first step victory for the core values of our democracy. I joined MSNBC's Hallie Jackson to discuss","2017-02-10T17:56:46+0000","video","https://www.facebook.com/senatorhirono/videos/984235475042403/","656523967813557_984235475042403",NA,92,14,13
"656523967813557","Senator Mazie K. Hirono","Tom Price has spent the past 6 years trying to repeal the Affordable Care Act and is the GOP's architect of dismantling Medicare. President Trump and Congressman Price's health care agenda would have far reaching negative, painful consequences for millions across the country. #PriceIsWrong","2017-02-10T02:11:07+0000","video","https://www.facebook.com/senatorhirono/videos/983875528411731/","656523967813557_983875528411731",NA,84,11,6
"656523967813557","Senator Mazie K. Hirono","We're here talking about how important Medicare is to Hawaii seniors- watch live","2017-02-08T23:46:32+0000","video","https://www.facebook.com/USSenateDemocrats/videos/1226465467422645/","656523967813557_983329188466365","Senator Mazie K. Hirono shared U.S. Senate Democrats's live video.",40,5,0
"656523967813557","Senator Mazie K. Hirono","I'll be live with U.S. Senate Democrats at 6:40 p.m. EST/1:40 p.m HST to talk about how Hawaii seniors would be hurt by Tom Price's confirmation","2017-02-08T22:13:06+0000","photo","https://www.facebook.com/USSenateDemocrats/photos/a.140299529372583.27744.119747438094459/1226224147446777/?type=3","656523967813557_983281935137757","Senator Mazie K. Hirono shared U.S. Senate Democrats's photo.",26,2,0
"656523967813557","Senator Mazie K. Hirono","The internment of Japanese Americans is yet another example of how when we do not stand up against unconstitutional actions like President Trump's #MuslimBan, we will be complicit in what follows.","2017-02-08T19:57:02+0000","video","https://www.facebook.com/senatorhirono/videos/983209731811644/","656523967813557_983209731811644",NA,124,11,26
"656523967813557","Senator Mazie K. Hirono","This is the letter from Coretta Scott King on Senator Sessions that Senator Mitch McConnell didn't want you to hear- so much that Senate Republicans punished U.S. Senator Elizabeth Warren for reading it on the Senate floor. We will not be silenced. #LetLizSpeak  https://assets.documentcloud.org/documents/3259988/Scott-King-1986-Letter-and-Testimony-Signed.pdf","2017-02-08T02:06:21+0000","photo","https://www.facebook.com/senatorhirono/photos/a.666505916815362.1073741834.656523967813557/982769038522380/?type=3","656523967813557_982769038522380",NA,385,26,196
"656523967813557","Senator Mazie K. Hirono","President Trump, there's no such thing as ""so-called judges."" We just have judges, and they're there to stop you when you overreach.","2017-02-08T00:15:59+0000","video","https://www.facebook.com/senatorhirono/videos/982732055192745/","656523967813557_982732055192745",NA,326,17,27
"656523967813557","Senator Mazie K. Hirono","My Washington, DC office is moving! We're now in the Hart Senate Office Building, Room 730. My Honolulu office is still at 300 Ala Moana Blvd, Room 3-106.","2017-02-07T22:53:31+0000","photo","https://www.facebook.com/senatorhirono/photos/a.666505916815362.1073741834.656523967813557/982676691864948/?type=3","656523967813557_982676691864948",NA,87,2,3
"656523967813557","Senator Mazie K. Hirono","Before Betsy DeVos' confirmation vote today, Senator Patty Murray and I asked our colleagues if Betsy DeVos is the truly the best leader that we can give Hawaii's 200,000 public school students. Although she was confirmed by just one vote, our answer continues to be no. To all of you who called, tweeted, and emailed- keep showing up. Our fight is just beginning, and we need you now more than ever. #Resist #SwampCabinet","2017-02-07T22:26:49+0000","video","https://www.facebook.com/senatorhirono/videos/982661885199762/","656523967813557_982661885199762",NA,192,32,31
"656523967813557","Senator Mazie K. Hirono","I've heard from thousands of Hawaii residents who share my concerns about confirming Betsy DeVos when she clearly does not believe in our public schools. I shared messages from two Hawaii educators on the Senate floor today.","2017-02-06T20:56:56+0000","video","https://www.facebook.com/senatorhirono/videos/982082018591082/","656523967813557_982082018591082",NA,301,44,37
"656523967813557","Senator Mazie K. Hirono","We're all hands on deck here taking your calls on President Trump's #SwampCabinet. Keep calling- and if  you can't get through, you can send me an email at https://www.hirono.senate.gov/contact/email","2017-02-03T21:12:16+0000","video","https://www.facebook.com/senatorhirono/videos/980173808781903/","656523967813557_980173808781903",NA,235,20,28
"656523967813557","Senator Mazie K. Hirono","Heart disease kills three out of every ten people in Hawaii and one in three nationwide. Senate women #GoRedWearRed today to raise awareness of prevention and treatment.","2017-02-03T19:44:19+0000","photo","https://www.facebook.com/senatorhirono/photos/a.666505916815362.1073741834.656523967813557/980151072117510/?type=3","656523967813557_980151072117510",NA,96,0,6
"656523967813557","Senator Mazie K. Hirono","I learned how to speak English in public schools. I know how foundational public education is. Students and teachers deserve a Secretary of Education who will fight for them. Who will stand up for our students and our public schools. Betsy DeVos is not that person, and I will be opposing her nomination.","2017-02-03T15:52:21+0000","video","https://www.facebook.com/senatorhirono/videos/980048615461089/","656523967813557_980048615461089",NA,482,57,72
"656523967813557","Senator Mazie K. Hirono","""Today’s debate is not about regulation for the sake of regulation. It’s not about a war on coal. It’s about preventing fossil fuel companies from creating unhealthy communities by polluting the water we drink and the air we breathe."" #StreamProtectionRule","2017-02-02T21:55:06+0000","video","https://www.facebook.com/senatorhirono/videos/979559175510033/","656523967813557_979559175510033",NA,172,19,15
"656523967813557","Senator Mazie K. Hirono","In the weeks and months ahead, I will carefully and extensively scrutinize Judge Neil Gorsuch’s record. I will question him on his judicial philosophy and how he interprets the constitution. I will insist he clarify his position on a woman’s constitutionally-protected right to choose, on voting rights, and the appropriate balance between corporate interests and individual rights. I will do my job as United States Senator, and the American people deserve nothing less from us.","2017-02-02T01:58:53+0000","video","https://www.facebook.com/senatorhirono/videos/979047435561207/","656523967813557_979047435561207",NA,136,30,9
"656523967813557","Senator Mazie K. Hirono","""I have a responsibility to the public to question Judge Gorsuch's record, his attitude, how he would go about making decisions. Of course, President Trump has already shown he doesn't like people who disagree with him.""","2017-02-01T20:17:51+0000","video","https://www.facebook.com/senatorhirono/videos/978880455577905/","656523967813557_978880455577905",NA,92,20,8
"656523967813557","Senator Mazie K. Hirono","In his first two weeks as President, Donald Trump has demonstrated minimal tolerance for independent thinking and dissent. I am deeply concerned that his choice for the Supreme Court, Judge Neil Gorsuch, will be a rubber stamp for the President's radical agenda. We owe it to the American people to vet this nominee extensively and exhaustively. In the weeks and months ahead, I will carefully scrutinize Judge Gorsuch's judicial philosophy, his views on a woman's constitutional right to an abortion, his position on voting rights, and his thoughts on the balance between individual rights and corporate power, among other subjects.","2017-02-01T03:41:28+0000","status",NA,"656523967813557_978431742289443",NA,186,55,15
"656523967813557","Senator Mazie K. Hirono","The Trump Administration has made it clear they intend to deny the reality of climate change and prioritize fossil fuel extraction above responsible use of our public lands and our nation’s clean energy sources. Under the previous administration, our country made significant progress in confronting the challenge of climate change, growing our renewable energy economy, ensuring clean air and water, and protecting our public lands.   I voted no on both Governor Perry and Representative Zinke because during my personal conversations with them, and after their confirmation hearings, I do not believe they would continue to protect the progress we’ve made or stand up to climate deniers within the Trump administration.","2017-01-31T22:54:00+0000","status",NA,"656523967813557_978257888973495",NA,152,37,15
"656523967813557","Senator Mazie K. Hirono","Like I told MSNBC's Jacob Soboroff, actions speak louder than words. We're not even through week 2 of the Trump presidency, and the President has put forth nominees I have major concerns with, and issued an executive order that has raised concerns all over the world. If we don't stand up to this now, we will be complicit in what follows. #NoBanNoWall","2017-01-31T22:03:13+0000","video","https://www.facebook.com/senatorhirono/videos/978288695637081/","656523967813557_978288695637081",NA,141,22,15
"656523967813557","Senator Mazie K. Hirono","Today, I read into the Senate Judiciary Committee record President Ronald Reagan's apology to Japanese Americans who were interned during World War II. Stoking fear of minorities and immigrants is an unfortunate, but undeniable, part of our nation's history. President Reagan's remarks are a reminder that what we are doing now is not right.  #WeWontGoBack #WeAreBetterThanThis","2017-01-31T20:41:32+0000","video","https://www.facebook.com/senatorhirono/videos/978250248974259/","656523967813557_978250248974259",NA,269,40,108
"656523967813557","Senator Mazie K. Hirono","Sharing the stories of Fred Korematsu, Gordon Hirabayashi, and Minoru Yasui live in the Senate Judiciary Committee. We must never forget their legacies of standing up for civil rights.","2017-01-31T18:36:56+0000","link","https://www.judiciary.senate.gov/meetings/01/31/2017/executive-business-meeting","656523967813557_978205148978769",NA,67,6,5
"656523967813557","Senator Mazie K. Hirono","We have to fight against the targeting of Muslims because if we do not stand up today, we will be complicit in what follows. So #NoBanNoWall- we stand with you. #RefugeesWelcome","2017-01-31T03:32:25+0000","video","https://www.facebook.com/senatorhirono/videos/977831722349445/","656523967813557_977831722349445",NA,185,35,16
"656523967813557","Senator Mazie K. Hirono","Join us tonight at the Supreme Court to stand up to President Trump's executive orders. #RefugeesWelcome #NoBanNoWall","2017-01-30T18:14:09+0000","event","https://www.facebook.com/events/259447244490605/","656523967813557_977635835702367","Senator Mazie K. Hirono shared U.S. Senate Democrats's event.",132,14,0
"656523967813557","Senator Mazie K. Hirono","ATTENTION: Immigrants and Refugees from Iraq, Syria, Iran, Libya, Somalia, Sudan and Yemen:  YOU HAVE RIGHTS.  If you are denied entry or detained at a port of entry by a Customs and Border Protection here's what you should do:  Green Card Holders: Resist any demands to give up your green card. Do NOT sign Form I-407, even if they say it will make things easier.  Demand a hearing from a judge: You have the right to a hearing with an immigration judge. Do NOT relinquish this right.  Demand to Speak to an Attorney: You have the right to be represented by an attorney. Ask to speak to an attorney, and discuss details of your case with only your attorney, not CBP.  SHARE THIS INFORMATION WITH ALL VULNERABLE GROUPS.","2017-01-29T23:07:51+0000","photo","https://www.facebook.com/ICIRR/photos/a.410517941671.201460.16644371671/10154944019286672/?type=3","656523967813557_977166222415995","Senator Mazie K. Hirono shared Illinois Coalition for Immigrant and Refugee Rights's photo.",196,24,0
"656523967813557","Senator Mazie K. Hirono","Kung Hee Fat Choy! Wishing all who celebrate a prosperous year of the Fire Rooster.","2017-01-29T19:16:38+0000","photo","https://www.facebook.com/senatorhirono/photos/a.666505916815362.1073741834.656523967813557/977082765757674/?type=3","656523967813557_977084102424207",NA,47,1,2
"656523967813557","Senator Mazie K. Hirono","It’s despicable that President Trump chose Holocaust Remembrance Day to issue yet another executive order that exploits fear of refugees and immigrants. This is wrong. I will continue to fight the President’s extreme, knee jerk actions that divide our country. #RefugeesWelcome","2017-01-27T23:16:37+0000","status",NA,"656523967813557_976053485860602",NA,455,53,55
"656523967813557","Senator Mazie K. Hirono","Today, I voted against the nomination of Mike Pompeo to serve as Director of the Central Intelligence Agency. Representative Pompeo has been wrong on many critical intelligence issues during his 6 years in Congress.   He won’t disavow his past support of torture. He opposed the release of the Senate Select Committee on Intelligence’s torture report. He has advocated for reinstating mass surveillance of American citizens. He recently left the door open to outsourcing surveillance of American citizens to foreign governments to circumvent existing laws. He opposes the closure of Guantanamo. He opposes the Iran nuclear agreement.  Congressman Pompeo is the wrong person to the lead the Central Intelligence Agency.","2017-01-24T15:21:15+0000","status",NA,"656523967813557_973733902759227",NA,254,57,19
"656523967813557","Senator Mazie K. Hirono","""With all of you, the activism that I feel will be generated after today will continue. And of course Brian and I will be right in there, fighting with you every step of the way."" #WomensMarch","2017-01-22T21:40:20+0000","video","https://www.facebook.com/civilbeat/videos/1420158251350232/","656523967813557_972506499548634","Senator Mazie K. Hirono shared Honolulu Civil Beat's video.",135,18,0
"656523967813557","Senator Mazie K. Hirono","I attended today’s inauguration out of respect for our democracy, our institutions, and the peaceful transition of power, but remain deeply concerned about President Trump’s vision for America. I will resist any attempt the President makes to dismantle the progress we’ve made to increase health care access, protect immigrants and working families, and expand civil rights.","2017-01-20T18:29:48+0000","status",NA,"656523967813557_970901979709086",NA,236,30,6
"656523967813557","Senator Mazie K. Hirono","President Obama is our keiki o ka aina, and his deep understanding of Hawaii and the Aloha Spirit clearly shaped his presidency. His actions demonstrated an enduring commitment to righting the inequalities in our world. Mahalo, President Obama.","2017-01-20T14:11:55+0000","photo","https://www.facebook.com/senatorhirono/photos/a.666505916815362.1073741834.656523967813557/970754363057181/?type=3","656523967813557_970754363057181",NA,331,12,16
"656523967813557","Senator Mazie K. Hirono","Today we heard touching stories from families who depend on Medicare & the Affordable Care Act for health care. Nominee for Secretary of Health and Human Services Tom Price's policies would #MakeAmericaSickAgain.","2017-01-20T02:38:17+0000","video","https://www.facebook.com/senatorhirono/videos/970486746417276/","656523967813557_970486746417276",NA,51,2,5
"656523967813557","Senator Mazie K. Hirono","The President-elect has a radical plan to gut the Energy Department. I asked his Energy Secretary nominee Rick Perry if he agreed, and his answer was telling.","2017-01-19T17:30:03+0000","video","https://www.washingtonpost.com/video/national/perry-references-his-oops-moment-at-confirmation-hearing/2017/01/19/f36906f4-de63-11e6-8902-610fe486791c_video.html","656523967813557_970286543103963",NA,36,7,8
"656523967813557","Senator Mazie K. Hirono","Senate Republicans don't want to hear from Steven Mnuchin's victims. Today, I joined U.S. Senator Elizabeth Warren to give these families a voice and hold the incoming Administration accountable. A HUD Secretary nominee who has no experience. An Education Secretary nominee who doesn't support public education. And a Treasury Secretary nominee who foreclosed on thousands of hardworking families. Together, one #RiggedCabinet.","2017-01-18T23:36:21+0000","video","https://www.facebook.com/senatorhirono/videos/969781136487837/","656523967813557_969781136487837",NA,158,25,18
"656523967813557","Senator Mazie K. Hirono","Here with students, educators, and advocates who oppose Betsy DeVos.","2017-01-18T19:26:22+0000","video","https://www.facebook.com/senatorhirono/videos/969654516500499/","656523967813557_969654516500499","Senator Mazie K. Hirono was live.",103,5,4
"656523967813557","Senator Mazie K. Hirono","As we honor Rev. Dr. Martin Luther King Jr., his message that we can all make a difference is more important than ever:   “Everybody can be great...because anybody can serve. You don't have to have a college degree to serve. You don't have to make your subject and verb agree to serve. You only need a heart full of grace. A soul generated by love.”","2017-01-16T17:38:23+0000","status",NA,"656523967813557_968334759965808",NA,58,4,6
"656523967813557","Senator Mazie K. Hirono","My friend Representative John Lewis is an American hero. A champion for justice and reconciliation, we marched together across the Edmund Pettus Bridge in 2015 to mark the 50th anniversary of ""Bloody Sunday."" President-elect Trump could learn from his example.","2017-01-14T20:36:25+0000","photo","https://www.facebook.com/senatorhirono/photos/a.666505916815362.1073741834.656523967813557/967192160080068/?type=3","656523967813557_967192160080068",NA,215,27,11
"656523967813557","Senator Mazie K. Hirono","Earlier today, I announced that I will oppose the nomination of Jeff Sessions to serve as Attorney General. I am deeply concerned about how he would use his prosecutorial discretion to uphold voting rights, protect civil rights, and protect a woman’s right to choose.","2017-01-12T21:09:46+0000","video","https://www.facebook.com/senatorhirono/videos/965877236878227/","656523967813557_965877236878227",NA,315,41,57
"656523967813557","Senator Mazie K. Hirono","LIVE at 12:45 p.m. EST- I'll be making an important announcement on the nomination of Jeff Sessions to serve as Attorney General.","2017-01-12T17:53:21+0000","video","https://www.facebook.com/senatorhirono/videos/965784313554186/","656523967813557_965784313554186","Senator Mazie K. Hirono was live.",59,18,12
"656523967813557","Senator Mazie K. Hirono","Live at 12:45 p.m. EST- I'll be making an important announcement on the nomination of Jeff Sessions to serve as Attorney General. Watch this space.  EDIT: My full remarks in opposition to Senator Sessions' nomination follow:  I’ve served with Jeff Sessions throughout my time in the Senate and respect him as a colleague.   But I have deep concerns about how Senator Sessions would use his prosecutorial discretion as Attorney General to address a number of critical issues.   During his confirmation hearing, I pressed Senator Sessions for a commitment to vigorously protect every citizen’s right to vote, particularly with regard to Section 2 of the Voting Rights Act – which safeguards Americans from discriminatory voting laws.   He did not give me a satisfactory answer that he would scrutinize voting laws for discriminatory effect.   I also asked Senator Sessions whether he would honor the Department of Justice’s consent decrees that address police misconduct and enhance accountability.   Senator Sessions did not adequately assure me that his Department would uphold these agreements without revisiting or renegotiating these agreements. I pressed Senator Sessions for a commitment to defend Roe v. Wade in federal court and to enforce laws that guarantee the constitutionally-protected right to choose.    Senator Sessions did not disavow his past comments that Roe v. Wade was one of the worst Supreme Court cases ever decided.  Should the Supreme Court be presented with a case that provides them the opportunity to overturn Roe v. Wade, I asked him what he would direct his Solicitor General to do. He said this was hypothetical and didn’t respond.  Over the past two months, I’ve heard from hundreds of my constituents and a number of prominent civil rights organizations – including a number who testified yesterday – on this issue.   I will vote against the nomination of Jeff Sessions to serve as Attorney General because I am deeply concerned about how he would use his prosecutorial discretion to uphold voting rights, protect civil rights, and protect a woman’s right to choose.","2017-01-12T17:19:00+0000","status",NA,"656523967813557_965771900222094",NA,38,13,3
"656523967813557","Senator Mazie K. Hirono","Last night, Senate Republicans voted to deprive 30 million people of health care- to #MakeAmericaSickAgain. On behalf of the 200,000 Hawaii seniors who depend on Medicare, I voted no.","2017-01-12T15:35:59+0000","video","https://www.facebook.com/senatorhirono/videos/965728620226422/","656523967813557_965728620226422",NA,112,29,24
"656523967813557","Senator Mazie K. Hirono","Coming up on my second round of questions in #SessionsHearing. Will keep pressing for Senator Sessions to address concerns I've heard from many who are terrified they have no place in President-elect Trump's vision of America","2017-01-10T22:21:18+0000","video","https://www.facebook.com/senatorhirono/videos/964657920333492/","656523967813557_964657920333492",NA,178,36,21
"656523967813557","Senator Mazie K. Hirono","Coming up: I'll be live talking about tonight's vote on my amendment to #SaveMedicare & why it's critical to #ProtectOurCare","2017-01-09T23:59:44+0000","video","https://www.facebook.com/USSenateDemocrats/videos/1198262753576250/","656523967813557_964121700387114","Senator Mazie K. Hirono shared U.S. Senate Democrats's live video.",50,16,0
"656523967813557","Senator Mazie K. Hirono","U.S. Senate Democrats are working to protect Medicare & Medicaid from GOP attacks. Our amendment to #SaveMedicare is up for a vote tonight- here's what's at stake","2017-01-09T21:04:09+0000","video","https://www.facebook.com/senatorhirono/videos/964053133727304/","656523967813557_964053133727304","Senator Mazie K. Hirono was live.",69,9,6
"656523967813557","Senator Mazie K. Hirono","My amendment with Senator Joe Donnelly & U.S. Senate Democrats to protect Medicare & Medicaid from GOP attacks is up for a vote TONIGHT. At 4:00 p.m. EST/11:00 a.m. HST, I'll go live to talk about our fight to #ProtectOurCare & why this matters for Hawaii families","2017-01-09T20:01:47+0000","link","https://sen.gov/0XMZ","656523967813557_964030043729613",NA,99,10,18
"656523967813557","Senator Mazie K. Hirono","I will fight tooth and nail efforts to defund Planned Parenthood or take away a woman's right to choose","2017-01-05T23:49:56+0000","video","https://www.facebook.com/senatorhirono/videos/961723573960260/","656523967813557_961723573960260",NA,210,30,13
"656523967813557","Senator Mazie K. Hirono","For the past 50 years, our seniors have approached retirement with the peace of mind knowing that Medicare will be there for them. The Affordable Care Act is part of the commitment we’ve made to care for and honor our kupuna. In 2014, the Affordable Care Act saved Hawaii seniors more than $4 million in Medicare costs. It has also extended the life of Medicare by a decade.  Today, Republicans in Congress voted to advance a resolution they plan to use to dismantle the ACA. Top Republicans, including the President-elect’s nominee for Secretary of Health and Human Services are proposing drastic changes to Medicare that would end this crucial safety net as we know it.  I will do everything in my power to protect these benefits for families across Hawaii.","2017-01-05T00:21:20+0000","photo","https://www.facebook.com/senatorhirono/photos/a.666505916815362.1073741834.656523967813557/961185554014062/?type=3","656523967813557_961185554014062",NA,73,46,29
"656523967813557","Senator Mazie K. Hirono",NA,"2017-01-04T15:11:35+0000","photo","https://www.facebook.com/nwlc/photos/a.167625009312.110920.67626834312/10154887308259313/?type=3","656523967813557_960983140700970","Senator Mazie K. Hirono shared National Women's Law Center's photo.",69,2,0
