"from_id","from_name","message","created_time","type","link","id","story","likes_count","comments_count","shares_count"
"334887279867783","Senator Dianne Feinstein","The health care bill that Senate Republicans finally unveiled today after months of secrecy is indefensible. Their bill takes hundreds of billions of dollars from providing health coverage to vulnerable and working people and uses it to cut taxes for millionaires and billionaires.   The Republican bill ends the longstanding federal-state partnership that provides health care for Medicaid beneficiaries. Instead, the federal government would give California a fixed amount of money that would leave our state on the hook for billions of additional dollars in costs.  This change would devastate 14 million Californians who are covered by Medicaid—children, pregnant women, working families, the elderly and people with disabilities. California could either kick millions off of the program, reduce access to care or divert billions from other priorities like education and transportation.  On the individual market—Covered California—individuals and families would pay more money for less health care. Insurance companies could cover less health care costs and the cliff for tax-credit subsidies would be even steeper than under current law. This is a problem I’m trying to fix and the Republican bill makes it even worse.   This bill does nothing to improve health care in America. I will spend every minute doing anything I can to defeat this outrageous bill.","2017-06-22T19:00:48+0000","status",NA,"334887279867783_1442072135815953",NA,2754,1037,880
"334887279867783","Senator Dianne Feinstein","We’re taking to the Senate floor to demand Republicans end the secrecy surrounding their health bill. #AmericaSpeaksOut","2017-06-19T22:07:38+0000","video","https://youtu.be/u8_uIHn-rU4","334887279867783_1439319146091252",NA,2772,559,340
"334887279867783","Senator Dianne Feinstein","Last night, on the fifth anniversary of the announcement of the Deferred Action for Childhood Arrivals Program, the Department of Homeland Security issued conflicting statements regarding the fate of immigrant families.  On one hand, the administration didn’t remove protections for children and young people. On the other hand, the administration rescinded the deferred action program for undocumented parents of U.S. citizen children and legal permanent residents.   I hope the decision to leave the DACA program in place is a step toward ensuring Dreamers are permanently shielded from deportation. More than 350,000 Dreamers live, work and go to school in California—nearly half the young people nationwide who have been admitted to the program. Giving these young people an opportunity to go to college, pursue careers and give back to their communities has been tremendously beneficial for our state.    These impressive young people are Americans in every sense of the word and, while it shouldn’t have taken this long, it’s good news that Dreamers finally have some sense of security after months of uncertainty and fear.   I’m disappointed the administration rescinded the deferred action program for undocumented parents. These families are a vital part of the fabric of California and I’ve seen the damage caused by separating parents and children.  I’m concerned this will increase the already heighted level of fear in immigrant communities. I’m committed to working to protect law-abiding immigrants in my state.","2017-06-16T19:28:30+0000","status",NA,"334887279867783_1436382719718228",NA,479,248,57
"334887279867783","Senator Dianne Feinstein","I’m concerned the president will attempt to fire Mueller and Rosenstein to undermine any investigation of misdeeds. That can’t happen. The president seems to think the rule of law doesn’t apply to him. It does, a lesson he needs to learn.","2017-06-16T16:57:09+0000","link","https://www.feinstein.senate.gov/public/index.cfm/press-releases?id=A365B3BF-9922-47BB-9633-515F1F702736","334887279867783_1436250613064772",NA,3751,1023,610
"334887279867783","Senator Dianne Feinstein","Can you believe it? There hasn’t been a single hearing, yet Republicans want to pass a health care bill by July 4th. Not one hearing! If Republicans were serious about health care reform, we’d have doctors and patient groups testifying before the Senate.  I say no hearing, no bill! If GOP won’t hold hearings on their health care plan, we shouldn’t vote. This bill is being drafted in secret.","2017-06-15T22:01:47+0000","status",NA,"334887279867783_1435449143144919",NA,6630,1427,1713
"334887279867783","Senator Dianne Feinstein","As a member of both the Judiciary and Intelligence Committees, I see firsthand the distinction between the legal and counterintelligence aspects presented by Director Comey’s testimony this week. It is my strong recommendation that the Judiciary Committee investigate all issues that raise a question of obstruction of justice. These issues should be developed by our legal staff, presented to us, and be subject to full Committee hearings.   I am also concerned by the refusal of DNI Director Coats and NSA Director Admiral Rogers to answer questions posed by Senators. As I have mentioned to you directly, I am supportive of issuing subpoenas in those cases where we do not receive cooperation.","2017-06-09T22:01:28+0000","link","https://www.feinstein.senate.gov/public/index.cfm/press-releases?id=739AD77B-E3E8-443A-A3A2-EC34AC09D819","334887279867783_1429853550371145",NA,3360,846,408
"334887279867783","Senator Dianne Feinstein","I joined Chuck Todd on Meet the Press to discuss today's hearing on the firing of FBI Director James Comey.","2017-06-08T22:45:24+0000","video","https://www.facebook.com/SenatorFeinstein/videos/1428770467146120/","334887279867783_1428770467146120",NA,1027,304,113
"334887279867783","Senator Dianne Feinstein","HAPPENING NOW: James Comey testifies before the Senate Intelligence Committee.","2017-06-08T14:17:11+0000","video","https://www.facebook.com/USSenateDemocrats/videos/1355357951200062/","334887279867783_1428327283857105","Senator Dianne Feinstein shared U.S. Senate Democrats's live video.",1143,177,0
"334887279867783","Senator Dianne Feinstein","I’m concerned and disappointed that Chairman Burr demanded the return of copies of the classified edition of the torture report, which detailed harsh Bush-era interrogation policies. No senator—chairman or not—has the authority to erase history. I believe that is his intent in this case.  I’m also profoundly disappointed that CIA Director Pompeo comply with this demand. During his confirmation, he stated he would oppose torture and promised to read the full report. I doubt he has had an opportunity to fulfill that commitment.  The report is an important tool to help educate our intelligence agencies about a dark chapter of our nation’s history. Without copies of it, the lessons we’ve learned will be forgotten. The intelligence agencies have a moral, if not legal, obligation to retain every copy of this report for posterity.","2017-06-02T20:08:44+0000","link","http://thehill.com/policy/national-security/336135-trump-administration-sends-cia-torture-report-copies-back-to","334887279867783_1421980651158435",NA,557,202,199
"334887279867783","Senator Dianne Feinstein","President Trump has weakened our nation by withdrawing from the Paris climate agreement. His decision to abandon our commitment and isolate our country will have consequences that reverberate for generations.  No other country has caused more carbon pollution than the United States, and no other country has a greater ability to cut back their emissions more easily today. We have a responsibility to use our economic strength and position of global leadership—which we built at the cost of those emissions—to now lead the world in the fight against climate change.  The science is clear. Climate change is real and we’re already experiencing the effects. California just came out of the worst drought in a millennium, which was made more severe by climate change. Antarctic ice sheets are collapsing and glaciers that supply fresh water are shrinking. The State Department, the Pentagon and the intelligence community have all repeatedly warned that the repercussions of climate change will destabilize countries and worsen the conditions that foster terrorism.  In the face of so many challenges, it’s shocking, immoral and a dangerous denial of responsibility to throw away the progress we have already made. The president is turning his back on the global coalition that once followed our lead.  In the absence of real leadership from the White House, states like California are ready to show our resolve and will continue to work with our international partners to combat climate change. It’s my hope that the global community will keep working to strengthen their commitments under the Paris agreement until the United States is able to rejoin the fight.","2017-06-02T00:59:10+0000","status",NA,"334887279867783_1421190044570829",NA,2861,653,362
"334887279867783","Senator Dianne Feinstein","I urge President Trump to reconsider abandoning the Paris climate agreement. In my strong view, a retreat from this agreement would be a reckless mistake that will have serious and dire consequences. As a Californian, I see the impact of climate change and don’t believe the threat can be overstated. We are rapidly losing our window of opportunity to control the rise of temperatures.  All but two countries—Nicaragua and Syria—have ratified the agreement, pledging to work together to keep average temperature rise below 2 degrees Celsius. This landmark agreement wouldn’t have happened without American leadership. This effort will only succeed if we continue to honor our commitment.  Climate change is just beginning to test our capacity to manage global crises. The world was not prepared for 5 million refugees from Syria. What will we do when many millions more are displaced by sea level rise, agricultural failures or disease pandemics?  No nation can face these security threats alone. Climate change is a global problem that requires global engagement. Breaking our commitment to the Paris climate agreement will leave our country isolated and ill-prepared for the challenges we face. I urge the president to change course.","2017-05-31T17:03:07+0000","status",NA,"334887279867783_1419866774703156",NA,3901,616,558
"334887279867783","Senator Dianne Feinstein","Joined MSNBC’s Hardball yesterday to talk about the status of the Russia investigation. Important discussion.","2017-05-25T21:38:14+0000","video","https://www.facebook.com/SenatorFeinstein/videos/1414236118599555/","334887279867783_1414236118599555",NA,701,248,82
"334887279867783","Senator Dianne Feinstein","The new Republican plan to repeal the Affordable Care Act is no better than the old plan—23 million Americans still lose health care, Medicaid still gets gutted, premiums will still increase and the richest Americans still reap huge tax cuts.  This version of the bill, which hasn’t received a single congressional hearing, would devastate millions of families and shred our country’s health care safety net. I’ll do all I can to oppose it.","2017-05-24T22:17:50+0000","status",NA,"334887279867783_1413431165346717",NA,1442,461,171
"334887279867783","Senator Dianne Feinstein","I’m pleased and thankful that Secretary Chao has agreed to sign the long-awaited grant agreement for Caltrain’s Peninsula Corridor Electrification Project. This would have not been possible without the help of the local leaders who pushed for the project and my congressional colleagues who agreed to enact funding.  Caltrain’s fleet of diesel trains are at the end of their useful life. Now is the time to replace these outdated, dirty diesel trains with a cleaner, modern electric fleet. Almost two decades of planning for this $1.98 billion project hinged upon this grant agreement. For the past three months we’ve waited to hear the status of the grant, while Caltrain was forced to spend roughly $15 million to hold its contractors in place. With this agreement, the project can finally begin.  This is exactly the type of infrastructure investment our country needs. Caltrain’s project is now ready to put 10,000 people to work across the country and bring to fruition a badly needed transportation improvement that enjoys nearly unanimous support throughout the Bay Area. This is a win for everyone involved.","2017-05-22T20:19:44+0000","status",NA,"334887279867783_1411651022191398",NA,921,144,54
"334887279867783","Senator Dianne Feinstein","I’ve seen reports that General Michael Flynn will refuse to testify before Congress or provide documents. That’s unfortunate but not unexpected.   I believe both the Intelligence and Judiciary Committees should continue to seek other ways to gain access to this information. Already Chairman Grassley and I have sent requests to the White House, FBI and Defense Department for memos, recordings, notes and other documents. The investigation will go on.","2017-05-22T18:47:08+0000","status",NA,"334887279867783_1411593035530530",NA,1631,322,131
"334887279867783","Senator Dianne Feinstein","The appointment of Bob Mueller as special counsel for the Russia investigation is a good first step to get to the bottom of the many questions we have about Russian interference in our election and possible ties to the president.  Bob was a fine U.S. attorney, a great FBI director and there’s no better person who could be asked to perform this function. He is respected, he is talented and he has the knowledge and ability to do the right thing.","2017-05-17T22:35:33+0000","status",NA,"334887279867783_1407128972643603",NA,3185,531,204
"334887279867783","Senator Dianne Feinstein","I intend to oppose confirmation for every Transportation Department nominee until the Trump administration releases funding for the Caltrain Peninsula Corridor Electrification Project.   For months, I’ve tried to persuade the Trump administration to release federal funding for the Caltrain corridor. In the recent spending bill, Congress directed the administration to fully fund this project.   Despite approval from Congress, the administration continues to withhold funding without any rational justification—wasting almost $1 million a week and jeopardizing 10,000 jobs nationwide. It is long past time for the administration to release the Caltrain corridor funding.","2017-05-15T21:53:43+0000","status",NA,"334887279867783_1405374692819031",NA,2286,457,180
"334887279867783","Senator Dianne Feinstein","""If this president expects to directly control the FBI, what decisions they make, what investigations they conduct, then members we have a real problem. Because the FBI must be independent. It must follow fact and law only.   ""So, what actually was the real reason for Comey’s removal and why is still, to me, very unclear. However, I believe these questions underline the importance of appointing a special counsel. The counsel should come from outside the Justice Department and ensure a thorough and fair investigation proceeds.""","2017-05-12T19:06:50+0000","video","https://www.facebook.com/SenatorFeinstein/videos/1402444479778719/","334887279867783_1402444479778719",NA,3977,735,549
"334887279867783","Senator Dianne Feinstein","I’ve now read Deputy Attorney General Rod Rosenstein’s memo three times. With each read I’ve become more troubled by the contents of this unusual document.  Given Rosenstein’s legal expertise and 27-year Justice Department career, I would have expected him to produce a detailed and comprehensive rationale for Director Comey’s firing including input from the agents and staff who worked with Director Comey.  But instead of a document that provides meaningful analysis, the memo reads like political document. It includes quotes from op-eds and television appearances that are as old as six months. It doesn’t include any contemporary insights from inside the FBI. The memo appears to have been hastily assembled to justify a preordained outcome.  The attorney general and deputy attorney general should recuse themselves from the appointment, selection and reporting of a special counsel. This issue should be handled by the most senior career attorney at the Justice Department.","2017-05-11T16:17:47+0000","status",NA,"334887279867783_1401350133221487",NA,3460,572,672
"334887279867783","Senator Dianne Feinstein","Watch my full remarks at Judiciary Committee below. I discussed my concern with the firing of FBI Director James Comey and called for an independent prosecutor in the Trump/Russia investigation.","2017-05-10T15:49:42+0000","video","https://www.facebook.com/SenatorFeinstein/videos/1400410056648828/","334887279867783_1400410056648828",NA,3332,703,519
"334887279867783","Senator Dianne Feinstein","The real question we face today is whether Director Comey was fired because of the Clinton email investigation—which could have happened in January—or whether he was fired because of the FBI’s investigation of Trump connections to Russia.   If Director Comey was fired to stifle the FBI’s Russia investigation—and the timing of this action makes that a real possibility—that simply can’t be allowed to happen.   Toward that end, I plan to work closely with Senator Blumenthal on the appointment of an independent prosecutor. I will also support Deputy AG Rosenstein in the appointment of a special counsel who should be far removed from the politics of this place.   Americans expect to have faith in the ability of the Justice Department to carry out a high-level investigation without interference from the White House. I can’t yet say whether what the president told me is all there is to this, but I can say the Russia investigation was broad and far underway, and it must be allowed to continue.","2017-05-10T13:57:57+0000","status",NA,"334887279867783_1400318789991288",NA,3530,745,360
"334887279867783","Senator Dianne Feinstein","I voted ""No"" on the nomination of Heather Wilson as Air Force Secretary.  The scandal surrounding Dr. Wilson’s previous work as a federal contractor and her derogatory statements concerning members of the LGBT community have left me with no choice but to oppose her nomination.   After leaving Congress, Dr. Wilson was paid more than $450,000 of taxpayer money to lobby the federal government on behalf of four nuclear labs, a clear violation of federal law. During a Department of Energy inspector general investigation, Dr. Wilson was unable to document any work she actually did on behalf of the labs, and her employers were forced to repay the federal government for the cost of her services.  Dr. Wilson has stated in the past that she ‘tolerates,’ but does not ‘approve of,’ LGBT individuals serving in the military. Her outdated beliefs have no place in a modern military that welcomes anyone willing to serve.  Dr. Wilson’s history of violating government contracting rules and intolerance of LGBT Americans in uniform disqualify her from serving as Secretary of the Air Force.","2017-05-09T14:43:49+0000","status",NA,"334887279867783_1399423896747444",NA,1895,328,194
"334887279867783","Senator Dianne Feinstein","New reporting from the New York Times and Washington Post makes crystal clear that the EB-5 regional center program presents a stark conflict of interest for the Trump White House. The reporting indicates that the Kushner Company has been marketing the EB-5 program to wealthy Chinese investors touting the support of President Trump and influence of Jared Kushner.  I’ve long called for an end to the EB-5 program. It says that visas—and eventual U.S. citizenship—are for sale, a terrible message for the 4.4 million people waiting in line for visas—some for as long as 23 years.   EB-5 is also rife with fraud and abuse. In addition to numerous cases of securities fraud, the program is frequently exploited by real estate developers to finance projects in the wealthiest parts of this country. This is a far cry from the program’s original intent to spur economic development in depressed communities. There isn’t a better example of how the program has been distorted than the Kushner Company’s marketing campaign in China.   Given that President Trump and Jared Kushner refuse to divest from their vast financial holdings, the only way to eliminate this conflict is for Congress to allow the program to expire in September. I will continue to press for the elimination of the EB-5 program.","2017-05-08T18:19:25+0000","link","https://www.nytimes.com/2017/05/06/world/asia/jared-kushner-sister-nicole-meyer-china-investors.html?_r=1","334887279867783_1398720446817789",NA,862,308,395
"334887279867783","Senator Dianne Feinstein","The House Republican health care bill is an attack on California women.   The Los Angeles Times clearly explains why:","2017-05-05T20:06:45+0000","link","http://www.latimes.com/opinion/editorials/la-ed-abortion-restriction-health-insurance-20170504-story.html","334887279867783_1396189903737510",NA,889,358,250
"334887279867783","Senator Dianne Feinstein","I am 100 percent opposed to the House-passed health care bill. The bill passed today is even worse than the version in March that failed to get enough Republican votes to pass. But we don’t know exactly how bad the bill is or what it would cost because House Republicans jammed it through without an independent analysis from the Congressional Budget Office.   This is outrageous and the height of hypocrisy.","2017-05-04T18:25:19+0000","status",NA,"334887279867783_1395253457164488",NA,5456,1218,871
"334887279867783","Senator Dianne Feinstein","During my town hall in San Francisco, Steve, a constituent, shared the tragic story of his family’s persecution under the Nazis. He talked about the need for leaders to speak out against hate. I echoed that sentiment at today's hearing on religious hate crimes.  We’ve got to condemn every form of hate, no matter who is targeted, and I believe that to the depth of my being.","2017-05-02T21:27:23+0000","video","https://www.facebook.com/SenatorFeinstein/videos/1393526880670479/","334887279867783_1393526880670479",NA,1465,390,159
"334887279867783","Senator Dianne Feinstein","Today, #MayDay marches will be held across the nation to support immigrant rights. I’m proud to support these efforts!  The United States has always been a beacon for those wishing to thrive and prosper—we intend for our country to stay that way.","2017-05-01T17:11:13+0000","status",NA,"334887279867783_1392481310775036",NA,710,264,47
"334887279867783","Senator Dianne Feinstein","President Trump's speech to the NRA sickened me. He indicated that he would do anything the NRA wants him to.  There are already more guns than people in this country. I'll do everything in my power to stop attempts to weaken our gun-safety laws.","2017-04-28T19:19:29+0000","status",NA,"334887279867783_1389844094372091",NA,2986,847,227
"334887279867783","Senator Dianne Feinstein","Here's my take on Trump's first 100 days:  President Trump in his first 100 days has had more false starts, failed policies and bad ideas than most presidents have in an entire term.  President Trump and congressional Republicans have used a little-known tool—the Congressional Review Act—to roll back hard-fought progress on a number of issues:  •They made it easier for mentally-ill individuals to buy guns. •They made it harder for working families to save for retirement.  •They allowed mining companies to dump coal ash in streams. •They allowed states to block funding to Planned Parenthood. •They let oil companies hide payments from foreign governments. •They let Internet service providers sell personal information without consumer’s permission.   Simply put, President Trump has used his first 100 days to boost Wall Street profits at the expense of American families.   He has also used his executive authority to impose a number of terrible policies:  •He imposed a Muslim travel ban. •He refused to safeguard voting rights protections. •He rolled back climate change rules. •He shifted immigration enforcement away from dangerous criminals.  President Trump’s policy changes will have one stark effect: to undermine our efforts to create a more just society and protect the rights of all Americans.   These changes will have tremendous effects on people’s everyday lives, and I remain committed to fighting these policies at every turn.","2017-04-28T14:39:12+0000","status",NA,"334887279867783_1389655024390998",NA,1444,414,505
"334887279867783","Senator Dianne Feinstein","Many think foreign aid is a BIG part of the budget—not true. It's only 1%, but it helps stop terrorism and respond to humanitarian crises.  Nearly one billion people live on less than $2 per day. Funding foreign aid programs is the least we can do to help.   That’s why 43 Senators from both parties are demanding that foreign aid not be cut.   Read our letter: http://bit.ly/2prkiXN","2017-04-27T21:43:03+0000","status",NA,"334887279867783_1389074391115728",NA,1142,208,145
"334887279867783","Senator Dianne Feinstein","The Covered California report released today shows the devastating consequences for California families if the Trump administration doesn’t enforce the Affordable Care Act’s individual mandate and make payments to insurers that reduce co-pays for low-income families.   As public servants, our job is to solve problems, not make them worse. It’s outrageous that the Trump administration would consider hurting Americans to advance a political argument by sabotaging the individual health insurance market nationwide.   In California, monthly premiums would increase by as much as 49 percent, causing 340,000 consumers to lose their health insurance. The increase would hit hardest the 1.2 million Californians in the individual market who don’t currently receive financial help with their premiums. They would pay the full cost of the increase.   This sobering report makes clear the real-life consequences of undermining the Affordable Care Act. Democrats will do all we can to protect the law and make it better, not worse.  Read Covered California's report here: http://bit.ly/2qbgNm8","2017-04-27T18:50:48+0000","status",NA,"334887279867783_1388962244460276",NA,664,259,169
"334887279867783","Senator Dianne Feinstein","President Trump’s so-called tax proposal is devoid of detail. One thing that is clear: It’s little more than a massive tax cut for the rich.   Changes to our tax code should lift up average Americans, not be a windfall for corporations and the rich.  Before we can consider the proposal, Trump must release his tax returns so we know whether his proposals are designed to benefit him.","2017-04-26T22:32:19+0000","status",NA,"334887279867783_1388246404531860",NA,2004,405,312
"334887279867783","Senator Dianne Feinstein","After the April 20 town hall in Los Angeles, a constituent from Los Angeles emailed me a question about the Affordable Care Act.","2017-04-26T19:36:03+0000","photo","https://www.facebook.com/SenatorFeinstein/photos/a.337435776279600.76865.334887279867783/1388142787875555/?type=3","334887279867783_1388142787875555",NA,226,76,58
"334887279867783","Senator Dianne Feinstein","I voted ""No"" on the nomination of Alexander Acosta for Labor Secretary.  His handling of a case involving sex trafficking of underage girls when he was a U.S. attorney suggests he won’t put the interests of workers and everyday people ahead of the powerful and well-connected.  In 2007, billionaire Jeffrey Epstein was accused of sexually abusing 30 underage girls. Acosta cut Epstein a favorable deal without consulting or even informing the victims. As a longtime advocate for the rights of crime victims, I find this deeply disturbing.  Acosta has also admitted that discriminatory hiring practices were used at the Justice Department’s Civil Rights Division when he was in charge of it. These inappropriate practices, which were acknowledged by the department’s inspector general, undermined the credibility of the Civil Rights Division.   I simply don’t believe Alexander Acosta’s record indicates that he would serve the workers of this country.","2017-04-26T18:30:56+0000","status",NA,"334887279867783_1388100211213146",NA,1129,186,119
"334887279867783","Senator Dianne Feinstein","The Justice Department has limited resources. It’s troubling that Attorney General Sessions is directing the department to shift its resources to criminalizing undocumented immigrants and prosecuting them under felony charges for simply working. California’s agriculture industry, for example, could be devastated under these new policies.   At the same time Attorney General Sessions wants to use more federal resources to prosecute immigrants, the Trump administration has proposed cutting vital Justice Department support for state and local law enforcement by $700 million and eliminating legal assistance for low-income Americans. These are the wrong priorities for our country.  I’m also concerned that Attorney General Sessions is hindering the ability of U.S. attorneys’ offices to focus their resources on the needs of their communities. U.S. attorneys should not be forced to divert their resources from important cases already underway, including financial fraud, cybercrime and sex trafficking.  This is not about improving public safety. This is about furthering a false narrative that all undocumented immigrants are dangerous criminals.","2017-04-12T21:30:54+0000","status",NA,"334887279867783_1374776209212213",NA,661,446,151
"334887279867783","Senator Dianne Feinstein","LOS ANGELES: Next week I’ll be holding a town hall meeting on April 20. Free tickets are available here:  https://www.eventbrite.com/e/los-angeles-town-hall-with-senator-dianne-feinstein-tickets-33596127923","2017-04-11T17:43:16+0000","link","https://www.eventbrite.com/e/los-angeles-town-hall-with-senator-dianne-feinstein-tickets-33596127923","334887279867783_1373594325997068",NA,788,258,271
"334887279867783","Senator Dianne Feinstein","SAN FRANCISCO: Next week I’ll be holding a town hall meeting on April 17. Free tickets are available here:  https://www.eventbrite.com/e/san-francisco-town-hall-with-senator-dianne-feinstein-tickets-33503512909","2017-04-11T17:42:33+0000","link","https://www.eventbrite.com/e/san-francisco-town-hall-with-senator-dianne-feinstein-tickets-33503512909","334887279867783_1373593862663781",NA,445,133,157
"334887279867783","Senator Dianne Feinstein","In August 2013, Syrian President Bashar al-Assad killed 1,400 of his own citizens in the dead of night using sarin gas. I’ll never forget the images of row after row of dead men, women and children wrapped in body bags and shrouds, awaiting burial.  That 2013 attack spurred an international effort to rid Syria of its chemical weapons, and by 2016 the United Nations had destroyed 1,200 tons of chemical agents. But unfortunately that didn’t end the use of chemical weapons in Syria.  Rather than using nerve agents, Assad loaded barrels with chlorine and dropped them from helicopters on towns that rejected his authoritarian rule. Backed by Russia and Iran, Assad’s butchery continued, and today nearly 500,000 civilians have died in this civil war.  This week, Assad again used chemical nerve agents to kill his own people. The United States and the international community cannot continue to countenance a leader who has now killed 1,500 of his own people with chemical weapons that the rest of the world has agreed never to use.  Last night’s cruise missile strikes against the Syrian airfield that launched the chemical weapons attack was a limited but necessary response to those heinous acts, and I hope the intended message was received. The United States cannot continue to stand by and watch Assad commit these atrocities.  President Assad is not the only leader at fault. Russia has made this problem worse by shielding Assad from international intervention, allowing him to ignore the 2013 UN order to destroy all chemical weapons and reconstitute his chemical weapons program.  I call on President Trump to develop a comprehensive strategy to end Syria’s civil war. Congress can then consider an AUMF if additional force is to be used. I fully support a robust U.S. role in ending the Syrian civil war as soon as possible.","2017-04-07T19:45:35+0000","status",NA,"334887279867783_1369608616395639",NA,647,371,122
"334887279867783","Senator Dianne Feinstein","A political advisor doesn’t belong on the National Security Council, especially at the same level as Secretaries of Defense, State and Homeland Security.","2017-04-05T20:03:44+0000","status",NA,"334887279867783_1367358403287327",NA,1063,193,37
"334887279867783","Senator Dianne Feinstein","The Senate Judiciary Committee votes on Judge Gorsuch's nomination to the Supreme Court.","2017-04-03T14:23:57+0000","video","https://www.facebook.com/SenatorFeinstein/videos/1365219443501223/","334887279867783_1365219443501223","Senator Dianne Feinstein was live.",768,1287,207
"334887279867783","Senator Dianne Feinstein","I oppose new settlements in the West Bank.  Prime Minister Netanyahu’s decision demonstrates once again he’s not serious about a two-state solution for peace. Recently, he has allowed the expansion of existing settlements, supported retroactively legalizing Israeli outposts built on private Palestinian land, demolished hundreds of Palestinian homes and is now pushing new settlements on land the Oslo Accords envisioned as a future Palestine.  The situation in the West Bank is grave. There are nearly 400,000 settlers on 129 official settlements directly supported by the Israeli government. The vast majority of those settlements are east of the separation barrier, scattered throughout the West Bank making it impossible to create a contiguous Palestinian state.  Israelis are already a minority between the Mediterranean and the Jordan River. Prime Minister Netanyahu’s continued expansion of settlements and outposts does not secure Israel, it perpetuates continued conflict with Palestinians. If settlement expansion continues, I’m afraid future Israelis will face a choice between democracy and a Jewish state.","2017-03-31T19:09:41+0000","status",NA,"334887279867783_1362540067102494",NA,666,225,48
"334887279867783","Senator Dianne Feinstein","Today and every day, #IStandWithPP. Defunding Planned Parenthood is not an option.   The health of millions of women is at stake.","2017-03-29T21:44:47+0000","photo","https://www.facebook.com/SenatorFeinstein/photos/a.337435776279600.76865.334887279867783/1360781503945017/?type=3","334887279867783_1360781503945017",NA,1248,222,140
"334887279867783","Senator Dianne Feinstein","Under President Trump, 11 million undocumented immigrants are priorities for deportation, a heartless policy that betrays our country’s values. The effects of this shameful policy are increasingly visible in our communities, particularly among children who have been abruptly separated from their parents.  It’s estimated that 1.5 million children in California have a parent who is undocumented. Tearing families apart has profound effects on children, making it more difficult for them to learn and develop emotionally.  I stand with these California families and we will do all we can to keep them together.","2017-03-29T00:41:00+0000","status",NA,"334887279867783_1359969280692906",NA,1033,381,124
"334887279867783","Senator Dianne Feinstein","The president may think it’s a hoax, but millions of Americans are already feeling the effects of climate change. California is coming out of a historic drought and devastating wildfire season made worse by global warming. Failure to act now will increase the frequency and severity of this sort of disaster.  President Trump has already announced his intention to defund climate change research and roll back successful vehicle pollution standards. He now seeks to reverse carbon pollution standards for power plants and order federal agencies to stop planning around climate change.  Ignoring the threat of climate change will harm our economy. More than half of all new electricity generation added to the grid is renewable, and more than three million people are now employed in green jobs. The president’s order will leave the United States far behind our competitors in developing new, cleaner fuel sources.  The overwhelming scientific consensus is that climate change is real and manmade. The White House and congressional Republicans need to accept that fact. Republican leaders shouldn’t be trying to undermine the progress we’ve made in order to satisfy their ideological aversion to reality.","2017-03-28T19:43:01+0000","status",NA,"334887279867783_1359903680699466",NA,1179,286,175
"334887279867783","Senator Dianne Feinstein","Senator Feinstein and colleagues address members of the media on bill to protect young athletes from abuse.","2017-03-28T15:50:26+0000","video","https://www.facebook.com/SenatorFeinstein/videos/1359745624048605/","334887279867783_1359745624048605","Senator Dianne Feinstein was live.",260,93,31
"334887279867783","Senator Dianne Feinstein","Happening now: Senate Judiciary Committee holds a hearing on our bill to prevent the abuse of young athletes.","2017-03-28T14:04:41+0000","video","https://www.facebook.com/SenatorFeinstein/videos/1359643330725501/","334887279867783_1359643330725501","Senator Dianne Feinstein was live.",176,134,30
"334887279867783","Senator Dianne Feinstein","President Trump and Speaker Ryan were forced to pull the health care bill because millions of Americans spoke out against their draconian bill. Thank you to everyone who called, wrote letters or emailed their representatives. Let’s make sure they continue to hear our voices in the fights ahead.","2017-03-24T20:56:21+0000","status",NA,"334887279867783_1356185674404600",NA,4451,463,225
"334887279867783","Senator Dianne Feinstein",NA,"2017-03-23T13:54:32+0000","video","https://www.facebook.com/SenatorFeinstein/videos/1354888651200969/","334887279867783_1354888651200969","Senator Dianne Feinstein was live.",287,269,25
"334887279867783","Senator Dianne Feinstein",NA,"2017-03-22T14:03:59+0000","video","https://www.facebook.com/SenatorFeinstein/videos/1353828151307019/","334887279867783_1353828151307019","Senator Dianne Feinstein was live.",202,463,35
"334887279867783","Senator Dianne Feinstein",NA,"2017-03-20T15:24:06+0000","video","https://www.facebook.com/SenatorFeinstein/videos/1352026138153887/","334887279867783_1352026138153887","Senator Dianne Feinstein was live.",931,952,188
"334887279867783","Senator Dianne Feinstein","This is the most draconian budget I’ve ever seen proposed by a president. It’s an absolute travesty for California and every state or community that thought they had a true partner in the federal government.   President Trump has betrayed the numerous promises he made to invest in our nation’s communities and infrastructure.  What’s worse is that for all of his talk of reducing the national debt, the president’s budget goes after the only category of federal spending that has been shrinking in recent years—non-defense discretionary spending. The president does not seem to understand that cutting vital investments in our communities and our economy will never lead to a balanced budget.   Today’s proposal simply defies basic math and logic.  On the campaign trail, President Trump promised to take care of the average American. Instead, this budget arbitrarily increases defense spending while capriciously cutting domestic programs that local governments and many of his supporters rely on.   I will actively oppose any effort to increase defense spending at the expense of essential domestic programs.  Instead of making America great again, President Trump is using his first budget to direct the federal government to turn its back on the American people.","2017-03-16T17:22:37+0000","status",NA,"334887279867783_1348300645193103",NA,2699,754,761
"334887279867783","Senator Dianne Feinstein","Russia must be held accountable for cyberattacks.  Today’s charges against hackers and Russian spies for the theft of more than 500 million Yahoo user accounts is the latest evidence of a troubling trend: Russia’s sustained use of cyber warfare for both intelligence gathering and financial crimes.   The indictment shows that Russia used these cyberattacks to target U.S. and Russian government officials, Russian journalists and employees of cybersecurity, financial services and commercial entities.   The Yahoo hack isn’t the only cyberattack connected with Russia. U.S. intelligence agencies have separately confirmed that Russia engaged in cyberattacks to undermine the 2016 election.   We cannot allow this pattern to continue. The United States must take steps not only to bring those responsible to justice but also ensure future attacks are not allowed to occur in the first place.","2017-03-15T21:45:43+0000","status",NA,"334887279867783_1347535105269657",NA,857,243,112
"334887279867783","Senator Dianne Feinstein","Today’s CBO score confirmed what many of us already feared: The Republican health care plan would mean millions of Americans would lose their health care and insurance premiums would skyrocket for older Americans. This is clearly a bill to reduce federal spending, not to provide Americans with health care.  The Republican plan would result in 14 million fewer Americans having health insurance next year. By 2026, 24 million fewer Americans would have health insurance than under current law. This is a recipe for disaster.  Health insurance premiums in the individual market would also climb by 15 to 20 percent next year. And federal support for Medicaid would be slashed by $880 billion, a crippling blow to state budgets.   Given the fatal flaws in their policy, it’s no surprise Republicans are trying to discredit the CBO and jam this bill through the House as quickly as possible. Democrats will do all we can to defeat this catastrophic bill, which would devastate working families.","2017-03-13T22:11:03+0000","status",NA,"334887279867783_1345556398800861",NA,533,232,145
"334887279867783","Senator Dianne Feinstein","President Trump’s discriminatory executive order isn’t about strengthening our national security. It’s a transparent effort to fulfill his campaign promise to implement a ‘Muslim Ban’.   These divisive policies alienate our allies in the Muslim world and fuel anti-American sentiment by sending a message that the United States is out to punish one religion.   To say that someone who comes from a particular country or is a member of a particular faith is barred from this country is contrary to our founding principles and will do nothing to make us safer.  I introduced a bill today with 36 Democratic colleagues to rescind President Trump’s discriminatory #MuslimBan. You can read more about it here:","2017-03-13T17:43:05+0000","link","http://www.feinstein.senate.gov/public/index.cfm/press-releases?id=ED58E410-0981-4FF6-99EB-E9D73DE919DD","334887279867783_1345228142167020",NA,826,201,93
"334887279867783","Senator Dianne Feinstein","I voted “No” on the nomination of Seema Verma to lead the Centers for Medicare and Medicaid Services.  Nearly half of Californians—more than 17 million people—are covered by Medicare and Medi-Cal, making it critically important that the agency administrator is committed to protecting these programs.  She has said that the poorest Americans need to have ‘skin in the game’ and pay more for their health care—a popular policy among Republicans. I can assure her that the poorest people in our society already have ‘skin in the game.’  Verma also made deeply troubling statements in her confirmation hearings, stating that she thought insurance companies should not be required to cover maternity care. Ensuring coverage of essential health services is a key tenet of the Affordable Care Act, and we can’t go back to the days when insurance companies offered consumers plans that didn’t cover care when they needed it.","2017-03-09T21:34:09+0000","status",NA,"334887279867783_1339504466072721",NA,1321,342,180
"334887279867783","Senator Dianne Feinstein","On #InternationalWomensDay, let’s consider how to improve lives of women in America and around the world.   All women face unique challenges, but we also share the same goals—equality and fairness. We’ve made great strides in our mission, but there are a few areas in which we must continue to focus our effort.  Reproductive Rights   We’ve seen gains over the past few generations in large part due to expanded reproductive rights. We must protect that. I remember what it was like before Roe v. Wade. We simply can’t return to those times. We must protect our rights so women can control their own bodies.  Equal Pay  Women in America STILL get just 80 cents for every dollar paid to men. That means, women who perform the same job as men, with the same level education, still suffer from a wage gap. I’m proud that California has enacted the strongest equal-pay law in the country. Congress must follow, so those standards are followed nationwide.  Paid Leave  The United States is the ONLY developed country that doesn’t guarantee paid time off to care for a new baby or sick family member. That’s why it has become increasingly difficult for women to meet the demands of family and work. California’s paid leave program, in place for nearly 15 years, has been a tremendous success. It’s time to create a federal paid-leave program so ALL families can access those types of benefits.  Health Care  Before the Affordable Care Act, only 12 percent of individual  health plans covered maternity care. A big reason we must preserve the ACA. 776,000 women in California get preventative care at Planned Parenthood. They’ll lose that under the new Republican plan.  Women do so much for families, their communities and the economy. International Women’s Day is a chance to honor that.   My message for the day: Wear your red with pride!","2017-03-08T17:57:18+0000","photo","https://www.facebook.com/SenatorFeinstein/photos/a.337435776279600.76865.334887279867783/1337899032899931/?type=3","334887279867783_1337899032899931",NA,890,161,84
"334887279867783","Senator Dianne Feinstein","After seven years of efforts to repeal the Affordable Care Act, House Republicans have finally unveiled their plan. Simply put, it would devastate California and leave millions without health insurance.   The plan would cut financial help for low- and middle-income families and replace it with tax credits too small to help those who need it most and tax breaks for insurance company CEOs.  The plan would end Medi-Cal as we know it, the state’s Medicaid program that covers 13.5 million Californians. The federal government currently covers a fixed portion of the cost of health care services for Medi-Cal beneficiaries. Under the Republican plan, the federal government would place a strict limit on the amount it pays for each Medi-Cal beneficiary. The state would be on the hook for the rest of the cost, which would overwhelm the state’s budget.   Continuing the years-long attack on Planned Parenthood, the plan would defund this critical health care provider. Women in California who go to Planned Parenthood for basic preventive care, including annual check-ups, would be forced to go elsewhere or do without care. It’s the height of hypocrisy for Republicans to espouse the importance of patient choice and then move to deny 776,000 patients in California the ability to see their doctor.  Republicans should be working to improve the Affordable Care Act rather than putting forward a half-baked plan that would leave Californians worse off.","2017-03-07T22:52:03+0000","status",NA,"334887279867783_1336923752997459",NA,879,335,425
"334887279867783","Senator Dianne Feinstein","I introduced a bipartisan bill with 15 colleagues to stop sexual abuse in amateur athletics. Young athletes must have a safe way to report sexual abuse. Gyms must implement strong sexual-abuse prevention policies.   Sexual abuse stays with victims their entire lives—amateur athletic organizations have a special obligation to protect young athletes.  Read more about our bill:","2017-03-07T21:40:22+0000","link","http://www.feinstein.senate.gov/public/index.cfm/press-releases?id=DFAC8B0E-AB09-4176-8D74-B9D803CFAB2B","334887279867783_1336868676336300",NA,566,72,58
"334887279867783","Senator Dianne Feinstein","The new executive order suspending our refugee program is yet another discriminatory, misguided effort with no basis in fact.  Just like the first executive order, this one simply seeks to create a Muslim ban. And just like the first order, we’ll work to rescind it.","2017-03-06T19:26:14+0000","link","http://www.feinstein.senate.gov/public/index.cfm/press-releases?id=121831BC-4F7D-4BF1-AA39-0EB447234208","334887279867783_1335735313116303",NA,1178,254,133
"334887279867783","Senator Dianne Feinstein","I’m calling on Betsy DeVos to make the protection of #LGBT students a priority.  The Department of Education must have a role in creating federal guidelines to protect an LGBT student’s right to a supportive learning atmosphere.  Read the letter I sent earlier this week:","2017-03-03T22:35:37+0000","link","http://www.feinstein.senate.gov/public/index.cfm/press-releases?ID=77A171EF-5BD9-45F2-996A-9AAAAB9FD0B5","334887279867783_1332881283401706",NA,1218,155,93
"334887279867783","Senator Dianne Feinstein","If Attorney General Sessions refuses to recuse himself, he should resign.  Read my full statement:","2017-03-02T17:24:29+0000","link","http://www.feinstein.senate.gov/public/index.cfm/press-releases?id=9CFA1EDB-ABBA-4590-B342-2D0DA3D79160","334887279867783_1331570786866089",NA,2372,613,251
"334887279867783","Senator Dianne Feinstein","I voted ""No"" on the confirmation of Dr. Ben Carson to lead the Department of Housing and Urban Development.  California is home to 20 percent of our nation’s homeless population—more than 115,000 people. Our state is struggling to reduce homelessness among individuals and families, and the shortage of affordable housing has reached crisis levels.  The federal government plays an important role in addressing these challenges, and I don’t believe Dr. Ben Carson has the knowledge or skills to tackle them as HUD Secretary. He has never served in government and has no background in housing policy.  Dr. Carson has also been critical of policies to counteract segregation in our communities and made disparaging statements about LGBT Americans. He is simply not the right person for this key position.","2017-03-01T23:09:04+0000","link","http://www.feinstein.senate.gov/public/index.cfm/press-releases?id=2A980BBB-E29F-4A10-94D1-A877961939AC","334887279867783_1330979380258563",NA,2325,385,109
"334887279867783","Senator Dianne Feinstein","President Trump’s speech was little more than campaign rhetoric and impossible to take seriously. http://www.feinstein.senate.gov/public/index.cfm/press-releases?id=7195AE85-0F96-4C24-B0DD-65B35A6345A2","2017-03-01T03:49:50+0000","link","http://www.feinstein.senate.gov/public/index.cfm/press-releases?id=7195AE85-0F96-4C24-B0DD-65B35A6345A2","334887279867783_1330260553663779",NA,3066,467,463
"334887279867783","Senator Dianne Feinstein","Read my op-ed in the Fresno Bee about how California businesses and consumers can’t afford a trade war.   In 2014, California exported $173.8 billion from 75,000 companies and imported $400 billion to 60,000 companies. There's no doubt about it, trade is essential to our state.","2017-02-24T18:12:16+0000","link","http://www.fresnobee.com/opinion/opn-columns-blogs/article134383149.html","334887279867783_1325397977483370",NA,390,195,112
"334887279867783","Senator Dianne Feinstein","60 Minutes aired an important segment Sunday on alleged sex abuse by USA Gymnastics personnel. You can watch the full segment below.  I’m working on a bill to require USA Gymnastics and adults working with young athletes to immediately report alleged abuse to law enforcement. Amateur athletic groups have a special obligation to protect the safety and well-being of athletes. They must immediately report abuse.","2017-02-21T22:38:14+0000","link","http://www.cbsnews.com/news/former-team-usa-gymnasts-describe-doctors-alleged-sexual-abuse/","334887279867783_1322533794436455",NA,300,107,37
"334887279867783","Senator Dianne Feinstein","Very troubling: China awards Trump a valuable trademark just days after he spoke with the President of China.  If this most recent Trump conflict of interest is not a violation of the Constitution’s Emoluments Clause, I don’t know what is.","2017-02-17T19:35:00+0000","link","http://www.feinstein.senate.gov/public/index.cfm/press-releases?id=9EBEED3E-D10B-4B0A-8E69-8769B1954920","334887279867783_1317624714927363",NA,2375,672,1523
"334887279867783","Senator Dianne Feinstein","Republicans should not have forced through the confirmation of Scott Pruitt.  The Senate’s job to vet Cabinet nominees requires full access to information about each nominee. And there’s no question that thousands of emails between Oklahoma Attorney General Scott Pruitt and fossil fuel companies apply directly to his nomination to be administrator of the Environmental Protection Agency.  That’s why it’s so disappointing that Republicans refused to delay his final confirmation vote long enough to let all senators review these emails. Republicans are already jamming nominees through as quickly as possible, but this decision is particularly egregious as it clearly prevents senators from studying relevant material.  I hope Senator McConnell will reconsider this approach to confirming nominees. All 100 senators have a constitutional obligation to review as much information as possible about each nominee—that’s the least we can do for Cabinet positions that have such a clear and direct effect on the lives of all Americans.","2017-02-17T19:17:56+0000","link","http://www.feinstein.senate.gov/public/index.cfm/press-releases?id=4462DED4-4146-450A-A91F-52D5B863C4D7","334887279867783_1317609058262262",NA,1443,332,208
"334887279867783","Senator Dianne Feinstein","I oppose the nomination of Scott Pruitt to lead the Environmental Protection Agency.  Respect for scientific inquiry and a desire to preserve a healthy environment are core attributes necessary to lead the EPA. Scott Pruitt possesses neither quality, and therefore I must oppose his nomination.  More than 75,000 Californians have contacted my office in opposition to Mr. Pruitt’s confirmation. They are worried he won’t enforce our existing environmental laws and will refuse to address the real threat of climate change. I agree with them.  During his confirmation hearing, Mr. Pruitt acknowledged that human activity has played a role in climate change. However, his record and ties to major fossil fuel polluters demonstrate extreme hostility toward that view. Throughout his career in Oklahoma, Mr. Pruitt sued the EPA numerous times over its right to enforce regulations of carbon emissions, fought to block federal air and water regulation and challenged the science behind many of the agency’s decisions.     Mr. Pruitt refused to commit to allow states to develop their own stronger environmental standards, including upholding California’s waiver to establish higher fuel economy standards. These are radical views for someone charged with implementing our nation’s environmental laws.  It seems that Mr. Pruitt’s only goal may be to weaken from within the very agency he has battled for decades. Confirming Mr. Pruitt as EPA administrator would be an affront to the ideal that a healthy environment is the right of every","2017-02-16T23:09:17+0000","link","http://www.feinstein.senate.gov/public/index.cfm/press-releases?id=FCC8E4CE-ED48-4528-A12C-B2C7E15E4A5D","334887279867783_1316448595044975",NA,3318,354,201
"334887279867783","Senator Dianne Feinstein","Attorney General Jeff Sessions must recuse himself from Trump, Russia investigations.  We’re calling on the Department of Justice to separate itself from the White House on criminal and civil enforcement matters. Independence is key.  Read our letter:","2017-02-16T21:14:26+0000","link","http://www.feinstein.senate.gov/public/index.cfm/press-releases?id=E3B44318-1D8E-43AA-B575-CB4886EF0025","334887279867783_1316363971720104",NA,3385,259,533
"334887279867783","Senator Dianne Feinstein","I’m disappointed to see the White House back away from a two-state solution. There is no alternative that can secure Israel.  Palestinians have a right of self-determination, Israelis have a right to peace. No solution, other than two states, can achieve each.  I joined Senator Martin Heinrich to write an op-ed in USA Today about why a two-state solution is vital for Israelis and Palestinians. Read that op-ed here:","2017-02-15T21:05:21+0000","link","http://www.usatoday.com/story/opinion/2017/02/12/two-state-solution-crucial-mideast-peace-sens-feinstein-and-heinrich/97718948/","334887279867783_1315164951840006",NA,782,125,47
"334887279867783","Senator Dianne Feinstein","Too many questions remain unanswered about Michael Flynn’s resignation as National Security Advisor.   General Flynn’s resignation is an important first step, but there are a growing number of questions that must be answered.  What else is there to know about contacts between Trump’s advisors and Russian officials?  What actions did the White House take when the Justice Department warned—weeks ago—that General Flynn posed a risk of blackmail by Russian officials?  Did the White House limit his access to classified documents and briefings and was he still advising the president on national security concerns?  Did General Flynn act alone or did others connected to Trump know about and authorize his communications with Russian officials, including his discussion of U.S. sanctions?  Congress and the American people deserve a full and fair accounting from the White House without delay. And we must ensure that ongoing investigations into Russia’s interference with the 2016 election remain independent.  These questions go to the heart of our democratic processes and national security and must not remain unanswered.","2017-02-14T23:34:36+0000","link","http://www.feinstein.senate.gov/public/index.cfm/press-releases?id=5585CFD0-3BFF-481A-BD1E-47525269AE5A","334887279867783_1314343838588784",NA,2522,463,250
"334887279867783","Senator Dianne Feinstein","I’m alarmed by reports of immigration enforcement in homes and workplaces in California. President Trump has already ignited widespread fear and confusion in our immigrant communities with his executive order and divisive campaign rhetoric. If the reports are accurate, these raids only add to the anxiety about what’s to come from this administration.    News reports indicate that up to 100 undocumented immigrants in Los Angeles County have been arrested by federal immigration agents in recent days.  These reports show the serious consequences of the president’s executive order, which allows all undocumented immigrants to be categorized as criminals and requires increased enforcement in communities, rather than prioritizing dangerous criminals.  President Trump’s policy change betrays our values. Tearing families apart isn’t what this country stands for and I am working closely with local law enforcement, public officials and advocates to make sure that doesn’t happen in my state.","2017-02-10T21:39:02+0000","link","http://www.feinstein.senate.gov/public/index.cfm/press-releases?id=FF449828-7DDA-430C-A3B4-2224DE9E6F99","334887279867783_1310681122288389",NA,1491,529,461
"334887279867783","Senator Dianne Feinstein","I oppose the nomination of Tom Price as Health and Human Services Secretary. He supports repealing the Affordable Care Act, privatizing Medicare and slashing federal funding for Medicaid—policies I strongly oppose. Nearly half of Californians are covered under these three programs.  I am also deeply troubled by Congressman Price’s apparent conflicts of interest and potential violations of the STOCK Act, which affirmed that members of Congress are prohibited from trading on insider information. It appears that he gave misleading testimony when asked about these issues at Senate committee hearings.  Our country needs a Health and Human Services Secretary who will work to strengthen the federal health care programs that hundreds of millions of Americans rely on, not undercut them.","2017-02-09T22:07:50+0000","link","http://www.feinstein.senate.gov/public/index.cfm/press-releases?id=4062DFF8-5F41-4535-8CCB-0CACC2B66CD5","334887279867783_1309860125703822",NA,3592,423,315
"334887279867783","Senator Dianne Feinstein","In 1986, Coretta Scott King wrote a powerful letter expressing her belief that Jeff Sessions lacked the ‘requisite judgment, competence and sensitivity to the rights guaranteed by the federal civil rights laws’ to serve as a federal judge.  Coretta Scott King was a voice worth hearing in 1986 and her opinion certainly remains relevant and valid today.   For Republicans to shut down Senator Warren when she tried to read Coretta Scott King’s letter is indefensible. That action is even more offensive because they allowed her male colleagues to read the exact same passages without batting an eye. #LetLizSpeak #ShePersisted","2017-02-08T21:49:59+0000","link","http://www.feinstein.senate.gov/public/index.cfm/press-releases?id=7DD2195F-13CD-4417-94CF-AA7185D64712","334887279867783_1309041645785670",NA,2048,286,184
"334887279867783","Senator Dianne Feinstein","Placing Steve Bannon, a political adviser with no national security experience, on the National Security Council is inappropriate and completely unacceptable.  Our bill ensures the NSC will be led by national security experts, not political aides.  Read more here:","2017-02-03T19:21:57+0000","link","http://www.feinstein.senate.gov/public/index.cfm/press-releases?id=8CC63099-4F84-46EC-9C00-C94BB18B8DDE","334887279867783_1304233502933151",NA,13019,1064,2229
"334887279867783","Senator Dianne Feinstein","I will be voting ""No"" on Betsy DeVos for Secretary of Education.  I oppose the nomination of Mrs. DeVos because I believe she is unqualified to serve our nation’s students in that important role. Californians feel the same way—I have received 95,000 calls, emails and letters opposing her nomination.  I support parents’ right to choose the best school for their children and believe that different models provide students with more individualized experiences tailored to their needs. However, in order to succeed, these models require strict accountability. Schools must be accredited, well-managed, have proper fiscal controls and be transparent regarding student performance.  Betsy DeVos has a long history of opposing strong oversight and accountability standards. That is deeply troubling to me. Mrs. DeVos has also never worked in the classroom or as a school administrator and has no background in public education, which remains the foundation of our education system. I simply don’t believe she’s the right person to oversee the education of our nation’s children. They deserve better.","2017-02-02T16:48:24+0000","link","http://www.feinstein.senate.gov/public/index.cfm/press-releases?id=DF0D29E1-FCC9-407D-B45F-D8E2685A971E","334887279867783_1303086516381183",NA,18600,1726,928
"334887279867783","Senator Dianne Feinstein","I’m disappointed the Senate voted to confirm Rex Tillerson for Secretary of State.   Mr. Tillerson, the former CEO of Exxon, repeatedly evaded questions on transparency and corporate responsibility. I’m concerned with his history of putting his business interests ahead of the larger national interest.  Read my full statement:","2017-02-01T21:06:18+0000","link","http://www.feinstein.senate.gov/public/index.cfm/press-releases?id=C81A422A-B6C7-4A0D-9300-23B94C021B98","334887279867783_1302164719806696",NA,2451,750,231
"334887279867783","Senator Dianne Feinstein","On Sessions attorney general nomination: “I must vote no.”","2017-01-31T15:16:14+0000","photo","https://www.facebook.com/SenatorFeinstein/photos/a.337435776279600.76865.334887279867783/1300840243272477/?type=3","334887279867783_1300840243272477",NA,8694,2027,646
"334887279867783","Senator Dianne Feinstein","Last night, the president repeatedly asserted that torture is an effective form of interrogation. This is false.   The Senate Intelligence Committee's torture report lays out in great detail that torture doesn’t work. You can find more information on that report here: http://www.feinstein.senate.gov/ciareport  For example, the mastermind of 9/11 was water boarded 183 times and did not provide actionable intelligence. He fabricated information under torture.  Facts are stubborn things, even for presidents. Torture does not work and is against the law. #ReadTheReport","2017-01-26T22:55:07+0000","link","http://www.feinstein.senate.gov/public/index.cfm/press-releases?id=8A106554-BC4E-44A0-BF08-7AECD20E867B","334887279867783_1296239050399263",NA,2679,1072,566
"334887279867783","Senator Dianne Feinstein","President Trump’s false claim that millions voted illegally in the 2016 election is absolute nonsense.  Debunked conspiracies are used to make it harder for Americans to vote. Attacks on voting rights must stop.","2017-01-25T20:47:55+0000","link","http://www.feinstein.senate.gov/public/index.cfm/press-releases?id=064F203E-23C5-459A-A152-741D4D2E96DB","334887279867783_1295187967171038",NA,2613,551,257
"334887279867783","Senator Dianne Feinstein","It’s a mistake to build pipelines that we do not need, are widely opposed by local communities, pose grave environmental risks and do little to increase our energy security. People who live and work in the areas near these pipelines have expressed very real concerns over their construction. The president does a great injustice by ignoring those concerns and jamming these decision through.   There are many ways to build a modern energy system without jeopardizing clean water or destabilizing the climate. If the president wants true energy security, he should work with Congress to pass a bipartisan infrastructure plan.","2017-01-24T23:15:26+0000","link","http://www.feinstein.senate.gov/public/index.cfm/press-releases?id=CC7ECCBA-7B3C-4863-AD05-1B569DD3E0F5","334887279867783_1294160600607108",NA,5684,655,903
"334887279867783","Senator Dianne Feinstein","I requested a delay on the vote for Jeff Sessions for attorney general. Watch my remarks in the Judiciary Committee below.  ""Many, many millions of Americans are deeply concerned about what the future will bring. That’s a hallmark of what happened this past Saturday in the march. The least we can do is tell them that we’re being as careful as possible in who we place in charge of making these important decisions. For every woman and man who marched over the weekend, we owe it to them.”","2017-01-24T17:06:51+0000","link","https://www.youtube.com/watch?v=9FnBdZDzU7o&feature=youtu.be","334887279867783_1293902270632941",NA,2825,1189,429
"334887279867783","Senator Dianne Feinstein","I’m appalled the Russian government took the extreme step of interfering with our presidential election, particularly with the goal of tilting the playing field to increase one candidate’s chance of winning. There’s no question in my mind that Russia engaged in a classic covert action campaign, and today’s report confirms that.  Since Congressman Schiff and I first sounded the alarm on Russia’s activities in September, the response has been incredibly disappointing. Members of Congress and the incoming administration should be absolutely clear that foreign interference in our democratic process is intolerable and must not go unanswered.  I have joined with Senators Cardin and Leahy to introduce a bill that would create an independent commission, modeled after the 9/11 Commission, to investigate Russian hacking. This issue must not be politicized—all Americans should be outraged at Russia’s actions, and we must hold them accountable.  You can read more about that legislation here: http://bit.ly/2iL7JmO","2017-01-06T22:36:26+0000","link","http://www.feinstein.senate.gov/public/index.cfm/press-releases?id=46B5AD15-8496-4E71-9A7D-A562B3195DF7","334887279867783_1277123505644151",NA,1987,1006,277
"334887279867783","Senator Dianne Feinstein","A Russian attack on our election system is an attack on our way of life. It must not go unchallenged.   Our bill would create an independent investigative commission to confirm whether this was an attempt to undermine our democracy.  An independent, bipartisan commission would help identify actors and recommend a course of action to prevent this from happening again.","2017-01-04T21:26:46+0000","link","http://www.feinstein.senate.gov/public/index.cfm/press-releases?id=4951F240-2DFE-427D-A5C0-16903602A8C6","334887279867783_1275330372490131",NA,2619,491,408
"334887279867783","Senator Dianne Feinstein","Nearly 5 million Californians have health coverage thanks to the Affordable Care Act. I will fight repeal. #ACAWorks","2017-01-04T20:08:50+0000","photo","https://www.facebook.com/SenatorFeinstein/photos/a.337435776279600.76865.334887279867783/1275283932494775/?type=3","334887279867783_1275283932494775",NA,1161,311,110
"334887279867783","Senator Dianne Feinstein","Proud to stand with California's newest senator as she was sworn in today.   Let’s get started, Senator Kamala Harris!","2017-01-03T22:14:05+0000","link","http://www.latimes.com/politics/essential/la-pol-ca-essential-politics-updates-kamala-harris-sworn-in-as-california-s-1483462395-htmlstory.html","334887279867783_1274493619240473",NA,5231,187,336
